Time,Process,Component,Operation,Action,Control,ControlText,Category,Context
43194.1545097338,,Console/Job Manager,Start Job,Click,Button,Start,UIInteraction,JobName=PPC-EMM-demo;WellName=bgc;ClientName=BGCAT;StartDate=4/4/2018 3:41 AM;Workflow=Wireline;Simulator=True;UnitSystem=English;RTBackupDir=C:\Autobackup;JobSize=0;State=Available;SideTrackId=0;SessionID=BC2C79D4-DA5C-409F-B370-D2635D77371A;SortOrder=1;JobGUID=BB8BD094-174B-43D6-97FB-518689D634C4;WellGUID=C3C0FD1F-6610-4A88-9B41-2253979879B9;BoreholeGUID=72715744-899E-4846-A10D-6C5935F8AF86;MachineName=HPV01-007;UserName=Engineer;UserDomainName=HPV01-007;OS=Microsoft Windows NT 6.1.7601 Service Pack 1;StartedJobCount=0;TimeZone=00:00:00;IPAddress_1=192.168.78.188;IPAddress_2=::1;MWVersion=9.0.100745.3100
43194.1548456019,,Console/Job Manager,Start Deliverables Console,Click,Button,Start...,UIInteraction,JobGuid=BB8BD094-174B-43D6-97FB-518689D634C4
43194.1550069676,DeliverablesSetup,UI Framework,Start Console,,,Deliverables Console Setup - Job PPC-EMM-demo,UIAutomatic,
43194.1550284491,,Console/Job Manager,Start Setup Console,Click,Button,Start...,UIInteraction,JobGuid=BB8BD094-174B-43D6-97FB-518689D634C4
43194.1552255556,Setup,UI Framework,Start Console,,,Setup - Job PPC-EMM-demo,UIAutomatic,
43194.1552224537,Setup,Calibration,Select Calibration Report Type,Click,ComboBox,Technical Concise,UIInteraction,
43194.1552773843,Setup,Equipment,New ToolString,Click,ToolbarButton,New ToolString,UIInteraction,ToolstringName=New ToolString;ToolstringGuid=F967FF9F-B0AB-4DF7-9BC6-12F3AA1AB2F9
43194.155322037,Setup,Equipment,Rename ToolString,Input,TextBox,New ToolString,UIInteraction,ToolstringGuid=F967FF9F-B0AB-4DF7-9BC6-12F3AA1AB2F9
43194.1553220602,Setup,Equipment,Rename ToolString,,,,UIAutomatic,State=Cancel
43194.1553323611,Setup,Equipment,Filter Equipment in Catalog,Input,TextBox,,UIInteraction,Text=PPC-B
43194.1553326968,Setup,Equipment,Filter Equipment in Catalog,Input,TextBox,,UIInteraction,Text=PPC-B
43194.1553356597,Setup,Equipment,Rename ToolString,Input,TextBox,New ToolString,UIInteraction,ToolstringGuid=F967FF9F-B0AB-4DF7-9BC6-12F3AA1AB2F9
43194.1553374884,Setup,Equipment,Add Equipment from Catalog to ToolString,Click,ToolbarButton,Add to ToolString,UIInteraction,EquipmentName=PPC-B
43194.1553595023,Setup,Equipment,Filter Equipment in Catalog,Input,TextBox,,UIInteraction,Text=EDTC-B
43194.1553596065,Setup,Equipment,Filter Equipment in Catalog,Input,TextBox,,UIInteraction,Text=EDTC-B
43194.1553602315,DeliverablesSetup,Tier Manager,Tier Template Created for Tools in My Equipment,,,PPC-B Tier Created,Deliverables Console,
43194.1553639699,Setup,Equipment,Add Equipment from Catalog to ToolString,Click,ToolbarButton,Add to ToolString,UIInteraction,EquipmentName=EDTC-B
43194.1553701505,DeliverablesSetup,Tier Manager,Tier Template Created for Tools in My Equipment,,,EDTC-B Tier Created,Deliverables Console,
43194.1553708681,Setup,Equipment,Filter Equipment in Catalog,Input,TextBox,,UIInteraction,Text=LEH-QT
43194.1553710069,Setup,Equipment,Filter Equipment in Catalog,Input,TextBox,,UIInteraction,Text=LEH-QT
43194.1553756944,Setup,Equipment,Add Equipment from Catalog to ToolString,Click,ToolbarButton,Add to ToolString,UIInteraction,EquipmentName=LEH-QT
43194.1553801389,DeliverablesSetup,Tier Manager,Tier Template Created for Tools in My Equipment,,,LEH-QT Tier Created,Deliverables Console,
43194.15553,Setup,Properties & Parameters,Change Property Value,Update,GridCell,Yes,UIInteraction,OSDD=EMM Segment;EnsemblePath=PPC-B
43194.1557486921,Setup,Properties & Parameters,Change Property Value,Update,GridCell,999,UIInteraction,OSDD=EP_SERIAL_NUMBER;EnsemblePath=PPC-B:EMM-B:EMM-B
43194.1557675347,Setup,Properties & Parameters,Change Property Value,Update,GridCell,999,UIInteraction,OSDD=EP_SERIAL_NUMBER;EnsemblePath=PPC-B:PPC-B:PPC-B
43194.1559038426,Setup,Properties & Parameters,Change Property Value,Update,GridCell,999,UIInteraction,OSDD=EP_SERIAL_NUMBER;EnsemblePath=EDTC-B:EDTC-B:EDTC-B
43194.1559221528,Setup,Properties & Parameters,Change Property Value,Update,GridCell,999,UIInteraction,OSDD=EP_SERIAL_NUMBER;EnsemblePath=EDTC-B:EDTC-B:EDTG-A
43194.1559416551,Setup,Properties & Parameters,Change Property Value,Update,GridCell,999,UIInteraction,OSDD=EP_SERIAL_NUMBER;EnsemblePath=EDTC-B:EDTC-B:EDTH-B
43194.1559603935,Setup,Properties & Parameters,Change Property Value,Update,GridCell,999,UIInteraction,OSDD=EP_SERIAL_NUMBER;EnsemblePath=WITM
43194.156040544,Setup,Equipment,Rename ToolString,Click,ContextMenu,Rename,UIInteraction,
43194.1560473727,Setup,Equipment,Rename ToolString,Input,TextBox,PPC-EMM,UIInteraction,ToolstringGuid=F967FF9F-B0AB-4DF7-9BC6-12F3AA1AB2F9
43194.1560524884,Setup,UI Framework,Switch Tab,Click,Tab,DnI Initializations,UIInteraction,
43194.1560673495,Setup,DnI/Survey,Select Decimal,Click,RadioButton,Decimal,UIInteraction,
43194.1560876505,Setup,DnI/Survey,Enter Latitude,Input,TextBox,40,UIInteraction,
43194.1560979167,Setup,DnI/Survey,Enter Longitude,Input,TextBox,116,UIInteraction,
43194.156108125,Setup,UI Framework,Switch Tab,Click,Tab,Equipment,UIInteraction,
43194.1561496875,Setup,DnI/Survey,Select Permanent Datum,Click,ComboBox,Mean Sea Level,UIInteraction,
43194.1561551273,Setup,DnI/Survey,Select Log Measured From,Click,ComboBox,Drill Floor,UIInteraction,
43194.1561617708,Setup,DnI/Survey,Enter Elevation of 'Log Measured From',Input,TextBox,100,UIInteraction,LogMeasuredFrom=Drill Floor
43194.1561736574,Setup,UI Framework,Switch Tab,Click,Tab,DnI Initializations,UIInteraction,
43194.1562069097,Setup,DnI/Survey,Compute DnI/Elevation,Click,Button,Compute,UIInteraction,
43194.1563408449,Setup,Units,Show Unit System Manager,Click,MenuItem,Unit System Manager,UIInteraction,
43194.1563556366,Setup,Units,Select unit system,Click,ComboBox,Metric,UIInteraction,
43194.1563603704,Setup,Units,Apply unit system change,Click,Button,Apply,UIInteraction,
43194.156363912,Setup,Units,Close Unit System Manager,Click,Button,Close,UIInteraction,
43194.1563677315,Setup,UI Framework,Switch Tab,Click,Tab,Wellbore,UIInteraction,
43194.1563725231,Setup,Well Setup (Internal),Select Run Number,Click,ComboBox,1,UIInteraction,RunGuid=491CFDDB-98F7-4A42-895A-1617FAEEC1F1
43194.1563835301,Setup,Well Setup (Internal),Enter Size for Bit Size,Update,GridCell,9.875,UIInteraction,Row=1;Column=Size (in);RunGuid=491CFDDB-98F7-4A42-895A-1617FAEEC1F1
43194.156402581,Setup,Well Setup (Internal),Enter Driller Bottom for Bit Size,Update,GridCell,3500,UIInteraction,Row=1;Column=Driller Bottom (m);RunGuid=491CFDDB-98F7-4A42-895A-1617FAEEC1F1
43194.1564237732,Setup,Well Setup (Internal),Select Run Number,Click,ComboBox,1,UIInteraction,RunGuid=491CFDDB-98F7-4A42-895A-1617FAEEC1F1
43194.1564349537,Setup,Well Setup (Internal),Enter Size for Casings,Update,GridCell,7.625,UIInteraction,Row=1;Column=Size (in);RunGuid=491CFDDB-98F7-4A42-895A-1617FAEEC1F1
43194.1564527315,Setup,Well Setup (Internal),Enter Driller Top for Casings,Update,GridCell,0,UIInteraction,Row=1;Column=Driller Top (m);RunGuid=491CFDDB-98F7-4A42-895A-1617FAEEC1F1
43194.1564712269,Setup,Well Setup (Internal),Enter Driller Bottom for Casings,Update,GridCell,3000,UIInteraction,Row=1;Column=Driller Bottom (m);RunGuid=491CFDDB-98F7-4A42-895A-1617FAEEC1F1
43194.1564902662,Setup,Well Setup (Internal),Enter Weight for Casings,Update,GridCell,60.26,UIInteraction,Row=1;Column=Weight (kg/m);RunGuid=491CFDDB-98F7-4A42-895A-1617FAEEC1F1
43194.1565758333,Setup,Well Setup (Internal),Enter Grade for Casings,Update,GridCell,H50,UIInteraction,Row=1;Column=Grade;RunGuid=491CFDDB-98F7-4A42-895A-1617FAEEC1F1
43194.1565901968,Setup,UI Framework,Switch Tab,Click,Tab,Equipment,UIInteraction,
43194.1568185069,Setup,Properties & Parameters,Change Property Value,Update,GridCell,Yes,UIInteraction,OSDD=CAL_EXT Element;EnsemblePath=PPC-B:EMM-B
43194.1569946528,Setup,Properties & Parameters,Show Infrequent Properties/Parameters,Click,ToolbarButton,Show Infrequent Properties,UIInteraction,
43194.1570418056,Setup,Properties & Parameters,Change Property Value,Update,GridCell,999,UIInteraction,OSDD=EP_SERIAL_NUMBER;EnsemblePath=PPC-B:EMM-B:CAL_EXT
43194.1570979398,Setup,Equipment,Validate ToolString,Click,ContextMenu,Validate,UIInteraction,Validated State=TS_VALIDATION_VALID;Validated Message=<ToolStringValidation><ToolStringGuid>F967FF9F-B0AB-4DF7-9BC6-12F3AA1AB2F9</ToolStringGuid><ToolStringName>PPC-EMM</ToolStringName><SourceAction>Validate</SourceAction><IsAutomatic>FALSE</IsAutomatic></ToolStringValidation>
43194.1572564236,Setup,Properties & Parameters,Change Property Value,Update,GridCell,5000,UIInteraction,OSDD=LCL;EnsemblePath=LOGGING_CABLE
43194.1573265857,Setup,Properties & Parameters,Change Property Value,Update,GridCell,7-46P,UIInteraction,OSDD=EP_LCEQUIP_TYP;EnsemblePath=LOGGING_CABLE
43194.1574249769,Setup,UI Framework,Switch Tab,Click,Tab,Runs,UIInteraction,
43194.1574582639,Setup,Run Manager (Internal),Associate toolstring to run,Update,GridCell,PPC-EMM,UIInteraction,RunGuid=491CFDDB-98F7-4A42-895A-1617FAEEC1F1;ToolstringGuid=F967FF9F-B0AB-4DF7-9BC6-12F3AA1AB2F9;DownholeEquipments=PPC-BEDTC-BLEH-QT;TSLevelActiveSurfaceEquips=DEPTH_DEVICETENSION_DEVICELOGGING_CABLEWAFEWITM
43194.1575946296,Setup,Run Manager (Internal),Enter run name,Input,TextBox,run1,UIInteraction,RunGuid=491CFDDB-98F7-4A42-895A-1617FAEEC1F1
43194.157615,Setup,Run Manager (Internal),Enter engineer name,Input,TextBox,Danxiu,UIInteraction,RunGuid=491CFDDB-98F7-4A42-895A-1617FAEEC1F1
43194.1576522454,Setup,Equipment,Close Toolstring Validation UI,Click,Button,Close,UIInteraction,ToolstringGuid=F967FF9F-B0AB-4DF7-9BC6-12F3AA1AB2F9
43194.1576591551,DeliverablesSetup,UI Framework,Switch View,Click,ToolbarButton,Deliverables Display View,UIInteraction,
43194.1577339815,DeliverablesSetup,Deliverables - Digital,Create Job Archive,Click,ContextMenu,Create,UIInteraction,ArchiveGuid=BB8BD094-174B-43D6-97FB-518689D634C4;JobArchiveType=3.0
43194.1580389005,DeliverablesSetup,UI Framework,Close Console,Click,Button,,UIInteraction,JobGuid=BB8BD094-174B-43D6-97FB-518689D634C4
43194.158074294,DeliverablesSetup,UI Framework,OK to Close Deliverables - Display Console,Click,Button,OK,UIInteraction,
43194.1581554514,,Console/Job Manager,Stop Setup Console,Click,Button,Stop,UIInteraction,JobGuid=BB8BD094-174B-43D6-97FB-518689D634C4
43194.1582386921,,Console/Job Manager,Stop Job,Click,Button,Stop,UIInteraction,JobGuid=BB8BD094-174B-43D6-97FB-518689D634C4
