Time,Process,Component,Operation,Action,Control,ControlText,Category,Context
43193.675450081,,Console/Job Manager,Start Job,Click,Button,Start,UIInteraction,JobName=CMRT-DTC;WellName=BGC;ClientName=BGCAT;StartDate=4/3/2018 4:12 PM;Workflow=Wireline;Simulator=True;UnitSystem=English;RTBackupDir=C:\Autobackup;JobSize=0;State=Available;SideTrackId=0;SessionID=5D7F17FB-FF7B-44C4-B018-829062FCB781;SortOrder=1;JobGUID=74AF102A-6768-4ABA-8D16-4B3735108343;WellGUID=81E3DEFD-EB06-4869-BD85-DCCA44D48126;BoreholeGUID=DD0D0E6E-E333-4AC0-8A08-64BF1849B3B4;MachineName=HPV01-012;UserName=Engineer;UserDomainName=HPV01-012;OS=Microsoft Windows NT 6.1.7601 Service Pack 1;StartedJobCount=0;TimeZone=00:00:00;IPAddress_1=192.168.78.120;IPAddress_2=::1;MWVersion=9.0.100732.3100
43193.6759772801,,Console/Job Manager,Start Deliverables Console,Click,Button,Start...,UIInteraction,JobGuid=74AF102A-6768-4ABA-8D16-4B3735108343
43193.6761674653,DeliverablesSetup,UI Framework,Start Console,,,Deliverables Console Setup - Job CMRT-DTC,UIAutomatic,
43193.6761953356,,Console/Job Manager,Start Setup Console,Click,Button,Start...,UIInteraction,JobGuid=74AF102A-6768-4ABA-8D16-4B3735108343
43193.6762716435,Setup,Calibration,Select Calibration Report Type,Click,ComboBox,Technical Concise,UIInteraction,
43193.6764070718,Setup,UI Framework,Start Console,,,Setup - Job CMRT-DTC,UIAutomatic,
43193.6764518403,Setup,Equipment,New ToolString,Click,ToolbarButton,New ToolString,UIInteraction,ToolstringName=New ToolString;ToolstringGuid=46B1636E-97AD-40AE-BD76-FD90F3ACDFB6
43193.6764913426,Setup,Equipment,Rename ToolString,Input,TextBox,New ToolString,UIInteraction,ToolstringGuid=46B1636E-97AD-40AE-BD76-FD90F3ACDFB6
43193.6764913542,Setup,Equipment,Rename ToolString,,,,UIAutomatic,State=Cancel
43193.6765017245,Setup,Equipment,Filter Equipment in Catalog,Input,TextBox,,UIInteraction,Text=CMRT-B
43193.6765019792,Setup,Equipment,Filter Equipment in Catalog,Input,TextBox,,UIInteraction,Text=CMRT-B
43193.6765049421,Setup,Equipment,Rename ToolString,Input,TextBox,New ToolString,UIInteraction,ToolstringGuid=46B1636E-97AD-40AE-BD76-FD90F3ACDFB6
43193.6765067708,Setup,Equipment,Add Equipment from Catalog to ToolString,Click,ToolbarButton,Add to ToolString,UIInteraction,EquipmentName=CMRT-B
43193.6765228819,Setup,Equipment,Filter Equipment in Catalog,Input,TextBox,,UIInteraction,Text=DTC-H
43193.6765229745,Setup,Equipment,Filter Equipment in Catalog,Input,TextBox,,UIInteraction,Text=DTC-H
43193.6765259954,DeliverablesSetup,Tier Manager,Tier Template Created for Tools in My Equipment,,,CMRT-B Tier Created,Deliverables Console,
43193.6765273032,Setup,Equipment,Add Equipment from Catalog to ToolString,Click,ToolbarButton,Add to ToolString,UIInteraction,EquipmentName=DTC-H
43193.6765313426,Setup,Equipment,Filter Equipment in Catalog,Input,TextBox,,UIInteraction,Text=LEH-QT
43193.6765314583,Setup,Equipment,Filter Equipment in Catalog,Input,TextBox,,UIInteraction,Text=LEH-QT
43193.6765364815,Setup,Equipment,Add Equipment from Catalog to ToolString,Click,ToolbarButton,Add to ToolString,UIInteraction,EquipmentName=LEH-QT
43193.6766075694,Setup,Equipment,Rename ToolString,Click,ContextMenu,Rename,UIInteraction,
43193.676615162,Setup,Equipment,Rename ToolString,Input,TextBox,CMRT-DTC,UIInteraction,ToolstringGuid=46B1636E-97AD-40AE-BD76-FD90F3ACDFB6
43193.6767508912,Setup,Properties & Parameters,Change Property Value,Update,GridCell,100,UIInteraction,OSDD=EP_SERIAL_NUMBER;EnsemblePath=CMRT-B:CMRC:CMRC
43193.6767699421,Setup,Properties & Parameters,Change Property Value,Update,GridCell,100,UIInteraction,OSDD=EP_SERIAL_NUMBER;EnsemblePath=CMRT-B:CMRC:CMRH
43193.6767894097,Setup,Properties & Parameters,Change Property Value,Update,GridCell,100,UIInteraction,OSDD=EP_SERIAL_NUMBER;EnsemblePath=CMRT-B:CMRS:CMRS
43193.6769257523,Setup,Properties & Parameters,Change Property Value,Update,GridCell,200,UIInteraction,OSDD=EP_SERIAL_NUMBER;EnsemblePath=CMRT-B:CMRC:CMRH
43193.6770596991,Setup,Properties & Parameters,Change Property Value,Update,GridCell,200,UIInteraction,OSDD=EP_SERIAL_NUMBER;EnsemblePath=CMRT-B:CMRC:CMRC
43193.6770876736,Setup,UI Framework,Switch Tab,Click,Tab,DnI Initializations,UIInteraction,
43193.6771035995,Setup,DnI/Survey,Select Decimal,Click,RadioButton,Decimal,UIInteraction,
43193.6771245718,Setup,DnI/Survey,Enter Latitude,Input,TextBox,39,UIInteraction,
43193.6771357407,Setup,DnI/Survey,Enter Longitude,Input,TextBox,116,UIInteraction,
43193.677147338,Setup,UI Framework,Switch Tab,Click,Tab,Equipment,UIInteraction,
43193.6771931597,Setup,DnI/Survey,Select Permanent Datum,Click,ComboBox,Mean Sea Level,UIInteraction,
43193.6771985532,Setup,DnI/Survey,Select Log Measured From,Click,ComboBox,Drill Floor,UIInteraction,
43193.6772056713,Setup,DnI/Survey,Enter Elevation of 'Log Measured From',Input,TextBox,1000,UIInteraction,LogMeasuredFrom=Drill Floor
43193.6772172222,Setup,UI Framework,Switch Tab,Click,Tab,DnI Initializations,UIInteraction,
43193.6772479861,Setup,DnI/Survey,Compute DnI/Elevation,Click,Button,Compute,UIInteraction,
43193.677381088,Setup,UI Framework,Switch Tab,Click,Tab,Wellbore,UIInteraction,
43193.6773859144,Setup,Well Setup (Internal),Select Run Number,Click,ComboBox,1,UIInteraction,RunGuid=4BAC776E-9EC2-44AF-9609-D9DECBB3B1EA
43193.6773977083,Setup,Well Setup (Internal),Enter Size for Bit Size,Update,GridCell,17.5,UIInteraction,Row=1;Column=Size (in);RunGuid=4BAC776E-9EC2-44AF-9609-D9DECBB3B1EA
43193.6774159144,Setup,Well Setup (Internal),Enter Driller Top for Bit Size,Update,GridCell,0,UIInteraction,Row=1;Column=Driller Top (ft);RunGuid=4BAC776E-9EC2-44AF-9609-D9DECBB3B1EA
43193.6774345023,Setup,Well Setup (Internal),Enter Driller Bottom for Bit Size,Update,GridCell,10000,UIInteraction,Row=1;Column=Driller Bottom (ft);RunGuid=4BAC776E-9EC2-44AF-9609-D9DECBB3B1EA
43193.6774570255,Setup,Well Setup (Internal),Select Run Number,Click,ComboBox,1,UIInteraction,RunGuid=4BAC776E-9EC2-44AF-9609-D9DECBB3B1EA
43193.6774687384,Setup,Well Setup (Internal),Enter Size for Casings,Update,GridCell,10.75,UIInteraction,Row=1;Column=Size (in);RunGuid=4BAC776E-9EC2-44AF-9609-D9DECBB3B1EA
43193.6774865625,Setup,Well Setup (Internal),Enter Driller Top for Casings,Update,GridCell,0,UIInteraction,Row=1;Column=Driller Top (ft);RunGuid=4BAC776E-9EC2-44AF-9609-D9DECBB3B1EA
43193.677505463,Setup,Well Setup (Internal),Enter Driller Bottom for Casings,Update,GridCell,5000,UIInteraction,Row=1;Column=Driller Bottom (ft);RunGuid=4BAC776E-9EC2-44AF-9609-D9DECBB3B1EA
43193.677523912,Setup,Well Setup (Internal),Enter Weight for Casings,Update,GridCell,109,UIInteraction,Row=1;Column=Weight (lbm/ft);RunGuid=4BAC776E-9EC2-44AF-9609-D9DECBB3B1EA
43193.6776205208,Setup,Well Setup (Internal),Enter Grade for Casings,Update,GridCell,K55,UIInteraction,Row=1;Column=Grade;RunGuid=4BAC776E-9EC2-44AF-9609-D9DECBB3B1EA
43193.6776382639,Setup,UI Framework,Switch Tab,Click,Tab,Runs,UIInteraction,
43193.6776744444,Setup,Run Manager (Internal),Associate toolstring to run,Update,GridCell,CMRT-DTC,UIInteraction,RunGuid=4BAC776E-9EC2-44AF-9609-D9DECBB3B1EA;ToolstringGuid=46B1636E-97AD-40AE-BD76-FD90F3ACDFB6;DownholeEquipments=CMRT-BDTC-HLEH-QTEME-F;TSLevelActiveSurfaceEquips=DEPTH_DEVICETENSION_DEVICELOGGING_CABLEWAFEWITMDTM
43193.6778097685,Setup,Equipment,Close Toolstring Validation UI,Click,Button,Close,UIInteraction,ToolstringGuid=46B1636E-97AD-40AE-BD76-FD90F3ACDFB6
43193.677818044,DeliverablesSetup,UI Framework,Switch View,Click,ToolbarButton,Deliverables Display View,UIInteraction,
43193.6778941088,DeliverablesSetup,Deliverables - Digital,Create Job Archive,Click,ContextMenu,Create,UIInteraction,ArchiveGuid=74AF102A-6768-4ABA-8D16-4B3735108343;JobArchiveType=3.0
43193.6782818287,DeliverablesSetup,UI Framework,Close Console,Click,Button,,UIInteraction,JobGuid=74AF102A-6768-4ABA-8D16-4B3735108343
43193.6783202431,DeliverablesSetup,UI Framework,OK to Close Deliverables - Display Console,Click,Button,OK,UIInteraction,
43193.678400463,,Console/Job Manager,Stop Setup Console,Click,Button,Stop,UIInteraction,JobGuid=74AF102A-6768-4ABA-8D16-4B3735108343
43193.6784843634,,Console/Job Manager,Stop Job,Click,Button,Stop,UIInteraction,JobGuid=74AF102A-6768-4ABA-8D16-4B3735108343
