Time,Process,Component,Operation,Action,Control,ControlText,Category,Context
43194.1467195023,,Console/Job Manager,Start Job,Click,Button,Start,UIInteraction,JobName=LFA-MASTERCAL;StartDate=4/4/2018 3:31 AM;Workflow=Wireline;Simulator=True;UnitSystem=English;JobSize=0;State=Available;SideTrackId=0;SessionID=06060250-F709-4F6B-A129-9BE9749098AA;SortOrder=1;JobGUID=BB3F1C22-6952-480D-838B-28FCD1E67639;WellGUID=892AC258-E2C2-490A-893D-7C9C270159D4;BoreholeGUID=DD35F773-2B37-4C02-8839-65BC114A5D40;MachineName=HPV11-017;UserName=Engineer;UserDomainName=HPV11-017;OS=Microsoft Windows NT 6.1.7601 Service Pack 1;StartedJobCount=0;TimeZone=00:00:00;IPAddress_1=192.168.178.23;IPAddress_2=::1;MWVersion=9.0.100745.3100
43194.1471990741,,Console/Job Manager,Stop Job,Click,Button,Stop,UIInteraction,JobGuid=BB3F1C22-6952-480D-838B-28FCD1E67639
43194.1474109028,,Console/Job Manager,Start Job,Click,Button,Start,UIInteraction,JobName=LFA-MASTERCAL;StartDate=4/4/2018 3:31 AM;Workflow=Wireline;Simulator=True;UnitSystem=English;RTBackupDir=C:\Autobackup;JobSize=0;State=Available;SideTrackId=0;SessionID=06060250-F709-4F6B-A129-9BE9749098AA;SortOrder=1;JobGUID=BB3F1C22-6952-480D-838B-28FCD1E67639;WellGUID=892AC258-E2C2-490A-893D-7C9C270159D4;BoreholeGUID=DD35F773-2B37-4C02-8839-65BC114A5D40;MachineName=HPV11-017;UserName=Engineer;UserDomainName=HPV11-017;OS=Microsoft Windows NT 6.1.7601 Service Pack 1;StartedJobCount=0;TimeZone=00:00:00;IPAddress_1=192.168.178.23;IPAddress_2=::1;MWVersion=9.0.100745.3100
43194.1481786458,,Console/Job Manager,Start Setup Console,Click,Button,Start...,UIInteraction,JobGuid=BB3F1C22-6952-480D-838B-28FCD1E67639
43194.1483472685,Setup,Calibration,Select Calibration Report Type,Click,ComboBox,Technical Concise,UIInteraction,
43194.1483503472,Setup,UI Framework,Start Console,,,Setup - Job LFA-MASTERCAL,UIAutomatic,
43194.1483720833,,Console/Job Manager,Start Deliverables Console,Click,Button,Start...,UIInteraction,JobGuid=BB3F1C22-6952-480D-838B-28FCD1E67639
43194.1484421875,DeliverablesSetup,Tier Manager,Tier Template Created for Tools in My Equipment,,,DTA-A Tier Created,Deliverables Console,
43194.1484423148,DeliverablesSetup,Tier Manager,Tier Template Created for Tools in My Equipment,,,MRPC-C Tier Created,Deliverables Console,
43194.148442419,DeliverablesSetup,Tier Manager,Tier Template Created for Tools in My Equipment,,,MRFA-E Tier Created,Deliverables Console,
43194.148442662,DeliverablesSetup,Tier Manager,Tier Template Created for Tools in My Equipment,,,DTC-H Tier Created,Deliverables Console,
43194.1484425347,DeliverablesSetup,Tier Manager,Tier Template Created for Tools in My Equipment,,,LEH-QT Tier Created,Deliverables Console,
43194.1484521296,DeliverablesSetup,UI Framework,Start Console,,,Deliverables Console Setup - Job LFA-MASTERCAL,UIAutomatic,
43194.1486229977,Setup,UI Framework,Switch Tab,Click,Tab,DnI Initializations,UIInteraction,
43194.1486490278,Setup,DnI/Survey,Compute DnI/Elevation,Click,Button,Compute,UIInteraction,
43194.1488324653,Setup,Run Manager (Internal),Start Run,Click,Button,Start,UIInteraction,RunGuid=DDFB7A7C-1746-4042-AA01-17C0A44E9850;ToolstringGuid=7D994CD9-3B3B-47F6-AF31-6FD14DCEA38B;DownholeEquipments=MRFA-E:MRPC-C:DTA-A:DTC-H:LEH-QT;TSLevelActiveSurfaceEquips=DEPTH_DEVICE:WAFE:TENSION_DEVICE:LOGGING_CABLE
43194.1489525463,Setup,Equipment,Activate Run,Click,Button,Activate,UIInteraction,ToolstringGuid=7D994CD9-3B3B-47F6-AF31-6FD14DCEA38B;DownholeEquipments=MRFA-E:MRPC-C:DTA-A:DTC-H:LEH-QT;TSLevelActiveSurfaceEquips=DEPTH_DEVICE:WAFE:TENSION_DEVICE:LOGGING_CABLE
43194.1490714236,Simulation,UI Framework,Start Console,,,Simulation Console - Job LFA-MASTERCAL,UIAutomatic,
43194.1491178125,WLAcquisition,Calibration,Select Calibration Report Type,Click,ComboBox,Technical Concise,UIInteraction,
43194.1491511921,WLAcquisition,UI Framework,Start Console,,,Acquisition Console - Job LFA-MASTERCAL - Run 1,UIAutomatic,
43194.1491580208,WLAcquisition,Calibration,Select Calibration in Calibration Report,Click,ComboBox,HTEN Before Calibration,UIInteraction,
43194.149158044,WLAcquisition,Calibration,Select Tool in Calibration Report,Click,ComboBox,LEH-QT,UIInteraction,ToolName=LEH-QT
43194.1494556713,WLAcquisition,Data Acquiring - WL,Connect Hardware,Click,ToolbarButton,Connect to Hardware,UIInteraction,
43194.1496283449,WLAcquisition,Data Acquiring - WL,Start Dataflow,Click,ToolbarButton,Start Data Flow,UIInteraction,
43194.1497273148,WLAcquisition,Data Acquiring - WL,Enable Tool Power,Click,ToolbarButton,Enable Tool Power,UIInteraction,
43194.1514322106,WLAcquisition,UI Framework,Switch Tab,Click,Tab,Tool Control,UIInteraction,
43194.1515106134,WLAcquisition,Regulate 50V Supply,Regulate 50V Supply,RightClick,TreeView,Regulate 50V Supply,UIInteraction,TaskName=Regulate 50V Supply
43194.1515244907,WLAcquisition,Regulate 50V Supply,Regulate 50V Supply,Click,ContextMenu,Perform,UIInteraction,TaskName=Regulate 50V Supply
43194.1515833565,WLAcquisition,UI Framework,Switch Tab,Click,Tab,Operation,UIInteraction,
43194.151690162,WLAcquisition,Depth Log/Station Planning,Perform Logging Task,RightClick,TreeView,Dark/Source,UIInteraction,TaskName=Dark/Source
43194.151706794,WLAcquisition,Calibration,Choose Available Calibration,Click,ComboBox,Nominal,UIInteraction,
43194.1517073843,WLAcquisition,UI Framework,Switch Tab,Click,Tab,Calibrations,UIInteraction,
43194.1517040972,WLAcquisition,Depth Log/Station Planning,Perform Logging Task,Click,ContextMenu,Perform,UIInteraction,TaskName=Dark/Source
43194.1518468403,WLAcquisition,Depth Log/Station Planning,Perform Logging Task,RightClick,TreeView,Station Log,UIInteraction,TaskName=Station Log
43194.1518609028,WLAcquisition,Depth Log/Station Planning,Perform Logging Task,Click,ContextMenu,Perform,UIInteraction,TaskName=Station Log
43194.1519818403,WLAcquisition,Data Acquiring - WL,Start Station Pass,Click,Button,Start,UIInteraction,PassGuid=00405A30-31D4-4F10-9747-9D458AD622DF;Main Objective=MDT;MDT Station Objective=Test MDT Tool;Power Station=MRPC-C
43194.1519832292,WLAcquisition,Data Acquiring - WL,Continue Station Pass,,Button,Start,UIAutomatic,PassGuid=00405A30-31D4-4F10-9747-9D458AD622DF;Main Objective=MDT;MDT Station Objective=Test MDT Tool;Power Station=MRPC-C
43194.1519942477,WLAcquisition,UI Framework,Switch Tab,Click,Tab,Station,UIInteraction,
43194.1520975694,WLAcquisition,Calibration,Choose Available Calibration,Click,ComboBox,03:39:00.674 04-Apr-2018,UIInteraction,
43194.1521170718,Simulation,UI Framework,Switch Tab,Click,Tab,MRFA-E,UIInteraction,
43194.1551476852,WLAcquisition,Data Acquiring - WL,Unlock Pass,Click,ToolbarButton,Click to Unlock Stop Button,UIInteraction,
43194.1551696296,WLAcquisition,Data Acquiring - WL,Stop Station Pass,Click,Button,Stop,UIInteraction,PassGuid=00405A30-31D4-4F10-9747-9D458AD622DF;Depth=0
43194.1555151852,WLAcquisition,UI Framework,Switch Tab,Click,Tab,Tool Control,UIInteraction,
43194.1556027083,WLAcquisition,Regulate 50V Supply,Regulate 50V Supply,RightClick,TreeView,Regulate 50V Supply,UIInteraction,TaskName=Regulate 50V Supply
43194.1556169792,WLAcquisition,Regulate 50V Supply,Regulate 50V Supply,Click,ContextMenu,Close,UIInteraction,TaskName=Regulate 50V Supply
43194.155991331,WLAcquisition,Data Acquiring - WL,Unlock 3 Buttons,Click,ToolbarButton,Unlock,UIInteraction,
43194.1559933796,WLAcquisition,Data Acquiring - WL,Disable Tool Power,Click,ToolbarButton,Disable Tool Power,UIInteraction,
43194.1561199769,WLAcquisition,Data Acquiring - WL,Stop Dataflow,Click,ToolbarButton,Stop Data Flow,UIInteraction,
43194.1562145486,WLAcquisition,Data Acquiring - WL,Disconnect Hardware,Click,ToolbarButton,Disconnect From Hardware,UIInteraction,
43194.156219456,Simulation,UI Framework,Switch Tab,Click,Tab,HWS_Simulator : 0,UIInteraction,
43194.1562199884,Simulation,UI Framework,Switch Tab,Click,Tab,MRFA-E,UIInteraction,
43194.1562201505,Simulation,UI Framework,Switch Tab,Click,Tab,MRPC-C,UIInteraction,
43194.1563294097,Setup,Run Manager (Internal),Stop Run,Click,Button,Stop,UIInteraction,RunGuid=DDFB7A7C-1746-4042-AA01-17C0A44E9850
43194.1563819792,Setup,Run Manager (Internal),Confirm to Stop Run,Click,Button,OK,UIInteraction,RunGuid=DDFB7A7C-1746-4042-AA01-17C0A44E9850
43194.1564430208,Simulation,UI Framework,Close Console,Click,Button,,UIInteraction,JobGuid=BB3F1C22-6952-480D-838B-28FCD1E67639
43194.1565593519,,Console/Job Manager,Stop Setup Console,Click,Button,Stop,UIInteraction,JobGuid=BB3F1C22-6952-480D-838B-28FCD1E67639
43194.1577554167,DeliverablesSetup,UI Framework,Switch View,Click,ToolbarButton,Deliverables Display View,UIInteraction,
43194.1578304514,DeliverablesSetup,Deliverables - Digital,Create Job Archive,Click,ContextMenu,Create,UIInteraction,ArchiveGuid=BB3F1C22-6952-480D-838B-28FCD1E67639;JobArchiveType=3.0
43194.1580292477,DeliverablesSetup,UI Framework,Close Console,Click,Button,,UIInteraction,JobGuid=BB3F1C22-6952-480D-838B-28FCD1E67639
43194.1580649074,DeliverablesSetup,UI Framework,OK to Close Deliverables - Display Console,Click,Button,OK,UIInteraction,
43194.1581187269,,Console/Job Manager,Stop Job,Click,Button,Stop,UIInteraction,JobGuid=BB3F1C22-6952-480D-838B-28FCD1E67639
