Time,Process,Component,Operation,Action,Control,ControlText,Category,Context
43194.1546173958,,Console/Job Manager,Start Job,Click,Button,Start,UIInteraction,JobName=ZAIT-E;WellName=Automation;ClientName=BGCAT;StartDate=4/4/2018 3:42 AM;Workflow=Wireline;Simulator=True;UnitSystem=English;RTBackupDir=C:\Autobackup;JobSize=0;State=Available;SideTrackId=0;SessionID=C9924BA7-E9F9-4ACA-AD5C-52D6EF560740;SortOrder=1;JobGUID=79BD1B25-89D1-4CEF-B857-949AD0A503A4;WellGUID=61D74609-6818-4AC2-B0A6-7D3FCF0DB87C;BoreholeGUID=FEB60C94-E71F-44FB-AF95-F113C799BBB1;MachineName=HPV01-019;UserName=Engineer;UserDomainName=HPV01-019;OS=Microsoft Windows NT 6.1.7601 Service Pack 1;StartedJobCount=0;TimeZone=00:00:00;IPAddress_1=192.168.78.213;IPAddress_2=::1;MWVersion=9.0.100745.3100
43194.15495875,,Console/Job Manager,Start Deliverables Console,Click,Button,Start...,UIInteraction,JobGuid=79BD1B25-89D1-4CEF-B857-949AD0A503A4
43194.1551364931,DeliverablesSetup,UI Framework,Start Console,,,Deliverables Console Setup - Job ZAIT-E,UIAutomatic,
43194.1556168519,,Console/Job Manager,Start Setup Console,Click,Button,Start...,UIInteraction,JobGuid=79BD1B25-89D1-4CEF-B857-949AD0A503A4
43194.1557050694,Setup,Calibration,Select Calibration Report Type,Click,ComboBox,Technical Concise,UIInteraction,
43194.1558025347,Setup,UI Framework,Start Console,,,Setup - Job ZAIT-E,UIAutomatic,
43194.1558495023,Setup,Equipment,New ToolString,Click,ToolbarButton,New ToolString,UIInteraction,ToolstringName=New ToolString;ToolstringGuid=56394203-CD3E-46D1-B1B0-EA62CA668300
43194.1558881366,Setup,Equipment,Rename ToolString,Input,TextBox,New ToolString,UIInteraction,ToolstringGuid=56394203-CD3E-46D1-B1B0-EA62CA668300
43194.1558881597,Setup,Equipment,Rename ToolString,,,,UIAutomatic,State=Cancel
43194.155898206,Setup,Equipment,Filter Equipment in Catalog,Input,TextBox,,UIInteraction,Text=ZAIT-E
43194.1559014699,Setup,Equipment,Rename ToolString,Input,TextBox,New ToolString,UIInteraction,ToolstringGuid=56394203-CD3E-46D1-B1B0-EA62CA668300
43194.1558986574,Setup,Equipment,Filter Equipment in Catalog,Input,TextBox,,UIInteraction,Text=ZAIT-E
43194.1559033333,Setup,Equipment,Add Equipment from Catalog to ToolString,Click,ToolbarButton,Add to ToolString,UIInteraction,EquipmentName=ZAIT-E
43194.1559286227,Setup,Equipment,Filter Equipment in Catalog,Input,TextBox,,UIInteraction,Text=EDTC-B
43194.1559291088,DeliverablesSetup,Tier Manager,Tier Template Created for Tools in My Equipment,,,ZAIT-E Tier Created,Deliverables Console,
43194.1559287732,Setup,Equipment,Filter Equipment in Catalog,Input,TextBox,,UIInteraction,Text=EDTC-B
43194.1559395486,Setup,Equipment,Filter Equipment in Catalog,Input,TextBox,,UIInteraction,Text=LEH-QT
43194.1559333218,Setup,Equipment,Add Equipment from Catalog to ToolString,Click,ToolbarButton,Add to ToolString,UIInteraction,EquipmentName=EDTC-B
43194.1559396528,Setup,Equipment,Filter Equipment in Catalog,Input,TextBox,,UIInteraction,Text=LEH-QT
43194.1559444097,Setup,Equipment,Add Equipment from Catalog to ToolString,Click,ToolbarButton,Add to ToolString,UIInteraction,EquipmentName=LEH-QT
43194.1560086111,Setup,Equipment,Rename ToolString,Click,ContextMenu,Rename,UIInteraction,
43194.1560143056,Setup,Equipment,Rename ToolString,Input,TextBox,ZAITE,UIInteraction,ToolstringGuid=56394203-CD3E-46D1-B1B0-EA62CA668300
43194.1561377199,Setup,Properties & Parameters,Change Property Value,Update,GridCell,1,UIInteraction,OSDD=EP_SERIAL_NUMBER;EnsemblePath=ZAIT-E:AZIS:AZIS
43194.1561561111,Setup,Properties & Parameters,Change Property Value,Update,GridCell,1,UIInteraction,OSDD=EP_SERIAL_NUMBER;EnsemblePath=ZAIT-E:AZRM:AZRM
43194.1561875926,Setup,UI Framework,Switch Tab,Click,Tab,DnI Initializations,UIInteraction,
43194.1562075347,Setup,DnI/Survey,Select Decimal,Click,RadioButton,Decimal,UIInteraction,
43194.156227963,Setup,DnI/Survey,Enter Latitude,Input,TextBox,40,UIInteraction,
43194.1562390509,Setup,DnI/Survey,Enter Longitude,Input,TextBox,120,UIInteraction,
43194.1562493634,Setup,UI Framework,Switch Tab,Click,Tab,Equipment,UIInteraction,
43194.1562975926,Setup,DnI/Survey,Select Permanent Datum,Click,ComboBox,Mean Sea Level,UIInteraction,
43194.1563027778,Setup,DnI/Survey,Select Log Measured From,Click,ComboBox,Drill Floor,UIInteraction,
43194.1563096991,Setup,DnI/Survey,Enter Elevation of 'Log Measured From',Input,TextBox,200,UIInteraction,LogMeasuredFrom=Drill Floor
43194.1563215046,Setup,UI Framework,Switch Tab,Click,Tab,DnI Initializations,UIInteraction,
43194.156353206,Setup,DnI/Survey,Compute DnI/Elevation,Click,Button,Compute,UIInteraction,
43194.1564861921,Setup,UI Framework,Switch Tab,Click,Tab,Wellbore,UIInteraction,
43194.1564911111,Setup,Well Setup (Internal),Select Run Number,Click,ComboBox,1,UIInteraction,RunGuid=AD7FC1B8-9DD9-4BC6-A7FB-E916B71E6BBC
43194.1565020255,Setup,Well Setup (Internal),Enter Size for Bit Size,Update,GridCell,12.25,UIInteraction,Row=1;Column=Size (in);RunGuid=AD7FC1B8-9DD9-4BC6-A7FB-E916B71E6BBC
43194.1565214468,Setup,Well Setup (Internal),Enter Driller Bottom for Bit Size,Update,GridCell,3000,UIInteraction,Row=1;Column=Driller Bottom (ft);RunGuid=AD7FC1B8-9DD9-4BC6-A7FB-E916B71E6BBC
43194.1565427431,Setup,Well Setup (Internal),Select Run Number,Click,ComboBox,1,UIInteraction,RunGuid=AD7FC1B8-9DD9-4BC6-A7FB-E916B71E6BBC
43194.1565490278,Setup,Well Setup (Internal),Add Row for Bit Size,Click,ToolbarButton,Add Row,UIInteraction,Row=2;RunGuid=AD7FC1B8-9DD9-4BC6-A7FB-E916B71E6BBC
43194.1565551389,Setup,Well Setup (Internal),Enter Size for Bit Size,Update,GridCell,8.5,UIInteraction,Row=2;Column=Size (in);RunGuid=AD7FC1B8-9DD9-4BC6-A7FB-E916B71E6BBC
43194.1565735995,Setup,Well Setup (Internal),Enter Driller Bottom for Bit Size,Update,GridCell,14000,UIInteraction,Row=2;Column=Driller Bottom (ft);RunGuid=AD7FC1B8-9DD9-4BC6-A7FB-E916B71E6BBC
43194.156592662,Setup,Well Setup (Internal),Select Run Number,Click,ComboBox,1,UIInteraction,RunGuid=AD7FC1B8-9DD9-4BC6-A7FB-E916B71E6BBC
43194.1566039468,Setup,Well Setup (Internal),Enter Size for Casings,Update,GridCell,9.625,UIInteraction,Row=1;Column=Size (in);RunGuid=AD7FC1B8-9DD9-4BC6-A7FB-E916B71E6BBC
43194.1566213657,Setup,Well Setup (Internal),Enter Driller Top for Casings,Update,GridCell,0,UIInteraction,Row=1;Column=Driller Top (ft);RunGuid=AD7FC1B8-9DD9-4BC6-A7FB-E916B71E6BBC
43194.1566403009,Setup,Well Setup (Internal),Enter Driller Bottom for Casings,Update,GridCell,3000,UIInteraction,Row=1;Column=Driller Bottom (ft);RunGuid=AD7FC1B8-9DD9-4BC6-A7FB-E916B71E6BBC
43194.1566583333,Setup,Well Setup (Internal),Enter Weight for Casings,Update,GridCell,47,UIInteraction,Row=1;Column=Weight (lbm/ft);RunGuid=AD7FC1B8-9DD9-4BC6-A7FB-E916B71E6BBC
43194.1567540972,Setup,Well Setup (Internal),Enter Grade for Casings,Update,GridCell,K55,UIInteraction,Row=1;Column=Grade;RunGuid=AD7FC1B8-9DD9-4BC6-A7FB-E916B71E6BBC
43194.1567687037,Setup,UI Framework,Switch Tab,Click,Tab,Equipment,UIInteraction,
43194.1567802662,Setup,Equipment,Validate ToolString,Click,ContextMenu,Validate,UIInteraction,Validated State=TS_VALIDATION_RECOMMENDATION;Validated Message=<ToolStringValidation><ToolStringGuid>56394203-CD3E-46D1-B1B0-EA62CA668300</ToolStringGuid><ToolStringName>ZAITE</ToolStringName><SourceAction>Validate</SourceAction><IsAutomatic>FALSE</IsAutomatic><Error><EquipmentGuid>8E3AE38F-9215-4139-B513-0FDD3ADB0016</EquipmentGuid><EquipmentName>ZAIT-E</EquipmentName><EquipmentType>Tool</EquipmentType><ErrorInfo><![CDATA[- There is no inclinometry tool in the tool string.  Only standard AIT logs will be valid.
]]></ErrorInfo><ValidationType>EQUIP_CONFIG_VALIDATION_RECOMMENDATION</ValidationType></Error></ToolStringValidation>
43194.156911875,Setup,Equipment,Activate ToolString for Shop Calibration,Click,ContextMenu,Activate for Checks and Calibration,UIInteraction,TooStringGuid=56394203-CD3E-46D1-B1B0-EA62CA668300
43194.1571042824,Simulation,UI Framework,Start Console,,,Simulation Console - Job ZAIT-E,UIAutomatic,
43194.1571823264,ShopCalibration,Calibration,Select Calibration Report Type,Click,ComboBox,Technical Concise,UIInteraction,
43194.1572095486,ShopCalibration,Calibration,Select Calibration in Calibration Report,Click,ComboBox,HTEN Before Calibration,UIInteraction,
43194.1572095718,ShopCalibration,Calibration,Select Tool in Calibration Report,Click,ComboBox,LEH-QT,UIInteraction,ToolName=LEH-QT
43194.1572102778,ShopCalibration,UI Framework,Start Console,,,Shop Calibration Console - Job ZAIT-E,UIAutomatic,
43194.157211088,ShopCalibration,UI Framework,Switch Tab,Click,Tab,MD,UIInteraction,
43194.1605553935,ShopCalibration,Data Acquiring - WL,Connect Hardware,Click,ToolbarButton,Connect to Hardware,UIInteraction,
43194.1606938079,ShopCalibration,Data Acquiring - WL,Start Dataflow,Click,ToolbarButton,Start Data Flow,UIInteraction,
43194.1608146296,ShopCalibration,Data Acquiring - WL,Enable Tool Power,Click,ToolbarButton,Enable Tool Power,UIInteraction,
43194.1608219792,ShopCalibration,Before Logging Surface,Read Memory Data,,,,UIAutomatic,TaskName=EDTC-B: Read Memory Data
43194.1608232407,ShopCalibration,UI Framework,Switch Tab,Click,Tab,Calibrations,UIInteraction,
43194.1608375579,ShopCalibration,Calibration,Choose Available Calibration,Click,ComboBox,03:51:35.705 04-Apr-2018,UIInteraction,
43194.1608362731,ShopCalibration,Calibration,Choose Available Calibration,Click,ComboBox,03:51:35.705 04-Apr-2018,UIInteraction,
43194.1616607523,ShopCalibration,ZAIT-E,Asset Info,RightClick,TreeView,Asset Info,UIInteraction,TaskName=Asset Info
43194.1616746412,ShopCalibration,ZAIT-E,Asset Info,Click,ContextMenu,Perform,UIInteraction,TaskName=Asset Info
43194.1617932176,ShopCalibration,ZAIT-E,Sonde Characterization,RightClick,TreeView,Sonde Characterization,UIInteraction,TaskName=Sonde Characterization
43194.1618070602,ShopCalibration,ZAIT-E,Sonde Characterization,Click,ContextMenu,Perform,UIInteraction,TaskName=Sonde Characterization
43194.161876412,ShopCalibration,Calibration,Choose Available Calibration,Click,ComboBox,22:41:21.000 19-Jun-2007,UIInteraction,
43194.1618753704,ShopCalibration,Calibration,Choose Available Calibration,Click,ComboBox,22:41:21.000 19-Jun-2007,UIInteraction,
43194.1619249884,ShopCalibration,ZAIT-E,Master Cal and Shop Check,RightClick,TreeView,Master Cal and Shop Check,UIInteraction,TaskName=Master Cal and Shop Check
43194.161938912,ShopCalibration,ZAIT-E,Master Cal and Shop Check,Click,ContextMenu,Perform,UIInteraction,TaskName=Master Cal and Shop Check
43194.1620592361,ShopCalibration,Calibration,Choose Available Calibration,Click,ComboBox,18:34:02.000 03-Aug-2011,UIInteraction,
43194.1620619329,ShopCalibration,Calibration,Choose Available Calibration,Click,ComboBox,18:34:02.000 03-Aug-2011,UIInteraction,
43194.1620648264,ShopCalibration,Calibration,Choose Available Calibration,Click,ComboBox,18:41:48.000 03-Aug-2011,UIInteraction,
43194.1620685185,ShopCalibration,Calibration,Choose Available Calibration,Click,ComboBox,18:34:02.000 03-Aug-2011,UIInteraction,
43194.1620687384,ShopCalibration,Calibration,Choose Available Calibration,Click,ComboBox,18:34:02.000 03-Aug-2011,UIInteraction,
43194.1620676157,ShopCalibration,Calibration,Choose Available Calibration,Click,ComboBox,18:41:48.000 03-Aug-2011,UIInteraction,
43194.1620690741,ShopCalibration,Calibration,Choose Available Calibration,Click,ComboBox,18:41:48.000 03-Aug-2011,UIInteraction,
43194.1620693866,ShopCalibration,Calibration,Choose Available Calibration,Click,ComboBox,18:41:48.000 03-Aug-2011,UIInteraction,
43194.1621303125,ShopCalibration,ZAIT-E,Check,RightClick,TreeView,Check,UIInteraction,TaskName=Check
43194.1621441435,ShopCalibration,ZAIT-E,Check,Click,ContextMenu,Perform,UIInteraction,TaskName=Check
43194.1629174653,ShopCalibration,Calibration,Choose Available Calibration,Click,ComboBox,03:54:35.728 04-Apr-2018,UIInteraction,
43194.1630106134,ShopCalibration,Calibration,Select Calibration Report Type,Click,ComboBox,Technical Concise,UIInteraction,
43194.1630235301,ShopCalibration,Calibration,Select Tool in Calibration Report,Click,ComboBox,ZAIT-E:1,UIInteraction,ToolName=ZAIT-E:1
43194.1630235185,ShopCalibration,Calibration,Select Calibration in Calibration Report,Click,ComboBox,AIT Electronics Check,UIInteraction,
43194.1630350116,ShopCalibration,Calibration,Select Calibration in Calibration Report,Click,ComboBox,AIT Electronics Check,UIInteraction,
43194.1630454977,ShopCalibration,Calibration,View Master Calibration in Calibration Report,Click,Tab,MASTER,UIInteraction,
43194.1631083449,ShopCalibration,ZAIT-E,Check,RightClick,TreeView,Check,UIInteraction,TaskName=Check
43194.1631225463,ShopCalibration,ZAIT-E,Check,Click,ContextMenu,Perform,UIInteraction,TaskName=Check
43194.1638926157,ShopCalibration,Calibration,Choose Available Calibration,Click,ComboBox,03:55:59.926 04-Apr-2018,UIInteraction,
43194.1639296759,ShopCalibration,Calibration,Select Calibration Report Type,Click,ComboBox,Technical Concise,UIInteraction,
43194.1639418982,ShopCalibration,Calibration,Select Tool in Calibration Report,Click,ComboBox,ZAIT-E:1,UIInteraction,ToolName=ZAIT-E:1
43194.1639529745,ShopCalibration,Calibration,Select Calibration in Calibration Report,Click,ComboBox,AIT Electronics Check,UIInteraction,
43194.1639624884,ShopCalibration,Calibration,View Before Calibration in Calibration Report,Click,Tab,BEFORE,UIInteraction,
43194.1640318519,ShopCalibration,ZAIT-E,Check,RightClick,TreeView,Check,UIInteraction,TaskName=Check
43194.1640457639,ShopCalibration,ZAIT-E,Check,Click,ContextMenu,Perform,UIInteraction,TaskName=Check
43194.1648178009,ShopCalibration,Calibration,Choose Available Calibration,Click,ComboBox,03:57:19.827 04-Apr-2018,UIInteraction,
43194.1649071644,ShopCalibration,Calibration,Select Calibration Report Type,Click,ComboBox,Technical Concise,UIInteraction,
43194.1649183565,ShopCalibration,Calibration,Select Tool in Calibration Report,Click,ComboBox,ZAIT-E:1,UIInteraction,ToolName=ZAIT-E:1
43194.1649309259,ShopCalibration,Calibration,Select Calibration in Calibration Report,Click,ComboBox,AIT Electronics Check,UIInteraction,
43194.1649443519,ShopCalibration,Calibration,View After Calibration in Calibration Report,Click,Tab,AFTER,UIInteraction,
43194.1649637268,ShopCalibration,Data Acquiring - WL,Unlock 3 Buttons,Click,ToolbarButton,Unlock,UIInteraction,
43194.1649684838,ShopCalibration,Data Acquiring - WL,Disable Tool Power,Click,ToolbarButton,Disable Tool Power,UIInteraction,
43194.1650893287,ShopCalibration,Data Acquiring - WL,Stop Dataflow,Click,ToolbarButton,Stop Data Flow,UIInteraction,
43194.16521875,ShopCalibration,Data Acquiring - WL,Disconnect Hardware,Click,ToolbarButton,Disconnect From Hardware,UIInteraction,
43194.1653333333,ShopCalibration,UI Framework,Close Console,Click,Button,,UIInteraction,JobGuid=79BD1B25-89D1-4CEF-B857-949AD0A503A4
43194.165601956,Setup,Equipment,Validate ToolString,Click,ContextMenu,Validate,UIInteraction,Validated State=TS_VALIDATION_RECOMMENDATION;Validated Message=<ToolStringValidation><ToolStringGuid>56394203-CD3E-46D1-B1B0-EA62CA668300</ToolStringGuid><ToolStringName>ZAITE</ToolStringName><SourceAction>Validate</SourceAction><IsAutomatic>FALSE</IsAutomatic><Error><EquipmentGuid>8E3AE38F-9215-4139-B513-0FDD3ADB0016</EquipmentGuid><EquipmentName>ZAIT-E</EquipmentName><EquipmentType>Tool</EquipmentType><ErrorInfo><![CDATA[- There is no inclinometry tool in the tool string.  Only standard AIT logs will be valid.
]]></ErrorInfo><ValidationType>EQUIP_CONFIG_VALIDATION_RECOMMENDATION</ValidationType></Error></ToolStringValidation>
43194.1657393056,Setup,UI Framework,Switch Tab,Click,Tab,Runs,UIInteraction,
43194.165783125,Setup,Run Manager (Internal),Associate toolstring to run,Update,GridCell,ZAITE,UIInteraction,RunGuid=AD7FC1B8-9DD9-4BC6-A7FB-E916B71E6BBC;ToolstringGuid=56394203-CD3E-46D1-B1B0-EA62CA668300;DownholeEquipments=ZAIT-EEDTC-BLEH-QTStandOffMolded_9inStandOff_7Fin;TSLevelActiveSurfaceEquips=DEPTH_DEVICETENSION_DEVICELOGGING_CABLEWAFEWITM
43194.1659177894,Setup,Equipment,Close Toolstring Validation UI,Click,Button,Close,UIInteraction,ToolstringGuid=56394203-CD3E-46D1-B1B0-EA62CA668300
43194.165964919,DeliverablesSetup,Deliverables - Graphical,Add Catalog Format to Component,Click,ToolbarButton,Add to Component,UIInteraction,ComponentName=AIT Basic Log Two;ComponentCode=Component_Log
43194.166111169,DeliverablesSetup,Deliverables - Graphical,Add Catalog Format to Component,Click,ToolbarButton,Add to Component,UIInteraction,ComponentName=DLIS Standard;ComponentCode=Component_StandardDlis_Format
43194.1662563889,DeliverablesSetup,Deliverables - Graphical,Add Catalog Format to Component,Click,ToolbarButton,Add to Component,UIInteraction,ComponentName=LAS Standard;ComponentCode=Component_StandardLas_Format
43194.1664072917,DeliverablesSetup,Deliverables - Graphical,Add Catalog Format to Component,Click,ToolbarButton,Add to Component,UIInteraction,ComponentName=ZAIT 1D Inversion Log;ComponentCode=Component_Log
43194.1665566319,DeliverablesSetup,Deliverables - Digital,Create New Template,Click,ContextMenu,New Template,UIInteraction,
43194.1666633796,DeliverablesSetup,Deliverables - Digital,Rename Component,Click,ContextMenu,Rename,UIInteraction,ComponentName=New Template;DelivTemplateGuid=4739726C-D119-4615-ADC9-FE73662169C9
43194.1666691204,DeliverablesSetup,Deliverables - Graphical,Rename Component,Input,TextBox,ZAITE,UIInteraction,OldComponentName=New Template
43194.1667447106,DeliverablesSetup,Deliverables - Digital,Add Component to Template,Click,ContextMenu,ZAITE,UIInteraction,ComponentCode=Component_Log
43194.1669536921,DeliverablesSetup,Deliverables - Digital,Add Component to Template,Click,ContextMenu,ZAITE,UIInteraction,ComponentCode=Component_Log
43194.167156713,DeliverablesSetup,Deliverables - Graphical,Add Catalog Format to Template,Click,ToolbarButton,Add to Template,UIInteraction,ComponentName=AIT LQC;ComponentCode=Component_Log
43194.1671637269,DeliverablesSetup,Deliverables - Graphical,Add Catalog Format to Template,Click,ContextMenu,ZAITE,UIInteraction,ComponentName=AIT LQC;ComponentCode=Component_Log
43194.1672036921,DeliverablesSetup,Deliverables - Digital,Add Digital Template,Click,ContextMenu,DLIS,UIInteraction,
43194.1673337616,DeliverablesSetup,Deliverables - Digital,Rename Component,Click,ContextMenu,Rename,UIInteraction,ComponentName=New Template;DelivTemplateGuid=3983B2B7-2AD6-4F6F-88A8-AF08EE45B6CD
43194.1673394907,DeliverablesSetup,Deliverables - Graphical,Rename Component,Input,TextBox,ZAITE,UIInteraction,OldComponentName=New Template
43194.1673725694,DeliverablesSetup,Deliverables - Digital,Add to Template,Click,ContextMenu,ZAITE,UIInteraction,ComponentName=DLIS Standard;ComponentCode=Component_StandardDlis_Format
43194.1675859375,DeliverablesSetup,Deliverables - Digital,Add Digital Template,Click,ContextMenu,LAS,UIInteraction,
43194.1677211343,DeliverablesSetup,Deliverables - Digital,Rename Component,Click,ContextMenu,Rename,UIInteraction,ComponentName=New Template;DelivTemplateGuid=58E62118-8D77-49CC-A10E-A506C86C657E
43194.1677268519,DeliverablesSetup,Deliverables - Graphical,Rename Component,Input,TextBox,ZAITE,UIInteraction,OldComponentName=New Template
43194.1677617593,DeliverablesSetup,Deliverables - Digital,Add to Template,Click,ContextMenu,ZAITE,UIInteraction,ComponentName=LAS Standard;ComponentCode=Component_StandardLas_Format
43194.1679426389,DeliverablesSetup,UI Framework,Switch View,Click,ToolbarButton,Deliverables Display View,UIInteraction,
43194.168018044,DeliverablesSetup,Deliverables - Digital,Create Job Archive,Click,ContextMenu,Create,UIInteraction,ArchiveGuid=79BD1B25-89D1-4CEF-B857-949AD0A503A4;JobArchiveType=3.0
43194.1683251389,DeliverablesSetup,UI Framework,Close Console,Click,Button,,UIInteraction,JobGuid=79BD1B25-89D1-4CEF-B857-949AD0A503A4
43194.1683672338,DeliverablesSetup,UI Framework,OK to Close Deliverables - Display Console,Click,Button,OK,UIInteraction,
43194.1684480903,,Console/Job Manager,Stop Setup Console,Click,Button,Stop,UIInteraction,JobGuid=79BD1B25-89D1-4CEF-B857-949AD0A503A4
43194.1685316204,,Console/Job Manager,Stop Job,Click,Button,Stop,UIInteraction,JobGuid=79BD1B25-89D1-4CEF-B857-949AD0A503A4
