Time,Process,Component,Operation,Action,Control,ControlText,Category,Context
43194.212254537,,Console/Job Manager,Start Job,Click,Button,Start,UIInteraction,JobName=MAST-RAD;WellName=BGC;ClientName=BGC;StartDate=4/4/2018 5:05 AM;Workflow=Wireline;Simulator=False;UnitSystem=English;JobSize=0;State=Available;SideTrackId=0;SessionID=31C522C9-24DA-480A-8C35-71149FAA39B6;SortOrder=1;JobGUID=BC5EC388-126B-4C4E-B1E4-E8C6B2DF53C0;WellGUID=B4B6DBE7-EE84-4AA5-AD68-B7F78BF152AD;BoreholeGUID=62462A46-F264-401F-95A4-1A3CE65AAC35;MachineName=HPV11-001;UserName=Engineer;UserDomainName=HPV11-001;OS=Microsoft Windows NT 6.1.7601 Service Pack 1;StartedJobCount=0;TimeZone=00:00:00;IPAddress_1=192.168.78.244;IPAddress_2=::1;MWVersion=9.0.100745.3100
43194.2140531597,,Console/Job Manager,Stop Job,Click,Button,Stop,UIInteraction,JobGuid=BC5EC388-126B-4C4E-B1E4-E8C6B2DF53C0
43194.2142284954,,Console/Job Manager,Start Job,Click,Button,Start,UIInteraction,JobName=MAST-RAD;WellName=BGC;ClientName=BGC;StartDate=4/4/2018 5:05 AM;Workflow=Wireline;Simulator=False;UnitSystem=English;RTBackupDir=C:\Autobackup;JobSize=867.7;State=Available;SideTrackId=0;SessionID=31C522C9-24DA-480A-8C35-71149FAA39B6;SortOrder=1;JobGUID=BC5EC388-126B-4C4E-B1E4-E8C6B2DF53C0;WellGUID=B4B6DBE7-EE84-4AA5-AD68-B7F78BF152AD;BoreholeGUID=62462A46-F264-401F-95A4-1A3CE65AAC35;MachineName=HPV11-001;UserName=Engineer;UserDomainName=HPV11-001;OS=Microsoft Windows NT 6.1.7601 Service Pack 1;StartedJobCount=0;TimeZone=00:00:00;IPAddress_1=192.168.78.244;IPAddress_2=::1;MWVersion=9.0.100745.3100
43194.2143988194,,Console/Job Manager,Start Deliverables Console,Click,Button,Start...,UIInteraction,JobGuid=BC5EC388-126B-4C4E-B1E4-E8C6B2DF53C0
43194.2145443287,DeliverablesSetup,Tier Manager,Tier Template Created for Tools in My Equipment,,,GPIT-F Tier Created,Deliverables Console,
43194.214545463,DeliverablesSetup,Tier Manager,Tier Template Created for Tools in My Equipment,,,PPC-B Tier Created,Deliverables Console,
43194.2145455903,DeliverablesSetup,Tier Manager,Tier Template Created for Tools in My Equipment,,,MAST-B Tier Created,Deliverables Console,
43194.2145461343,DeliverablesSetup,Tier Manager,Tier Template Created for Tools in My Equipment,,,QCNT Tier Created,Deliverables Console,
43194.2145462384,DeliverablesSetup,Tier Manager,Tier Template Created for Tools in My Equipment,,,QAIT-A Tier Created,Deliverables Console,
43194.214548206,DeliverablesSetup,Tier Manager,Tier Template Created for Tools in My Equipment,,,CNT-S Tier Created,Deliverables Console,
43194.2145484144,DeliverablesSetup,Tier Manager,Tier Template Created for Tools in My Equipment,,,EDTC-B Tier Created,Deliverables Console,
43194.2145487153,DeliverablesSetup,Tier Manager,Tier Template Created for Tools in My Equipment,,,SLDT-A Tier Created,Deliverables Console,
43194.2145488889,DeliverablesSetup,Tier Manager,Tier Template Created for Tools in My Equipment,,,LDSC-B Tier Created,Deliverables Console,
43194.2145490278,DeliverablesSetup,Tier Manager,Tier Template Created for Tools in My Equipment,,,SAIT-A Tier Created,Deliverables Console,
43194.2145491319,DeliverablesSetup,Tier Manager,Tier Template Created for Tools in My Equipment,,,QLDT-B Tier Created,Deliverables Console,
43194.2145492361,DeliverablesSetup,Tier Manager,Tier Template Created for Tools in My Equipment,,,QTGC-B Tier Created,Deliverables Console,
43194.2145493982,DeliverablesSetup,Tier Manager,Tier Template Created for Tools in My Equipment,,,LEH-QT Tier Created,Deliverables Console,
43194.2145495602,DeliverablesSetup,Tier Manager,Tier Template Created for Tools in My Equipment,,,HLDS-D Tier Created,Deliverables Console,
43194.2145913194,DeliverablesSetup,Computation / Recomputation,ProcessRecomputeState,,,,UIAutomatic,JobGuid=BC5EC388-126B-4C4E-B1E4-E8C6B2DF53C0;State=UIS_RECOMPUTATION_STATE_IN_PROGRESS;Scope=JobScope;RecompPercentageComplete=9.5490046316731;MultipleRunsAffected=False;ActiveRunAffected=False;ActiveRunInProgress=False;RunCount=1;Run0Change0=DataImport;Run0Guid=BFDA5C50-A103-4211-98AD-B50D32B30266
43194.2145962037,DeliverablesSetup,UI Framework,Start Console,,,Deliverables Console Setup - Job MAST-RAD,UIAutomatic,
43194.2158069676,DeliverablesSetup,Computation / Recomputation,ProcessRecomputeState,,,,UIAutomatic,JobGuid=BC5EC388-126B-4C4E-B1E4-E8C6B2DF53C0;State=UIS_RECOMPUTATION_STATE_SUCCEEDED;Scope=JobScope;RecompPercentageComplete=;MultipleRunsAffected=False;ActiveRunAffected=False;ActiveRunInProgress=False;RunCount=1;Run0Change0=DataImport;Run0Guid=BFDA5C50-A103-4211-98AD-B50D32B30266
43194.216026875,DeliverablesSetup,Deliverables - Digital,Delete Template,Click,ContextMenu,Delete,UIInteraction,ComponentName=DLIS Standard;ComponentCode=Component_Template_Dlis;DelivTemplateGuid=97391FF4-3E7A-4C69-A803-93C7441F6762
43194.2160776389,DeliverablesSetup,Deliverables - Digital,Add Digital Template,Click,ContextMenu,DLIS,UIInteraction,
43194.2161008218,DeliverablesSetup,Deliverables - Graphical,Add Catalog Format to Template,Click,ToolbarButton,Add to Template,UIInteraction,ComponentName=DLIS Standard;ComponentCode=Component_StandardDlis_Format
43194.2161078588,DeliverablesSetup,Deliverables - Graphical,Add Catalog Format to Template,Click,ContextMenu,New Template,UIInteraction,ComponentName=DLIS Standard;ComponentCode=Component_StandardDlis_Format
43194.216186331,DeliverablesSetup,Deliverables - Digital,Add Template to Deliverable,Click,ContextMenu,Job,UIInteraction,ComponentName=DLIS Standard;ComponentCode=Component_Template_Dlis
43194.2164755093,DeliverablesSetup,Deliverables - Digital,Change Digital Properties,Click,ComboBox,CDDI_Availability,UIInteraction,DeliverableType=DLIS;ChangedProperty=CDDI_Availability;OldValue=Customer;NewValue=Producer
43194.2164755324,DeliverablesSetup,Deliverables - Digital,Change Property,Click,CDDIAvailabilityConverter,CDDI_Availability,UIInteraction,NewValue=Producer;OldValue=Customer
43194.2167541551,DeliverablesSetup,Data Explorer,Change Current Focused Item,,,,UIAutomatic,EntityName=Run 1;EntityType=16;EntityGuid=BFDA5C50-A103-4211-98AD-B50D32B30266
43194.2167673495,DeliverablesSetup,Data Explorer,Click OK Button,Click,Button,OK,UIInteraction,Selection=Log[1]:Up____3018.58 (ft)_2542.98 (ft)_
43194.2167687616,DeliverablesSetup,Deliverables - Digital,Change Property,Click,TypeConverter,Data_Assignment,UIInteraction,NewValue=Run 1: Log[1]:Up;OldValue={ Not Set }
43194.2167686458,DeliverablesSetup,Deliverables - Digital,Change Digital Properties,Click,ComboBox,Data_Assignment,UIInteraction,DeliverableType=DLIS;ChangedProperty=Data_Assignment;OldValue={ Not Set };NewValue=Run 1: Log[1]:Up
43194.2168957755,DeliverablesSetup,UI Framework,Switch View,Click,ToolbarButton,Deliverables Display View,UIInteraction,
43194.2170147454,DeliverablesSetup,Deliverables - Digital,Create Publish Digital Deliverable,Click,ContextMenu,Create/Publish...,UIInteraction,ComponentName=Run 1  Log[1] Up;ComponentCode=Component_Template_Dlis;DelivTemplateGuid=AABCC648-04E9-40D6-8B77-5CD03F8DE624;DelivTemplatePropertyData=<gp:GraphicalFormat xmlns:gp="urn:horizon:GraphicalProductCatalogSchema"><gp:Name>Template</gp:Name><gp:Component_Code>Component_Template_Dlis</gp:Component_Code><gp:Component_Format_Ref></gp:Component_Format_Ref><gp:Properties><gp:Property><gp:Key>Type</gp:Key><gp:Value>Dlis</gp:Value></gp:Property><gp:Property><gp:Key>DataAssignment_Type</gp:Key><gp:Value>Single Pass</gp:Value></gp:Property><gp:Property><gp:Key>CDDI_Availability</gp:Key><gp:Value>Producer</gp:Value></gp:Property><gp:Property><gp:Key>Data_Assignment</gp:Key><gp:Value>65FDEB0A-9CC1-4809-B9A5-9CFE2395F3FC</gp:Value></gp:Property><gp:Property><gp:Key>Proxy_Data_Assignment</gp:Key><gp:Value /></gp:Property><gp:Property><gp:Key>File_Destination</gp:Key><gp:Value>C:\Schlumberger Horizon Data\MAST-RAD\Deliverable\Digital\DLIS\</gp:Value></gp:Property><gp:Property><gp:Key>File_Name</gp:Key><gp:Value>ConPr_R01_L001Up_PPC_MAST_GPIT.dlis</gp:Value></gp:Property><gp:Property><gp:Key>Index</gp:Key><gp:Value>Depth</gp:Value></gp:Property><gp:Property><gp:Key>Publish</gp:Key><gp:Value>No</gp:Value></gp:Property><gp:Property><gp:Key>Publisher</gp:Key><gp:Value /></gp:Property><gp:Property><gp:Key>LoadToRTDB</gp:Key><gp:Value>No</gp:Value></gp:Property><gp:Property><gp:Key>Update_In_Real_Time</gp:Key><gp:Value>No</gp:Value></gp:Property><gp:Property><gp:Key>_Top</gp:Key><gp:Value></gp:Value></gp:Property><gp:Property><gp:Key>Bottom</gp:Key><gp:Value></gp:Value></gp:Property><gp:Property><gp:Key>Start</gp:Key><gp:Value></gp:Value></gp:Property><gp:Property><gp:Key>Stop</gp:Key><gp:Value></gp:Value></gp:Property><gp:Property><gp:Key>Unit_System</gp:Key><gp:Value>English</gp:Value></gp:Property><gp:Property><gp:Key>DLIS_Compatibility</gp:Key><gp:Value>Hz Converted</gp:Value></gp:Property><gp:Property><gp:Key>Preferred_Source_Pass</gp:Key><gp:Value></gp:Value></gp:Property><gp:Property><gp:Key>Reduced_DLIS</gp:Key><gp:Value>No</gp:Value></gp:Property><gp:Property><gp:Key>Channel_Property</gp:Key><gp:Value /></gp:Property><gp:Property><gp:Key>Channel_Confliction</gp:Key><gp:Value>Include Duplicate Channel Names</gp:Value></gp:Property><gp:Property><gp:Key>HIDE</gp:Key><gp:Value /></gp:Property><gp:Property><gp:Key>HID1</gp:Key><gp:Value></gp:Value></gp:Property><gp:Property><gp:Key>HID2</gp:Key><gp:Value></gp:Value></gp:Property><gp:Property><gp:Key>OS1</gp:Key><gp:Value /></gp:Property><gp:Property><gp:Key>OS2</gp:Key><gp:Value /></gp:Property><gp:Property><gp:Key>OS3</gp:Key><gp:Value /></gp:Property><gp:Property><gp:Key>OS4</gp:Key><gp:Value /></gp:Property><gp:Property><gp:Key>OS5</gp:Key><gp:Value /></gp:Property><gp:PropertiesSnippetVersion>1.5</gp:PropertiesSnippetVersion></gp:Properties></gp:GraphicalFormat>
43194.2170493981,DeliverablesSetup,Deliverables - Digital,Create Publish Digital Deliverable,Click,ContextMenu,Create/Publish...,UIInteraction,ComponentName=Run 1  Log[1] Up;ComponentCode=Component_Template_Dlis;DelivTemplateGuid=AABCC648-04E9-40D6-8B77-5CD03F8DE624;DelivTemplatePropertyData=<gp:GraphicalFormat xmlns:gp="urn:horizon:GraphicalProductCatalogSchema"><gp:Name>Template</gp:Name><gp:Component_Code>Component_Template_Dlis</gp:Component_Code><gp:Component_Format_Ref></gp:Component_Format_Ref><gp:Properties><gp:Property><gp:Key>Type</gp:Key><gp:Value>Dlis</gp:Value></gp:Property><gp:Property><gp:Key>DataAssignment_Type</gp:Key><gp:Value>Single Pass</gp:Value></gp:Property><gp:Property><gp:Key>CDDI_Availability</gp:Key><gp:Value>Producer</gp:Value></gp:Property><gp:Property><gp:Key>Data_Assignment</gp:Key><gp:Value>65FDEB0A-9CC1-4809-B9A5-9CFE2395F3FC</gp:Value></gp:Property><gp:Property><gp:Key>Proxy_Data_Assignment</gp:Key><gp:Value /></gp:Property><gp:Property><gp:Key>File_Destination</gp:Key><gp:Value>C:\DataValidation\MAST-RAD\History_Data\Dlis_MAST-RAD_9.0.100745.3100\</gp:Value></gp:Property><gp:Property><gp:Key>File_Name</gp:Key><gp:Value>ConPr_R01_L001Up_PPC_MAST_GPIT.dlis</gp:Value></gp:Property><gp:Property><gp:Key>Index</gp:Key><gp:Value>Depth</gp:Value></gp:Property><gp:Property><gp:Key>Publish</gp:Key><gp:Value>No</gp:Value></gp:Property><gp:Property><gp:Key>Publisher</gp:Key><gp:Value></gp:Value></gp:Property><gp:Property><gp:Key>LoadToRTDB</gp:Key><gp:Value>No</gp:Value></gp:Property><gp:Property><gp:Key>Update_In_Real_Time</gp:Key><gp:Value>No</gp:Value></gp:Property><gp:Property><gp:Key>_Top</gp:Key><gp:Value></gp:Value></gp:Property><gp:Property><gp:Key>Bottom</gp:Key><gp:Value></gp:Value></gp:Property><gp:Property><gp:Key>Start</gp:Key><gp:Value></gp:Value></gp:Property><gp:Property><gp:Key>Stop</gp:Key><gp:Value></gp:Value></gp:Property><gp:Property><gp:Key>Unit_System</gp:Key><gp:Value>English</gp:Value></gp:Property><gp:Property><gp:Key>DLIS_Compatibility</gp:Key><gp:Value>Hz Converted</gp:Value></gp:Property><gp:Property><gp:Key>Preferred_Source_Pass</gp:Key><gp:Value></gp:Value></gp:Property><gp:Property><gp:Key>Reduced_DLIS</gp:Key><gp:Value>No</gp:Value></gp:Property><gp:Property><gp:Key>Channel_Property</gp:Key><gp:Value /></gp:Property><gp:Property><gp:Key>Channel_Confliction</gp:Key><gp:Value>Include Duplicate Channel Names</gp:Value></gp:Property><gp:Property><gp:Key>HIDE</gp:Key><gp:Value /></gp:Property><gp:Property><gp:Key>HID1</gp:Key><gp:Value></gp:Value></gp:Property><gp:Property><gp:Key>HID2</gp:Key><gp:Value></gp:Value></gp:Property><gp:Property><gp:Key>OS1</gp:Key><gp:Value /></gp:Property><gp:Property><gp:Key>OS2</gp:Key><gp:Value /></gp:Property><gp:Property><gp:Key>OS3</gp:Key><gp:Value /></gp:Property><gp:Property><gp:Key>OS4</gp:Key><gp:Value /></gp:Property><gp:Property><gp:Key>OS5</gp:Key><gp:Value /></gp:Property><gp:PropertiesSnippetVersion>1.5</gp:PropertiesSnippetVersion></gp:Properties></gp:GraphicalFormat>
43194.2180969792,DeliverablesSetup,UI Framework,Switch View,Click,ToolbarButton,Deliverables Setup View,UIInteraction,
43194.2182901736,DeliverablesSetup,UI Framework,Close Console,Click,Button,,UIInteraction,JobGuid=BC5EC388-126B-4C4E-B1E4-E8C6B2DF53C0
43194.2183264931,DeliverablesSetup,UI Framework,OK to Close Deliverables Console Setup Console,Click,Button,OK,UIInteraction,
43194.2183821181,,Console/Job Manager,Stop Job,Click,Button,Stop,UIInteraction,JobGuid=BC5EC388-126B-4C4E-B1E4-E8C6B2DF53C0
