43194.1249315046,,UI Framework,Start Console,,,Maxwell Manager,UIAutomatic,MachineName=HPV26-010;UserName=Engineer;UserDomainName=HPV26-010;OS=Microsoft Windows NT 6.1.7601 Service Pack 1;TimeZone=00:00:00;IPAddress_1=192.168.78.60;IPAddress_2=::1;MWVersion=9.0.100745.3100
43194.1250624537,,Console/Job Manager,Import Job Archive,Click,ContextMenu,Create Import,UIInteraction,
43194.1250701273,,Import/Export & Backup/Restore,Select file to import,Click,Button,...,UIInteraction,
43194.1250891551,,Import/Export & Backup/Restore,OK to select file,,,,UIAutomatic,FilePath=\\srv004bgc.dir.slb.com\MaxwellAT\TestData\TestData\Phase3\Display\Archive\5. JA_AutoDeliverable_Workflow_AITC_Setup.Dlis
43194.1251588773,,Import/Export & Backup/Restore,Start Import,Click,Button,Import,UIInteraction,FilePath=\\srv004bgc.dir.slb.com\MaxwellAT\TestData\TestData\Phase3\Display\Archive\5. JA_AutoDeliverable_Workflow_AITC_Setup.Dlis
43194.1257958565,,Import/Export & Backup/Restore,Close Import UI,Click,Button,Close,UIInteraction,
43194.125935706,,Console/Job Manager,Select Auto Backup Folder,Click,ComboBox,C:\Autobackup,UIInteraction,
43194.126853206,,UI Framework,Switch Tab,Click,Tab,Job: StreamPDS,UIInteraction,
43194.1669883449,,UI Framework,Switch Tab,Click,Tab,Messages: Job Independent,UIInteraction,
43194.1669934491,,UI Framework,Close Console,Click,Button,,UIInteraction,
