Time,Process,Component,Operation,Action,Control,ControlText,Category,Context
43194.1834233333,,Console/Job Manager,Start Job,Click,Button,Start,UIInteraction,JobName=MAST_EDTC;WellName=BGC;ClientName=BGCAT;StartDate=4/4/2018 4:23 AM;Workflow=Wireline;Simulator=True;UnitSystem=English;RTBackupDir=C:\Autobackup;JobSize=0;State=Available;SideTrackId=0;SessionID=D971A397-237D-4D82-A9CF-841298553DB7;SortOrder=1;JobGUID=C80198E0-3E46-43CC-B8C0-AE15D9AE6B21;WellGUID=7EE354B6-C42D-447A-9D1F-6A512C87C6B5;BoreholeGUID=638C2D24-8F08-42BC-8D87-3C3932CE8EE8;MachineName=HPV11-012;UserName=Engineer;UserDomainName=HPV11-012;OS=Microsoft Windows NT 6.1.7601 Service Pack 1;StartedJobCount=0;TimeZone=00:00:00;IPAddress_1=192.168.78.245;IPAddress_2=::1;MWVersion=9.0.100745.3100
43194.1835136227,,Console/Job Manager,Start Deliverables Console,Click,Button,Start...,UIInteraction,JobGuid=C80198E0-3E46-43CC-B8C0-AE15D9AE6B21
43194.1836137963,DeliverablesSetup,UI Framework,Start Console,,,Deliverables Console Setup - Job MAST_EDTC,UIAutomatic,
43194.1836348843,,Console/Job Manager,Start Setup Console,Click,Button,Start...,UIInteraction,JobGuid=C80198E0-3E46-43CC-B8C0-AE15D9AE6B21
43194.1838196991,Setup,Calibration,Select Calibration Report Type,Click,ComboBox,Technical Concise,UIInteraction,
43194.1838257292,Setup,UI Framework,Start Console,,,Setup - Job MAST_EDTC,UIAutomatic,
43194.183870706,Setup,UI Framework,Switch Tab,Click,Tab,DnI Initializations,UIInteraction,
43194.1838852315,Setup,DnI/Survey,Select Decimal,Click,RadioButton,Decimal,UIInteraction,
43194.1839054282,Setup,DnI/Survey,Enter Latitude,Input,TextBox,39,UIInteraction,
43194.1839179167,Setup,DnI/Survey,Enter Longitude,Input,TextBox,116,UIInteraction,
43194.1839285301,Setup,UI Framework,Switch Tab,Click,Tab,Equipment,UIInteraction,
43194.1839781019,Setup,DnI/Survey,Select Permanent Datum,Click,ComboBox,Mean Sea Level,UIInteraction,
43194.1839837037,Setup,DnI/Survey,Select Log Measured From,Click,ComboBox,Drill Floor,UIInteraction,
43194.1839908796,Setup,DnI/Survey,Enter Elevation of 'Log Measured From',Input,TextBox,1000,UIInteraction,LogMeasuredFrom=Drill Floor
43194.1840024537,Setup,UI Framework,Switch Tab,Click,Tab,DnI Initializations,UIInteraction,
43194.1840319907,Setup,DnI/Survey,Compute DnI/Elevation,Click,Button,Compute,UIInteraction,
43194.184165162,Setup,UI Framework,Switch Tab,Click,Tab,Wellbore,UIInteraction,
43194.1841699884,Setup,Well Setup (Internal),Select Run Number,Click,ComboBox,1,UIInteraction,RunGuid=5E479737-7B7A-4F29-86D5-3E5191137C60
43194.184184456,Setup,Well Setup (Internal),Enter Size for Bit Size,Update,GridCell,12.25,UIInteraction,Row=1;Column=Size (in);RunGuid=5E479737-7B7A-4F29-86D5-3E5191137C60
43194.1842258796,Setup,Well Setup (Internal),Enter Driller Top for Bit Size,Update,GridCell,0,UIInteraction,Row=1;Column=Driller Top (ft);RunGuid=5E479737-7B7A-4F29-86D5-3E5191137C60
43194.1842684028,Setup,Well Setup (Internal),Enter Driller Bottom for Bit Size,Update,GridCell,10000,UIInteraction,Row=1;Column=Driller Bottom (ft);RunGuid=5E479737-7B7A-4F29-86D5-3E5191137C60
43194.1843115625,Setup,Well Setup (Internal),Enter Logger Top for Bit Size,Update,GridCell,0,UIInteraction,Row=1;Column=Logger Top (ft);RunGuid=5E479737-7B7A-4F29-86D5-3E5191137C60
43194.1843492245,Setup,UI Framework,Switch Tab,Click,Tab,Equipment,UIInteraction,
43194.1843549653,Setup,Equipment,New ToolString,Click,ToolbarButton,New ToolString,UIInteraction,ToolstringName=New ToolString;ToolstringGuid=0D6BF49F-ECB8-4023-B1A7-C98057473F43
43194.1844018287,Setup,Equipment,Filter Equipment in Catalog,Input,TextBox,,UIInteraction,Text=MAST-B
43194.1843951505,Setup,Equipment,Rename ToolString,Input,TextBox,MAST_EDTC,UIInteraction,ToolstringGuid=0D6BF49F-ECB8-4023-B1A7-C98057473F43
43194.1844021181,Setup,Equipment,Filter Equipment in Catalog,Input,TextBox,,UIInteraction,Text=MAST-B
43194.1844067361,Setup,Equipment,Add Equipment from Catalog to ToolString,Click,ToolbarButton,Add to ToolString,UIInteraction,EquipmentName=MAST-B
43194.1844306597,Setup,Equipment,Filter Equipment in Catalog,Input,TextBox,,UIInteraction,Text=EDTC-H
43194.1844307639,Setup,Equipment,Filter Equipment in Catalog,Input,TextBox,,UIInteraction,Text=EDTC-H
43194.1844356481,Setup,Equipment,Add Equipment from Catalog to ToolString,Click,ToolbarButton,Add to ToolString,UIInteraction,EquipmentName=EDTC-H
43194.1844313657,DeliverablesSetup,Tier Manager,Tier Template Created for Tools in My Equipment,,,MAST-B Tier Created,Deliverables Console,
43194.1844424074,Setup,Equipment,Filter Equipment in Catalog,Input,TextBox,,UIInteraction,Text=LEH-QT
43194.1844426273,Setup,Equipment,Filter Equipment in Catalog,Input,TextBox,,UIInteraction,Text=LEH-QT
43194.1844475694,Setup,Equipment,Add Equipment from Catalog to ToolString,Click,ToolbarButton,Add to ToolString,UIInteraction,EquipmentName=LEH-QT
43194.1846201157,Setup,Properties & Parameters,Show Infrequent Properties/Parameters,Click,ToolbarButton,Show Infrequent Properties,UIInteraction,
43194.1846908218,Setup,Properties & Parameters,Change Property Value,Update,GridCell,MALS,UIInteraction,OSDD=SPACER_TYPE;EnsemblePath=MAST-B
43194.1851001157,Setup,Well Setup (Internal),Select Run Number,Click,ComboBox,1,UIInteraction,RunGuid=5E479737-7B7A-4F29-86D5-3E5191137C60
43194.1851122106,Setup,Well Setup (Internal),Enter Size for Casings,Update,GridCell,8.625,UIInteraction,Row=1;Column=Size (in);RunGuid=5E479737-7B7A-4F29-86D5-3E5191137C60
43194.1851299074,Setup,Well Setup (Internal),Enter Driller Top for Casings,Update,GridCell,0,UIInteraction,Row=1;Column=Driller Top (ft);RunGuid=5E479737-7B7A-4F29-86D5-3E5191137C60
43194.1851487384,Setup,Well Setup (Internal),Enter Driller Bottom for Casings,Update,GridCell,5000,UIInteraction,Row=1;Column=Driller Bottom (ft);RunGuid=5E479737-7B7A-4F29-86D5-3E5191137C60
43194.185167581,Setup,Well Setup (Internal),Enter Logger Bottom for Casings,Update,GridCell,5000,UIInteraction,Row=1;Column=Logger Bottom (ft);RunGuid=5E479737-7B7A-4F29-86D5-3E5191137C60
43194.1851855903,Setup,Well Setup (Internal),Enter Weight for Casings,Update,GridCell,83,UIInteraction,Row=1;Column=Weight (lbm/ft);RunGuid=5E479737-7B7A-4F29-86D5-3E5191137C60
43194.1852784028,Setup,Well Setup (Internal),Enter Grade for Casings,Update,GridCell,K55,UIInteraction,Row=1;Column=Grade;RunGuid=5E479737-7B7A-4F29-86D5-3E5191137C60
43194.1852977199,Setup,Well Setup (Internal),Enter Inner Diameter for Casings,Update,GridCell,6.633,UIInteraction,Row=1;Column=Inner Diameter (in);RunGuid=5E479737-7B7A-4F29-86D5-3E5191137C60
43194.185316412,Setup,UI Framework,Switch Tab,Click,Tab,Runs,UIInteraction,
43194.1853527431,Setup,Run Manager (Internal),Associate toolstring to run,Update,GridCell,MAST_EDTC,UIInteraction,RunGuid=5E479737-7B7A-4F29-86D5-3E5191137C60;ToolstringGuid=0D6BF49F-ECB8-4023-B1A7-C98057473F43;DownholeEquipments=MAST-BEDTC-HLEH-QT;TSLevelActiveSurfaceEquips=DEPTH_DEVICETENSION_DEVICELOGGING_CABLEWAFE
43194.1854892014,Setup,Equipment,Close Toolstring Validation UI,Click,Button,Close,UIInteraction,ToolstringGuid=0D6BF49F-ECB8-4023-B1A7-C98057473F43
43194.1855067593,DeliverablesSetup,UI Framework,Switch View,Click,ToolbarButton,Deliverables Display View,UIInteraction,
43194.1855820949,DeliverablesSetup,Deliverables - Digital,Create Job Archive,Click,ContextMenu,Create,UIInteraction,ArchiveGuid=C80198E0-3E46-43CC-B8C0-AE15D9AE6B21;JobArchiveType=3.0
43194.1859803588,DeliverablesSetup,UI Framework,Close Console,Click,Button,,UIInteraction,JobGuid=C80198E0-3E46-43CC-B8C0-AE15D9AE6B21
43194.1860193287,DeliverablesSetup,UI Framework,OK to Close Deliverables - Display Console,Click,Button,OK,UIInteraction,
43194.1861008796,,Console/Job Manager,Stop Setup Console,Click,Button,Stop,UIInteraction,JobGuid=C80198E0-3E46-43CC-B8C0-AE15D9AE6B21
43194.1861857292,,Console/Job Manager,Stop Job,Click,Button,Stop,UIInteraction,JobGuid=C80198E0-3E46-43CC-B8C0-AE15D9AE6B21
