Time,Process,Component,Operation,Action,Control,ControlText,Category,Context
43194.1503820486,,Console/Job Manager,Start Job,Click,Button,Start,UIInteraction,JobName=IFA-MasterCal;WellName=Automation;ClientName=BGCAT;StartDate=4/4/2018 3:35 AM;Workflow=Wireline;Simulator=True;UnitSystem=English;RTBackupDir=C:\RealTimeBU;JobSize=0;State=Available;SideTrackId=0;SessionID=1BF8D92B-6DD5-4D1A-8A51-2F4F8E08F8D1;SortOrder=1;JobGUID=E014CFF5-841C-4D79-A185-A99660A86382;WellGUID=F96F69EC-3B39-49AF-9EE1-7A9D2432EEE1;BoreholeGUID=6AE4CF30-8B45-4CD0-99FD-C76BF6D3D7BD;MachineName=HPV02-007;UserName=Engineer;UserDomainName=HPV02-007;OS=Microsoft Windows NT 6.1.7601 Service Pack 1;StartedJobCount=0;TimeZone=00:00:00;IPAddress_1=192.168.78.95;IPAddress_2=::1;MWVersion=9.0.100745.3100
43194.1507227546,,Console/Job Manager,Start Deliverables Console,Click,Button,Start...,UIInteraction,JobGuid=E014CFF5-841C-4D79-A185-A99660A86382
43194.1509124768,DeliverablesSetup,UI Framework,Start Console,,,Deliverables Console Setup - Job IFA-MasterCal,UIAutomatic,
43194.1509289352,,Console/Job Manager,Start Setup Console,Click,Button,Start...,UIInteraction,JobGuid=E014CFF5-841C-4D79-A185-A99660A86382
43194.151004456,Setup,Calibration,Select Calibration Report Type,Click,ComboBox,Technical Concise,UIInteraction,
43194.1511082407,Setup,UI Framework,Start Console,,,Setup - Job IFA-MasterCal,UIAutomatic,
43194.1511587269,Setup,Equipment,New ToolString,Click,ToolbarButton,New ToolString,UIInteraction,ToolstringName=New ToolString;ToolstringGuid=7A79B3DE-4842-4CB9-877E-EBB2F07093BE
43194.1511971181,Setup,Equipment,Rename ToolString,Input,TextBox,New ToolString,UIInteraction,ToolstringGuid=7A79B3DE-4842-4CB9-877E-EBB2F07093BE
43194.1511971296,Setup,Equipment,Rename ToolString,,,,UIAutomatic,State=Cancel
43194.1512069213,Setup,Equipment,Filter Equipment in Catalog,Input,TextBox,,UIInteraction,Text=MIFA-ND
43194.151207338,Setup,Equipment,Filter Equipment in Catalog,Input,TextBox,,UIInteraction,Text=MIFA-ND
43194.151211956,Setup,Equipment,Add Equipment from Catalog to ToolString,Click,ToolbarButton,Add to ToolString,UIInteraction,EquipmentName=MIFA-ND
43194.1512101505,Setup,Equipment,Rename ToolString,Input,TextBox,New ToolString,UIInteraction,ToolstringGuid=7A79B3DE-4842-4CB9-877E-EBB2F07093BE
43194.1512440046,Setup,Equipment,Filter Equipment in Catalog,Input,TextBox,,UIInteraction,Text=MRPC-NC
43194.1512444792,DeliverablesSetup,Tier Manager,Tier Template Created for Tools in My Equipment,,,MIFA-ND Tier Created,Deliverables Console,
43194.151243912,Setup,Equipment,Filter Equipment in Catalog,Input,TextBox,,UIInteraction,Text=MRPC-NC
43194.151248287,Setup,Equipment,Add Equipment from Catalog to ToolString,Click,ToolbarButton,Add to ToolString,UIInteraction,EquipmentName=MRPC-NC
43194.151255787,Setup,Equipment,Filter Equipment in Catalog,Input,TextBox,,UIInteraction,Text=EDTA-A
43194.1512602083,Setup,Equipment,Add Equipment from Catalog to ToolString,Click,ToolbarButton,Add to ToolString,UIInteraction,EquipmentName=EDTA-A
43194.1512558912,Setup,Equipment,Filter Equipment in Catalog,Input,TextBox,,UIInteraction,Text=EDTA-A
43194.1512644329,Setup,Equipment,Filter Equipment in Catalog,Input,TextBox,,UIInteraction,Text=EDTC-B
43194.1512645255,Setup,Equipment,Filter Equipment in Catalog,Input,TextBox,,UIInteraction,Text=EDTC-B
43194.1512687037,Setup,Equipment,Add Equipment from Catalog to ToolString,Click,ToolbarButton,Add to ToolString,UIInteraction,EquipmentName=EDTC-B
43194.1512757292,Setup,Equipment,Filter Equipment in Catalog,Input,TextBox,,UIInteraction,Text=LEH-QT
43194.1512756134,Setup,Equipment,Filter Equipment in Catalog,Input,TextBox,,UIInteraction,Text=LEH-QT
43194.1512802893,Setup,Equipment,Add Equipment from Catalog to ToolString,Click,ToolbarButton,Add to ToolString,UIInteraction,EquipmentName=LEH-QT
43194.151417581,Setup,Properties & Parameters,Change Property Value,Update,GridCell,9999,UIInteraction,OSDD=EP_SERIAL_NUMBER;EnsemblePath=MIFA-ND:MIFA-ND:DV-Rod
43194.1514378704,Setup,Properties & Parameters,Change Property Value,Update,GridCell,9999,UIInteraction,OSDD=EP_SERIAL_NUMBER;EnsemblePath=MIFA-ND:MIFA-ND:MIFA-ND
43194.151457037,Setup,Properties & Parameters,Change Property Value,Update,GridCell,9999,UIInteraction,OSDD=EP_SERIAL_NUMBER;EnsemblePath=MIFA-ND:MIFA-ND:Optics
43194.1514764236,Setup,Properties & Parameters,Change Property Value,Update,GridCell,9999,UIInteraction,OSDD=EP_SERIAL_NUMBER;EnsemblePath=MIFA-ND:MIFA-ND:Resistivity Cell
43194.1514956366,Setup,Properties & Parameters,Change Property Value,Update,GridCell,9999,UIInteraction,OSDD=EP_SERIAL_NUMBER;EnsemblePath=MIFA-ND:MIFA-ND:SOI Gauge
43194.1516304282,Setup,Properties & Parameters,Change Property Value,Update,GridCell,2,UIInteraction,OSDD=EP_SERIAL_NUMBER;EnsemblePath=MIFA-ND:MIFA-ND:DV-Rod
43194.151762581,Setup,Properties & Parameters,Change Property Value,Update,GridCell,999,UIInteraction,OSDD=EP_SERIAL_NUMBER;EnsemblePath=MIFA-ND:MIFA-ND:SOI Gauge
43194.1518941782,Setup,Properties & Parameters,Change Property Value,Update,GridCell,999,UIInteraction,OSDD=EP_SERIAL_NUMBER;EnsemblePath=EDTA-A:EDTA-A:EDTA-AA
43194.1519123148,Setup,Properties & Parameters,Change Property Value,Update,GridCell,999,UIInteraction,OSDD=EP_SERIAL_NUMBER;EnsemblePath=EDTA-A:EDTA-A:HECH-KA
43194.1520517824,Setup,Properties & Parameters,Change Property Value,Update,GridCell,999,UIInteraction,OSDD=EP_SERIAL_NUMBER;EnsemblePath=LEH-QT:LEH-QT:LEH-QT
43194.1520875,Setup,Equipment,Activate ToolString for Shop Calibration,Click,ContextMenu,Activate for Checks and Calibration,UIInteraction,TooStringGuid=7A79B3DE-4842-4CB9-877E-EBB2F07093BE
43194.1521883102,Simulation,UI Framework,Start Console,,,Simulation Console - Job IFA-MasterCal,UIAutomatic,
43194.1522188426,ShopCalibration,Calibration,Select Calibration Report Type,Click,ComboBox,Technical Concise,UIInteraction,
43194.1523171643,ShopCalibration,Calibration,Select Calibration in Calibration Report,Click,ComboBox,HTEN Before Calibration,UIInteraction,
43194.1523171759,ShopCalibration,Calibration,Select Tool in Calibration Report,Click,ComboBox,LEH-QT:999,UIInteraction,ToolName=LEH-QT:999
43194.1523177894,ShopCalibration,UI Framework,Start Console,,,Shop Calibration Console - Job IFA-MasterCal,UIAutomatic,
43194.152324213,ShopCalibration,UI Framework,Switch Tab,Click,Tab,MD,UIInteraction,
43194.1557629977,ShopCalibration,Data Acquiring - WL,Connect Hardware,Click,ToolbarButton,Connect to Hardware,UIInteraction,
43194.1558991204,ShopCalibration,Data Acquiring - WL,Start Dataflow,Click,ToolbarButton,Start Data Flow,UIInteraction,
43194.1560311921,ShopCalibration,Data Acquiring - WL,Enable Tool Power,Click,ToolbarButton,Enable Tool Power,UIInteraction,
43194.156038669,ShopCalibration,Before Logging Surface,Read Memory Data,,,,UIAutomatic,TaskName=EDTC-B: Read Memory Data
43194.1560399653,ShopCalibration,UI Framework,Switch Tab,Click,Tab,Calibrations,UIInteraction,
43194.1560527199,ShopCalibration,Calibration,Choose Available Calibration,Click,ComboBox,03:44:42.526 04-Apr-2018,UIInteraction,
43194.1560537847,ShopCalibration,Calibration,Choose Available Calibration,Click,ComboBox,03:44:42.526 04-Apr-2018,UIInteraction,
43194.1565846644,ShopCalibration,Calibration,Choose Available Calibration,Click,ComboBox,00:00:00.000 31-Oct-2008,UIInteraction,
43194.1565853009,ShopCalibration,Calibration,Choose Available Calibration,Click,ComboBox,00:00:00.000 31-Oct-2008,UIInteraction,
43194.1567733681,ShopCalibration,Calibration,Choose Available Calibration,Click,ComboBox,03:44:41.000 04-Apr-2018,UIInteraction,
43194.1567796296,ShopCalibration,Calibration,Choose Available Calibration,Click,ComboBox,03:44:41.000 04-Apr-2018,UIInteraction,
43194.1567841319,ShopCalibration,Calibration,Choose Available Calibration,Click,ComboBox,03:44:41.000 04-Apr-2018,UIInteraction,
43194.1567858333,ShopCalibration,Calibration,Choose Available Calibration,Click,ComboBox,03:44:41.000 04-Apr-2018,UIInteraction,
43194.1567868056,ShopCalibration,Calibration,Choose Available Calibration,Click,ComboBox,03:44:41.000 04-Apr-2018,UIInteraction,
43194.1567869329,ShopCalibration,Calibration,Choose Available Calibration,Click,ComboBox,03:44:41.000 04-Apr-2018,UIInteraction,
43194.1568314352,ShopCalibration,UI Framework,Switch Tab,Click,Tab,Tool Control,UIInteraction,
43194.1568465278,ShopCalibration,Regulate 50V Supply,Regulate 50V Supply,RightClick,TreeView,Regulate 50V Supply,UIInteraction,TaskName=Regulate 50V Supply
43194.1568604398,ShopCalibration,Regulate 50V Supply,Regulate 50V Supply,Click,ContextMenu,Perform,UIInteraction,TaskName=Regulate 50V Supply
43194.1569300926,ShopCalibration,MIFA-ND,Activate,RightClick,TreeView,Activate,UIInteraction,TaskName=Activate
43194.1569439583,ShopCalibration,MIFA-ND,Activate,Click,ContextMenu,Perform,UIInteraction,TaskName=Activate
43194.157024456,ShopCalibration,UI Framework,Switch Tab,Click,Tab,Operation,UIInteraction,
43194.1570583681,ShopCalibration,MIFA-ND,Dry Measurement,RightClick,TreeView,Dry Measurement,UIInteraction,TaskName=Dry Measurement
43194.1570723264,ShopCalibration,MIFA-ND,Dry Measurement,Click,ContextMenu,Perform,UIInteraction,TaskName=Dry Measurement
43194.1571182407,ShopCalibration,Calibration,Perform Calibration Task,Click,Button,Next,UIInteraction,TaskName=Dry Measurement
43194.1571878935,ShopCalibration,Calibration,Choose Available Calibration,Click,ComboBox,Incomplete,UIInteraction,
43194.157211875,Simulation,UI Framework,Switch Tab,Click,Tab,MIFA[1]:Optics : 1,UIInteraction,
43194.1573347338,ShopCalibration,MIFA-ND,Water Measurement,RightClick,TreeView,Water Measurement,UIInteraction,TaskName=Water Measurement
43194.1573486806,ShopCalibration,MIFA-ND,Water Measurement,Click,ContextMenu,Perform,UIInteraction,TaskName=Water Measurement
43194.1573928356,ShopCalibration,Calibration,Perform Calibration Task,Click,Button,Next,UIInteraction,TaskName=Water Measurement
43194.1574634954,ShopCalibration,Calibration,Choose Available Calibration,Click,ComboBox,Incomplete,UIInteraction,
43194.1574765046,ShopCalibration,Data Gauge / Alerts,Add Data Gauge,Click,ToolbarButton,Add Data Gauges...,UIInteraction,
43194.1574991898,ShopCalibration,Data Explorer,Click to Change Filters,Click,ToolbarButton,Filters,UIInteraction,
43194.1575606134,ShopCalibration,Data Explorer,Click to Change Filters,Click,Button,Apply,UIInteraction,
43194.1576603819,ShopCalibration,Data Explorer,Change Focused Item to Up-Level,Click,ToolbarButton,Level Up,UIInteraction,
43194.1576604051,ShopCalibration,Data Explorer,Change Current Focused Item,,,,UIAutomatic,EntityName=Run 1;EntityType=16;EntityGuid=DCD1D8BC-9420-41BA-A6A4-19C060CB69E0
43194.1577121412,ShopCalibration,Data Explorer,Change Focused Item to Up-Level,Click,ToolbarButton,Level Up,UIInteraction,
43194.1577121528,ShopCalibration,Data Explorer,Change Current Focused Item,,,,UIAutomatic,EntityName=Automation;EntityType=8;EntityGuid=6AE4CF30-8B45-4CD0-99FD-C76BF6D3D7BD
43194.1577590046,ShopCalibration,Data Explorer,Change Focused Item to Up-Level,Click,ToolbarButton,Level Up,UIInteraction,
43194.1577590162,ShopCalibration,Data Explorer,Change Current Focused Item,,,,UIAutomatic,EntityName=Automation;EntityType=4;EntityGuid=F96F69EC-3B39-49AF-9EE1-7A9D2432EEE1
43194.15780625,ShopCalibration,Data Explorer,Change Focused Item to Up-Level,Click,ToolbarButton,Level Up,UIInteraction,
43194.1578062616,ShopCalibration,Data Explorer,Change Current Focused Item,,,,UIAutomatic,EntityName=IFA-MasterCal;EntityType=2;EntityGuid=E014CFF5-841C-4D79-A185-A99660A86382
43194.157896088,ShopCalibration,Data Explorer,Change Current Focused Item,,,,UIAutomatic,EntityName=Automation;EntityType=4;EntityGuid=F96F69EC-3B39-49AF-9EE1-7A9D2432EEE1
43194.1579551736,ShopCalibration,Data Explorer,Change Current Focused Item,,,,UIAutomatic,EntityName=Automation;EntityType=8;EntityGuid=6AE4CF30-8B45-4CD0-99FD-C76BF6D3D7BD
43194.1580137153,ShopCalibration,Data Explorer,Change Current Focused Item,,,,UIAutomatic,EntityName=Run 1;EntityType=16;EntityGuid=DCD1D8BC-9420-41BA-A6A4-19C060CB69E0
43194.1580880093,ShopCalibration,Data Explorer,Change Current Focused Item,,,,UIAutomatic,EntityName=TimeLogicalAcq;EntityType=32;EntityGuid=6431359B-0152-4663-A848-09142B2D83F8
43194.1582943171,ShopCalibration,Data Explorer,Click OK Button,Click,Button,OK,UIInteraction,Selection=OPTCTRLSTA_OPTCTRLSTA_IFA1_Optics Controller Status_MIFA-ND_1___:OPTDIAGSTA_OPTDIAGSTA_IFA1_Optics Diagnostic Status_MIFA-ND_1___:OPTSTA_OPTSTA_IFA1_Optics Status_MIFA-ND_1___
43194.1582944792,ShopCalibration,Data Gauge / Alerts,Select Channel in Channel Selection Dialog,Click,Button,OK,UIInteraction,Channel OSDD=OPTCTRLSTA OPTDIAGSTA OPTSTA
43194.1585412153,ShopCalibration,MIFA-ND,Rhodamine 6G Measurement,RightClick,TreeView,Rhodamine 6G Measurement,UIInteraction,TaskName=Rhodamine 6G Measurement
43194.1585554861,ShopCalibration,MIFA-ND,Rhodamine 6G Measurement,Click,ContextMenu,Perform,UIInteraction,TaskName=Rhodamine 6G Measurement
43194.1585996065,ShopCalibration,Calibration,Perform Calibration Task,Click,Button,Next,UIInteraction,TaskName=Rhodamine 6G Measurement
43194.1586711806,ShopCalibration,Calibration,Choose Available Calibration,Click,ComboBox,Incomplete,UIInteraction,
43194.1588144907,ShopCalibration,MIFA-ND,Oil (UNIVIS) Measurement,RightClick,TreeView,Oil (UNIVIS) Measurement,UIInteraction,TaskName=Oil (UNIVIS) Measurement
43194.1588284491,ShopCalibration,MIFA-ND,Oil (UNIVIS) Measurement,Click,ContextMenu,Perform,UIInteraction,TaskName=Oil (UNIVIS) Measurement
43194.1588724421,ShopCalibration,Calibration,Perform Calibration Task,Click,Button,Next,UIInteraction,TaskName=Oil (UNIVIS) Measurement
43194.1589521875,ShopCalibration,Calibration,Choose Available Calibration,Click,ComboBox,03:48:52.208 04-Apr-2018,UIInteraction,
43194.1590577546,ShopCalibration,MIFA-ND,Write Master Coefficients to Tool,RightClick,TreeView,Write Master Coefficients to Tool,UIInteraction,TaskName=Write Master Coefficients to Tool
43194.1590716088,ShopCalibration,MIFA-ND,Write Master Coefficients to Tool,Click,ContextMenu,Perform,UIInteraction,TaskName=Write Master Coefficients to Tool
43194.1693595718,ShopCalibration,MIFA-ND,Room Temperature Measurement,RightClick,TreeView,Room Temperature Measurement,UIInteraction,TaskName=Room Temperature Measurement
43194.1693735301,ShopCalibration,MIFA-ND,Room Temperature Measurement,Click,ContextMenu,Perform,UIInteraction,TaskName=Room Temperature Measurement
43194.1694173727,ShopCalibration,Calibration,Perform Calibration Task,Click,Button,Next,UIInteraction,TaskName=Room Temperature Measurement
43194.1701232292,ShopCalibration,Calibration,Choose Available Calibration,Click,ComboBox,Incomplete,UIInteraction,
43194.1701908102,ShopCalibration,MIFA-ND,100 degC Measurement,RightClick,TreeView,100 degC Measurement,UIInteraction,TaskName=100 degC Measurement
43194.1702046875,ShopCalibration,MIFA-ND,100 degC Measurement,Click,ContextMenu,Perform,UIInteraction,TaskName=100 degC Measurement
43194.1702483912,ShopCalibration,Calibration,Perform Calibration Task,Click,Button,Next,UIInteraction,TaskName=100 degC Measurement
43194.1709585301,ShopCalibration,Calibration,Choose Available Calibration,Click,ComboBox,Incomplete,UIInteraction,
43194.171017037,ShopCalibration,MIFA-ND,75 degC Measurement,RightClick,TreeView,75 degC Measurement,UIInteraction,TaskName=75 degC Measurement
43194.1710309491,ShopCalibration,MIFA-ND,75 degC Measurement,Click,ContextMenu,Perform,UIInteraction,TaskName=75 degC Measurement
43194.1710750116,ShopCalibration,Calibration,Perform Calibration Task,Click,Button,Next,UIInteraction,TaskName=75 degC Measurement
43194.1717948264,ShopCalibration,Calibration,Choose Available Calibration,Click,ComboBox,04:07:22.013 04-Apr-2018,UIInteraction,
43194.1718418171,ShopCalibration,MIFA-ND,125 degC Measurement,RightClick,TreeView,125 degC Measurement,UIInteraction,TaskName=125 degC Measurement
43194.1718556829,ShopCalibration,MIFA-ND,125 degC Measurement,Click,ContextMenu,Perform,UIInteraction,TaskName=125 degC Measurement
43194.171899838,ShopCalibration,Calibration,Perform Calibration Task,Click,Button,Next,UIInteraction,TaskName=125 degC Measurement
43194.1726165278,ShopCalibration,Calibration,Choose Available Calibration,Click,ComboBox,04:08:33.190 04-Apr-2018,UIInteraction,
43194.1726674884,ShopCalibration,MIFA-ND,150 degC Measurement,RightClick,TreeView,150 degC Measurement,UIInteraction,TaskName=150 degC Measurement
43194.1726813542,ShopCalibration,MIFA-ND,150 degC Measurement,Click,ContextMenu,Perform,UIInteraction,TaskName=150 degC Measurement
43194.1727255903,ShopCalibration,Calibration,Perform Calibration Task,Click,Button,Next,UIInteraction,TaskName=150 degC Measurement
43194.1734446875,ShopCalibration,Calibration,Choose Available Calibration,Click,ComboBox,04:09:44.572 04-Apr-2018,UIInteraction,
43194.1734985995,ShopCalibration,MIFA-ND,175 degC Measurement,RightClick,TreeView,175 degC Measurement,UIInteraction,TaskName=175 degC Measurement
43194.1735124653,ShopCalibration,MIFA-ND,175 degC Measurement,Click,ContextMenu,Perform,UIInteraction,TaskName=175 degC Measurement
43194.1735568171,ShopCalibration,Calibration,Perform Calibration Task,Click,Button,Next,UIInteraction,TaskName=175 degC Measurement
43194.1742755671,ShopCalibration,Calibration,Choose Available Calibration,Click,ComboBox,04:10:56.124 04-Apr-2018,UIInteraction,
43194.1743234491,ShopCalibration,MIFA-ND,Write Temp Coefficients to Tool,RightClick,TreeView,Write Temp Coefficients to Tool,UIInteraction,TaskName=Write Temp Coefficients to Tool
43194.1743373032,ShopCalibration,MIFA-ND,Write Temp Coefficients to Tool,Click,ContextMenu,Perform,UIInteraction,TaskName=Write Temp Coefficients to Tool
43194.1934240394,ShopCalibration,MIFA-ND,Store Temp Coefficients into Ascii File,RightClick,TreeView,Store Temp Coefficients into Ascii File,UIInteraction,TaskName=Store Temp Coefficients into Ascii File
43194.1934378009,ShopCalibration,MIFA-ND,Store Temp Coefficients into Ascii File,Click,ContextMenu,Perform,UIInteraction,TaskName=Store Temp Coefficients into Ascii File
43194.1935119097,ShopCalibration,UI Framework,Switch Tab,Click,Tab,Tool Control,UIInteraction,
43194.1935760069,ShopCalibration,MIFA-ND,Deactivate,RightClick,TreeView,Deactivate,UIInteraction,TaskName=Deactivate
43194.1935899653,ShopCalibration,MIFA-ND,Deactivate,Click,ContextMenu,Perform,UIInteraction,TaskName=Deactivate
43194.1936637153,ShopCalibration,Regulate 50V Supply,Regulate 50V Supply,RightClick,TreeView,Regulate 50V Supply,UIInteraction,TaskName=Regulate 50V Supply
43194.1936776042,ShopCalibration,Regulate 50V Supply,Regulate 50V Supply,Click,ContextMenu,Close,UIInteraction,TaskName=Regulate 50V Supply
43194.1938019097,ShopCalibration,Data Acquiring - WL,Unlock 3 Buttons,Click,ToolbarButton,Unlock,UIInteraction,
43194.1938067361,ShopCalibration,Data Acquiring - WL,Disable Tool Power,Click,ToolbarButton,Disable Tool Power,UIInteraction,
43194.1938689352,ShopCalibration,Data Acquiring - WL,Stop Dataflow,Click,ToolbarButton,Stop Data Flow,UIInteraction,
43194.1939791435,ShopCalibration,Data Acquiring - WL,Disconnect Hardware,Click,ToolbarButton,Disconnect From Hardware,UIInteraction,
43194.1939870139,Simulation,UI Framework,Switch Tab,Click,Tab,EDTCB Simulator : 0,UIInteraction,
43194.1939881713,Simulation,UI Framework,Switch Tab,Click,Tab,MIFA[1]:Optics : 1,UIInteraction,
43194.1939889236,Simulation,UI Framework,Switch Tab,Click,Tab,HWS_Simulator : 0,UIInteraction,
43194.1939899884,Simulation,UI Framework,Switch Tab,Click,Tab,MIFA[1]:Optics : 1,UIInteraction,
43194.1939906944,Simulation,UI Framework,Switch Tab,Click,Tab,MRPC-NC,UIInteraction,
43194.1939915972,Simulation,UI Framework,Switch Tab,Click,Tab,MIFA[1]:Optics : 1,UIInteraction,
43194.1939920949,Simulation,UI Framework,Switch Tab,Click,Tab,MIFA[1] : 1,UIInteraction,
43194.1940946065,ShopCalibration,UI Framework,Close Console,Click,Button,,UIInteraction,JobGuid=E014CFF5-841C-4D79-A185-A99660A86382
43194.195736412,Setup,Equipment,Rename ToolString,Click,ContextMenu,Rename,UIInteraction,
43194.1957454514,Setup,Equipment,Rename ToolString,Input,TextBox,IFA Calibration,UIInteraction,ToolstringGuid=7A79B3DE-4842-4CB9-877E-EBB2F07093BE
43194.1957828935,Setup,Run Manager (Internal),Associate toolstring to run,Update,GridCell,IFA Calibration,UIInteraction,RunGuid=2C56FAA2-EFBE-45FD-BBA2-DFEB37EAEACB;ToolstringGuid=7A79B3DE-4842-4CB9-877E-EBB2F07093BE;DownholeEquipments=MIFA-NDMRPC-NCEDTA-AEDTC-BLEH-QT;TSLevelActiveSurfaceEquips=DEPTH_DEVICETENSION_DEVICELOGGING_CABLEWAFEMRPPMRTMWITM
43194.1959172107,Setup,Equipment,Close Toolstring Validation UI,Click,Button,Close,UIInteraction,ToolstringGuid=7A79B3DE-4842-4CB9-877E-EBB2F07093BE
43194.1959240509,DeliverablesSetup,UI Framework,Switch View,Click,ToolbarButton,Deliverables Display View,UIInteraction,
43194.1959989583,DeliverablesSetup,Deliverables - Digital,Create Job Archive,Click,ContextMenu,Create,UIInteraction,ArchiveGuid=E014CFF5-841C-4D79-A185-A99660A86382;JobArchiveType=3.0
43194.1963338773,DeliverablesSetup,UI Framework,Close Console,Click,Button,,UIInteraction,JobGuid=E014CFF5-841C-4D79-A185-A99660A86382
43194.1963737616,DeliverablesSetup,UI Framework,OK to Close Deliverables - Display Console,Click,Button,OK,UIInteraction,
43194.1964538773,,Console/Job Manager,Stop Setup Console,Click,Button,Stop,UIInteraction,JobGuid=E014CFF5-841C-4D79-A185-A99660A86382
43194.1965349769,,Console/Job Manager,Stop Job,Click,Button,Stop,UIInteraction,JobGuid=E014CFF5-841C-4D79-A185-A99660A86382
