Time,Process,Component,Operation,Action,Control,ControlText,Category,Context
43193.7853208218,,Console/Job Manager,Start Job,Click,Button,Start,UIInteraction,JobName=CMRT-DTC;WellName=BGC;ClientName=BGC;StartDate=4/3/2018 6:50 PM;Workflow=Wireline;Simulator=True;UnitSystem=English;JobSize=0;State=Available;SideTrackId=0;SessionID=CDA66844-7A59-4945-9927-32AB931B4FBA;SortOrder=1;JobGUID=9FA168FD-EB47-453F-BE32-AF6B7F1BC021;WellGUID=5EE3433A-F346-4951-B128-CDDC375C3A6A;BoreholeGUID=0A888487-D5E0-448B-8442-725864068800;MachineName=HPV04-015;UserName=Engineer;UserDomainName=HPV04-015;OS=Microsoft Windows NT 6.1.7601 Service Pack 1;StartedJobCount=0;TimeZone=00:00:00;IPAddress_1=192.168.78.130;IPAddress_2=::1;MWVersion=9.0.100733.3100
43193.7855868171,,Console/Job Manager,Stop Job,Click,Button,Stop,UIInteraction,JobGuid=9FA168FD-EB47-453F-BE32-AF6B7F1BC021
43193.785770706,,Console/Job Manager,Start Job,Click,Button,Start,UIInteraction,JobName=CMRT-DTC;WellName=BGC;ClientName=BGC;StartDate=4/3/2018 6:50 PM;Workflow=Wireline;Simulator=True;UnitSystem=English;RTBackupDir=C:\Autobackup;JobSize=0;State=Available;SideTrackId=0;SessionID=CDA66844-7A59-4945-9927-32AB931B4FBA;SortOrder=1;JobGUID=9FA168FD-EB47-453F-BE32-AF6B7F1BC021;WellGUID=5EE3433A-F346-4951-B128-CDDC375C3A6A;BoreholeGUID=0A888487-D5E0-448B-8442-725864068800;MachineName=HPV04-015;UserName=Engineer;UserDomainName=HPV04-015;OS=Microsoft Windows NT 6.1.7601 Service Pack 1;StartedJobCount=0;TimeZone=00:00:00;IPAddress_1=192.168.78.130;IPAddress_2=::1;MWVersion=9.0.100733.3100
43193.7865302662,,Console/Job Manager,Start Setup Console,Click,Button,Start...,UIInteraction,JobGuid=9FA168FD-EB47-453F-BE32-AF6B7F1BC021
43193.7866283912,Setup,UI Framework,Start Console,,,Setup - Job CMRT-DTC,UIAutomatic,
43193.7866255093,Setup,Calibration,Select Calibration Report Type,Click,ComboBox,Technical Concise,UIInteraction,
43193.7866503356,,Console/Job Manager,Start Deliverables Console,Click,Button,Start...,UIInteraction,JobGuid=9FA168FD-EB47-453F-BE32-AF6B7F1BC021
43193.7867136574,DeliverablesSetup,Tier Manager,Tier Template Created for Tools in My Equipment,,,CMRT-B Tier Created,Deliverables Console,
43193.7867145139,DeliverablesSetup,Tier Manager,Tier Template Created for Tools in My Equipment,,,LEH-QT Tier Created,Deliverables Console,
43193.7867144213,DeliverablesSetup,Tier Manager,Tier Template Created for Tools in My Equipment,,,DTC-H Tier Created,Deliverables Console,
43193.7867226852,DeliverablesSetup,UI Framework,Start Console,,,Deliverables Console Setup - Job CMRT-DTC,UIAutomatic,
43193.7868859375,Setup,UI Framework,Switch Tab,Click,Tab,DnI Initializations,UIInteraction,
43193.7869459375,Setup,Run Manager (Internal),Start Run,Click,Button,Start,UIInteraction,RunGuid=390AB247-BD2A-473F-A57E-5AC56CE827FE;ToolstringGuid=A987106B-9DA0-475A-A982-4D5907A3B7D2;DownholeEquipments=CMRT-B:DTC-H:LEH-QT;TSLevelActiveSurfaceEquips=DEPTH_DEVICE:TENSION_DEVICE:LOGGING_CABLE:WAFE
43193.7870556134,Setup,Equipment,Activate Run,Click,Button,Activate,UIInteraction,ToolstringGuid=A987106B-9DA0-475A-A982-4D5907A3B7D2;DownholeEquipments=CMRT-B:DTC-H:LEH-QT;TSLevelActiveSurfaceEquips=DEPTH_DEVICE:TENSION_DEVICE:LOGGING_CABLE:WAFE
43193.7871507639,Simulation,UI Framework,Start Console,,,Simulation Console - Job CMRT-DTC,UIAutomatic,
43193.7872071528,WLAcquisition,Calibration,Select Calibration Report Type,Click,ComboBox,Technical Concise,UIInteraction,
43193.7872680324,WLAcquisition,UI Framework,Start Console,,,Acquisition Console - Job CMRT-DTC - Run 1,UIAutomatic,
43193.7872772454,WLAcquisition,Calibration,Select Calibration in Calibration Report,Click,ComboBox,HTEN Before Calibration,UIInteraction,
43193.7872772685,WLAcquisition,Calibration,Select Tool in Calibration Report,Click,ComboBox,LEH-QT,UIInteraction,ToolName=LEH-QT
43193.7875573958,WLAcquisition,Data Acquiring - WL,Connect Hardware,Click,ToolbarButton,Connect to Hardware,UIInteraction,
43193.7877198727,WLAcquisition,Data Acquiring - WL,Start Dataflow,Click,ToolbarButton,Start Data Flow,UIInteraction,
43193.7878353819,WLAcquisition,Data Acquiring - WL,Enable Tool Power,Click,ToolbarButton,Enable Tool Power,UIInteraction,
43193.7878431713,WLAcquisition,CMRT-B,Read MCAL Data,,,,UIAutomatic,TaskName=CMRT-B: Read MCAL Data
43193.7878446991,WLAcquisition,UI Framework,Switch Tab,Click,Tab,Calibrations,UIInteraction,
43193.7879071528,WLAcquisition,CMRT-B,Read EEPROM Data,,,,UIAutomatic,TaskName=CMRT-B: Read EEPROM Data
43193.7879270949,DeliverablesSetup,Computation / Recomputation,ProcessRecomputeState,,,,UIAutomatic,JobGuid=9FA168FD-EB47-453F-BE32-AF6B7F1BC021;State=UIS_RECOMPUTATION_STATE_PENDING;Scope=JobScope;RecompPercentageComplete=;MultipleRunsAffected=False;ActiveRunAffected=True;ActiveRunInProgress=False;RunCount=1;Run0Change0=Calibration;Run0Guid=390AB247-BD2A-473F-A57E-5AC56CE827FE
43193.7879270949,Setup,Computation / Recomputation,ProcessRecomputeState,,,,UIAutomatic,JobGuid=9FA168FD-EB47-453F-BE32-AF6B7F1BC021;State=UIS_RECOMPUTATION_STATE_PENDING;Scope=JobScope;RecompPercentageComplete=;MultipleRunsAffected=False;ActiveRunAffected=True;ActiveRunInProgress=False;RunCount=1;Run0Change0=Calibration;Run0Guid=390AB247-BD2A-473F-A57E-5AC56CE827FE
43193.7879284954,WLAcquisition,Calibration,Choose Available Calibration,Click,ComboBox,12:30:00.000 08-Jun-2008,UIInteraction,
43193.7879291204,WLAcquisition,Calibration,Choose Available Calibration,Click,ComboBox,Nominal,UIInteraction,
43193.7879292824,WLAcquisition,Calibration,Choose Available Calibration,Click,ComboBox,Nominal,UIInteraction,
43193.7879319792,WLAcquisition,Calibration,Choose Available Calibration,Click,ComboBox,12:30:00.000 08-Jun-2008,UIInteraction,
43193.7879346759,WLAcquisition,Computation / Recomputation,ProcessRecomputeState,,,,UIAutomatic,JobGuid=9FA168FD-EB47-453F-BE32-AF6B7F1BC021;State=UIS_RECOMPUTATION_STATE_PENDING;Scope=JobScope;RecompPercentageComplete=;MultipleRunsAffected=False;ActiveRunAffected=True;ActiveRunInProgress=False;RunCount=1;Run0Change0=Calibration;Run0Guid=390AB247-BD2A-473F-A57E-5AC56CE827FE
43193.7905076852,WLAcquisition,UI Framework,Switch Tab,Click,Tab,Tool Control,UIInteraction,
43193.7906110069,WLAcquisition,CMRT-B,Enable Sonde Power,RightClick,TreeView,Enable Sonde Power,UIInteraction,TaskName=Enable Sonde Power
43193.7906249421,WLAcquisition,CMRT-B,Enable Sonde Power,Click,ContextMenu,Perform,UIInteraction,TaskName=Enable Sonde Power
43193.7907389815,WLAcquisition,Tool Control,Perform Tool Control Task,Click,Button,Next,UIInteraction,TaskName=Enable Sonde Power
43193.79080375,WLAcquisition,Tool Control,Perform Tool Control Task,Click,Button,Next,UIInteraction,TaskName=Enable Sonde Power
43193.7909684491,WLAcquisition,Tool Control,Perform Tool Control Task,Click,Button,Close,UIInteraction,TaskName=Enable Sonde Power
43193.791024294,WLAcquisition,UI Framework,Switch Tab,Click,Tab,Operation,UIInteraction,
43193.7910968287,WLAcquisition,CMRT-B,Larmor Frequency Search,RightClick,TreeView,CMRT-B: Larmor Frequency Search,UIInteraction,TaskName=CMRT-B: Larmor Frequency Search
43193.7911110995,WLAcquisition,CMRT-B,Larmor Frequency Search,Click,ContextMenu,Perform,UIInteraction,TaskName=CMRT-B: Larmor Frequency Search
43193.7912961806,WLAcquisition,Calibration,Perform Calibration Task,Click,Button,Apply,UIInteraction,TaskName=CMRT-B: Larmor Frequency Search
43193.7913624306,WLAcquisition,Calibration,Perform Calibration Task,Click,Button,Apply,UIInteraction,TaskName=CMRT-B: Larmor Frequency Search
43193.7915328472,WLAcquisition,Calibration,Perform Calibration Task,Click,Button,Next,UIInteraction,TaskName=CMRT-B: Larmor Frequency Search
43193.7915627778,WLAcquisition,Calibration,Perform Calibration Task,Click,Button,OK,UIInteraction,TaskName=CMRT-B: Larmor Frequency Search
43193.7918377662,WLAcquisition,Calibration,Perform Calibration Task,Click,Button,OK,UIInteraction,TaskName=CMRT-B: Larmor Frequency Search
43193.7931769676,WLAcquisition,CMRT-B,Ringing Test,RightClick,TreeView,CMRT-B: Ringing Test,UIInteraction,TaskName=CMRT-B: Ringing Test
43193.7931910764,WLAcquisition,CMRT-B,Ringing Test,Click,ContextMenu,Perform,UIInteraction,TaskName=CMRT-B: Ringing Test
43193.7932679745,WLAcquisition,Calibration,Perform Calibration Task,Click,Button,Next,UIInteraction,TaskName=CMRT-B: Ringing Test
43193.7933027431,WLAcquisition,Calibration,Perform Calibration Task,Click,Button,Apply,UIInteraction,TaskName=CMRT-B: Ringing Test
43193.7933428704,WLAcquisition,Data Acquiring - WL,Disable Tool Power,Click,ToolbarButton,Disable Tool Power,UIInteraction,
43193.7933405324,WLAcquisition,Data Acquiring - WL,Unlock 3 Buttons,Click,ToolbarButton,Unlock,UIInteraction,
43193.7934831713,WLAcquisition,Data Acquiring - WL,Stop Dataflow,Click,ToolbarButton,Stop Data Flow,UIInteraction,
43193.7936125,WLAcquisition,Data Acquiring - WL,Disconnect Hardware,Click,ToolbarButton,Disconnect From Hardware,UIInteraction,
43193.7937323264,,Console/Job Manager,Stop Acquisition Console,Click,Button,Stop,UIInteraction,JobGuid=9FA168FD-EB47-453F-BE32-AF6B7F1BC021
43193.7938152431,,Console/Job Manager,Start Acquisition Console,Click,Button,Start...,UIInteraction,JobGuid=9FA168FD-EB47-453F-BE32-AF6B7F1BC021
43193.7938701389,WLAcquisition,Calibration,Select Calibration Report Type,Click,ComboBox,Technical Concise,UIInteraction,
43193.7938927546,WLAcquisition,Computation / Recomputation,ProcessRecomputeState,,,,UIAutomatic,JobGuid=9FA168FD-EB47-453F-BE32-AF6B7F1BC021;State=UIS_RECOMPUTATION_STATE_PENDING;Scope=JobScope;RecompPercentageComplete=;MultipleRunsAffected=False;ActiveRunAffected=True;ActiveRunInProgress=False;RunCount=1;Run0Change0=Calibration;Run0Guid=390AB247-BD2A-473F-A57E-5AC56CE827FE
43193.7939057755,WLAcquisition,UI Framework,Start Console,,,Acquisition Console - Job CMRT-DTC - Run 1,UIAutomatic,
43193.7939128125,WLAcquisition,Calibration,Select Calibration in Calibration Report,Click,ComboBox,HTEN Before Calibration,UIInteraction,
43193.7939128241,WLAcquisition,Calibration,Select Tool in Calibration Report,Click,ComboBox,LEH-QT,UIInteraction,ToolName=LEH-QT
43193.7940146528,WLAcquisition,Data Acquiring - WL,Connect Hardware,Click,ToolbarButton,Connect to Hardware,UIInteraction,
43193.7940957176,WLAcquisition,Data Acquiring - WL,Start Dataflow,Click,ToolbarButton,Start Data Flow,UIInteraction,
43193.7942014236,WLAcquisition,Data Acquiring - WL,Enable Tool Power,Click,ToolbarButton,Enable Tool Power,UIInteraction,
43193.7942085995,WLAcquisition,CMRT-B,Read MCAL Data,,,,UIAutomatic,TaskName=CMRT-B: Read MCAL Data
43193.7942098495,WLAcquisition,UI Framework,Switch Tab,Click,Tab,Calibrations,UIInteraction,
43193.7942641782,WLAcquisition,CMRT-B,Read EEPROM Data,,,,UIAutomatic,TaskName=CMRT-B: Read EEPROM Data
43193.7942740509,WLAcquisition,Calibration,Choose Available Calibration,Click,ComboBox,12:30:00.000 08-Jun-2008,UIInteraction,
43193.7942742824,WLAcquisition,Calibration,Choose Available Calibration,Click,ComboBox,Nominal,UIInteraction,
43193.7942744444,WLAcquisition,Calibration,Choose Available Calibration,Click,ComboBox,Nominal,UIInteraction,
43193.7942790394,WLAcquisition,Calibration,Choose Available Calibration,Click,ComboBox,12:30:00.000 08-Jun-2008,UIInteraction,
43193.7968255903,WLAcquisition,UI Framework,Switch Tab,Click,Tab,Tool Control,UIInteraction,
43193.7969301968,WLAcquisition,CMRT-B,Enable Sonde Power,RightClick,TreeView,Enable Sonde Power,UIInteraction,TaskName=Enable Sonde Power
43193.7969440741,WLAcquisition,CMRT-B,Enable Sonde Power,Click,ContextMenu,Perform,UIInteraction,TaskName=Enable Sonde Power
43193.7970581597,WLAcquisition,Tool Control,Perform Tool Control Task,Click,Button,Next,UIInteraction,TaskName=Enable Sonde Power
43193.7971223611,WLAcquisition,Tool Control,Perform Tool Control Task,Click,Button,Next,UIInteraction,TaskName=Enable Sonde Power
43193.7972832176,WLAcquisition,Tool Control,Perform Tool Control Task,Click,Button,Close,UIInteraction,TaskName=Enable Sonde Power
43193.7973028357,WLAcquisition,UI Framework,Switch Tab,Click,Tab,Operation,UIInteraction,
43193.7973523611,WLAcquisition,CMRT-B,Ringing Test,RightClick,TreeView,CMRT-B: Ringing Test,UIInteraction,TaskName=CMRT-B: Ringing Test
43193.7973663426,WLAcquisition,CMRT-B,Ringing Test,Click,ContextMenu,Perform,UIInteraction,TaskName=CMRT-B: Ringing Test
43193.797437963,WLAcquisition,Calibration,Perform Calibration Task,Click,Button,Next,UIInteraction,TaskName=CMRT-B: Ringing Test
43193.7974821759,WLAcquisition,Calibration,Perform Calibration Task,Click,Button,Apply,UIInteraction,TaskName=CMRT-B: Ringing Test
43193.8068736574,WLAcquisition,Calibration,Perform Calibration Task,Click,Button,Close,UIInteraction,TaskName=CMRT-B: Ringing Test
43193.8085625116,WLAcquisition,CMRT-B,Read MCAL Data,RightClick,TreeView,CMRT-B: Read MCAL Data,UIInteraction,TaskName=CMRT-B: Read MCAL Data
43193.8085763773,WLAcquisition,CMRT-B,Read MCAL Data,Click,ContextMenu,Perform,UIInteraction,TaskName=CMRT-B: Read MCAL Data
43193.8085898148,WLAcquisition,CMRT-B,Read EEPROM Data,,,,UIAutomatic,TaskName=CMRT-B: Read EEPROM Data
43193.8086045139,WLAcquisition,Calibration,Choose Available Calibration,Click,ComboBox,12:30:00.000 08-Jun-2008,UIInteraction,
43193.8133333681,WLAcquisition,CMRT-B,Noise Test,RightClick,TreeView,CMRT-B: Noise Test,UIInteraction,TaskName=CMRT-B: Noise Test
43193.8133473495,WLAcquisition,CMRT-B,Noise Test,Click,ContextMenu,Perform,UIInteraction,TaskName=CMRT-B: Noise Test
43193.8151914699,WLAcquisition,Calibration,Perform Calibration Task,Click,Button,Next,UIInteraction,TaskName=CMRT-B: Noise Test
43193.8165477893,WLAcquisition,Calibration,Perform Calibration Task,Click,Button,Apply,UIInteraction,TaskName=CMRT-B: Noise Test
43193.8180991204,WLAcquisition,Calibration,Perform Calibration Task,Click,Button,Close,UIInteraction,TaskName=CMRT-B: Noise Test
43193.8238191204,WLAcquisition,CMRT-B,Water Bottle Accumulation,RightClick,TreeView,Water Bottle Accumulation,UIInteraction,TaskName=Water Bottle Accumulation
43193.8238331481,WLAcquisition,CMRT-B,Water Bottle Accumulation,Click,ContextMenu,Perform,UIInteraction,TaskName=Water Bottle Accumulation
43193.8457404514,WLAcquisition,Calibration,Perform Calibration Task,Click,Button,Close,UIInteraction,TaskName=Water Bottle Accumulation
43193.8457435648,WLAcquisition,Calibration,Choose Available Calibration,Click,ComboBox,Nominal,UIInteraction,
43193.8465678009,WLAcquisition,Computation / Recomputation,Recompute All Pending Runs,Click,ToolbarButton,Recompute All Pending Runs,UIInteraction,
43193.8465678241,WLAcquisition,Computation / Recomputation,Start Recomputation During Acquisition,Click,ToolbarButton,Recompute All Pending Runs,UIInteraction,FeatureName=Framework.RTOOP
43193.8465679977,DeliverablesSetup,Computation / Recomputation,ProcessRecomputeState,,,,UIAutomatic,JobGuid=9FA168FD-EB47-453F-BE32-AF6B7F1BC021;State=UIS_RECOMPUTATION_STATE_STARTING;Scope=JobScope;RecompPercentageComplete=;MultipleRunsAffected=False;ActiveRunAffected=True;ActiveRunInProgress=True;RunCount=1;Run0Change0=Calibration;Run0Guid=390AB247-BD2A-473F-A57E-5AC56CE827FE
43193.8465680208,Setup,Computation / Recomputation,ProcessRecomputeState,,,,UIAutomatic,JobGuid=9FA168FD-EB47-453F-BE32-AF6B7F1BC021;State=UIS_RECOMPUTATION_STATE_STARTING;Scope=JobScope;RecompPercentageComplete=;MultipleRunsAffected=False;ActiveRunAffected=True;ActiveRunInProgress=True;RunCount=1;Run0Change0=Calibration;Run0Guid=390AB247-BD2A-473F-A57E-5AC56CE827FE
43193.8465683102,WLAcquisition,Computation / Recomputation,ProcessRecomputeState,,,,UIAutomatic,JobGuid=9FA168FD-EB47-453F-BE32-AF6B7F1BC021;State=UIS_RECOMPUTATION_STATE_STARTING;Scope=JobScope;RecompPercentageComplete=;MultipleRunsAffected=False;ActiveRunAffected=True;ActiveRunInProgress=True;RunCount=1;Run0Change0=Calibration;Run0Guid=390AB247-BD2A-473F-A57E-5AC56CE827FE
43193.8467094907,DeliverablesSetup,Computation / Recomputation,ProcessRecomputeState,,,,UIAutomatic,JobGuid=9FA168FD-EB47-453F-BE32-AF6B7F1BC021;State=UIS_RECOMPUTATION_STATE_IN_PROGRESS;Scope=JobScope;RecompPercentageComplete=;MultipleRunsAffected=False;ActiveRunAffected=True;ActiveRunInProgress=True;RunCount=1;Run0Change0=Calibration;Run0Guid=390AB247-BD2A-473F-A57E-5AC56CE827FE
43193.846709537,WLAcquisition,Computation / Recomputation,ProcessRecomputeState,,,,UIAutomatic,JobGuid=9FA168FD-EB47-453F-BE32-AF6B7F1BC021;State=UIS_RECOMPUTATION_STATE_IN_PROGRESS;Scope=JobScope;RecompPercentageComplete=;MultipleRunsAffected=False;ActiveRunAffected=True;ActiveRunInProgress=True;RunCount=1;Run0Change0=Calibration;Run0Guid=390AB247-BD2A-473F-A57E-5AC56CE827FE
43193.8467095718,Setup,Computation / Recomputation,ProcessRecomputeState,,,,UIAutomatic,JobGuid=9FA168FD-EB47-453F-BE32-AF6B7F1BC021;State=UIS_RECOMPUTATION_STATE_IN_PROGRESS;Scope=JobScope;RecompPercentageComplete=;MultipleRunsAffected=False;ActiveRunAffected=True;ActiveRunInProgress=True;RunCount=1;Run0Change0=Calibration;Run0Guid=390AB247-BD2A-473F-A57E-5AC56CE827FE
43193.8469532523,Setup,Computation / Recomputation,ProcessRecomputeState,,,,UIAutomatic,JobGuid=9FA168FD-EB47-453F-BE32-AF6B7F1BC021;State=UIS_RECOMPUTATION_STATE_SUCCEEDED;Scope=JobScope;RecompPercentageComplete=;MultipleRunsAffected=False;ActiveRunAffected=True;ActiveRunInProgress=True;RunCount=1;Run0Change0=Calibration;Run0Guid=390AB247-BD2A-473F-A57E-5AC56CE827FE
43193.8469532639,DeliverablesSetup,Computation / Recomputation,ProcessRecomputeState,,,,UIAutomatic,JobGuid=9FA168FD-EB47-453F-BE32-AF6B7F1BC021;State=UIS_RECOMPUTATION_STATE_SUCCEEDED;Scope=JobScope;RecompPercentageComplete=;MultipleRunsAffected=False;ActiveRunAffected=True;ActiveRunInProgress=True;RunCount=1;Run0Change0=Calibration;Run0Guid=390AB247-BD2A-473F-A57E-5AC56CE827FE
43193.8469532755,WLAcquisition,Computation / Recomputation,ProcessRecomputeState,,,,UIAutomatic,JobGuid=9FA168FD-EB47-453F-BE32-AF6B7F1BC021;State=UIS_RECOMPUTATION_STATE_SUCCEEDED;Scope=JobScope;RecompPercentageComplete=;MultipleRunsAffected=False;ActiveRunAffected=True;ActiveRunInProgress=True;RunCount=1;Run0Change0=Calibration;Run0Guid=390AB247-BD2A-473F-A57E-5AC56CE827FE
43193.847361875,Simulation,UI Framework,Switch Tab,Click,Tab,CMRTB_SimUI : 2,UIInteraction,
43193.8489844097,Simulation,UI Framework,Switch Tab,Click,Tab,HWS_Simulator : 0,UIInteraction,
43193.8510724421,WLAcquisition,UI Framework,Switch Tab,Click,Tab,Tool Control,UIInteraction,
43193.8511697454,WLAcquisition,CMRT-B,Set Logging Mode,RightClick,TreeView,Set Logging Mode,UIInteraction,TaskName=Set Logging Mode
43193.851183669,WLAcquisition,CMRT-B,Set Logging Mode,Click,ContextMenu,Perform,UIInteraction,TaskName=Set Logging Mode
43193.8513925231,WLAcquisition,UI Framework,Switch Tab,Click,Tab,MD,UIInteraction,
43193.8513949074,WLAcquisition,UI Framework,Switch Tab,Click,Tab,Calibrations,UIInteraction,
43193.8514256366,Simulation,UI Framework,Switch Tab,Click,Tab,CMRTB_SimUI : 2,UIInteraction,
43193.8514900694,Simulation,UI Framework,Switch Tab,Click,Tab,HWS_Simulator : 0,UIInteraction,
43193.8516635764,WLAcquisition,CMRT-B,Enable Sonde Power,RightClick,TreeView,Enable Sonde Power,UIInteraction,TaskName=Enable Sonde Power
43193.8516775347,WLAcquisition,CMRT-B,Enable Sonde Power,Click,ContextMenu,Perform,UIInteraction,TaskName=Enable Sonde Power
43193.8517652083,WLAcquisition,Tool Control,Perform Tool Control Task,Click,Button,Close,UIInteraction,TaskName=Enable Sonde Power
43193.8518206366,WLAcquisition,UI Framework,Switch Tab,Click,Tab,Operation,UIInteraction,
43193.8518937153,WLAcquisition,Depth Log/Station Planning,Perform Logging Task,RightClick,TreeView,Depth Log,UIInteraction,TaskName=Depth Log
43193.8519081713,WLAcquisition,Depth Log/Station Planning,Perform Logging Task,Click,ContextMenu,Perform,UIInteraction,TaskName=Depth Log
43193.8523788773,WLAcquisition,Data Acquiring - WL,Start Depth Pass,Click,Button,Start,UIInteraction,PassGuid=EC84B76F-3A67-4CE2-B0B0-BBC44726D78D;Objective=Log;Direction=Up;Depth=3047.99238
43193.8524555671,WLAcquisition,Data Acquiring - WL,Continue Depth Pass,Click,Button,Continue,UIInteraction,PassGuid=EC84B76F-3A67-4CE2-B0B0-BBC44726D78D;Objective=Log;Direction=Up;Depth=3047.99238
43193.8524576968,WLAcquisition,UI Framework,Switch Tab,Click,Tab,MD,UIInteraction,
43193.854860625,WLAcquisition,Data Acquiring - WL,Unlock Pass,Click,ToolbarButton,Click to Unlock Stop Button,UIInteraction,
43193.8549611343,WLAcquisition,Data Acquiring - WL,Stop Depth Pass,Click,Button,Stop,UIInteraction,PassGuid=EC84B76F-3A67-4CE2-B0B0-BBC44726D78D;Depth=3040.98198
43193.8550596296,WLAcquisition,UI Framework,Switch Tab,Click,Tab,Tool Control,UIInteraction,
43193.8551560764,WLAcquisition,CMRT-B,Set Logging Mode,RightClick,TreeView,Set Logging Mode,UIInteraction,TaskName=Set Logging Mode
43193.8551700231,WLAcquisition,CMRT-B,Set Logging Mode,Click,ContextMenu,Perform,UIInteraction,TaskName=Set Logging Mode
43193.8558480093,WLAcquisition,Data Acquiring - WL,Start Depth Pass,Click,Button,Start,UIInteraction,PassGuid=454661F2-5A22-40B1-AC15-249837F36732;Objective=Log;Direction=Up;Depth=3040.98198
43193.8559261343,WLAcquisition,Data Acquiring - WL,Continue Depth Pass,Click,Button,Continue,UIInteraction,PassGuid=454661F2-5A22-40B1-AC15-249837F36732;Objective=Log;Direction=Up;Depth=3040.98198
43193.8573998843,WLAcquisition,Data Acquiring - WL,Unlock Pass,Click,ToolbarButton,Click to Unlock Stop Button,UIInteraction,
43193.8574952315,WLAcquisition,Data Acquiring - WL,Stop Depth Pass,Click,Button,Stop,UIInteraction,PassGuid=454661F2-5A22-40B1-AC15-249837F36732;Depth=3032.75238
43193.857701331,WLAcquisition,CMRT-B,Set Logging Mode,RightClick,TreeView,Set Logging Mode,UIInteraction,TaskName=Set Logging Mode
43193.8577166551,WLAcquisition,CMRT-B,Set Logging Mode,Click,ContextMenu,Perform,UIInteraction,TaskName=Set Logging Mode
43193.8581777662,WLAcquisition,CMRT-B,Set Logging Mode,RightClick,TreeView,Set Logging Mode,UIInteraction,TaskName=Set Logging Mode
43193.8581924074,WLAcquisition,CMRT-B,Set Logging Mode,Click,ContextMenu,Perform,UIInteraction,TaskName=Set Logging Mode
43193.8588304977,WLAcquisition,Data Acquiring - WL,Start Depth Pass,Click,Button,Start,UIInteraction,PassGuid=772D596C-475C-4291-B0D4-B929CCB4AD9F;Objective=Log;Direction=Up;Depth=3032.75238
43193.8591327894,WLAcquisition,Data Acquiring - WL,Continue Depth Pass,Click,Button,Continue,UIInteraction,PassGuid=772D596C-475C-4291-B0D4-B929CCB4AD9F;Objective=Log;Direction=Up;Depth=3032.75238
43193.8614367245,WLAcquisition,Data Acquiring - WL,Unlock Pass,Click,ToolbarButton,Click to Unlock Stop Button,UIInteraction,
43193.861536956,WLAcquisition,Data Acquiring - WL,Stop Depth Pass,Click,Button,Stop,UIInteraction,PassGuid=772D596C-475C-4291-B0D4-B929CCB4AD9F;Depth=3017.51238
43193.8616804745,WLAcquisition,UI Framework,Switch Tab,Click,Tab,Operation,UIInteraction,
43193.8617523958,WLAcquisition,Depth Log/Station Planning,Perform Logging Task,RightClick,TreeView,Station Log,UIInteraction,TaskName=Station Log
43193.8617665857,WLAcquisition,Depth Log/Station Planning,Perform Logging Task,Click,ContextMenu,Perform,UIInteraction,TaskName=Station Log
43193.861844537,WLAcquisition,UI Framework,Switch Tab,Click,Tab,Tool Control,UIInteraction,
43193.8619360185,WLAcquisition,CMRT-B,Set Logging Mode,RightClick,TreeView,Set Logging Mode,UIInteraction,TaskName=Set Logging Mode
43193.8619499074,WLAcquisition,CMRT-B,Set Logging Mode,Click,ContextMenu,Perform,UIInteraction,TaskName=Set Logging Mode
43193.8622996644,WLAcquisition,Data Acquiring - WL,Start Station Pass,Click,Button,Start,UIInteraction,PassGuid=057E8119-3EFE-4B79-8453-00347837349D;Main Objective=CMRT Station Log
43193.8623899769,WLAcquisition,Data Acquiring - WL,Continue Station Pass,Click,Button,Continue,UIInteraction,PassGuid=057E8119-3EFE-4B79-8453-00347837349D;Main Objective=CMRT Station Log
43193.8624039005,WLAcquisition,UI Framework,Switch Tab,Click,Tab,Station,UIInteraction,
43193.8627799306,WLAcquisition,Data Acquiring - WL,Unlock Pass,Click,ToolbarButton,Click to Unlock Stop Button,UIInteraction,
43193.8627976389,WLAcquisition,Data Acquiring - WL,Stop Station Pass,Click,Button,Stop,UIInteraction,PassGuid=057E8119-3EFE-4B79-8453-00347837349D;Depth=3017.51238
43193.863017037,WLAcquisition,CMRT-B,Set Logging Mode,RightClick,TreeView,Set Logging Mode,UIInteraction,TaskName=Set Logging Mode
43193.8630311111,WLAcquisition,CMRT-B,Set Logging Mode,Click,ContextMenu,Perform,UIInteraction,TaskName=Set Logging Mode
43193.863395081,WLAcquisition,Data Acquiring - WL,Start Station Pass,Click,Button,Start,UIInteraction,PassGuid=37BE0873-0ED1-4ADC-A423-28EB370ED828;Main Objective=CMRT Station Log
43193.8634918171,WLAcquisition,Data Acquiring - WL,Continue Station Pass,Click,Button,Continue,UIInteraction,PassGuid=37BE0873-0ED1-4ADC-A423-28EB370ED828;Main Objective=CMRT Station Log
43193.8645823495,WLAcquisition,Data Acquiring - WL,Unlock Pass,Click,ToolbarButton,Click to Unlock Stop Button,UIInteraction,
43193.8646002778,WLAcquisition,Data Acquiring - WL,Stop Station Pass,Click,Button,Stop,UIInteraction,PassGuid=37BE0873-0ED1-4ADC-A423-28EB370ED828;Depth=3017.51238
43193.8647166088,WLAcquisition,Data Acquiring - WL,Unlock 3 Buttons,Click,ToolbarButton,Unlock,UIInteraction,
43193.8647191319,WLAcquisition,Data Acquiring - WL,Disable Tool Power,Click,ToolbarButton,Disable Tool Power,UIInteraction,
43193.8648203819,WLAcquisition,Data Acquiring - WL,Stop Dataflow,Click,ToolbarButton,Stop Data Flow,UIInteraction,
43193.8649324421,WLAcquisition,Data Acquiring - WL,Disconnect Hardware,Click,ToolbarButton,Disconnect From Hardware,UIInteraction,
43193.8650216667,Setup,Run Manager (Internal),Stop Run,Click,Button,Stop,UIInteraction,RunGuid=390AB247-BD2A-473F-A57E-5AC56CE827FE
43193.8650643287,Setup,Run Manager (Internal),Confirm to Stop Run,Click,Button,OK,UIInteraction,RunGuid=390AB247-BD2A-473F-A57E-5AC56CE827FE
43193.8651383565,Simulation,UI Framework,Close Console,Click,Button,,UIInteraction,JobGuid=9FA168FD-EB47-453F-BE32-AF6B7F1BC021
43193.8651955093,DeliverablesSetup,UI Framework,Switch View,Click,ToolbarButton,Deliverables Display View,UIInteraction,
43193.8652704861,DeliverablesSetup,Deliverables - Digital,Create Job Archive,Click,ContextMenu,Create,UIInteraction,ArchiveGuid=9FA168FD-EB47-453F-BE32-AF6B7F1BC021;JobArchiveType=3.0
43193.8654690509,DeliverablesSetup,UI Framework,Close Console,Click,Button,,UIInteraction,JobGuid=9FA168FD-EB47-453F-BE32-AF6B7F1BC021
43193.8655047107,DeliverablesSetup,UI Framework,OK to Close Deliverables - Display Console,Click,Button,OK,UIInteraction,
43193.8655847917,,Console/Job Manager,Stop Setup Console,Click,Button,Stop,UIInteraction,JobGuid=9FA168FD-EB47-453F-BE32-AF6B7F1BC021
43193.8656693981,,Console/Job Manager,Stop Job,Click,Button,Stop,UIInteraction,JobGuid=9FA168FD-EB47-453F-BE32-AF6B7F1BC021
