Time,Process,Component,Operation,Action,Control,ControlText,Category,Context
43194.1869796644,,Console/Job Manager,Start Job,Click,Button,Start,UIInteraction,JobName=GPIT-F_ABCD;WellName=BGC;ClientName=BGC;StartDate=4/4/2018 4:29 AM;Workflow=Wireline;Simulator=False;UnitSystem=Metric;JobSize=0;State=Available;SideTrackId=0;SessionID=C4B6ED9A-4233-49BA-B8D8-C31B7B1465A4;SortOrder=1;JobGUID=DCDAD661-CEAC-49B7-8E07-731AB8524232;WellGUID=F3A05E9A-D47B-4663-8F19-905651C99092;BoreholeGUID=C32F6991-529C-405E-B7BB-DB9A368C6440;MachineName=HPV11-008;UserName=Engineer;UserDomainName=HPV11-008;OS=Microsoft Windows NT 6.1.7601 Service Pack 1;StartedJobCount=0;TimeZone=00:00:00;IPAddress_1=192.168.178.2;IPAddress_2=::1;MWVersion=9.0.100745.3100
43194.1885429282,,Console/Job Manager,Stop Job,Click,Button,Stop,UIInteraction,JobGuid=DCDAD661-CEAC-49B7-8E07-731AB8524232
43194.1887223958,,Console/Job Manager,Start Job,Click,Button,Start,UIInteraction,JobName=GPIT-F_ABCD;WellName=BGC;ClientName=BGC;StartDate=4/4/2018 4:29 AM;Workflow=Wireline;Simulator=False;UnitSystem=Metric;RTBackupDir=C:\Autobackup;JobSize=64;State=Available;SideTrackId=0;SessionID=C4B6ED9A-4233-49BA-B8D8-C31B7B1465A4;SortOrder=1;JobGUID=DCDAD661-CEAC-49B7-8E07-731AB8524232;WellGUID=F3A05E9A-D47B-4663-8F19-905651C99092;BoreholeGUID=C32F6991-529C-405E-B7BB-DB9A368C6440;MachineName=HPV11-008;UserName=Engineer;UserDomainName=HPV11-008;OS=Microsoft Windows NT 6.1.7601 Service Pack 1;StartedJobCount=0;TimeZone=00:00:00;IPAddress_1=192.168.178.2;IPAddress_2=::1;MWVersion=9.0.100745.3100
43194.1888641319,,Console/Job Manager,Start Deliverables Console,Click,Button,Start...,UIInteraction,JobGuid=DCDAD661-CEAC-49B7-8E07-731AB8524232
43194.1889930093,DeliverablesSetup,Tier Manager,Tier Template Created for Tools in My Equipment,,,PEQL Tier Created,Deliverables Console,
43194.1889931481,DeliverablesSetup,Tier Manager,Tier Template Created for Tools in My Equipment,,,HENVIR Tier Created,Deliverables Console,
43194.1889932407,DeliverablesSetup,Tier Manager,Tier Template Created for Tools in My Equipment,,,HGNS-B Tier Created,Deliverables Console,
43194.1889934954,DeliverablesSetup,Tier Manager,Tier Template Created for Tools in My Equipment,,,HRLT-B Tier Created,Deliverables Console,
43194.1889936227,DeliverablesSetup,Tier Manager,Tier Template Created for Tools in My Equipment,,,HDRS-B Tier Created,Deliverables Console,
43194.1890002546,DeliverablesSetup,Computation / Recomputation,ProcessRecomputeState,,,,UIAutomatic,JobGuid=DCDAD661-CEAC-49B7-8E07-731AB8524232;State=UIS_RECOMPUTATION_STATE_IN_PROGRESS;Scope=JobScope;RecompPercentageComplete=28.7830284025227;MultipleRunsAffected=False;ActiveRunAffected=False;ActiveRunInProgress=False;RunCount=1;Run0Change0=DataImport;Run0Guid=7F7951FF-8ECC-47A2-899F-B2042CC7FC5A
43194.1890026273,DeliverablesSetup,UI Framework,Start Console,,,Deliverables Console Setup - Job GPIT-F_ABCD,UIAutomatic,
43194.1891448727,DeliverablesSetup,Computation / Recomputation,ProcessRecomputeState,,,,UIAutomatic,JobGuid=DCDAD661-CEAC-49B7-8E07-731AB8524232;State=UIS_RECOMPUTATION_STATE_SUCCEEDED;Scope=JobScope;RecompPercentageComplete=;MultipleRunsAffected=False;ActiveRunAffected=False;ActiveRunInProgress=False;RunCount=1;Run0Change0=DataImport;Run0Guid=7F7951FF-8ECC-47A2-899F-B2042CC7FC5A
43194.1893766435,DeliverablesSetup,Deliverables - Digital,Delete Template,Click,ContextMenu,Delete,UIInteraction,ComponentName=DLIS Standard;ComponentCode=Component_Template_Dlis;DelivTemplateGuid=E1CA4896-E2E9-4CDB-8BDC-50AFB5123A63
43194.1894294097,DeliverablesSetup,Deliverables - Digital,Add Digital Template,Click,ContextMenu,DLIS,UIInteraction,
43194.1894563542,DeliverablesSetup,Deliverables - Graphical,Add Catalog Format to Template,Click,ToolbarButton,Add to Template,UIInteraction,ComponentName=DLIS Standard;ComponentCode=Component_StandardDlis_Format
43194.1894634028,DeliverablesSetup,Deliverables - Graphical,Add Catalog Format to Template,Click,ContextMenu,New Template,UIInteraction,ComponentName=DLIS Standard;ComponentCode=Component_StandardDlis_Format
43194.1895455093,DeliverablesSetup,Deliverables - Digital,Add Template to Deliverable,Click,ContextMenu,Job,UIInteraction,ComponentName=DLIS Standard;ComponentCode=Component_Template_Dlis
43194.1898410301,DeliverablesSetup,Deliverables - Digital,Change Digital Properties,Click,ComboBox,CDDI_Availability,UIInteraction,DeliverableType=DLIS;ChangedProperty=CDDI_Availability;OldValue=Customer;NewValue=Producer
43194.1898410532,DeliverablesSetup,Deliverables - Digital,Change Property,Click,CDDIAvailabilityConverter,CDDI_Availability,UIInteraction,NewValue=Producer;OldValue=Customer
43194.1901205671,DeliverablesSetup,Data Explorer,Change Current Focused Item,,,,UIAutomatic,EntityName=Run 1;EntityType=16;EntityGuid=7F7951FF-8ECC-47A2-899F-B2042CC7FC5A
43194.1901337847,DeliverablesSetup,Data Explorer,Click OK Button,Click,Button,OK,UIInteraction,Selection=Log[1]:Up____2587.60 (m)_2380.32 (m)_
43194.190134838,DeliverablesSetup,Deliverables - Digital,Change Property,Click,TypeConverter,Data_Assignment,UIInteraction,NewValue=Run 1: Log[1]:Up;OldValue={ Not Set }
43194.1901348264,DeliverablesSetup,Deliverables - Digital,Change Digital Properties,Click,ComboBox,Data_Assignment,UIInteraction,DeliverableType=DLIS;ChangedProperty=Data_Assignment;OldValue={ Not Set };NewValue=Run 1: Log[1]:Up
43194.1902636574,DeliverablesSetup,UI Framework,Switch View,Click,ToolbarButton,Deliverables Display View,UIInteraction,
43194.1903817014,DeliverablesSetup,Deliverables - Digital,Create Publish Digital Deliverable,Click,ContextMenu,Create/Publish...,UIInteraction,ComponentName=Run 1  Log[1] Up [1];ComponentCode=Component_Template_Dlis;DelivTemplateGuid=389F3DE9-DD3A-42CD-91A8-5EC198FD9209;DelivTemplatePropertyData=<gp:GraphicalFormat xmlns:gp="urn:horizon:GraphicalProductCatalogSchema"><gp:Name>Template</gp:Name><gp:Component_Code>Component_Template_Dlis</gp:Component_Code><gp:Component_Format_Ref></gp:Component_Format_Ref><gp:Properties><gp:Property><gp:Key>Type</gp:Key><gp:Value>Dlis</gp:Value></gp:Property><gp:Property><gp:Key>DataAssignment_Type</gp:Key><gp:Value>Single Pass</gp:Value></gp:Property><gp:Property><gp:Key>CDDI_Availability</gp:Key><gp:Value>Producer</gp:Value></gp:Property><gp:Property><gp:Key>Data_Assignment</gp:Key><gp:Value>9AA8F79A-48FB-46A0-9D94-7F87EC2E7703</gp:Value></gp:Property><gp:Property><gp:Key>Proxy_Data_Assignment</gp:Key><gp:Value /></gp:Property><gp:Property><gp:Key>File_Destination</gp:Key><gp:Value>C:\Schlumberger Horizon Data\GPIT-F_ABCD\Deliverable\Digital\DLIS\</gp:Value></gp:Property><gp:Property><gp:Key>File_Name</gp:Key><gp:Value>ConPr_R01_L001Up_SPE_HRLT_DSLT_HDRS_HGNS_GPIT.dlis</gp:Value></gp:Property><gp:Property><gp:Key>Index</gp:Key><gp:Value>Depth</gp:Value></gp:Property><gp:Property><gp:Key>Publish</gp:Key><gp:Value>No</gp:Value></gp:Property><gp:Property><gp:Key>Publisher</gp:Key><gp:Value /></gp:Property><gp:Property><gp:Key>LoadToRTDB</gp:Key><gp:Value>No</gp:Value></gp:Property><gp:Property><gp:Key>Update_In_Real_Time</gp:Key><gp:Value>No</gp:Value></gp:Property><gp:Property><gp:Key>_Top</gp:Key><gp:Value></gp:Value></gp:Property><gp:Property><gp:Key>Bottom</gp:Key><gp:Value></gp:Value></gp:Property><gp:Property><gp:Key>Start</gp:Key><gp:Value></gp:Value></gp:Property><gp:Property><gp:Key>Stop</gp:Key><gp:Value></gp:Value></gp:Property><gp:Property><gp:Key>Unit_System</gp:Key><gp:Value>Metric</gp:Value></gp:Property><gp:Property><gp:Key>DLIS_Compatibility</gp:Key><gp:Value>Hz Converted</gp:Value></gp:Property><gp:Property><gp:Key>Preferred_Source_Pass</gp:Key><gp:Value></gp:Value></gp:Property><gp:Property><gp:Key>Reduced_DLIS</gp:Key><gp:Value>No</gp:Value></gp:Property><gp:Property><gp:Key>Channel_Property</gp:Key><gp:Value /></gp:Property><gp:Property><gp:Key>Channel_Confliction</gp:Key><gp:Value>Include Duplicate Channel Names</gp:Value></gp:Property><gp:Property><gp:Key>HIDE</gp:Key><gp:Value /></gp:Property><gp:Property><gp:Key>HID1</gp:Key><gp:Value></gp:Value></gp:Property><gp:Property><gp:Key>HID2</gp:Key><gp:Value></gp:Value></gp:Property><gp:Property><gp:Key>OS1</gp:Key><gp:Value /></gp:Property><gp:Property><gp:Key>OS2</gp:Key><gp:Value /></gp:Property><gp:Property><gp:Key>OS3</gp:Key><gp:Value /></gp:Property><gp:Property><gp:Key>OS4</gp:Key><gp:Value /></gp:Property><gp:Property><gp:Key>OS5</gp:Key><gp:Value /></gp:Property><gp:PropertiesSnippetVersion>1.5</gp:PropertiesSnippetVersion></gp:Properties></gp:GraphicalFormat>
43194.1904130324,DeliverablesSetup,Deliverables - Digital,Create Publish Digital Deliverable,Click,ContextMenu,Create/Publish...,UIInteraction,ComponentName=Run 1  Log[1] Up [1];ComponentCode=Component_Template_Dlis;DelivTemplateGuid=389F3DE9-DD3A-42CD-91A8-5EC198FD9209;DelivTemplatePropertyData=<gp:GraphicalFormat xmlns:gp="urn:horizon:GraphicalProductCatalogSchema"><gp:Name>Template</gp:Name><gp:Component_Code>Component_Template_Dlis</gp:Component_Code><gp:Component_Format_Ref></gp:Component_Format_Ref><gp:Properties><gp:Property><gp:Key>Type</gp:Key><gp:Value>Dlis</gp:Value></gp:Property><gp:Property><gp:Key>DataAssignment_Type</gp:Key><gp:Value>Single Pass</gp:Value></gp:Property><gp:Property><gp:Key>CDDI_Availability</gp:Key><gp:Value>Producer</gp:Value></gp:Property><gp:Property><gp:Key>Data_Assignment</gp:Key><gp:Value>9AA8F79A-48FB-46A0-9D94-7F87EC2E7703</gp:Value></gp:Property><gp:Property><gp:Key>Proxy_Data_Assignment</gp:Key><gp:Value /></gp:Property><gp:Property><gp:Key>File_Destination</gp:Key><gp:Value>C:\DataValidation\GPIT-F_ABCD\History_Data\Dlis_GPIT-F_ABCD_9.0.100745.3100\</gp:Value></gp:Property><gp:Property><gp:Key>File_Name</gp:Key><gp:Value>ConPr_R01_L001Up_SPE_HRLT_DSLT_HDRS_HGNS_GPIT.dlis</gp:Value></gp:Property><gp:Property><gp:Key>Index</gp:Key><gp:Value>Depth</gp:Value></gp:Property><gp:Property><gp:Key>Publish</gp:Key><gp:Value>No</gp:Value></gp:Property><gp:Property><gp:Key>Publisher</gp:Key><gp:Value></gp:Value></gp:Property><gp:Property><gp:Key>LoadToRTDB</gp:Key><gp:Value>No</gp:Value></gp:Property><gp:Property><gp:Key>Update_In_Real_Time</gp:Key><gp:Value>No</gp:Value></gp:Property><gp:Property><gp:Key>_Top</gp:Key><gp:Value></gp:Value></gp:Property><gp:Property><gp:Key>Bottom</gp:Key><gp:Value></gp:Value></gp:Property><gp:Property><gp:Key>Start</gp:Key><gp:Value></gp:Value></gp:Property><gp:Property><gp:Key>Stop</gp:Key><gp:Value></gp:Value></gp:Property><gp:Property><gp:Key>Unit_System</gp:Key><gp:Value>Metric</gp:Value></gp:Property><gp:Property><gp:Key>DLIS_Compatibility</gp:Key><gp:Value>Hz Converted</gp:Value></gp:Property><gp:Property><gp:Key>Preferred_Source_Pass</gp:Key><gp:Value></gp:Value></gp:Property><gp:Property><gp:Key>Reduced_DLIS</gp:Key><gp:Value>No</gp:Value></gp:Property><gp:Property><gp:Key>Channel_Property</gp:Key><gp:Value /></gp:Property><gp:Property><gp:Key>Channel_Confliction</gp:Key><gp:Value>Include Duplicate Channel Names</gp:Value></gp:Property><gp:Property><gp:Key>HIDE</gp:Key><gp:Value /></gp:Property><gp:Property><gp:Key>HID1</gp:Key><gp:Value></gp:Value></gp:Property><gp:Property><gp:Key>HID2</gp:Key><gp:Value></gp:Value></gp:Property><gp:Property><gp:Key>OS1</gp:Key><gp:Value /></gp:Property><gp:Property><gp:Key>OS2</gp:Key><gp:Value /></gp:Property><gp:Property><gp:Key>OS3</gp:Key><gp:Value /></gp:Property><gp:Property><gp:Key>OS4</gp:Key><gp:Value /></gp:Property><gp:Property><gp:Key>OS5</gp:Key><gp:Value /></gp:Property><gp:PropertiesSnippetVersion>1.5</gp:PropertiesSnippetVersion></gp:Properties></gp:GraphicalFormat>
43194.191208831,DeliverablesSetup,UI Framework,Switch View,Click,ToolbarButton,Deliverables Setup View,UIInteraction,
43194.1914041435,DeliverablesSetup,UI Framework,Close Console,Click,Button,,UIInteraction,JobGuid=DCDAD661-CEAC-49B7-8E07-731AB8524232
43194.1914437037,DeliverablesSetup,UI Framework,OK to Close Deliverables Console Setup Console,Click,Button,OK,UIInteraction,
43194.191498287,,Console/Job Manager,Stop Job,Click,Button,Stop,UIInteraction,JobGuid=DCDAD661-CEAC-49B7-8E07-731AB8524232
