Time,Process,Component,Operation,Action,Control,ControlText,Category,Context
43194.1251668866,,Console/Job Manager,Start Job,Click,Button,Start,UIInteraction,JobName=StreamPDS;WellName=BGC Automation;ClientName=BGC;StartDate=4/4/2018 3:00 AM;Workflow=Wireline;Simulator=True;UnitSystem=Automation_test_unit;JobSize=0;State=Available;SideTrackId=0;SessionID=B104533D-AC95-410F-9113-6392AC20DF27;SortOrder=1;JobGUID=C04F8262-0B33-4C71-AB70-957CC0DD1DE1;WellGUID=BFA1CD78-630D-43FC-B3EA-F05A34D05EDD;BoreholeGUID=9ED90275-41BA-4647-94F3-27AF7C4A6C32;MachineName=HPV26-010;UserName=Engineer;UserDomainName=HPV26-010;OS=Microsoft Windows NT 6.1.7601 Service Pack 1;StartedJobCount=0;TimeZone=00:00:00;IPAddress_1=192.168.78.60;IPAddress_2=::1;MWVersion=9.0.100745.3100
43194.1257713426,,Console/Job Manager,Stop Job,Click,Button,Stop,UIInteraction,JobGuid=C04F8262-0B33-4C71-AB70-957CC0DD1DE1
43194.1259441898,,Console/Job Manager,Start Job,Click,Button,Start,UIInteraction,JobName=StreamPDS;WellName=BGC Automation;ClientName=BGC;StartDate=4/4/2018 3:00 AM;Workflow=Wireline;Simulator=True;UnitSystem=Automation_test_unit;RTBackupDir=C:\Autobackup;JobSize=0;State=Available;SideTrackId=0;SessionID=B104533D-AC95-410F-9113-6392AC20DF27;SortOrder=1;JobGUID=C04F8262-0B33-4C71-AB70-957CC0DD1DE1;WellGUID=BFA1CD78-630D-43FC-B3EA-F05A34D05EDD;BoreholeGUID=9ED90275-41BA-4647-94F3-27AF7C4A6C32;MachineName=HPV26-010;UserName=Engineer;UserDomainName=HPV26-010;OS=Microsoft Windows NT 6.1.7601 Service Pack 1;StartedJobCount=0;TimeZone=00:00:00;IPAddress_1=192.168.78.60;IPAddress_2=::1;MWVersion=9.0.100745.3100
43194.12602125,,Console/Job Manager,Start Setup Console,Click,Button,Start...,UIInteraction,JobGuid=C04F8262-0B33-4C71-AB70-957CC0DD1DE1
43194.126198912,Setup,Calibration,Select Calibration Report Type,Click,ComboBox,Technical Concise,UIInteraction,
43194.1262044792,Setup,UI Framework,Start Console,,,Setup - Job StreamPDS,UIAutomatic,
43194.1262643518,Setup,Run Manager (Internal),Start Run,Click,Button,Start,UIInteraction,RunGuid=0F2D21AD-1B27-4074-A662-772FA2A80360;ToolstringGuid=941B8DBE-E98B-4451-8D8F-A32DC7C8287E;DownholeEquipments=AIT-C:HDRS-B:HGNS-B:AH-184:AH-184:HDRS-B:HTBC-A:DTC-H:LEH-QT;TSLevelActiveSurfaceEquips=WAFE:TENSION_DEVICE:LOGGING_CABLE:DEPTH_DEVICE
43194.1263741782,Setup,Equipment,Activate Run,Click,Button,Activate,UIInteraction,ToolstringGuid=941B8DBE-E98B-4451-8D8F-A32DC7C8287E;DownholeEquipments=AIT-C:HDRS-B:HGNS-B:AH-184:AH-184:HDRS-B:HTBC-A:DTC-H:LEH-QT;TSLevelActiveSurfaceEquips=WAFE:TENSION_DEVICE:LOGGING_CABLE:DEPTH_DEVICE
43194.1265315625,Simulation,UI Framework,Start Console,,,Simulation Console - Job StreamPDS,UIAutomatic,
43194.1266303588,WLAcquisition,Calibration,Select Calibration Report Type,Click,ComboBox,Technical Concise,UIInteraction,
43194.1267026736,WLAcquisition,UI Framework,Start Console,,,Acquisition Console - Job StreamPDS - Run 1,UIAutomatic,
43194.1268405671,WLAcquisition,Data Acquiring - WL,Connect Hardware,Click,ToolbarButton,Connect to Hardware,UIInteraction,
43194.1269990625,WLAcquisition,Data Acquiring - WL,Start Dataflow,Click,ToolbarButton,Start Data Flow,UIInteraction,
43194.1270841435,WLAcquisition,Data Acquiring - WL,Enable Tool Power,Click,ToolbarButton,Enable Tool Power,UIInteraction,
43194.1287286458,,Console/Job Manager,Start Deliverables Console,Click,Button,Start...,UIInteraction,JobGuid=C04F8262-0B33-4C71-AB70-957CC0DD1DE1
43194.1288008449,DeliverablesSetup,Tier Manager,Tier Template Created for Tools in My Equipment,,,PEQL Tier Created,Deliverables Console,
43194.1288014352,DeliverablesSetup,Tier Manager,Tier Template Created for Tools in My Equipment,,,AIT-C Tier Created,Deliverables Console,
43194.1288015394,DeliverablesSetup,Tier Manager,Tier Template Created for Tools in My Equipment,,,HGNS-B Tier Created,Deliverables Console,
43194.1288016088,DeliverablesSetup,Tier Manager,Tier Template Created for Tools in My Equipment,,,HENVIR Tier Created,Deliverables Console,
43194.1288017014,DeliverablesSetup,Tier Manager,Tier Template Created for Tools in My Equipment,,,HTBC-A Tier Created,Deliverables Console,
43194.1288018866,DeliverablesSetup,Tier Manager,Tier Template Created for Tools in My Equipment,,,HDRS-B Tier Created,Deliverables Console,
43194.1288367824,DeliverablesSetup,UI Framework,Start Console,,,Deliverables Console Setup - Job StreamPDS,UIAutomatic,
43194.1289074884,DeliverablesSetup,Deliverables - Digital,Create New Template,Click,ContextMenu,New Template,UIInteraction,
43194.1290187153,DeliverablesSetup,Deliverables - Digital,Rename Component,Click,ContextMenu,Rename,UIInteraction,ComponentName=New Template;DelivTemplateGuid=9D7613E1-5D23-4FD2-83C2-261B93BDEC6D
43194.1290258449,DeliverablesSetup,Deliverables - Graphical,Rename Component,Input,TextBox,StreamPDS,UIInteraction,OldComponentName=New Template
43194.1291247222,DeliverablesSetup,Deliverables - Graphical,Add Catalog Format to Component,Click,ToolbarButton,Add to Component,UIInteraction,ComponentName=AIT Water Saturation Image Four;ComponentCode=Component_Log
43194.1292808681,DeliverablesSetup,Deliverables - Digital,Add Component to Template,Click,ContextMenu,StreamPDS,UIInteraction,ComponentCode=Component_Log
43194.1295044792,DeliverablesSetup,Deliverables - Graphical,Add Catalog Format to Component,Click,ToolbarButton,Add to Component,UIInteraction,ComponentName=PEX LQC HGNS;ComponentCode=Component_Log
43194.1296657407,DeliverablesSetup,Deliverables - Digital,Add Component to Template,Click,ContextMenu,StreamPDS,UIInteraction,ComponentCode=Component_Log
43194.1298810069,DeliverablesSetup,Deliverables - Graphical,Add Catalog Format to Component,Click,ToolbarButton,Add to Component,UIInteraction,ComponentName=PEX Nuclear StdRes;ComponentCode=Component_Log
43194.1300385185,DeliverablesSetup,Deliverables - Digital,Add Component to Template,Click,ContextMenu,StreamPDS,UIInteraction,ComponentCode=Component_Log
43194.1302578125,DeliverablesSetup,Deliverables - Graphical,Add Catalog Format to Component,Click,ToolbarButton,Add to Component,UIInteraction,ComponentName=AIT LQC;ComponentCode=Component_Log
43194.1304172338,DeliverablesSetup,Deliverables - Digital,Add Component to Template,Click,ContextMenu,StreamPDS,UIInteraction,ComponentCode=Component_Log
43194.1306346875,DeliverablesSetup,Deliverables - Graphical,Add Catalog Format to Component,Click,ToolbarButton,Add to Component,UIInteraction,ComponentName=AIT Log;ComponentCode=Component_Log
43194.1307944907,DeliverablesSetup,Deliverables - Digital,Add Component to Template,Click,ContextMenu,StreamPDS,UIInteraction,ComponentCode=Component_Log
43194.1310155093,DeliverablesSetup,Deliverables - Graphical,Add Catalog Format to Component,Click,ToolbarButton,Add to Component,UIInteraction,ComponentName=AIT Resistivity Image Four;ComponentCode=Component_Log
43194.131175162,DeliverablesSetup,Deliverables - Digital,Add Component to Template,Click,ContextMenu,StreamPDS,UIInteraction,ComponentCode=Component_Log
43194.131399838,DeliverablesSetup,Deliverables - Graphical,Add Catalog Format to Component,Click,ToolbarButton,Add to Component,UIInteraction,ComponentName=PEX+AIT LQC;ComponentCode=Component_Log
43194.1315622801,DeliverablesSetup,Deliverables - Digital,Add Component to Template,Click,ContextMenu,StreamPDS,UIInteraction,ComponentCode=Component_Log
43194.1317778588,DeliverablesSetup,Deliverables - Graphical,Add Catalog Format to Component,Click,ToolbarButton,Add to Component,UIInteraction,ComponentName=PEX+AIT Resistivity;ComponentCode=Component_Log
43194.1319389815,DeliverablesSetup,Deliverables - Digital,Add Component to Template,Click,ContextMenu,StreamPDS,UIInteraction,ComponentCode=Component_Log
43194.1321547801,DeliverablesSetup,Deliverables - Graphical,Add Catalog Format to Component,Click,ToolbarButton,Add to Component,UIInteraction,ComponentName=PEX LQC MCFL Hardware;ComponentCode=Component_Log
43194.1323157755,DeliverablesSetup,Deliverables - Digital,Add Component to Template,Click,ContextMenu,StreamPDS,UIInteraction,ComponentCode=Component_Log
43194.1325304167,DeliverablesSetup,Deliverables - Graphical,Add Catalog Format to Component,Click,ToolbarButton,Add to Component,UIInteraction,ComponentName=PEX LQC MCFL Processing;ComponentCode=Component_Log
43194.1327008333,DeliverablesSetup,Deliverables - Digital,Add Component to Template,Click,ContextMenu,StreamPDS,UIInteraction,ComponentCode=Component_Log
43194.132917037,DeliverablesSetup,Deliverables - Graphical,Add Catalog Format to Component,Click,ToolbarButton,Add to Component,UIInteraction,ComponentName=PEX MCFL Processing;ComponentCode=Component_Log
43194.133076875,DeliverablesSetup,Deliverables - Digital,Add Component to Template,Click,ContextMenu,StreamPDS,UIInteraction,ComponentCode=Component_Log
43194.1332995602,DeliverablesSetup,Deliverables - Graphical,Add Catalog Format to Component,Click,ToolbarButton,Add to Component,UIInteraction,ComponentName=AIT Hydrocarbon Saturation Image Four;ComponentCode=Component_Log
43194.1334601273,DeliverablesSetup,Deliverables - Digital,Add Component to Template,Click,ContextMenu,StreamPDS,UIInteraction,ComponentCode=Component_Log
43194.1336743866,DeliverablesSetup,Deliverables - Graphical,Add Catalog Format to Component,Click,ToolbarButton,Add to Component,UIInteraction,ComponentName=PEX LQC Density Hardware;ComponentCode=Component_Log
43194.1338363773,DeliverablesSetup,Deliverables - Digital,Add Component to Template,Click,ContextMenu,StreamPDS,UIInteraction,ComponentCode=Component_Log
43194.1340587269,DeliverablesSetup,Deliverables - Graphical,Add Catalog Format to Component,Click,ToolbarButton,Add to Component,UIInteraction,ComponentName=PEX LQC Density Processing;ComponentCode=Component_Log
43194.1342202546,DeliverablesSetup,Deliverables - Digital,Add Component to Template,Click,ContextMenu,StreamPDS,UIInteraction,ComponentCode=Component_Log
43194.1344537731,DeliverablesSetup,Deliverables - Digital,Add Template to Deliverable,Click,ContextMenu,Run 1,UIInteraction,ComponentName=StreamPDS;ComponentCode=Component_None
43194.1345891667,WLAcquisition,Depth Log/Station Planning,Perform Logging Task,RightClick,TreeView,Depth Log,UIInteraction,TaskName=Depth Log
43194.134603912,WLAcquisition,Depth Log/Station Planning,Perform Logging Task,Click,ContextMenu,Perform,UIInteraction,TaskName=Depth Log
43194.1353284375,WLAcquisition,Data Acquiring - WL,Start Depth Pass,Click,Button,Start,UIInteraction,PassGuid=2559B0DE-D28A-4084-8731-738FFC4047D6;Objective=Log;Direction=Up;Depth=1998.78442
43194.1356200926,DeliverablesSetup,Data Explorer,Click OK Button,Click,Button,OK,UIInteraction,Selection=Log[1]:Up____1998.78 (m)__StreamPDS_Up1
43194.1358269676,DeliverablesSetup,Data Explorer,Click OK Button,Click,Button,OK,UIInteraction,Selection=Log[1]:Up____1998.78 (m)__StreamPDS_Up1
43194.1360353357,DeliverablesSetup,Data Explorer,Click OK Button,Click,Button,OK,UIInteraction,Selection=Log[1]:Up____1998.78 (m)__StreamPDS_Up1
43194.1362413194,DeliverablesSetup,Data Explorer,Click OK Button,Click,Button,OK,UIInteraction,Selection=Log[1]:Up____1998.78 (m)__StreamPDS_Up1
43194.1364897454,DeliverablesSetup,Data Explorer,Click OK Button,Click,Button,OK,UIInteraction,Selection=Log[1]:Up____1998.78 (m)__StreamPDS_Up1
43194.1366933102,DeliverablesSetup,Data Explorer,Click OK Button,Click,Button,OK,UIInteraction,Selection=Log[1]:Up____1998.78 (m)__StreamPDS_Up1
43194.136898287,DeliverablesSetup,Data Explorer,Click OK Button,Click,Button,OK,UIInteraction,Selection=Log[1]:Up____1998.78 (m)__StreamPDS_Up1
43194.1371018171,DeliverablesSetup,Data Explorer,Click OK Button,Click,Button,OK,UIInteraction,Selection=Log[1]:Up____1998.78 (m)__StreamPDS_Up1
43194.1373058333,DeliverablesSetup,Data Explorer,Click OK Button,Click,Button,OK,UIInteraction,Selection=Log[1]:Up____1998.78 (m)__StreamPDS_Up1
43194.1375108449,DeliverablesSetup,Data Explorer,Click OK Button,Click,Button,OK,UIInteraction,Selection=Log[1]:Up____1998.78 (m)__StreamPDS_Up1
43194.1377147801,DeliverablesSetup,Data Explorer,Click OK Button,Click,Button,OK,UIInteraction,Selection=Log[1]:Up____1998.78 (m)__StreamPDS_Up1
43194.1379189005,DeliverablesSetup,Data Explorer,Click OK Button,Click,Button,OK,UIInteraction,Selection=Log[1]:Up____1998.78 (m)__StreamPDS_Up1
43194.1381246644,DeliverablesSetup,Data Explorer,Click OK Button,Click,Button,OK,UIInteraction,Selection=Log[1]:Up____1998.78 (m)__StreamPDS_Up1
43194.1383292824,DeliverablesSetup,Data Explorer,Click OK Button,Click,Button,OK,UIInteraction,Selection=Log[1]:Up____1998.78 (m)__StreamPDS_Up1
43194.1383388079,DeliverablesSetup,UI Framework,Switch View,Click,ToolbarButton,Deliverables Display View,UIInteraction,
43194.1386232755,DeliverablesSetup,Deliverables - Graphical,Stream PDS,Click,ContextMenu,Stream PDS,UIInteraction,ComponentName=Log ( AIT Water Saturation Image Four );ParentCode=Component_None;DelivTemplateGuid=737C72E5-B7C8-4EC0-8DC5-D76C99D05B32
43194.1390426852,DeliverablesSetup,Deliverables - Graphical,Stream PDS,Click,ContextMenu,Stream PDS,UIInteraction,ComponentName=Log ( PEX LQC HGNS );ParentCode=Component_None;DelivTemplateGuid=34DB66E3-3B06-4B09-BBA9-AE46E6D1EA72
43194.1394151505,DeliverablesSetup,Deliverables - Graphical,Stream PDS,Click,ContextMenu,Stream PDS,UIInteraction,ComponentName=Log ( PEX Nuclear StdRes );ParentCode=Component_None;DelivTemplateGuid=C95A1FDA-7D01-43BA-8235-30CF7BEC3D11
43194.1398140278,DeliverablesSetup,Deliverables - Graphical,Stream PDS,Click,ContextMenu,Stream PDS,UIInteraction,ComponentName=Log ( AIT LQC );ParentCode=Component_None;DelivTemplateGuid=926D23AA-526A-4056-9134-375A37F5DBAD
43194.1402012847,DeliverablesSetup,Deliverables - Graphical,Stream PDS,Click,ContextMenu,Stream PDS,UIInteraction,ComponentName=Log ( AIT Log );ParentCode=Component_None;DelivTemplateGuid=3FF05F8F-B0FA-4D0F-B306-765601EF49A1
43194.1405954167,DeliverablesSetup,Deliverables - Graphical,Stream PDS,Click,ContextMenu,Stream PDS,UIInteraction,ComponentName=Log ( AIT Resistivity Image Four );ParentCode=Component_None;DelivTemplateGuid=F86DF091-B75D-4170-86A6-665F516809E4
43194.1409901389,DeliverablesSetup,Deliverables - Graphical,Stream PDS,Click,ContextMenu,Stream PDS,UIInteraction,ComponentName=Log ( PEX+AIT LQC );ParentCode=Component_None;DelivTemplateGuid=6A2466F0-47E5-4DB6-ABB1-176C8DE1733C
43194.1413814583,DeliverablesSetup,Deliverables - Graphical,Stream PDS,Click,ContextMenu,Stream PDS,UIInteraction,ComponentName=Log ( PEX+AIT Resistivity );ParentCode=Component_None;DelivTemplateGuid=00A966CB-E427-437E-B703-314B8E34C078
43194.141789294,DeliverablesSetup,Deliverables - Graphical,Stream PDS,Click,ContextMenu,Stream PDS,UIInteraction,ComponentName=Log ( PEX LQC MCFL Hardware );ParentCode=Component_None;DelivTemplateGuid=A6102A78-CE08-4A2E-A80C-4F9A4D27BFB7
43194.1421721065,DeliverablesSetup,Deliverables - Graphical,Stream PDS,Click,ContextMenu,Stream PDS,UIInteraction,ComponentName=Log ( PEX LQC MCFL Processing );ParentCode=Component_None;DelivTemplateGuid=1550F8B0-DA54-41E4-B27D-215A3DB0FD1F
43194.1425662153,DeliverablesSetup,Deliverables - Graphical,Stream PDS,Click,ContextMenu,Stream PDS,UIInteraction,ComponentName=Log ( PEX MCFL Processing );ParentCode=Component_None;DelivTemplateGuid=A66E99CE-5376-40A4-BAD0-2E08BF9BD7C9
43194.1429704514,DeliverablesSetup,Deliverables - Graphical,Stream PDS,Click,ContextMenu,Stream PDS,UIInteraction,ComponentName=Log ( AIT Hydrocarbon Saturation Image Four );ParentCode=Component_None;DelivTemplateGuid=273CE769-9FFF-4C8A-B2E1-08475A5D469B
43194.1433715972,DeliverablesSetup,Deliverables - Graphical,Stream PDS,Click,ContextMenu,Stream PDS,UIInteraction,ComponentName=Log ( PEX LQC Density Hardware );ParentCode=Component_None;DelivTemplateGuid=D2568A9C-7F28-492E-835D-090CCEFA5E91
43194.1437783796,DeliverablesSetup,Deliverables - Graphical,Stream PDS,Click,ContextMenu,Stream PDS,UIInteraction,ComponentName=Log ( PEX LQC Density Processing );ParentCode=Component_None;DelivTemplateGuid=77EB27C9-7E0B-4E3E-8C9D-F4848B061753
43194.14760375,DeliverablesSetup,Deliverables - Graphical,Stream PDS,Click,ContextMenu,Stream PDS,UIInteraction,ComponentName=Log ( AIT Water Saturation Image Four );ParentCode=Component_None;DelivTemplateGuid=737C72E5-B7C8-4EC0-8DC5-D76C99D05B32
43194.148023669,DeliverablesSetup,Deliverables - Graphical,Stream PDS,Click,ContextMenu,Stream PDS,UIInteraction,ComponentName=Log ( PEX LQC HGNS );ParentCode=Component_None;DelivTemplateGuid=34DB66E3-3B06-4B09-BBA9-AE46E6D1EA72
43194.1483984375,DeliverablesSetup,Deliverables - Graphical,Stream PDS,Click,ContextMenu,Stream PDS,UIInteraction,ComponentName=Log ( PEX Nuclear StdRes );ParentCode=Component_None;DelivTemplateGuid=C95A1FDA-7D01-43BA-8235-30CF7BEC3D11
43194.1487869907,DeliverablesSetup,Deliverables - Graphical,Stream PDS,Click,ContextMenu,Stream PDS,UIInteraction,ComponentName=Log ( AIT LQC );ParentCode=Component_None;DelivTemplateGuid=926D23AA-526A-4056-9134-375A37F5DBAD
43194.1491626273,DeliverablesSetup,Deliverables - Graphical,Stream PDS,Click,ContextMenu,Stream PDS,UIInteraction,ComponentName=Log ( AIT Log );ParentCode=Component_None;DelivTemplateGuid=3FF05F8F-B0FA-4D0F-B306-765601EF49A1
43194.149563588,DeliverablesSetup,Deliverables - Graphical,Stream PDS,Click,ContextMenu,Stream PDS,UIInteraction,ComponentName=Log ( AIT Resistivity Image Four );ParentCode=Component_None;DelivTemplateGuid=F86DF091-B75D-4170-86A6-665F516809E4
43194.1499457407,DeliverablesSetup,Deliverables - Graphical,Stream PDS,Click,ContextMenu,Stream PDS,UIInteraction,ComponentName=Log ( PEX+AIT LQC );ParentCode=Component_None;DelivTemplateGuid=6A2466F0-47E5-4DB6-ABB1-176C8DE1733C
43194.1503296991,DeliverablesSetup,Deliverables - Graphical,Stream PDS,Click,ContextMenu,Stream PDS,UIInteraction,ComponentName=Log ( PEX+AIT Resistivity );ParentCode=Component_None;DelivTemplateGuid=00A966CB-E427-437E-B703-314B8E34C078
43194.150727419,DeliverablesSetup,Deliverables - Graphical,Stream PDS,Click,ContextMenu,Stream PDS,UIInteraction,ComponentName=Log ( PEX LQC MCFL Hardware );ParentCode=Component_None;DelivTemplateGuid=A6102A78-CE08-4A2E-A80C-4F9A4D27BFB7
43194.1511314815,DeliverablesSetup,Deliverables - Graphical,Stream PDS,Click,ContextMenu,Stream PDS,UIInteraction,ComponentName=Log ( PEX LQC MCFL Processing );ParentCode=Component_None;DelivTemplateGuid=1550F8B0-DA54-41E4-B27D-215A3DB0FD1F
43194.1515482986,DeliverablesSetup,Deliverables - Graphical,Stream PDS,Click,ContextMenu,Stream PDS,UIInteraction,ComponentName=Log ( PEX MCFL Processing );ParentCode=Component_None;DelivTemplateGuid=A66E99CE-5376-40A4-BAD0-2E08BF9BD7C9
43194.1519517361,DeliverablesSetup,Deliverables - Graphical,Stream PDS,Click,ContextMenu,Stream PDS,UIInteraction,ComponentName=Log ( AIT Hydrocarbon Saturation Image Four );ParentCode=Component_None;DelivTemplateGuid=273CE769-9FFF-4C8A-B2E1-08475A5D469B
43194.1523463657,DeliverablesSetup,Deliverables - Graphical,Stream PDS,Click,ContextMenu,Stream PDS,UIInteraction,ComponentName=Log ( PEX LQC Density Hardware );ParentCode=Component_None;DelivTemplateGuid=D2568A9C-7F28-492E-835D-090CCEFA5E91
43194.1527529051,DeliverablesSetup,Deliverables - Graphical,Stream PDS,Click,ContextMenu,Stream PDS,UIInteraction,ComponentName=Log ( PEX LQC Density Processing );ParentCode=Component_None;DelivTemplateGuid=77EB27C9-7E0B-4E3E-8C9D-F4848B061753
43194.156620706,DeliverablesSetup,Deliverables - Graphical,Stream PDS,Click,ContextMenu,Stream PDS,UIInteraction,ComponentName=Log ( AIT Water Saturation Image Four );ParentCode=Component_None;DelivTemplateGuid=737C72E5-B7C8-4EC0-8DC5-D76C99D05B32
43194.1570341782,DeliverablesSetup,Deliverables - Graphical,Stream PDS,Click,ContextMenu,Stream PDS,UIInteraction,ComponentName=Log ( PEX LQC HGNS );ParentCode=Component_None;DelivTemplateGuid=34DB66E3-3B06-4B09-BBA9-AE46E6D1EA72
43194.1574346181,DeliverablesSetup,Deliverables - Graphical,Stream PDS,Click,ContextMenu,Stream PDS,UIInteraction,ComponentName=Log ( PEX Nuclear StdRes );ParentCode=Component_None;DelivTemplateGuid=C95A1FDA-7D01-43BA-8235-30CF7BEC3D11
43194.1578230903,DeliverablesSetup,Deliverables - Graphical,Stream PDS,Click,ContextMenu,Stream PDS,UIInteraction,ComponentName=Log ( AIT LQC );ParentCode=Component_None;DelivTemplateGuid=926D23AA-526A-4056-9134-375A37F5DBAD
43194.1582114699,DeliverablesSetup,Deliverables - Graphical,Stream PDS,Click,ContextMenu,Stream PDS,UIInteraction,ComponentName=Log ( AIT Log );ParentCode=Component_None;DelivTemplateGuid=3FF05F8F-B0FA-4D0F-B306-765601EF49A1
43194.1585922569,DeliverablesSetup,Deliverables - Graphical,Stream PDS,Click,ContextMenu,Stream PDS,UIInteraction,ComponentName=Log ( AIT Resistivity Image Four );ParentCode=Component_None;DelivTemplateGuid=F86DF091-B75D-4170-86A6-665F516809E4
43194.1589747917,DeliverablesSetup,Deliverables - Graphical,Stream PDS,Click,ContextMenu,Stream PDS,UIInteraction,ComponentName=Log ( PEX+AIT LQC );ParentCode=Component_None;DelivTemplateGuid=6A2466F0-47E5-4DB6-ABB1-176C8DE1733C
43194.1593716319,DeliverablesSetup,Deliverables - Graphical,Stream PDS,Click,ContextMenu,Stream PDS,UIInteraction,ComponentName=Log ( PEX+AIT Resistivity );ParentCode=Component_None;DelivTemplateGuid=00A966CB-E427-437E-B703-314B8E34C078
43194.1597560301,DeliverablesSetup,Deliverables - Graphical,Stream PDS,Click,ContextMenu,Stream PDS,UIInteraction,ComponentName=Log ( PEX LQC MCFL Hardware );ParentCode=Component_None;DelivTemplateGuid=A6102A78-CE08-4A2E-A80C-4F9A4D27BFB7
43194.1601523727,DeliverablesSetup,Deliverables - Graphical,Stream PDS,Click,ContextMenu,Stream PDS,UIInteraction,ComponentName=Log ( PEX LQC MCFL Processing );ParentCode=Component_None;DelivTemplateGuid=1550F8B0-DA54-41E4-B27D-215A3DB0FD1F
43194.1605579977,DeliverablesSetup,Deliverables - Graphical,Stream PDS,Click,ContextMenu,Stream PDS,UIInteraction,ComponentName=Log ( PEX MCFL Processing );ParentCode=Component_None;DelivTemplateGuid=A66E99CE-5376-40A4-BAD0-2E08BF9BD7C9
43194.1609646065,DeliverablesSetup,Deliverables - Graphical,Stream PDS,Click,ContextMenu,Stream PDS,UIInteraction,ComponentName=Log ( AIT Hydrocarbon Saturation Image Four );ParentCode=Component_None;DelivTemplateGuid=273CE769-9FFF-4C8A-B2E1-08475A5D469B
43194.1613612616,DeliverablesSetup,Deliverables - Graphical,Stream PDS,Click,ContextMenu,Stream PDS,UIInteraction,ComponentName=Log ( PEX LQC Density Hardware );ParentCode=Component_None;DelivTemplateGuid=D2568A9C-7F28-492E-835D-090CCEFA5E91
43194.1617680208,DeliverablesSetup,Deliverables - Graphical,Stream PDS,Click,ContextMenu,Stream PDS,UIInteraction,ComponentName=Log ( PEX LQC Density Processing );ParentCode=Component_None;DelivTemplateGuid=77EB27C9-7E0B-4E3E-8C9D-F4848B061753
43194.1656334606,DeliverablesSetup,Deliverables - Graphical,Stream PDS,Click,ContextMenu,Stream PDS,UIInteraction,ComponentName=Log ( PEX LQC HGNS );ParentCode=Component_None;DelivTemplateGuid=34DB66E3-3B06-4B09-BBA9-AE46E6D1EA72
43194.1658077778,WLAcquisition,Data Acquiring - WL,Unlock Pass,Click,ToolbarButton,Click to Unlock Stop Button,UIInteraction,
43194.1659173727,WLAcquisition,Data Acquiring - WL,Stop Depth Pass,Click,Button,Stop,UIInteraction,PassGuid=2559B0DE-D28A-4084-8731-738FFC4047D6;Depth=1931.8351
43194.1662154282,DeliverablesSetup,Deliverables - Graphical,Stream PDS,Click,ContextMenu,Stream PDS,UIInteraction,ComponentName=Log ( PEX LQC HGNS );ParentCode=Component_None;DelivTemplateGuid=34DB66E3-3B06-4B09-BBA9-AE46E6D1EA72
43194.1662525463,WLAcquisition,Data Acquiring - WL,Unlock 3 Buttons,Click,ToolbarButton,Unlock,UIInteraction,
43194.1662549653,WLAcquisition,Data Acquiring - WL,Disable Tool Power,Click,ToolbarButton,Disable Tool Power,UIInteraction,
43194.1663579051,WLAcquisition,Data Acquiring - WL,Stop Dataflow,Click,ToolbarButton,Stop Data Flow,UIInteraction,
43194.1664695833,WLAcquisition,Data Acquiring - WL,Disconnect Hardware,Click,ToolbarButton,Disconnect From Hardware,UIInteraction,
43194.1665697107,Setup,Run Manager (Internal),Stop Run,Click,Button,Stop,UIInteraction,RunGuid=0F2D21AD-1B27-4074-A662-772FA2A80360
43194.1666128241,Setup,Run Manager (Internal),Confirm to Stop Run,Click,Button,OK,UIInteraction,RunGuid=0F2D21AD-1B27-4074-A662-772FA2A80360
43194.1666843519,Simulation,UI Framework,Close Console,Click,Button,,UIInteraction,JobGuid=C04F8262-0B33-4C71-AB70-957CC0DD1DE1
43194.1667968403,DeliverablesSetup,UI Framework,Close Console,Click,Button,,UIInteraction,JobGuid=C04F8262-0B33-4C71-AB70-957CC0DD1DE1
43194.1668112037,DeliverablesSetup,UI Framework,OK to Close Deliverables - Display Console,Click,Button,OK,UIInteraction,
43194.1668917245,,Console/Job Manager,Stop Setup Console,Click,Button,Stop,UIInteraction,JobGuid=C04F8262-0B33-4C71-AB70-957CC0DD1DE1
43194.1669761458,,Console/Job Manager,Stop Job,Click,Button,Stop,UIInteraction,JobGuid=C04F8262-0B33-4C71-AB70-957CC0DD1DE1
