Time,Process,Component,Operation,Action,Control,ControlText,Category,Context
43194.1719138542,,Console/Job Manager,Start Job,Click,Button,Start,UIInteraction,JobName=CMRT-B-EPM;WellName=BGC;ClientName=BGC;StartDate=4/4/2018 4:07 AM;Workflow=Wireline;Simulator=False;UnitSystem=CNPC_PEX_Unit;JobSize=0;State=Available;SideTrackId=0;SessionID=49CEB7B7-F32D-4F23-BBCF-F5AB2CBB6D19;SortOrder=1;JobGUID=A6B68E60-65B4-4C66-B83C-692E509F0A65;WellGUID=B121FD4C-A5B7-43E0-9CEE-77A23709B327;BoreholeGUID=50C0EC41-1EEC-46E1-A519-8E93B3E646AC;MachineName=HPV11-016;UserName=Engineer;UserDomainName=HPV11-016;OS=Microsoft Windows NT 6.1.7601 Service Pack 1;StartedJobCount=0;TimeZone=00:00:00;IPAddress_1=192.168.178.22;IPAddress_2=::1;MWVersion=9.0.100745.3100
43194.173431713,,Console/Job Manager,Stop Job,Click,Button,Stop,UIInteraction,JobGuid=A6B68E60-65B4-4C66-B83C-692E509F0A65
43194.1736101042,,Console/Job Manager,Start Job,Click,Button,Start,UIInteraction,JobName=CMRT-B-EPM;WellName=BGC;ClientName=BGC;StartDate=4/4/2018 4:07 AM;Workflow=Wireline;Simulator=False;UnitSystem=CNPC_PEX_Unit;RTBackupDir=C:\Autobackup;JobSize=36.9;State=Available;SideTrackId=0;SessionID=49CEB7B7-F32D-4F23-BBCF-F5AB2CBB6D19;SortOrder=1;JobGUID=A6B68E60-65B4-4C66-B83C-692E509F0A65;WellGUID=B121FD4C-A5B7-43E0-9CEE-77A23709B327;BoreholeGUID=50C0EC41-1EEC-46E1-A519-8E93B3E646AC;MachineName=HPV11-016;UserName=Engineer;UserDomainName=HPV11-016;OS=Microsoft Windows NT 6.1.7601 Service Pack 1;StartedJobCount=0;TimeZone=00:00:00;IPAddress_1=192.168.178.22;IPAddress_2=::1;MWVersion=9.0.100745.3100
43194.17373125,,Console/Job Manager,Start Deliverables Console,Click,Button,Start...,UIInteraction,JobGuid=A6B68E60-65B4-4C66-B83C-692E509F0A65
43194.1738525579,DeliverablesSetup,Tier Manager,Tier Template Created for Tools in My Equipment,,,HGNS-H Tier Created,Deliverables Console,
43194.1738515625,DeliverablesSetup,Tier Manager,Tier Template Created for Tools in My Equipment,,,PEQL Tier Created,Deliverables Console,
43194.1738528704,DeliverablesSetup,Tier Manager,Tier Template Created for Tools in My Equipment,,,CMRT-B Tier Created,Deliverables Console,
43194.1738533796,DeliverablesSetup,Tier Manager,Tier Template Created for Tools in My Equipment,,,HDRS-H Tier Created,Deliverables Console,
43194.1738536343,DeliverablesSetup,Tier Manager,Tier Template Created for Tools in My Equipment,,,ZAIT-E Tier Created,Deliverables Console,
43194.1738526505,DeliverablesSetup,Tier Manager,Tier Template Created for Tools in My Equipment,,,HENVIR Tier Created,Deliverables Console,
43194.173853831,DeliverablesSetup,Tier Manager,Tier Template Created for Tools in My Equipment,,,AIT-H Tier Created,Deliverables Console,
43194.1740157639,DeliverablesSetup,Computation / Recomputation,ProcessRecomputeState,,,,UIAutomatic,JobGuid=A6B68E60-65B4-4C66-B83C-692E509F0A65;State=UIS_RECOMPUTATION_STATE_IN_PROGRESS;Scope=JobScope;RecompPercentageComplete=49.6403452804382;MultipleRunsAffected=False;ActiveRunAffected=False;ActiveRunInProgress=False;RunCount=1;Run0Change0=DataImport;Run0Guid=FFF804AC-7895-42D5-A1C0-8297AD8BE23C
43194.1740211921,DeliverablesSetup,UI Framework,Start Console,,,Deliverables Console Setup - Job CMRT-B-EPM,UIAutomatic,
43194.1742182523,DeliverablesSetup,Computation / Recomputation,ProcessRecomputeState,,,,UIAutomatic,JobGuid=A6B68E60-65B4-4C66-B83C-692E509F0A65;State=UIS_RECOMPUTATION_STATE_SUCCEEDED;Scope=JobScope;RecompPercentageComplete=;MultipleRunsAffected=False;ActiveRunAffected=False;ActiveRunInProgress=False;RunCount=1;Run0Change0=DataImport;Run0Guid=FFF804AC-7895-42D5-A1C0-8297AD8BE23C
43194.1744603704,DeliverablesSetup,Deliverables - Digital,Delete Template,Click,ContextMenu,Delete,UIInteraction,ComponentName=LAS Standard;ComponentCode=Component_Template_Las;DelivTemplateGuid=4DB5F22A-165F-4729-B336-69BD867A6836
43194.1745537037,DeliverablesSetup,Deliverables - Digital,Delete Template,Click,ContextMenu,Delete,UIInteraction,ComponentName=Caliper;ComponentCode=Component_Template_Las;DelivTemplateGuid=311FEB52-3AE1-45A0-BC6C-7AA25ECC15A8
43194.1746458449,DeliverablesSetup,Deliverables - Digital,Delete Template,Click,ContextMenu,Delete,UIInteraction,ComponentName=New Template;ComponentCode=Component_Template_Las;DelivTemplateGuid=BB9B0523-5650-403A-9E2D-8834771B3AC6
43194.1747383565,DeliverablesSetup,Deliverables - Digital,Delete Template,Click,ContextMenu,Delete,UIInteraction,ComponentName=Repeat;ComponentCode=Component_Template_Las;DelivTemplateGuid=7BC88DA6-F5F8-4E38-A537-8E750E3D2499
43194.1748337384,DeliverablesSetup,Deliverables - Digital,Delete Template,Click,ContextMenu,Delete,UIInteraction,ComponentName=OH;ComponentCode=Component_Template_Las;DelivTemplateGuid=1AFC0814-D43E-4656-AC9B-CBAB398B68A0
43194.1749258796,DeliverablesSetup,Deliverables - Digital,Delete Template,Click,ContextMenu,Delete,UIInteraction,ComponentName=RP;ComponentCode=Component_Template_Las;DelivTemplateGuid=CAE697E7-4DE1-443F-BDB9-CCD53C13077D
43194.1750220602,DeliverablesSetup,Deliverables - Digital,Delete Template,Click,ContextMenu,Delete,UIInteraction,ComponentName=DIR;ComponentCode=Component_Template_Las;DelivTemplateGuid=3B5AD7B1-22DD-4C51-A056-D068C8783AAA
43194.175113206,DeliverablesSetup,Deliverables - Digital,Delete Template,Click,ContextMenu,Delete,UIInteraction,ComponentName=MHD;ComponentCode=Component_Template_Las;DelivTemplateGuid=E1B75B4D-700F-42C7-AEBF-E62B2507B095
43194.1752098032,DeliverablesSetup,Deliverables - Digital,Delete Template,Click,ContextMenu,Delete,UIInteraction,ComponentName=CH;ComponentCode=Component_Template_Las;DelivTemplateGuid=2D11538D-A814-4D86-8265-F69927424AB3
43194.1753010995,DeliverablesSetup,Deliverables - Digital,Delete Template,Click,ContextMenu,Delete,UIInteraction,ComponentName=DLIS Standard;ComponentCode=Component_Template_Dlis;DelivTemplateGuid=5F920211-7F06-4AA7-9CB1-D0428168191A
43194.1753540625,DeliverablesSetup,Deliverables - Digital,Add Digital Template,Click,ContextMenu,DLIS,UIInteraction,
43194.1753749306,DeliverablesSetup,Deliverables - Graphical,Add Catalog Format to Template,Click,ToolbarButton,Add to Template,UIInteraction,ComponentName=DLIS Standard;ComponentCode=Component_StandardDlis_Format
43194.1753820486,DeliverablesSetup,Deliverables - Graphical,Add Catalog Format to Template,Click,ContextMenu,New Template,UIInteraction,ComponentName=DLIS Standard;ComponentCode=Component_StandardDlis_Format
43194.1754635648,DeliverablesSetup,Deliverables - Digital,Add Template to Deliverable,Click,ContextMenu,Job,UIInteraction,ComponentName=DLIS Standard;ComponentCode=Component_Template_Dlis
43194.1757815972,DeliverablesSetup,Deliverables - Digital,Change Digital Properties,Click,ComboBox,CDDI_Availability,UIInteraction,DeliverableType=DLIS;ChangedProperty=CDDI_Availability;OldValue=Customer;NewValue=Producer
43194.1757816088,DeliverablesSetup,Deliverables - Digital,Change Property,Click,CDDIAvailabilityConverter,CDDI_Availability,UIInteraction,NewValue=Producer;OldValue=Customer
43194.1760554051,DeliverablesSetup,Data Explorer,Change Current Focused Item,,,,UIAutomatic,EntityName=Run 1;EntityType=16;EntityGuid=FFF804AC-7895-42D5-A1C0-8297AD8BE23C
43194.1760675231,DeliverablesSetup,Data Explorer,Click OK Button,Click,Button,OK,UIInteraction,Selection=Log[3]:Up____1328.70 (m)_1208.96 (m)_
43194.1760687847,DeliverablesSetup,Deliverables - Digital,Change Digital Properties,Click,ComboBox,Data_Assignment,UIInteraction,DeliverableType=DLIS;ChangedProperty=Data_Assignment;OldValue={ Not Set };NewValue=S2R1: Log[3]:Up
43194.1760687963,DeliverablesSetup,Deliverables - Digital,Change Property,Click,TypeConverter,Data_Assignment,UIInteraction,NewValue=S2R1: Log[3]:Up;OldValue={ Not Set }
43194.176195,DeliverablesSetup,UI Framework,Switch View,Click,ToolbarButton,Deliverables Display View,UIInteraction,
43194.176313831,DeliverablesSetup,Deliverables - Digital,Create Publish Digital Deliverable,Click,ContextMenu,Create/Publish...,UIInteraction,ComponentName=S2R1  Log[3] Up [2];ComponentCode=Component_Template_Dlis;DelivTemplateGuid=2B615703-AEB2-45C7-B5F8-6E8FFC051338;DelivTemplatePropertyData=<gp:GraphicalFormat xmlns:gp="urn:horizon:GraphicalProductCatalogSchema"><gp:Name>Template</gp:Name><gp:Component_Code>Component_Template_Dlis</gp:Component_Code><gp:Component_Format_Ref></gp:Component_Format_Ref><gp:Properties><gp:Property><gp:Key>Type</gp:Key><gp:Value>Dlis</gp:Value></gp:Property><gp:Property><gp:Key>DataAssignment_Type</gp:Key><gp:Value>Single Pass</gp:Value></gp:Property><gp:Property><gp:Key>CDDI_Availability</gp:Key><gp:Value>Producer</gp:Value></gp:Property><gp:Property><gp:Key>Data_Assignment</gp:Key><gp:Value>AD4A7C37-0079-4A53-AE65-3CF7934B54FB</gp:Value></gp:Property><gp:Property><gp:Key>Proxy_Data_Assignment</gp:Key><gp:Value /></gp:Property><gp:Property><gp:Key>File_Destination</gp:Key><gp:Value>C:\Schlumberger Horizon Data\CMRT-B-EPM\Deliverable\Digital\DLIS\</gp:Value></gp:Property><gp:Property><gp:Key>File_Name</gp:Key><gp:Value>ConPr_R01_L003Up_CMRT_ECS_LDSC_HGNS.dlis</gp:Value></gp:Property><gp:Property><gp:Key>Index</gp:Key><gp:Value>Depth</gp:Value></gp:Property><gp:Property><gp:Key>Publish</gp:Key><gp:Value>No</gp:Value></gp:Property><gp:Property><gp:Key>Publisher</gp:Key><gp:Value /></gp:Property><gp:Property><gp:Key>LoadToRTDB</gp:Key><gp:Value>No</gp:Value></gp:Property><gp:Property><gp:Key>Update_In_Real_Time</gp:Key><gp:Value>No</gp:Value></gp:Property><gp:Property><gp:Key>_Top</gp:Key><gp:Value></gp:Value></gp:Property><gp:Property><gp:Key>Bottom</gp:Key><gp:Value></gp:Value></gp:Property><gp:Property><gp:Key>Start</gp:Key><gp:Value></gp:Value></gp:Property><gp:Property><gp:Key>Stop</gp:Key><gp:Value></gp:Value></gp:Property><gp:Property><gp:Key>Unit_System</gp:Key><gp:Value>CNPC_PEX_Unit</gp:Value></gp:Property><gp:Property><gp:Key>DLIS_Compatibility</gp:Key><gp:Value>Hz Converted</gp:Value></gp:Property><gp:Property><gp:Key>Preferred_Source_Pass</gp:Key><gp:Value></gp:Value></gp:Property><gp:Property><gp:Key>Reduced_DLIS</gp:Key><gp:Value>No</gp:Value></gp:Property><gp:Property><gp:Key>Channel_Property</gp:Key><gp:Value /></gp:Property><gp:Property><gp:Key>Channel_Confliction</gp:Key><gp:Value>Include Duplicate Channel Names</gp:Value></gp:Property><gp:Property><gp:Key>HIDE</gp:Key><gp:Value /></gp:Property><gp:Property><gp:Key>HID1</gp:Key><gp:Value></gp:Value></gp:Property><gp:Property><gp:Key>HID2</gp:Key><gp:Value></gp:Value></gp:Property><gp:Property><gp:Key>OS1</gp:Key><gp:Value /></gp:Property><gp:Property><gp:Key>OS2</gp:Key><gp:Value /></gp:Property><gp:Property><gp:Key>OS3</gp:Key><gp:Value /></gp:Property><gp:Property><gp:Key>OS4</gp:Key><gp:Value /></gp:Property><gp:Property><gp:Key>OS5</gp:Key><gp:Value /></gp:Property><gp:PropertiesSnippetVersion>1.5</gp:PropertiesSnippetVersion></gp:Properties></gp:GraphicalFormat>
43194.1763448843,DeliverablesSetup,Deliverables - Digital,Create Publish Digital Deliverable,Click,ContextMenu,Create/Publish...,UIInteraction,ComponentName=S2R1  Log[3] Up [2];ComponentCode=Component_Template_Dlis;DelivTemplateGuid=2B615703-AEB2-45C7-B5F8-6E8FFC051338;DelivTemplatePropertyData=<gp:GraphicalFormat xmlns:gp="urn:horizon:GraphicalProductCatalogSchema"><gp:Name>Template</gp:Name><gp:Component_Code>Component_Template_Dlis</gp:Component_Code><gp:Component_Format_Ref></gp:Component_Format_Ref><gp:Properties><gp:Property><gp:Key>Type</gp:Key><gp:Value>Dlis</gp:Value></gp:Property><gp:Property><gp:Key>DataAssignment_Type</gp:Key><gp:Value>Single Pass</gp:Value></gp:Property><gp:Property><gp:Key>CDDI_Availability</gp:Key><gp:Value>Producer</gp:Value></gp:Property><gp:Property><gp:Key>Data_Assignment</gp:Key><gp:Value>AD4A7C37-0079-4A53-AE65-3CF7934B54FB</gp:Value></gp:Property><gp:Property><gp:Key>Proxy_Data_Assignment</gp:Key><gp:Value /></gp:Property><gp:Property><gp:Key>File_Destination</gp:Key><gp:Value>C:\DataValidation\CMRT-B-EPM\History_Data\Dlis_CMRT-B-EPM_9.0.100745.3100\</gp:Value></gp:Property><gp:Property><gp:Key>File_Name</gp:Key><gp:Value>ConPr_R01_L003Up_CMRT_ECS_LDSC_HGNS.dlis</gp:Value></gp:Property><gp:Property><gp:Key>Index</gp:Key><gp:Value>Depth</gp:Value></gp:Property><gp:Property><gp:Key>Publish</gp:Key><gp:Value>No</gp:Value></gp:Property><gp:Property><gp:Key>Publisher</gp:Key><gp:Value></gp:Value></gp:Property><gp:Property><gp:Key>LoadToRTDB</gp:Key><gp:Value>No</gp:Value></gp:Property><gp:Property><gp:Key>Update_In_Real_Time</gp:Key><gp:Value>No</gp:Value></gp:Property><gp:Property><gp:Key>_Top</gp:Key><gp:Value></gp:Value></gp:Property><gp:Property><gp:Key>Bottom</gp:Key><gp:Value></gp:Value></gp:Property><gp:Property><gp:Key>Start</gp:Key><gp:Value></gp:Value></gp:Property><gp:Property><gp:Key>Stop</gp:Key><gp:Value></gp:Value></gp:Property><gp:Property><gp:Key>Unit_System</gp:Key><gp:Value>CNPC_PEX_Unit</gp:Value></gp:Property><gp:Property><gp:Key>DLIS_Compatibility</gp:Key><gp:Value>Hz Converted</gp:Value></gp:Property><gp:Property><gp:Key>Preferred_Source_Pass</gp:Key><gp:Value></gp:Value></gp:Property><gp:Property><gp:Key>Reduced_DLIS</gp:Key><gp:Value>No</gp:Value></gp:Property><gp:Property><gp:Key>Channel_Property</gp:Key><gp:Value /></gp:Property><gp:Property><gp:Key>Channel_Confliction</gp:Key><gp:Value>Include Duplicate Channel Names</gp:Value></gp:Property><gp:Property><gp:Key>HIDE</gp:Key><gp:Value /></gp:Property><gp:Property><gp:Key>HID1</gp:Key><gp:Value></gp:Value></gp:Property><gp:Property><gp:Key>HID2</gp:Key><gp:Value></gp:Value></gp:Property><gp:Property><gp:Key>OS1</gp:Key><gp:Value /></gp:Property><gp:Property><gp:Key>OS2</gp:Key><gp:Value /></gp:Property><gp:Property><gp:Key>OS3</gp:Key><gp:Value /></gp:Property><gp:Property><gp:Key>OS4</gp:Key><gp:Value /></gp:Property><gp:Property><gp:Key>OS5</gp:Key><gp:Value /></gp:Property><gp:PropertiesSnippetVersion>1.5</gp:PropertiesSnippetVersion></gp:Properties></gp:GraphicalFormat>
43194.1770534375,DeliverablesSetup,UI Framework,Switch View,Click,ToolbarButton,Deliverables Setup View,UIInteraction,
43194.1772440857,DeliverablesSetup,UI Framework,Close Console,Click,Button,,UIInteraction,JobGuid=A6B68E60-65B4-4C66-B83C-692E509F0A65
43194.1772792708,DeliverablesSetup,UI Framework,OK to Close Deliverables Console Setup Console,Click,Button,OK,UIInteraction,
43194.1773321759,,Console/Job Manager,Stop Job,Click,Button,Stop,UIInteraction,JobGuid=A6B68E60-65B4-4C66-B83C-692E509F0A65
