43194.0068018519,,UI Framework,Initialize Maxwell Manager Process Name,,,Initialize Maxwell Manager Process Name,,
43194.0068187731,,UI Framework,Start Console,,,Maxwell Manager,UIAutomatic,MachineName=HPV21-004;UserName=Engineer;UserDomainName=HPV21-004;OS=Microsoft Windows NT 6.1.7601 Service Pack 1;TimeZone=00:00:00;IPAddress_1=192.168.178.12;IPAddress_2=::1;MWVersion=9.0.100742.3100
43194.007056088,,Console/Job Manager,Import Job Archive,Click,ContextMenu,Create Import,UIInteraction,
43194.0070625694,,Import/Export & Backup/Restore,Select file to import,Click,Button,...,UIInteraction,
43194.0070690741,,Import/Export & Backup/Restore,OK to select file,,,,UIAutomatic,FilePath=\\srv004bgc.dir.slb.com\MaxwellAT\TestData\TestData\Phase3\JobArchive\DnM_SWF_MP3_ACQ.Dlis
43194.007120463,,Import/Export & Backup/Restore,Start Import,Click,Button,Import,UIInteraction,FilePath=\\srv004bgc.dir.slb.com\MaxwellAT\TestData\TestData\Phase3\JobArchive\DnM_SWF_MP3_ACQ.Dlis
43194.0077613773,,Import/Export & Backup/Restore,Close Import UI,Click,Button,Close,UIInteraction,
43194.0078953009,,Console/Job Manager,Select Auto Backup Folder,Click,ComboBox,C:\AutoBackup,UIInteraction,
