43193.675083669,,Console/Job Manager,Input Job Name,Input,TextBox,CMRT-DTC,UIInteraction,
43193.6751296528,,Console/Job Manager,Input Well Name,Input,TextBox,BGC,UIInteraction,
43193.6751739699,,Console/Job Manager,Input Client Name,Input,TextBox,BGCAT,UIInteraction,
43193.6752243403,,Console/Job Manager,Select Workflow,Click,ComboBox,Wireline,UIInteraction,
43193.6752639583,,Console/Job Manager,Check Simulator,Click,CheckBox,Simulator,UIInteraction,CheckState=True
43193.6754385417,,Console/Job Manager,Select Auto Backup Folder,Click,ComboBox,C:\Autobackup,UIInteraction,
43193.6785031944,,UI Framework,Close Console,Click,Button,,UIInteraction,
43193.6811320139,,UI Framework,Initialize Maxwell Manager Process Name,,,Initialize Maxwell Manager Process Name,,
43193.6811505787,,UI Framework,Start Console,,,Maxwell Manager,UIAutomatic,MachineName=HPV01-012;UserName=Engineer;UserDomainName=HPV01-012;OS=Microsoft Windows NT 6.1.7601 Service Pack 1;TimeZone=00:00:00;IPAddress_1=192.168.78.120;IPAddress_2=::1;MWVersion=9.0.100732.3100
43193.6813863773,,Console/Job Manager,Import Job Archive,Click,ContextMenu,Create Import,UIInteraction,
43193.6813939005,,Import/Export & Backup/Restore,Select file to import,Click,Button,...,UIInteraction,
43193.6814155093,,Import/Export & Backup/Restore,OK to select file,,,,UIAutomatic,FilePath=\\srv004bgc.dir.slb.com\MaxwellAT\TestData\TestData\Phase3\JobArchive\WL_SWF_CMRT_Setup.Dlis
43193.6814770139,,Import/Export & Backup/Restore,Start Import,Click,Button,Import,UIInteraction,FilePath=\\srv004bgc.dir.slb.com\MaxwellAT\TestData\TestData\Phase3\JobArchive\WL_SWF_CMRT_Setup.Dlis
43193.6818140278,,Import/Export & Backup/Restore,Close Import UI,Click,Button,Close,UIInteraction,
43193.6819464468,,Console/Job Manager,Select Auto Backup Folder,Click,ComboBox,C:\Autobackup,UIInteraction,
43193.6838588889,,UI Framework,Switch Tab,Click,Tab,Job: CMRT-DTC,UIInteraction,
43193.769817662,,UI Framework,Switch Tab,Click,Tab,Messages: Job Independent,UIInteraction,
43193.7698220255,,UI Framework,Close Console,Click,Button,,UIInteraction,
