43193.9040090394,,UI Framework,Initialize Maxwell Manager Process Name,,,Initialize Maxwell Manager Process Name,,
43193.9040255787,,UI Framework,Start Console,,,Maxwell Manager,UIAutomatic,MachineName=HPV04-012;UserName=Engineer;UserDomainName=HPV04-012;OS=Microsoft Windows NT 6.1.7601 Service Pack 1;TimeZone=00:00:00;IPAddress_1=192.168.78.217;IPAddress_2=::1;MWVersion=9.0.100733.3100
43193.9042622917,,Console/Job Manager,Import Job Archive,Click,ContextMenu,Create Import,UIInteraction,
43193.9042683681,,Import/Export & Backup/Restore,Select file to import,Click,Button,...,UIInteraction,
43193.904275787,,Import/Export & Backup/Restore,OK to select file,,,,UIAutomatic,FilePath=\\srv004bgc.dir.slb.com\MaxwellAT\TestData\TestData\Phase3\JobArchive\DnM_SWF_MP3_DC.Dlis
43193.9043343519,,Import/Export & Backup/Restore,Start Import,Click,Button,Import,UIInteraction,FilePath=\\srv004bgc.dir.slb.com\MaxwellAT\TestData\TestData\Phase3\JobArchive\DnM_SWF_MP3_DC.Dlis
43193.905324456,,Import/Export & Backup/Restore,Close Import UI,Click,Button,Close,UIInteraction,
43193.9054608333,,Console/Job Manager,Select Auto Backup Folder,Click,ComboBox,C:\AutoBackup,UIInteraction,
43193.9431633912,,UI Framework,Close Console,Click,Button,,UIInteraction,
