43194.1749299768,,Console/Job Manager,Import Job Archive,Click,ContextMenu,Create Import,UIInteraction,
43194.1749383333,,Import/Export & Backup/Restore,Select file to import,Click,Button,...,UIInteraction,
43194.1749530903,,Import/Export & Backup/Restore,OK to select file,,,,UIAutomatic,FilePath=C:\DataValidation\DSLT-H-CBL\DSLT-H_CBL_3.0.9501.1001_JA.Dlis
43194.1750230208,,Import/Export & Backup/Restore,Start Import,Click,Button,Import,UIInteraction,FilePath=C:\DataValidation\DSLT-H-CBL\DSLT-H_CBL_3.0.9501.1001_JA.Dlis
43194.1762766204,,Import/Export & Backup/Restore,Close Import UI,Click,Button,Close,UIInteraction,
43194.1764292824,,Console/Job Manager,Select Auto Backup Folder,Click,ComboBox,C:\Autobackup,UIInteraction,
43194.1835167245,,UI Framework,Close Console,Click,Button,,UIInteraction,
43194.186639456,,UI Framework,Initialize Maxwell Manager Process Name,,,Initialize Maxwell Manager Process Name,,
43194.1866594792,,UI Framework,Start Console,,,Maxwell Manager,UIAutomatic,MachineName=HPV05-015;UserName=Engineer;UserDomainName=HPV05-015;OS=Microsoft Windows NT 6.1.7601 Service Pack 1;TimeZone=00:00:00;IPAddress_1=192.168.78.191;IPAddress_2=::1;MWVersion=9.0.100745.3100
43194.1868943866,,Console/Job Manager,Import Job Archive,Click,ContextMenu,Create Import,UIInteraction,
43194.1869072685,,Import/Export & Backup/Restore,OK to select file,,,,UIAutomatic,FilePath=C:\DataValidation\HDRS-B\HDRS-B_Normal_3.0.9606.1011_RA.dlis
43194.1869012731,,Import/Export & Backup/Restore,Select file to import,Click,Button,...,UIInteraction,
43194.1869791898,,Import/Export & Backup/Restore,Start Import,Click,Button,Import,UIInteraction,FilePath=C:\DataValidation\HDRS-B\HDRS-B_Normal_3.0.9606.1011_RA.dlis
43194.1883802546,,Import/Export & Backup/Restore,Close Import UI,Click,Button,Close,UIInteraction,
43194.1885163657,,Console/Job Manager,Select Auto Backup Folder,Click,ComboBox,C:\Autobackup,UIInteraction,
43194.1971092593,,UI Framework,Close Console,Click,Button,,UIInteraction,
43194.2034403935,,UI Framework,Initialize Maxwell Manager Process Name,,,Initialize Maxwell Manager Process Name,,
43194.203458125,,UI Framework,Start Console,,,Maxwell Manager,UIAutomatic,MachineName=HPV05-015;UserName=Engineer;UserDomainName=HPV05-015;OS=Microsoft Windows NT 6.1.7601 Service Pack 1;TimeZone=00:00:00;IPAddress_1=192.168.78.191;IPAddress_2=::1;MWVersion=9.0.100745.3100
43194.2037029745,,Import/Export & Backup/Restore,Select file to import,Click,Button,...,UIInteraction,
43194.2036958681,,Console/Job Manager,Import Job Archive,Click,ContextMenu,Create Import,UIInteraction,
43194.2037090278,,Import/Export & Backup/Restore,OK to select file,,,,UIAutomatic,FilePath=C:\DataValidation\MAST-B-RAM\MAST-B-RAM_Normal_5.0.13105_JA.Dlis
43194.2037879745,,Import/Export & Backup/Restore,Start Import,Click,Button,Import,UIInteraction,FilePath=C:\DataValidation\MAST-B-RAM\MAST-B-RAM_Normal_5.0.13105_JA.Dlis
43194.2056537037,,Import/Export & Backup/Restore,Close Import UI,Click,Button,Close,UIInteraction,
43194.205787581,,Console/Job Manager,Select Auto Backup Folder,Click,ComboBox,C:\Autobackup,UIInteraction,
43194.2098351968,,UI Framework,Close Console,Click,Button,,UIInteraction,
43194.2157257176,,UI Framework,Initialize Maxwell Manager Process Name,,,Initialize Maxwell Manager Process Name,,
43194.215745,,UI Framework,Start Console,,,Maxwell Manager,UIAutomatic,MachineName=HPV05-015;UserName=Engineer;UserDomainName=HPV05-015;OS=Microsoft Windows NT 6.1.7601 Service Pack 1;TimeZone=00:00:00;IPAddress_1=192.168.78.191;IPAddress_2=::1;MWVersion=9.0.100745.3100
43194.2159690741,,Console/Job Manager,New Job,Click,Button,New,UIInteraction,
43194.2159848148,,Console/Job Manager,Input Job Name,Input,TextBox,WXT_CNTK,UIInteraction,
43194.2160279051,,Console/Job Manager,Input Well Name,Input,TextBox,HFE,UIInteraction,
43194.2160722106,,Console/Job Manager,Input Client Name,Input,TextBox,BGCAT,UIInteraction,
43194.2161639468,,Console/Job Manager,Check Simulator,Click,CheckBox,Simulator,UIInteraction,CheckState=True
43194.21638125,,Console/Job Manager,Select Auto Backup Folder,Click,ComboBox,C:\Autobackup,UIInteraction,
43194.2205608912,,UI Framework,Close Console,Click,Button,,UIInteraction,
