Time,Process,Component,Operation,Action,Control,ControlText,Category,Context
43194.203793669,,Console/Job Manager,Start Job,Click,Button,Start,UIInteraction,JobName=MAST-B-RAM;WellName=BGC;ClientName=BGC;StartDate=4/4/2018 4:53 AM;Workflow=Wireline;Simulator=False;UnitSystem=mitsunabe;JobSize=0;State=Available;SideTrackId=0;SessionID=C7ED9442-CF2F-4788-A3E6-F06A89E648CC;SortOrder=1;JobGUID=F8B07B6D-C254-47AA-B99A-870B3CA1D603;WellGUID=6B3041B5-EEC0-4D55-9BB5-5D5713A9E3BE;BoreholeGUID=972BF163-69EB-4C70-A000-3BC3C0C86871;MachineName=HPV05-015;UserName=Engineer;UserDomainName=HPV05-015;OS=Microsoft Windows NT 6.1.7601 Service Pack 1;StartedJobCount=0;TimeZone=00:00:00;IPAddress_1=192.168.78.191;IPAddress_2=::1;MWVersion=9.0.100745.3100
43194.2056384606,,Console/Job Manager,Stop Job,Click,Button,Stop,UIInteraction,JobGuid=F8B07B6D-C254-47AA-B99A-870B3CA1D603
43194.2057962963,,Console/Job Manager,Start Job,Click,Button,Start,UIInteraction,JobName=MAST-B-RAM;WellName=BGC;ClientName=BGC;StartDate=4/4/2018 4:53 AM;Workflow=Wireline;Simulator=False;UnitSystem=mitsunabe;RTBackupDir=C:\Autobackup;JobSize=1821.4;State=Available;SideTrackId=0;SessionID=C7ED9442-CF2F-4788-A3E6-F06A89E648CC;SortOrder=1;JobGUID=F8B07B6D-C254-47AA-B99A-870B3CA1D603;WellGUID=6B3041B5-EEC0-4D55-9BB5-5D5713A9E3BE;BoreholeGUID=972BF163-69EB-4C70-A000-3BC3C0C86871;MachineName=HPV05-015;UserName=Engineer;UserDomainName=HPV05-015;OS=Microsoft Windows NT 6.1.7601 Service Pack 1;StartedJobCount=0;TimeZone=00:00:00;IPAddress_1=192.168.78.191;IPAddress_2=::1;MWVersion=9.0.100745.3100
43194.2059620486,,Console/Job Manager,Start Deliverables Console,Click,Button,Start...,UIInteraction,JobGuid=F8B07B6D-C254-47AA-B99A-870B3CA1D603
43194.206095787,DeliverablesSetup,Tier Manager,Tier Template Created for Tools in My Equipment,,,LEH-QT Tier Created,Deliverables Console,
43194.2060960069,DeliverablesSetup,Tier Manager,Tier Template Created for Tools in My Equipment,,,PPC-B Tier Created,Deliverables Console,
43194.2060959028,DeliverablesSetup,Tier Manager,Tier Template Created for Tools in My Equipment,,,EDTC-B Tier Created,Deliverables Console,
43194.2060960995,DeliverablesSetup,Tier Manager,Tier Template Created for Tools in My Equipment,,,MAST-B Tier Created,Deliverables Console,
43194.2060965625,DeliverablesSetup,Tier Manager,Tier Template Created for Tools in My Equipment,,,CAL-YA Tier Created,Deliverables Console,
43194.2061043056,DeliverablesSetup,Computation / Recomputation,ProcessRecomputeState,,,,UIAutomatic,JobGuid=F8B07B6D-C254-47AA-B99A-870B3CA1D603;State=UIS_RECOMPUTATION_STATE_IN_PROGRESS;Scope=JobScope;RecompPercentageComplete=2.0615346745701;MultipleRunsAffected=False;ActiveRunAffected=False;ActiveRunInProgress=False;RunCount=1;Run0Change0=DataImport;Run0Guid=0D4EA051-5A95-42B6-940E-88A5461F76CD
43194.2061065162,DeliverablesSetup,UI Framework,Start Console,,,Deliverables Console Setup - Job MAST-B-RAM,UIAutomatic,
43194.2075009722,DeliverablesSetup,Computation / Recomputation,ProcessRecomputeState,,,,UIAutomatic,JobGuid=F8B07B6D-C254-47AA-B99A-870B3CA1D603;State=UIS_RECOMPUTATION_STATE_SUCCEEDED;Scope=JobScope;RecompPercentageComplete=;MultipleRunsAffected=False;ActiveRunAffected=False;ActiveRunInProgress=False;RunCount=1;Run0Change0=DataImport;Run0Guid=0D4EA051-5A95-42B6-940E-88A5461F76CD
43194.207733831,DeliverablesSetup,Deliverables - Digital,Delete Template,Click,ContextMenu,Delete,UIInteraction,ComponentName=DLIS Standard;ComponentCode=Component_Template_Dlis;DelivTemplateGuid=DED269EC-605E-4C92-B9E0-C23136F3C434
43194.207784294,DeliverablesSetup,Deliverables - Digital,Add Digital Template,Click,ContextMenu,DLIS,UIInteraction,
43194.207811713,DeliverablesSetup,Deliverables - Graphical,Add Catalog Format to Template,Click,ToolbarButton,Add to Template,UIInteraction,ComponentName=DLIS Standard;ComponentCode=Component_StandardDlis_Format
43194.2078188194,DeliverablesSetup,Deliverables - Graphical,Add Catalog Format to Template,Click,ContextMenu,New Template,UIInteraction,ComponentName=DLIS Standard;ComponentCode=Component_StandardDlis_Format
43194.2078968519,DeliverablesSetup,Deliverables - Digital,Add Template to Deliverable,Click,ContextMenu,Job,UIInteraction,ComponentName=DLIS Standard;ComponentCode=Component_Template_Dlis
43194.2081934606,DeliverablesSetup,Deliverables - Digital,Change Digital Properties,Click,ComboBox,CDDI_Availability,UIInteraction,DeliverableType=DLIS;ChangedProperty=CDDI_Availability;OldValue=Customer;NewValue=Producer
43194.2081934838,DeliverablesSetup,Deliverables - Digital,Change Property,Click,CDDIAvailabilityConverter,CDDI_Availability,UIInteraction,NewValue=Producer;OldValue=Customer
43194.2084715278,DeliverablesSetup,Data Explorer,Change Current Focused Item,,,,UIAutomatic,EntityName=Run 1;EntityType=16;EntityGuid=0D4EA051-5A95-42B6-940E-88A5461F76CD
43194.208483831,DeliverablesSetup,Data Explorer,Click OK Button,Click,Button,OK,UIInteraction,Selection=Log[4]:Up____125.05 (m)_67.46 (m)_
43194.2084847222,DeliverablesSetup,Deliverables - Digital,Change Digital Properties,Click,ComboBox,Data_Assignment,UIInteraction,DeliverableType=DLIS;ChangedProperty=Data_Assignment;OldValue={ Not Set };NewValue=MASTBA8490: Log[4]:Up
43194.2084847338,DeliverablesSetup,Deliverables - Digital,Change Property,Click,TypeConverter,Data_Assignment,UIInteraction,NewValue=MASTBA8490: Log[4]:Up;OldValue={ Not Set }
43194.2086119792,DeliverablesSetup,UI Framework,Switch View,Click,ToolbarButton,Deliverables Display View,UIInteraction,
43194.2087302778,DeliverablesSetup,Deliverables - Digital,Create Publish Digital Deliverable,Click,ContextMenu,Create/Publish...,UIInteraction,ComponentName=MASTBA8490  Log[4] Up [1];ComponentCode=Component_Template_Dlis;DelivTemplateGuid=70B458B0-CDE8-428A-9202-7B28A0CC3E18;DelivTemplatePropertyData=<gp:GraphicalFormat xmlns:gp="urn:horizon:GraphicalProductCatalogSchema"><gp:Name>Template</gp:Name><gp:Component_Code>Component_Template_Dlis</gp:Component_Code><gp:Component_Format_Ref></gp:Component_Format_Ref><gp:Properties><gp:Property><gp:Key>Type</gp:Key><gp:Value>Dlis</gp:Value></gp:Property><gp:Property><gp:Key>DataAssignment_Type</gp:Key><gp:Value>Single Pass</gp:Value></gp:Property><gp:Property><gp:Key>CDDI_Availability</gp:Key><gp:Value>Producer</gp:Value></gp:Property><gp:Property><gp:Key>Data_Assignment</gp:Key><gp:Value>684250D1-E62E-4E80-8266-2F7B4BDAC7D4</gp:Value></gp:Property><gp:Property><gp:Key>Proxy_Data_Assignment</gp:Key><gp:Value /></gp:Property><gp:Property><gp:Key>File_Destination</gp:Key><gp:Value>C:\Schlumberger Horizon Data\MAST-B-RAM\Deliverable\Digital\DLIS\</gp:Value></gp:Property><gp:Property><gp:Key>File_Name</gp:Key><gp:Value>ConPr_R01_L004Up_CAL_PPC_MAST.dlis</gp:Value></gp:Property><gp:Property><gp:Key>Index</gp:Key><gp:Value>Depth</gp:Value></gp:Property><gp:Property><gp:Key>Publish</gp:Key><gp:Value>No</gp:Value></gp:Property><gp:Property><gp:Key>Publisher</gp:Key><gp:Value /></gp:Property><gp:Property><gp:Key>LoadToRTDB</gp:Key><gp:Value>No</gp:Value></gp:Property><gp:Property><gp:Key>Update_In_Real_Time</gp:Key><gp:Value>No</gp:Value></gp:Property><gp:Property><gp:Key>_Top</gp:Key><gp:Value></gp:Value></gp:Property><gp:Property><gp:Key>Bottom</gp:Key><gp:Value></gp:Value></gp:Property><gp:Property><gp:Key>Start</gp:Key><gp:Value></gp:Value></gp:Property><gp:Property><gp:Key>Stop</gp:Key><gp:Value></gp:Value></gp:Property><gp:Property><gp:Key>Unit_System</gp:Key><gp:Value>mitsunabe</gp:Value></gp:Property><gp:Property><gp:Key>DLIS_Compatibility</gp:Key><gp:Value>Hz Converted</gp:Value></gp:Property><gp:Property><gp:Key>Preferred_Source_Pass</gp:Key><gp:Value></gp:Value></gp:Property><gp:Property><gp:Key>Reduced_DLIS</gp:Key><gp:Value>No</gp:Value></gp:Property><gp:Property><gp:Key>Channel_Property</gp:Key><gp:Value /></gp:Property><gp:Property><gp:Key>Channel_Confliction</gp:Key><gp:Value>Include Duplicate Channel Names</gp:Value></gp:Property><gp:Property><gp:Key>HIDE</gp:Key><gp:Value /></gp:Property><gp:Property><gp:Key>HID1</gp:Key><gp:Value></gp:Value></gp:Property><gp:Property><gp:Key>HID2</gp:Key><gp:Value></gp:Value></gp:Property><gp:Property><gp:Key>OS1</gp:Key><gp:Value /></gp:Property><gp:Property><gp:Key>OS2</gp:Key><gp:Value /></gp:Property><gp:Property><gp:Key>OS3</gp:Key><gp:Value /></gp:Property><gp:Property><gp:Key>OS4</gp:Key><gp:Value /></gp:Property><gp:Property><gp:Key>OS5</gp:Key><gp:Value /></gp:Property><gp:PropertiesSnippetVersion>1.5</gp:PropertiesSnippetVersion></gp:Properties></gp:GraphicalFormat>
43194.208764919,DeliverablesSetup,Deliverables - Digital,Create Publish Digital Deliverable,Click,ContextMenu,Create/Publish...,UIInteraction,ComponentName=MASTBA8490  Log[4] Up [1];ComponentCode=Component_Template_Dlis;DelivTemplateGuid=70B458B0-CDE8-428A-9202-7B28A0CC3E18;DelivTemplatePropertyData=<gp:GraphicalFormat xmlns:gp="urn:horizon:GraphicalProductCatalogSchema"><gp:Name>Template</gp:Name><gp:Component_Code>Component_Template_Dlis</gp:Component_Code><gp:Component_Format_Ref></gp:Component_Format_Ref><gp:Properties><gp:Property><gp:Key>Type</gp:Key><gp:Value>Dlis</gp:Value></gp:Property><gp:Property><gp:Key>DataAssignment_Type</gp:Key><gp:Value>Single Pass</gp:Value></gp:Property><gp:Property><gp:Key>CDDI_Availability</gp:Key><gp:Value>Producer</gp:Value></gp:Property><gp:Property><gp:Key>Data_Assignment</gp:Key><gp:Value>684250D1-E62E-4E80-8266-2F7B4BDAC7D4</gp:Value></gp:Property><gp:Property><gp:Key>Proxy_Data_Assignment</gp:Key><gp:Value /></gp:Property><gp:Property><gp:Key>File_Destination</gp:Key><gp:Value>C:\DataValidation\MAST-B-RAM\History_Data\Dlis_MAST-B-RAM_9.0.100745.3100\</gp:Value></gp:Property><gp:Property><gp:Key>File_Name</gp:Key><gp:Value>ConPr_R01_L004Up_CAL_PPC_MAST.dlis</gp:Value></gp:Property><gp:Property><gp:Key>Index</gp:Key><gp:Value>Depth</gp:Value></gp:Property><gp:Property><gp:Key>Publish</gp:Key><gp:Value>No</gp:Value></gp:Property><gp:Property><gp:Key>Publisher</gp:Key><gp:Value></gp:Value></gp:Property><gp:Property><gp:Key>LoadToRTDB</gp:Key><gp:Value>No</gp:Value></gp:Property><gp:Property><gp:Key>Update_In_Real_Time</gp:Key><gp:Value>No</gp:Value></gp:Property><gp:Property><gp:Key>_Top</gp:Key><gp:Value></gp:Value></gp:Property><gp:Property><gp:Key>Bottom</gp:Key><gp:Value></gp:Value></gp:Property><gp:Property><gp:Key>Start</gp:Key><gp:Value></gp:Value></gp:Property><gp:Property><gp:Key>Stop</gp:Key><gp:Value></gp:Value></gp:Property><gp:Property><gp:Key>Unit_System</gp:Key><gp:Value>mitsunabe</gp:Value></gp:Property><gp:Property><gp:Key>DLIS_Compatibility</gp:Key><gp:Value>Hz Converted</gp:Value></gp:Property><gp:Property><gp:Key>Preferred_Source_Pass</gp:Key><gp:Value></gp:Value></gp:Property><gp:Property><gp:Key>Reduced_DLIS</gp:Key><gp:Value>No</gp:Value></gp:Property><gp:Property><gp:Key>Channel_Property</gp:Key><gp:Value /></gp:Property><gp:Property><gp:Key>Channel_Confliction</gp:Key><gp:Value>Include Duplicate Channel Names</gp:Value></gp:Property><gp:Property><gp:Key>HIDE</gp:Key><gp:Value /></gp:Property><gp:Property><gp:Key>HID1</gp:Key><gp:Value></gp:Value></gp:Property><gp:Property><gp:Key>HID2</gp:Key><gp:Value></gp:Value></gp:Property><gp:Property><gp:Key>OS1</gp:Key><gp:Value /></gp:Property><gp:Property><gp:Key>OS2</gp:Key><gp:Value /></gp:Property><gp:Property><gp:Key>OS3</gp:Key><gp:Value /></gp:Property><gp:Property><gp:Key>OS4</gp:Key><gp:Value /></gp:Property><gp:Property><gp:Key>OS5</gp:Key><gp:Value /></gp:Property><gp:PropertiesSnippetVersion>1.5</gp:PropertiesSnippetVersion></gp:Properties></gp:GraphicalFormat>
43194.2095487616,DeliverablesSetup,UI Framework,Switch View,Click,ToolbarButton,Deliverables Setup View,UIInteraction,
43194.2097357407,DeliverablesSetup,UI Framework,Close Console,Click,Button,,UIInteraction,JobGuid=F8B07B6D-C254-47AA-B99A-870B3CA1D603
43194.209771331,DeliverablesSetup,UI Framework,OK to Close Deliverables Console Setup Console,Click,Button,OK,UIInteraction,
43194.2098240972,,Console/Job Manager,Stop Job,Click,Button,Stop,UIInteraction,JobGuid=F8B07B6D-C254-47AA-B99A-870B3CA1D603
