Time,Process,Component,Operation,Action,Control,ControlText,Category,Context
43194.1791024306,,UI Framework,Initialize Maxwell Manager Process Name,,,Initialize Maxwell Manager Process Name,,
43194.1791467824,,UI Framework,Start Console,,,Maxwell Manager,UIAutomatic,MachineName=HPV02-003;UserName=Engineer;UserDomainName=HPV02-003;OS=Microsoft Windows NT 6.1.7601 Service Pack 1;TimeZone=00:00:00;IPAddress_1=192.168.78.99;IPAddress_2=::1;MWVersion=9.0.100745.3100
43194.1792033565,,Console/Job Manager,New Job,Click,Button,New,UIInteraction,
43194.1792227199,,Console/Job Manager,Input Job Name,Input,TextBox,TC_XTRA-B_N3,UIInteraction,
