Time,Process,Component,Operation,Action,Control,ControlText,Category,Context
43194.1998755208,,Console/Job Manager,Start Job,Click,Button,Start,UIInteraction,JobName=Dynamic_WXTDUL;WellName=TC2 WXT dul;ClientName=BGCAT;StartDate=4/4/2018 4:47 AM;Workflow=Wireline;Simulator=True;UnitSystem=English;RTBackupDir=C:\Autobackup;JobSize=0;State=Available;SideTrackId=0;SessionID=1A596478-4F13-4705-BD1D-28CDD5F6DDF5;SortOrder=1;JobGUID=C2CC9E59-6936-41CA-9A1A-98444046A413;WellGUID=6FC7FD82-F00C-4357-8392-566D37F6B96D;BoreholeGUID=6650362C-1C7A-447F-AB25-3B16F3FFFE6D;MachineName=HPV11-015;UserName=Engineer;UserDomainName=HPV11-015;OS=Microsoft Windows NT 6.1.7601 Service Pack 1;StartedJobCount=0;TimeZone=00:00:00;IPAddress_1=192.168.178.18;IPAddress_2=::1;MWVersion=9.0.100745.3100
43194.1999731597,,Console/Job Manager,Start Setup Console,Click,Button,Start...,UIInteraction,JobGuid=C2CC9E59-6936-41CA-9A1A-98444046A413
43194.200038287,Setup,Calibration,Select Calibration Report Type,Click,ComboBox,Technical Concise,UIInteraction,
43194.2001227083,Setup,UI Framework,Start Console,,,Setup - Job Dynamic_WXTDUL,UIAutomatic,
43194.2001624306,Setup,Equipment,New ToolString,Click,ToolbarButton,New ToolString,UIInteraction,ToolstringName=New ToolString;ToolstringGuid=24601500-2B3E-4B33-B90D-3AF3748EF411
43194.2002025463,Setup,Equipment,Rename ToolString,Input,TextBox,WXT_TC2_Upper,UIInteraction,ToolstringGuid=24601500-2B3E-4B33-B90D-3AF3748EF411
43194.2002141204,Setup,Equipment,Filter Equipment in Catalog,Input,TextBox,,UIInteraction,Text=OBMT-B
43194.2002144097,Setup,Equipment,Filter Equipment in Catalog,Input,TextBox,,UIInteraction,Text=OBMT-B
43194.2002198264,Setup,Equipment,Add Equipment from Catalog to ToolString,Click,ToolbarButton,Add to ToolString,UIInteraction,EquipmentName=OBMT-B
43194.2002351042,Setup,Equipment,Filter Equipment in Catalog,Input,TextBox,,UIInteraction,Text=AH-255(+45D)
43194.2002352315,Setup,Equipment,Filter Equipment in Catalog,Input,TextBox,,UIInteraction,Text=AH-255(+45D)
43194.20024,Setup,Equipment,Add Equipment from Catalog to ToolString,Click,ToolbarButton,Add to ToolString,UIInteraction,EquipmentName=AH-255(+45D)
43194.200242037,Setup,Equipment,Filter Equipment in Catalog,Input,TextBox,,UIInteraction,Text=OBMT-B
43194.2002421643,Setup,Equipment,Filter Equipment in Catalog,Input,TextBox,,UIInteraction,Text=OBMT-B
43194.2002481481,Setup,Equipment,Add Equipment from Catalog to ToolString,Click,ToolbarButton,Add to ToolString,UIInteraction,EquipmentName=OBMT-B
43194.2002548958,Setup,Equipment,Filter Equipment in Catalog,Input,TextBox,,UIInteraction,Text=GPIT-C
43194.2002549884,Setup,Equipment,Filter Equipment in Catalog,Input,TextBox,,UIInteraction,Text=GPIT-C
43194.2002593287,Setup,Equipment,Add Equipment from Catalog to ToolString,Click,ToolbarButton,Add to ToolString,UIInteraction,EquipmentName=GPIT-C
43194.2002683912,Setup,Equipment,Add Equipment from Catalog to ToolString,Click,ToolbarButton,Add to ToolString,UIInteraction,EquipmentName=DTC-H
43194.2002635764,Setup,Equipment,Filter Equipment in Catalog,Input,TextBox,,UIInteraction,Text=DTC-H
43194.2002636806,Setup,Equipment,Filter Equipment in Catalog,Input,TextBox,,UIInteraction,Text=DTC-H
43194.200271956,Setup,Equipment,Filter Equipment in Catalog,Input,TextBox,,UIInteraction,Text=AH-215
43194.2002720718,Setup,Equipment,Filter Equipment in Catalog,Input,TextBox,,UIInteraction,Text=AH-215
43194.2002791551,Setup,Equipment,Filter Equipment in Catalog,Input,TextBox,,UIInteraction,Text=DSST-B
43194.2002769444,Setup,Equipment,Add Equipment from Catalog to ToolString,Click,ToolbarButton,Add to ToolString,UIInteraction,EquipmentName=AH-215
43194.2002849769,Setup,Equipment,Add Equipment from Catalog to ToolString,Click,ToolbarButton,Add to ToolString,UIInteraction,EquipmentName=DSST-B
43194.2002789583,Setup,Equipment,Filter Equipment in Catalog,Input,TextBox,,UIInteraction,Text=DSST-B
43194.2002947685,Setup,Equipment,Filter Equipment in Catalog,Input,TextBox,,UIInteraction,Text=DTC-H
43194.200294919,Setup,Equipment,Filter Equipment in Catalog,Input,TextBox,,UIInteraction,Text=DTC-H
43194.2002995255,Setup,Equipment,Add Equipment from Catalog to ToolString,Click,ToolbarButton,Add to ToolString,UIInteraction,EquipmentName=DTC-H
43194.2003034143,Setup,Equipment,Filter Equipment in Catalog,Input,TextBox,,UIInteraction,Text=WXT-A
43194.2003079051,Setup,Equipment,Add Equipment from Catalog to ToolString,Click,ToolbarButton,Add to ToolString,UIInteraction,EquipmentName=WXT-A
43194.2003035417,Setup,Equipment,Filter Equipment in Catalog,Input,TextBox,,UIInteraction,Text=WXT-A
43194.2003126968,Setup,Equipment,Filter Equipment in Catalog,Input,TextBox,,UIInteraction,Text=HDRS-H
43194.2003174769,Setup,Equipment,Add Equipment from Catalog to ToolString,Click,ToolbarButton,Add to ToolString,UIInteraction,EquipmentName=HDRS-H
43194.2003127894,Setup,Equipment,Filter Equipment in Catalog,Input,TextBox,,UIInteraction,Text=HDRS-H
43194.2003389468,Setup,Equipment,Filter Equipment in Catalog,Input,TextBox,,UIInteraction,Text=HGNS-H
43194.2003433912,Setup,Equipment,Add Equipment from Catalog to ToolString,Click,ToolbarButton,Add to ToolString,UIInteraction,EquipmentName=HGNS-H
43194.2003390509,Setup,Equipment,Filter Equipment in Catalog,Input,TextBox,,UIInteraction,Text=HGNS-H
43194.2003489931,Setup,Equipment,Filter Equipment in Catalog,Input,TextBox,,UIInteraction,Text=DTC-H
43194.2003540856,Setup,Equipment,Add Equipment from Catalog to ToolString,Click,ToolbarButton,Add to ToolString,UIInteraction,EquipmentName=DTC-H
43194.2003491551,Setup,Equipment,Filter Equipment in Catalog,Input,TextBox,,UIInteraction,Text=DTC-H
43194.2003579861,Setup,Equipment,Filter Equipment in Catalog,Input,TextBox,,UIInteraction,Text=WXT-A
43194.2003580903,Setup,Equipment,Filter Equipment in Catalog,Input,TextBox,,UIInteraction,Text=WXT-A
43194.2003626389,Setup,Equipment,Add Equipment from Catalog to ToolString,Click,ToolbarButton,Add to ToolString,UIInteraction,EquipmentName=WXT-A
43194.2003662616,Setup,Equipment,Filter Equipment in Catalog,Input,TextBox,,UIInteraction,Text=LEH-QT
43194.2003663657,Setup,Equipment,Filter Equipment in Catalog,Input,TextBox,,UIInteraction,Text=LEH-QT
43194.2003710995,Setup,Equipment,Add Equipment from Catalog to ToolString,Click,ToolbarButton,Add to ToolString,UIInteraction,EquipmentName=LEH-QT
43194.2004887847,Setup,Properties & Parameters,Show Infrequent Properties/Parameters,Click,ToolbarButton,Show Infrequent Properties,UIInteraction,
43194.2005714583,Setup,Properties & Parameters,Change Property Value,Update,GridCell,H441408 - Rigid Molded Aflas - blue,UIInteraction,OSDD=EP_WEAKPOINT_CODE;EnsemblePath=LEH-QT
43194.2007936921,Setup,Properties & Parameters,Change Property Value,Update,GridCell,999,UIInteraction,OSDD=EP_SERIAL_NUMBER;EnsemblePath=HGNS-H:HGNS-H:NSR-F
43194.2009324769,Setup,Properties & Parameters,Change Property Value,Update,GridCell,999,UIInteraction,OSDD=EP_SERIAL_NUMBER;EnsemblePath=HGNS-H:HGNS-H:HACCZ-H
43194.201071875,Setup,Properties & Parameters,Change Property Value,Update,GridCell,999,UIInteraction,OSDD=EP_SERIAL_NUMBER;EnsemblePath=HDRS-H:HRMS-H:GSR-J
43194.2012239468,Setup,Properties & Parameters,Change Property Value,Update,GridCell,999,UIInteraction,OSDD=EP_SERIAL_NUMBER;EnsemblePath=HDRS-H:HRMS-H:HRGD-H
43194.2012597454,Setup,UI Framework,Switch Tab,Click,Tab,DnI Initializations,UIInteraction,
43194.2012743171,Setup,DnI/Survey,Select DMS,Click,RadioButton,DMS,UIInteraction,
43194.2012955903,Setup,DnI/Survey,Enter Latitude,Input,TextBox, 35 : 59 : 00.000 S,UIInteraction,
43194.2013035532,Setup,DnI/Survey,Enter Longitude,Input,TextBox, 116 : 00 : 00.000 W,UIInteraction,
43194.2013141898,Setup,UI Framework,Switch Tab,Click,Tab,Equipment,UIInteraction,
43194.2013586111,Setup,DnI/Survey,Select Permanent Datum,Click,ComboBox,Mean Sea Level,UIInteraction,
43194.2013649653,Setup,DnI/Survey,Select Log Measured From,Click,ComboBox,Drill Floor,UIInteraction,
43194.2013773958,Setup,UI Framework,Switch Tab,Click,Tab,DnI Initializations,UIInteraction,
43194.2014024074,Setup,UI Framework,Switch Tab,Click,Tab,Equipment,UIInteraction,
43194.2014229051,Setup,UI Framework,Switch Tab,Click,Tab,DnI Initializations,UIInteraction,
43194.2014550579,Setup,UI Framework,Switch Tab,Click,Tab,Equipment,UIInteraction,
43194.2014694444,Setup,Equipment,Copy ToolString,Click,ContextMenu,Create Copy,UIInteraction,Source TooStringGuid=24601500-2B3E-4B33-B90D-3AF3748EF411;Source ToolString Name=WXT_TC2_Upper
43194.2016309144,Setup,Equipment,Copy ToolString,Click,ContextMenu,Create Copy,UIInteraction,Source TooStringGuid=24601500-2B3E-4B33-B90D-3AF3748EF411;Source ToolString Name=WXT_TC2_Upper
43194.2018315972,Setup,Equipment,Rename ToolString,Click,ContextMenu,Rename,UIInteraction,
43194.2018417708,Setup,Equipment,Rename ToolString,Input,TextBox,WXT_TC2_Middle,UIInteraction,ToolstringGuid=B230B51E-DD80-42A0-8E9B-D196FF78D387
43194.2019186574,Setup,Equipment,Rename ToolString,Click,ContextMenu,Rename,UIInteraction,
43194.2019285301,Setup,Equipment,Rename ToolString,Input,TextBox,WXT_TC2_Lower,UIInteraction,ToolstringGuid=9E394BC2-BCE3-47DD-9564-26710041EE5B
43194.2023577083,Setup,Run Manager (Internal),Associate toolstring to run,Update,GridCell,WXT_TC2_Lower,UIInteraction,RunGuid=B6020875-934E-41C3-AA32-0039AAA7C8EC;ToolstringGuid=9E394BC2-BCE3-47DD-9564-26710041EE5B;DownholeEquipments=OBMT-BOBMT-BGPIT-CDTC-HDSST-BDTC-HWXT-AHDRS-HHGNS-HDTC-HWXT-ALEH-QTSTANDOFFAH-184AH-255(+45D)STANDOFFAH-184AH-215EME-L;TSLevelActiveSurfaceEquips=DEPTH_DEVICETENSION_DEVICELOGGING_CABLEWAFEWITMDTMWITMDTMWITMDTM
43194.20249375,Setup,Run Manager (Internal),Enter run name,Input,TextBox,1,UIInteraction,RunGuid=B6020875-934E-41C3-AA32-0039AAA7C8EC
43194.2025103819,Setup,Equipment,Close Toolstring Validation UI,Click,Button,Close,UIInteraction,ToolstringGuid=9E394BC2-BCE3-47DD-9564-26710041EE5B
43194.2025351389,Setup,Run Manager (Internal),Start Run,Click,Button,Start,UIInteraction,RunGuid=B6020875-934E-41C3-AA32-0039AAA7C8EC;ToolstringGuid=9E394BC2-BCE3-47DD-9564-26710041EE5B;DownholeEquipments=OBMT-B:AH-255(+45D):OBMT-B:GPIT-C:DTC-H:AH-215:WXT-A:WXT-A:LEH-QT;TSLevelActiveSurfaceEquips=DEPTH_DEVICE:TENSION_DEVICE:LOGGING_CABLE:WAFE
43194.202648912,Setup,Equipment,Activate Run,Click,Button,Activate,UIInteraction,ToolstringGuid=9E394BC2-BCE3-47DD-9564-26710041EE5B;DownholeEquipments=OBMT-B:AH-255(+45D):OBMT-B:GPIT-C:DTC-H:AH-215:WXT-A:WXT-A:LEH-QT;TSLevelActiveSurfaceEquips=DEPTH_DEVICE:TENSION_DEVICE:LOGGING_CABLE:WAFE
43194.2028345255,Simulation,UI Framework,Start Console,,,Simulation Console - Job Dynamic_WXTDUL,UIAutomatic,
43194.2029048958,WLAcquisition,Calibration,Select Calibration Report Type,Click,ComboBox,Technical Concise,UIInteraction,
43194.202921956,WLAcquisition,UI Framework,Start Console,,,Acquisition Console - Job Dynamic_WXTDUL - Run 1,UIAutomatic,
43194.2031286574,WLAcquisition,Data Acquiring - WL,Connect Hardware,Click,ToolbarButton,Connect to Hardware,UIInteraction,
43194.2033375231,WLAcquisition,Data Acquiring - WL,Start Dataflow,Click,ToolbarButton,Start Data Flow,UIInteraction,
43194.2033435069,WLAcquisition,WXT-A,Control DC Power,,,,UIAutomatic,TaskName=WXT-A[1]: Control DC Power
43194.203574213,WLAcquisition,Tool Control,Perform Tool Control Task,Click,Button,Apply,UIInteraction,TaskName=WXT-A[1]: Control DC Power
43194.2036367824,WLAcquisition,Tool Control,Perform Tool Control Task,Click,Button,OK,UIInteraction,TaskName=WXT-A[1]: Control DC Power
43194.2037318056,WLAcquisition,Data Acquiring - WL,Enable Tool Power,Click,ToolbarButton,Enable Tool Power,UIInteraction,
43194.2056916204,WLAcquisition,Depth Log/Station Planning,Perform Logging Task,RightClick,TreeView,Depth Log,UIInteraction,TaskName=Depth Log
43194.2057063426,WLAcquisition,Depth Log/Station Planning,Perform Logging Task,Click,ContextMenu,Perform,UIInteraction,TaskName=Depth Log
43194.2064584259,WLAcquisition,Data Acquiring - WL,Start Depth Pass,Click,Button,Start,UIInteraction,PassGuid=C9D390B7-641C-4C20-B273-32827B1B073F;Objective=Log;Direction=Up;Depth=876.78768
43194.2065574421,WLAcquisition,Data Acquiring - WL,Continue Depth Pass,Click,Button,Continue,UIInteraction,PassGuid=C9D390B7-641C-4C20-B273-32827B1B073F;Objective=Log;Direction=Up;Depth=875.50752
43194.2066736227,WLAcquisition,UI Framework,Switch Tab,Click,Tab,Tool Control,UIInteraction,
43194.2067831366,WLAcquisition,OBMT-B,Injection On,RightClick,TreeView,OBMT-B[2]: Injection On,UIInteraction,TaskName=OBMT-B[2]: Injection On
43194.2067970833,WLAcquisition,OBMT-B,Injection On,Click,ContextMenu,Perform,UIInteraction,TaskName=OBMT-B[2]: Injection On
43194.2068515394,WLAcquisition,Tool Control,Perform Tool Control Task,Click,Button,Apply,UIInteraction,TaskName=OBMT-B[2]: Injection On
43194.2071168171,WLAcquisition,OBMT-B,Injection On,RightClick,TreeView,OBMT-B[1]: Injection On,UIInteraction,TaskName=OBMT-B[1]: Injection On
43194.2071310532,WLAcquisition,OBMT-B,Injection On,Click,ContextMenu,Perform,UIInteraction,TaskName=OBMT-B[1]: Injection On
43194.2071889005,WLAcquisition,Tool Control,Perform Tool Control Task,Click,Button,Apply,UIInteraction,TaskName=OBMT-B[1]: Injection On
43194.2076228009,WLAcquisition,OBMT-B,Injection Off,RightClick,TreeView,OBMT-B[2]: Injection Off,UIInteraction,TaskName=OBMT-B[2]: Injection Off
43194.2076368171,WLAcquisition,OBMT-B,Injection Off,Click,ContextMenu,Perform,UIInteraction,TaskName=OBMT-B[2]: Injection Off
43194.2076914236,WLAcquisition,OBMT-B,Injection Off,RightClick,TreeView,OBMT-B[1]: Injection Off,UIInteraction,TaskName=OBMT-B[1]: Injection Off
43194.2077054977,WLAcquisition,OBMT-B,Injection Off,Click,ContextMenu,Perform,UIInteraction,TaskName=OBMT-B[1]: Injection Off
43194.2078068171,WLAcquisition,Data Acquiring - WL,Unlock Pass,Click,ToolbarButton,Click to Unlock Stop Button,UIInteraction,
43194.2079244444,WLAcquisition,Data Acquiring - WL,Stop Depth Pass,Click,Button,Stop,UIInteraction,PassGuid=C9D390B7-641C-4C20-B273-32827B1B073F;Depth=868.67746
43194.2080863889,WLAcquisition,Data Acquiring - WL,Unlock 3 Buttons,Click,ToolbarButton,Unlock,UIInteraction,
43194.2080890394,WLAcquisition,Data Acquiring - WL,Disable Tool Power,Click,ToolbarButton,Disable Tool Power,UIInteraction,
43194.2082095718,WLAcquisition,Data Acquiring - WL,Stop Dataflow,Click,ToolbarButton,Stop Data Flow,UIInteraction,
43194.2083217708,WLAcquisition,Data Acquiring - WL,Disconnect Hardware,Click,ToolbarButton,Disconnect From Hardware,UIInteraction,
43194.208436331,Setup,Run Manager (Internal),Stop Run,Click,Button,Stop,UIInteraction,RunGuid=B6020875-934E-41C3-AA32-0039AAA7C8EC
43194.2084932176,Setup,Run Manager (Internal),Confirm to Stop Run,Click,Button,OK,UIInteraction,RunGuid=B6020875-934E-41C3-AA32-0039AAA7C8EC
43194.2085862037,Simulation,UI Framework,Close Console,Click,Button,,UIInteraction,JobGuid=C2CC9E59-6936-41CA-9A1A-98444046A413
43194.2086458449,Setup,Run Manager (Internal),Create new run,Click,ToolbarButton,New Run,UIInteraction,JobGuid=C2CC9E59-6936-41CA-9A1A-98444046A413
43194.2087713542,Setup,Run Manager (Internal),Associate toolstring to run,Update,GridCell,WXT_TC2_Middle,UIInteraction,RunGuid=4BC3E7F5-48DA-434A-A793-D6D64D5E24D6;ToolstringGuid=B230B51E-DD80-42A0-8E9B-D196FF78D387;DownholeEquipments=OBMT-BOBMT-BGPIT-CDTC-HDSST-BDTC-HWXT-AHDRS-HHGNS-HDTC-HWXT-ALEH-QTSTANDOFFAH-184AH-255(+45D)STANDOFFAH-184AH-215EME-L;TSLevelActiveSurfaceEquips=DEPTH_DEVICETENSION_DEVICELOGGING_CABLEWAFEWITMDTMWITMDTMWITMDTM
43194.2089079514,Setup,Run Manager (Internal),Enter run name,Input,TextBox,2,UIInteraction,RunGuid=4BC3E7F5-48DA-434A-A793-D6D64D5E24D6
43194.2089252083,Setup,Equipment,Close Toolstring Validation UI,Click,Button,Close,UIInteraction,ToolstringGuid=B230B51E-DD80-42A0-8E9B-D196FF78D387
43194.2089525116,Setup,Run Manager (Internal),Start Run,Click,Button,Start,UIInteraction,RunGuid=4BC3E7F5-48DA-434A-A793-D6D64D5E24D6;ToolstringGuid=B230B51E-DD80-42A0-8E9B-D196FF78D387;DownholeEquipments=AH-215:DSST-B:DTC-H:WXT-A:WXT-A:LEH-QT;TSLevelActiveSurfaceEquips=DEPTH_DEVICE:TENSION_DEVICE:LOGGING_CABLE:WAFE
43194.2090712269,Setup,Equipment,Activate Run,Click,Button,Activate,UIInteraction,ToolstringGuid=B230B51E-DD80-42A0-8E9B-D196FF78D387;DownholeEquipments=AH-215:DSST-B:DTC-H:WXT-A:WXT-A:LEH-QT;TSLevelActiveSurfaceEquips=DEPTH_DEVICE:TENSION_DEVICE:LOGGING_CABLE:WAFE
43194.2092828356,Simulation,UI Framework,Start Console,,,Simulation Console - Job Dynamic_WXTDUL,UIAutomatic,
43194.2093395486,WLAcquisition,Calibration,Select Calibration Report Type,Click,ComboBox,Technical Concise,UIInteraction,
43194.2093767708,WLAcquisition,UI Framework,Start Console,,,Acquisition Console - Job Dynamic_WXTDUL - Run 2,UIAutomatic,
43194.2093864352,WLAcquisition,Calibration,Select Tool in Calibration Report,Click,ComboBox,LEH-QT,UIInteraction,ToolName=LEH-QT
43194.2093864236,WLAcquisition,Calibration,Select Calibration in Calibration Report,Click,ComboBox,HTEN Before Calibration,UIInteraction,
43194.2095849074,WLAcquisition,Data Acquiring - WL,Connect Hardware,Click,ToolbarButton,Connect to Hardware,UIInteraction,
43194.2096962963,WLAcquisition,Data Acquiring - WL,Start Dataflow,Click,ToolbarButton,Start Data Flow,UIInteraction,
43194.209702037,WLAcquisition,WXT-A,Control DC Power,,,,UIAutomatic,TaskName=WXT-A[1]: Control DC Power
43194.2101096991,WLAcquisition,Tool Control,Perform Tool Control Task,Click,Button,Apply,UIInteraction,TaskName=WXT-A[1]: Control DC Power
43194.2101777199,WLAcquisition,Tool Control,Perform Tool Control Task,Click,Button,OK,UIInteraction,TaskName=WXT-A[1]: Control DC Power
43194.2102135185,WLAcquisition,Tool Control,Perform Tool Control Task,Click,Button,OK,UIInteraction,TaskName=WXT-A[1]: Control DC Power
43194.2102683912,WLAcquisition,Data Acquiring - WL,Enable Tool Power,Click,ToolbarButton,Enable Tool Power,UIInteraction,
43194.2120447917,WLAcquisition,Depth Log/Station Planning,Perform Logging Task,RightClick,TreeView,Depth Log,UIInteraction,TaskName=Depth Log
43194.212059294,WLAcquisition,Depth Log/Station Planning,Perform Logging Task,Click,ContextMenu,Perform,UIInteraction,TaskName=Depth Log
43194.2127606019,WLAcquisition,Data Acquiring - WL,Start Depth Pass,Click,Button,Start,UIInteraction,PassGuid=6C89C64C-3008-49B4-B142-121358E9B64D;Objective=Log;Direction=Up;Depth=907.5928
43194.2135675,WLAcquisition,Data Acquiring - WL,Unlock Pass,Click,ToolbarButton,Click to Unlock Stop Button,UIInteraction,
43194.2136822685,WLAcquisition,Data Acquiring - WL,Stop Depth Pass,Click,Button,Stop,UIInteraction,PassGuid=6C89C64C-3008-49B4-B142-121358E9B64D;Depth=899.15746
43194.2138220139,WLAcquisition,Data Acquiring - WL,Unlock 3 Buttons,Click,ToolbarButton,Unlock,UIInteraction,
43194.2138244329,WLAcquisition,Data Acquiring - WL,Disable Tool Power,Click,ToolbarButton,Disable Tool Power,UIInteraction,
43194.2139372106,WLAcquisition,Data Acquiring - WL,Stop Dataflow,Click,ToolbarButton,Stop Data Flow,UIInteraction,
43194.2140606829,WLAcquisition,Data Acquiring - WL,Disconnect Hardware,Click,ToolbarButton,Disconnect From Hardware,UIInteraction,
43194.2141825579,Setup,Run Manager (Internal),Stop Run,Click,Button,Stop,UIInteraction,RunGuid=4BC3E7F5-48DA-434A-A793-D6D64D5E24D6
43194.2142386806,Setup,Run Manager (Internal),Confirm to Stop Run,Click,Button,OK,UIInteraction,RunGuid=4BC3E7F5-48DA-434A-A793-D6D64D5E24D6
43194.2143172107,Simulation,UI Framework,Close Console,Click,Button,,UIInteraction,JobGuid=C2CC9E59-6936-41CA-9A1A-98444046A413
43194.2143888426,Setup,Run Manager (Internal),Create new run,Click,ToolbarButton,New Run,UIInteraction,JobGuid=C2CC9E59-6936-41CA-9A1A-98444046A413
43194.2145145602,Setup,Run Manager (Internal),Associate toolstring to run,Update,GridCell,WXT_TC2_Upper,UIInteraction,RunGuid=7BFCE806-C34A-420D-8116-A1F4C99CD214;ToolstringGuid=24601500-2B3E-4B33-B90D-3AF3748EF411;DownholeEquipments=OBMT-BOBMT-BGPIT-CDTC-HDSST-BDTC-HWXT-AHDRS-HHGNS-HDTC-HWXT-ALEH-QTSTANDOFFAH-184AH-255(+45D)STANDOFFAH-184AH-215EME-L;TSLevelActiveSurfaceEquips=DEPTH_DEVICETENSION_DEVICELOGGING_CABLEWAFEWITMDTMWITMDTMWITMDTM
43194.2146503588,Setup,Run Manager (Internal),Enter run name,Input,TextBox,3,UIInteraction,RunGuid=7BFCE806-C34A-420D-8116-A1F4C99CD214
43194.2146676852,Setup,Equipment,Close Toolstring Validation UI,Click,Button,Close,UIInteraction,ToolstringGuid=24601500-2B3E-4B33-B90D-3AF3748EF411
43194.2146984491,Setup,Run Manager (Internal),Start Run,Click,Button,Start,UIInteraction,RunGuid=7BFCE806-C34A-420D-8116-A1F4C99CD214;ToolstringGuid=24601500-2B3E-4B33-B90D-3AF3748EF411;DownholeEquipments=AH-215:WXT-A:HDRS-H:HGNS-H:DTC-H:WXT-A:LEH-QT;TSLevelActiveSurfaceEquips=DEPTH_DEVICE:TENSION_DEVICE:LOGGING_CABLE:WAFE
43194.214813287,Setup,Equipment,Activate Run,Click,Button,Activate,UIInteraction,ToolstringGuid=24601500-2B3E-4B33-B90D-3AF3748EF411;DownholeEquipments=AH-215:WXT-A:HDRS-H:HGNS-H:DTC-H:WXT-A:LEH-QT;TSLevelActiveSurfaceEquips=DEPTH_DEVICE:TENSION_DEVICE:LOGGING_CABLE:WAFE
43194.2149828125,Simulation,UI Framework,Start Console,,,Simulation Console - Job Dynamic_WXTDUL,UIAutomatic,
43194.215015081,WLAcquisition,Calibration,Select Calibration Report Type,Click,ComboBox,Technical Concise,UIInteraction,
43194.215070463,WLAcquisition,UI Framework,Start Console,,,Acquisition Console - Job Dynamic_WXTDUL - Run 3,UIAutomatic,
43194.215285706,WLAcquisition,Data Acquiring - WL,Connect Hardware,Click,ToolbarButton,Connect to Hardware,UIInteraction,
43194.2154929167,WLAcquisition,Data Acquiring - WL,Start Dataflow,Click,ToolbarButton,Start Data Flow,UIInteraction,
43194.2154978472,WLAcquisition,WXT-A,Control DC Power,,,,UIAutomatic,TaskName=WXT-A[1]: Control DC Power
43194.2159128704,WLAcquisition,Tool Control,Perform Tool Control Task,Click,Button,Apply,UIInteraction,TaskName=WXT-A[1]: Control DC Power
43194.2159771412,WLAcquisition,Tool Control,Perform Tool Control Task,Click,Button,OK,UIInteraction,TaskName=WXT-A[1]: Control DC Power
43194.2160732407,WLAcquisition,Data Acquiring - WL,Enable Tool Power,Click,ToolbarButton,Enable Tool Power,UIInteraction,
43194.2178894907,WLAcquisition,Depth Log/Station Planning,Perform Logging Task,RightClick,TreeView,Depth Log,UIInteraction,TaskName=Depth Log
43194.2179038542,WLAcquisition,Depth Log/Station Planning,Perform Logging Task,Click,ContextMenu,Perform,UIInteraction,TaskName=Depth Log
43194.2186614583,WLAcquisition,Data Acquiring - WL,Start Depth Pass,Click,Button,Start,UIInteraction,PassGuid=0DDA535E-FD5E-4D23-9B22-566052B895C4;Objective=Log;Direction=Up;Depth=1501.73182
43194.2187353356,WLAcquisition,HDRS-H,Open Caliper,RightClick,TreeView,HDRS-H: Open Caliper,UIInteraction,TaskName=HDRS-H: Open Caliper
43194.2187493634,WLAcquisition,HDRS-H,Open Caliper,Click,ContextMenu,Perform,UIInteraction,TaskName=HDRS-H: Open Caliper
43194.2196013657,WLAcquisition,Tool Control,Perform Tool Control Task,Click,Button,Close,UIInteraction,TaskName=HDRS-H: Open Caliper
43194.2196594907,Simulation,UI Framework,Switch Tab,Click,Tab,HGNS : 1,UIInteraction,
43194.2198447801,WLAcquisition,Data Acquiring - WL,Unlock Pass,Click,ToolbarButton,Click to Unlock Stop Button,UIInteraction,
43194.2199577199,WLAcquisition,Data Acquiring - WL,Stop Depth Pass,Click,Button,Stop,UIInteraction,PassGuid=0DDA535E-FD5E-4D23-9B22-566052B895C4;Depth=1493.51492
43194.2201028588,WLAcquisition,Data Acquiring - WL,Unlock 3 Buttons,Click,ToolbarButton,Unlock,UIInteraction,
43194.2201052199,WLAcquisition,Data Acquiring - WL,Disable Tool Power,Click,ToolbarButton,Disable Tool Power,UIInteraction,
43194.2202170139,WLAcquisition,Data Acquiring - WL,Stop Dataflow,Click,ToolbarButton,Stop Data Flow,UIInteraction,
43194.2203292593,WLAcquisition,Data Acquiring - WL,Disconnect Hardware,Click,ToolbarButton,Disconnect From Hardware,UIInteraction,
43194.2203378704,Simulation,UI Framework,Switch Tab,Click,Tab,HWS_Simulator : 0,UIInteraction,
43194.2204324769,Setup,Run Manager (Internal),Stop Run,Click,Button,Stop,UIInteraction,RunGuid=7BFCE806-C34A-420D-8116-A1F4C99CD214
43194.2204778009,Setup,Run Manager (Internal),Confirm to Stop Run,Click,Button,OK,UIInteraction,RunGuid=7BFCE806-C34A-420D-8116-A1F4C99CD214
43194.2205591551,Simulation,UI Framework,Close Console,Click,Button,,UIInteraction,JobGuid=C2CC9E59-6936-41CA-9A1A-98444046A413
43194.2206506481,,Console/Job Manager,Stop Setup Console,Click,Button,Stop,UIInteraction,JobGuid=C2CC9E59-6936-41CA-9A1A-98444046A413
43194.2207396181,,Console/Job Manager,Stop Job,Click,Button,Stop,UIInteraction,JobGuid=C2CC9E59-6936-41CA-9A1A-98444046A413
