Time,Process,Component,Operation,Action,Control,ControlText,Category,Context
43194.1212563079,,Console/Job Manager,Start Job,Click,Button,Start,UIInteraction,JobName=Perfo_Demo;WellName=bgc;ClientName=BGCAT;StartDate=4/4/2018 2:54 AM;Workflow=PerfoExpress;Simulator=True;UnitSystem=English;RTBackupDir=C:\Autobackup;JobSize=0;State=Available;SideTrackId=0;SessionID=593DA12C-E2D5-4C96-ACCD-AD5A34181E94;SortOrder=1;JobGUID=D3CFA99A-65A1-41AC-8DBA-05897AF247C7;WellGUID=EE7541D5-F83D-4853-B99F-17E8B1C92179;BoreholeGUID=88DFDA29-4EC9-47BF-88E3-438EE49DC3EA;MachineName=HPV04-010;UserName=Engineer;UserDomainName=HPV04-010;OS=Microsoft Windows NT 6.1.7601 Service Pack 1;StartedJobCount=0;TimeZone=00:00:00;IPAddress_1=192.168.78.223;IPAddress_2=::1;MWVersion=9.0.100745.3100
43194.1215887269,,Console/Job Manager,Start Setup Console,Click,Button,Start...,UIInteraction,JobGuid=D3CFA99A-65A1-41AC-8DBA-05897AF247C7
43194.1217546181,Setup,Calibration,Select Calibration Report Type,Click,ComboBox,Technical Concise,UIInteraction,
43194.1217708796,Setup,UI Framework,Start Console,,,Setup - Job Perfo_Demo,UIAutomatic,
43194.1217897454,Setup,UI Framework,Switch Tab,Click,Tab,DnI Initializations,UIInteraction,
43194.1218033565,Setup,DnI/Survey,Select Decimal,Click,RadioButton,Decimal,UIInteraction,
43194.121822662,Setup,DnI/Survey,Enter Latitude,Input,TextBox,40,UIInteraction,
43194.1218325694,Setup,DnI/Survey,Enter Longitude,Input,TextBox,116,UIInteraction,
43194.1218441319,Setup,UI Framework,Switch Tab,Click,Tab,Equipment,UIInteraction,
43194.1219281018,Setup,DnI/Survey,Select Permanent Datum,Click,ComboBox,Mean Sea Level,UIInteraction,
43194.1219334954,Setup,DnI/Survey,Select Log Measured From,Click,ComboBox,Drill Floor,UIInteraction,
43194.1219403009,Setup,DnI/Survey,Enter Elevation of 'Log Measured From',Input,TextBox,30,UIInteraction,LogMeasuredFrom=Drill Floor
43194.1219516204,Setup,UI Framework,Switch Tab,Click,Tab,DnI Initializations,UIInteraction,
43194.1219806713,Setup,DnI/Survey,Compute DnI/Elevation,Click,Button,Compute,UIInteraction,
43194.1221109375,Setup,UI Framework,Switch Tab,Click,Tab,Wellbore,UIInteraction,
43194.1221155208,Setup,Well Setup (Internal),Select Run Number,Click,ComboBox,1,UIInteraction,RunGuid=D65DA31C-59DA-4B44-A2F4-AE41F93BB814
43194.1221278588,Setup,Well Setup (Internal),Enter Size for Bit Size,Update,GridCell,12.25,UIInteraction,Row=1;Column=Size (in);RunGuid=D65DA31C-59DA-4B44-A2F4-AE41F93BB814
43194.122169919,Setup,Well Setup (Internal),Enter Driller Bottom for Bit Size,Update,GridCell,300,UIInteraction,Row=1;Column=Driller Bottom (ft);RunGuid=D65DA31C-59DA-4B44-A2F4-AE41F93BB814
43194.1222126736,Setup,Well Setup (Internal),Select Run Number,Click,ComboBox,1,UIInteraction,RunGuid=D65DA31C-59DA-4B44-A2F4-AE41F93BB814
43194.1222187731,Setup,Well Setup (Internal),Add Row for Bit Size,Click,ToolbarButton,Add Row,UIInteraction,Row=2;RunGuid=D65DA31C-59DA-4B44-A2F4-AE41F93BB814
43194.1222247569,Setup,Well Setup (Internal),Enter Size for Bit Size,Update,GridCell,8.5,UIInteraction,Row=2;Column=Size (in);RunGuid=D65DA31C-59DA-4B44-A2F4-AE41F93BB814
43194.1222662384,Setup,Well Setup (Internal),Enter Driller Bottom for Bit Size,Update,GridCell,2000,UIInteraction,Row=2;Column=Driller Bottom (ft);RunGuid=D65DA31C-59DA-4B44-A2F4-AE41F93BB814
43194.1223077662,Setup,Well Setup (Internal),Select Run Number,Click,ComboBox,1,UIInteraction,RunGuid=D65DA31C-59DA-4B44-A2F4-AE41F93BB814
43194.1223182176,Setup,Well Setup (Internal),Enter Size for Casings,Update,GridCell,9.625,UIInteraction,Row=1;Column=Size (in);RunGuid=D65DA31C-59DA-4B44-A2F4-AE41F93BB814
43194.122358912,Setup,Well Setup (Internal),Enter Driller Top for Casings,Update,GridCell,0,UIInteraction,Row=1;Column=Driller Top (ft);RunGuid=D65DA31C-59DA-4B44-A2F4-AE41F93BB814
43194.122400081,Setup,Well Setup (Internal),Enter Driller Bottom for Casings,Update,GridCell,300,UIInteraction,Row=1;Column=Driller Bottom (ft);RunGuid=D65DA31C-59DA-4B44-A2F4-AE41F93BB814
43194.1224421296,Setup,Well Setup (Internal),Enter Weight for Casings,Update,GridCell,54.5,UIInteraction,Row=1;Column=Weight (lbm/ft);RunGuid=D65DA31C-59DA-4B44-A2F4-AE41F93BB814
43194.1225366435,Setup,Well Setup (Internal),Enter Grade for Casings,Update,GridCell,F25,UIInteraction,Row=1;Column=Grade;RunGuid=D65DA31C-59DA-4B44-A2F4-AE41F93BB814
43194.1225784144,Setup,Well Setup (Internal),Select Run Number,Click,ComboBox,1,UIInteraction,RunGuid=D65DA31C-59DA-4B44-A2F4-AE41F93BB814
43194.1225841435,Setup,Well Setup (Internal),Add Row for Casings,Click,ToolbarButton,Add Row,UIInteraction,Row=2;RunGuid=D65DA31C-59DA-4B44-A2F4-AE41F93BB814
43194.122591088,Setup,Well Setup (Internal),Enter Size for Casings,Update,GridCell,5.5,UIInteraction,Row=2;Column=Size (in);RunGuid=D65DA31C-59DA-4B44-A2F4-AE41F93BB814
43194.1226326736,Setup,Well Setup (Internal),Enter Driller Bottom for Casings,Update,GridCell,1500,UIInteraction,Row=2;Column=Driller Bottom (ft);RunGuid=D65DA31C-59DA-4B44-A2F4-AE41F93BB814
43194.1226743056,Setup,Well Setup (Internal),Enter Weight for Casings,Update,GridCell,35.5,UIInteraction,Row=2;Column=Weight (lbm/ft);RunGuid=D65DA31C-59DA-4B44-A2F4-AE41F93BB814
43194.122748669,Setup,Well Setup (Internal),Enter Grade for Casings,Update,GridCell,K55,UIInteraction,Row=2;Column=Grade;RunGuid=D65DA31C-59DA-4B44-A2F4-AE41F93BB814
43194.1227860648,Setup,UI Framework,Switch Tab,Click,Tab,Equipment,UIInteraction,
43194.1227911806,Setup,Equipment,New ToolString,Click,ToolbarButton,New ToolString,UIInteraction,ToolstringName=New ToolString;ToolstringGuid=0FF692DE-03F8-4D20-AB97-277D7395F46F
43194.1228299421,Setup,Equipment,Rename ToolString,Input,TextBox,New ToolString,UIInteraction,ToolstringGuid=0FF692DE-03F8-4D20-AB97-277D7395F46F
43194.1228300231,Setup,Equipment,Rename ToolString,,,,UIAutomatic,State=Cancel
43194.1228352315,Setup,Equipment,Filter Equipment in Catalog,Input,TextBox,,UIInteraction,Text=HSD
43194.122835544,Setup,Equipment,Filter Equipment in Catalog,Input,TextBox,,UIInteraction,Text=HSD
43194.122838206,Setup,Equipment,Rename ToolString,Input,TextBox,New ToolString,UIInteraction,ToolstringGuid=0FF692DE-03F8-4D20-AB97-277D7395F46F
43194.1228399537,Setup,Equipment,Add Equipment from Catalog to ToolString,Click,ToolbarButton,Add to ToolString,UIInteraction,EquipmentName=HSD
43194.1228473843,Setup,Equipment,Filter Equipment in Catalog,Input,TextBox,,UIInteraction,Text=HSD
43194.1228474884,Setup,Equipment,Filter Equipment in Catalog,Input,TextBox,,UIInteraction,Text=HSD
43194.1228515394,Setup,Equipment,Add Equipment from Catalog to ToolString,Click,ToolbarButton,Add to ToolString,UIInteraction,EquipmentName=HSD
43194.1228557755,Setup,Equipment,Filter Equipment in Catalog,Input,TextBox,,UIInteraction,Text=HSD
43194.1228559375,Setup,Equipment,Filter Equipment in Catalog,Input,TextBox,,UIInteraction,Text=HSD
43194.1228599769,Setup,Equipment,Add Equipment from Catalog to ToolString,Click,ToolbarButton,Add to ToolString,UIInteraction,EquipmentName=HSD
43194.1228623264,Setup,Equipment,Filter Equipment in Catalog,Input,TextBox,,UIInteraction,Text=PGGT-CC
43194.122862419,Setup,Equipment,Filter Equipment in Catalog,Input,TextBox,,UIInteraction,Text=PGGT-CC
43194.1228681944,Setup,Equipment,Add Equipment from Catalog to ToolString,Click,ToolbarButton,Add to ToolString,UIInteraction,EquipmentName=PGGT-CC
43194.122871794,Setup,Equipment,Filter Equipment in Catalog,Input,TextBox,,UIInteraction,Text=MH-28
43194.1228718982,Setup,Equipment,Filter Equipment in Catalog,Input,TextBox,,UIInteraction,Text=MH-28
43194.1228763426,Setup,Equipment,Add Equipment from Catalog to ToolString,Click,ToolbarButton,Add to ToolString,UIInteraction,EquipmentName=MH-28
43194.1229350926,Setup,Equipment,Rename ToolString,Click,ContextMenu,Rename,UIInteraction,
43194.1229418287,Setup,Equipment,Rename ToolString,Input,TextBox,Run1_3Guns,UIInteraction,ToolstringGuid=0FF692DE-03F8-4D20-AB97-277D7395F46F
43194.123083206,Setup,Equipment,Multiple Copy ToolString,Click,ContextMenu,Create Multiple Copies...,UIInteraction,Source TooStringGuid=0FF692DE-03F8-4D20-AB97-277D7395F46F;Source ToolString Name=Run1_3Guns;Copy Number=2;Is Associate Run Selected=True
43194.1231608565,Setup,UI Framework,Switch Tab,Click,Tab,Runs,UIInteraction,
43194.1231904745,Setup,Run Manager (Internal),Associate toolstring to run,Update,GridCell,Run1_3Guns,UIInteraction,RunGuid=D65DA31C-59DA-4B44-A2F4-AE41F93BB814;ToolstringGuid=0FF692DE-03F8-4D20-AB97-277D7395F46F;DownholeEquipments=HSDHSDHSDPGGT-CCMH-28;TSLevelActiveSurfaceEquips=DEPTH_DEVICETENSION_DEVICELOGGING_CABLEWAFEWITMWITMWITMWITM
43194.1233466435,Setup,Equipment,Close Toolstring Validation UI,Click,Button,Close,UIInteraction,ToolstringGuid=0FF692DE-03F8-4D20-AB97-277D7395F46F
43194.1233603472,Setup,Equipment,Delete Equipment,Click,ContextMenu,Delete,UIInteraction,EquipName=HSD[3];ToolPath=Run 2 : Copy of Run1_3Guns:HSD[3]
43194.1234967477,Setup,Equipment,Delete Equipment,Click,ContextMenu,Delete,UIInteraction,EquipName=HSD[3];ToolPath=Run 3 : Copy (2) of Run1_3Guns:HSD[3]
43194.1236296991,Setup,Equipment,Delete Equipment,Click,ContextMenu,Delete,UIInteraction,EquipName=HSD[2];ToolPath=Run 3 : Copy (2) of Run1_3Guns:HSD[2]
43194.1237586227,Setup,UI Framework,Switch Tab,Click,Tab,Perfo Express Configuration,UIInteraction,
43194.1259581944,Setup,UI Framework,Switch Tab,Click,Tab,Equipment,UIInteraction,
43194.1259769792,Setup,Equipment,Validate ToolString,Click,ContextMenu,Validate,UIInteraction,Validated State=TS_VALIDATION_VALID;Validated Message=<ToolStringValidation><ToolStringGuid>F7F87813-7E2C-4FF7-AC9C-616EDDAEE6C2</ToolStringGuid><ToolStringName>Copy (2) of Run1_3Guns</ToolStringName><SourceAction>Validate</SourceAction><IsAutomatic>FALSE</IsAutomatic></ToolStringValidation>
43194.1260970833,Setup,Equipment,Validate ToolString,Click,ContextMenu,Validate,UIInteraction,Validated State=TS_VALIDATION_VALID;Validated Message=<ToolStringValidation><ToolStringGuid>8827CA67-69C0-4F49-A0D8-FAC0AD38F519</ToolStringGuid><ToolStringName>Copy of Run1_3Guns</ToolStringName><SourceAction>Validate</SourceAction><IsAutomatic>FALSE</IsAutomatic></ToolStringValidation>
43194.1262218519,Setup,Equipment,Validate ToolString,Click,ContextMenu,Validate,UIInteraction,Validated State=TS_VALIDATION_VALID;Validated Message=<ToolStringValidation><ToolStringGuid>0FF692DE-03F8-4D20-AB97-277D7395F46F</ToolStringGuid><ToolStringName>Run1_3Guns</ToolStringName><SourceAction>Validate</SourceAction><IsAutomatic>FALSE</IsAutomatic></ToolStringValidation>
43194.1263320255,Setup,UI Framework,Switch Tab,Click,Tab,Depth Reference Table,UIInteraction,
43194.1264058218,Setup,Depth Reference Table,Import depth reference file,Click,ToolbarButton,Import Depth References,UIInteraction,FilePath=\\srv004bgc.dir.slb.com\MaxwellAT\TestData\TestData\Phase3\Perfo\DepthReferenceTable.xls
43194.127123912,Setup,Depth Reference Table,Delete row for depth reference,Click,ToolbarButton,Delete Row,UIInteraction,
43194.1271510764,Setup,Depth Reference Table,Delete row for depth reference,Click,ToolbarButton,Delete Row,UIInteraction,
43194.1271782523,Setup,Depth Reference Table,Delete row for depth reference,Click,ToolbarButton,Delete Row,UIInteraction,
43194.1272054861,Setup,Depth Reference Table,Delete row for depth reference,Click,ToolbarButton,Delete Row,UIInteraction,
43194.1272327546,Setup,Depth Reference Table,Delete row for depth reference,Click,ToolbarButton,Delete Row,UIInteraction,
43194.1272597917,Setup,Depth Reference Table,Delete row for depth reference,Click,ToolbarButton,Delete Row,UIInteraction,
43194.1272889352,Setup,Depth Reference Table,Delete row for depth reference,Click,ToolbarButton,Delete Row,UIInteraction,
43194.1273160532,Setup,Depth Reference Table,Delete row for depth reference,Click,ToolbarButton,Delete Row,UIInteraction,
43194.127343125,Setup,Depth Reference Table,Delete row for depth reference,Click,ToolbarButton,Delete Row,UIInteraction,
43194.1273702315,Setup,Depth Reference Table,Delete row for depth reference,Click,ToolbarButton,Delete Row,UIInteraction,
43194.1274325116,Setup,Depth Reference Table,Save depth reference,Click,ToolbarButton,Save Depth References,UIInteraction,FilePath=C:\TestComplete\DepthReferenceTable.xls
43194.1275622222,Setup,UI Framework,Switch Tab,Click,Tab,Client Requested Intervals,UIInteraction,
43194.1280156019,,Console/Job Manager,Start Deliverables Console,Click,Button,Start...,UIInteraction,JobGuid=D3CFA99A-65A1-41AC-8DBA-05897AF247C7
43194.1280999306,DeliverablesSetup,Tier Manager,Tier Template Created for Tools in My Equipment,,,HSD Tier Created,Deliverables Console,
43194.1281003704,DeliverablesSetup,Tier Manager,Tier Template Created for Tools in My Equipment,,,PGGT-CC Tier Created,Deliverables Console,
43194.1281729977,DeliverablesSetup,UI Framework,Start Console,,,Deliverables Console Setup - Job Perfo_Demo,UIAutomatic,
43194.1281976273,DeliverablesSetup,UI Framework,Switch View,Click,ToolbarButton,Deliverables Display View,UIInteraction,
43194.1282722569,DeliverablesSetup,Deliverables - Digital,Create Job Archive,Click,ContextMenu,Create,UIInteraction,ArchiveGuid=D3CFA99A-65A1-41AC-8DBA-05897AF247C7;JobArchiveType=3.0
43194.1285842593,DeliverablesSetup,UI Framework,Close Console,Click,Button,,UIInteraction,JobGuid=D3CFA99A-65A1-41AC-8DBA-05897AF247C7
43194.1286232639,DeliverablesSetup,UI Framework,OK to Close Deliverables - Display Console,Click,Button,OK,UIInteraction,
43194.1287029977,,Console/Job Manager,Stop Setup Console,Click,Button,Stop,UIInteraction,JobGuid=D3CFA99A-65A1-41AC-8DBA-05897AF247C7
43194.1288049653,,Console/Job Manager,Stop Job,Click,Button,Stop,UIInteraction,JobGuid=D3CFA99A-65A1-41AC-8DBA-05897AF247C7
