43194.1539488426,,Console/Job Manager,New Job,Click,Button,New,UIInteraction,
43194.1539651968,,Console/Job Manager,Input Job Name,Input,TextBox,upct_demo,UIInteraction,
43194.1540070139,,Console/Job Manager,Input Well Name,Input,TextBox,bgc,UIInteraction,
43194.1540514236,,Console/Job Manager,Input Client Name,Input,TextBox,BGCAT,UIInteraction,
43194.1541869213,,Console/Job Manager,Check Simulator,Click,CheckBox,Simulator,UIInteraction,CheckState=True
43194.1543641782,,Console/Job Manager,Select Auto Backup Folder,Click,ComboBox,C:\Autobackup,UIInteraction,
43194.1618658681,,UI Framework,Switch Tab,Click,Tab,Job: upct_demo,UIInteraction,
43194.1668953472,,UI Framework,Close Console,Click,Button,,UIInteraction,
43194.1668844444,,UI Framework,Switch Tab,Click,Tab,Messages: Job Independent,UIInteraction,
43194.1694782292,,UI Framework,Initialize Maxwell Manager Process Name,,,Initialize Maxwell Manager Process Name,,
43194.1694952315,,UI Framework,Start Console,,,Maxwell Manager,UIAutomatic,MachineName=HPV04-006;UserName=Engineer;UserDomainName=HPV04-006;OS=Microsoft Windows NT 6.1.7601 Service Pack 1;TimeZone=00:00:00;IPAddress_1=192.168.78.163;IPAddress_2=::1;MWVersion=9.0.100745.3100
43194.169732037,,Console/Job Manager,Import Job Archive,Click,ContextMenu,Create Import,UIInteraction,
43194.1697389352,,Import/Export & Backup/Restore,Select file to import,Click,Button,...,UIInteraction,
43194.1697495718,,Import/Export & Backup/Restore,OK to select file,,,,UIAutomatic,FilePath=\\srv004bgc.dir.slb.com\MaxwellAT\TestData\TestData\Phase3\JobArchive\WL_SWF_UPCT_Setup.dlis
43194.1698047801,,Import/Export & Backup/Restore,Start Import,Click,Button,Import,UIInteraction,FilePath=\\srv004bgc.dir.slb.com\MaxwellAT\TestData\TestData\Phase3\JobArchive\WL_SWF_UPCT_Setup.dlis
43194.1700303356,,Import/Export & Backup/Restore,Close Import UI,Click,Button,Close,UIInteraction,
43194.1701653588,,Console/Job Manager,Select Auto Backup Folder,Click,ComboBox,C:\Autobackup,UIInteraction,
43194.1719504167,,UI Framework,Switch Tab,Click,Tab,Job: upct_demo,UIInteraction,
43194.1817628241,,UI Framework,Close Console,Click,Button,,UIInteraction,
43194.1817606134,,UI Framework,Switch Tab,Click,Tab,Messages: Job Independent,UIInteraction,
43194.1865119329,,UI Framework,Initialize Maxwell Manager Process Name,,,Initialize Maxwell Manager Process Name,,
43194.1865288542,,UI Framework,Start Console,,,Maxwell Manager,UIAutomatic,MachineName=HPV04-006;UserName=Engineer;UserDomainName=HPV04-006;OS=Microsoft Windows NT 6.1.7601 Service Pack 1;TimeZone=00:00:00;IPAddress_1=192.168.78.163;IPAddress_2=::1;MWVersion=9.0.100745.3100
43194.1867660185,,Console/Job Manager,Import Job Archive,Click,ContextMenu,Create Import,UIInteraction,
43194.1867791088,,Import/Export & Backup/Restore,OK to select file,,,,UIAutomatic,FilePath=C:\DataValidation\HBMS-B\HBMS-B_Field_JA_7.1.82245.3100.Dlis
43194.1867730556,,Import/Export & Backup/Restore,Select file to import,Click,Button,...,UIInteraction,
43194.186834838,,Import/Export & Backup/Restore,Start Import,Click,Button,Import,UIInteraction,FilePath=C:\DataValidation\HBMS-B\HBMS-B_Field_JA_7.1.82245.3100.Dlis
43194.1876907639,,Import/Export & Backup/Restore,Close Import UI,Click,Button,Close,UIInteraction,
43194.1878237269,,Console/Job Manager,Select Auto Backup Folder,Click,ComboBox,C:\Autobackup,UIInteraction,
43194.1914112616,,UI Framework,Close Console,Click,Button,,UIInteraction,
43194.1949121412,,UI Framework,Initialize Maxwell Manager Process Name,,,Initialize Maxwell Manager Process Name,,
43194.1949289352,,UI Framework,Start Console,,,Maxwell Manager,UIAutomatic,MachineName=HPV04-006;UserName=Engineer;UserDomainName=HPV04-006;OS=Microsoft Windows NT 6.1.7601 Service Pack 1;TimeZone=00:00:00;IPAddress_1=192.168.78.163;IPAddress_2=::1;MWVersion=9.0.100745.3100
43194.1951673611,,Console/Job Manager,Import Job Archive,Click,ContextMenu,Create Import,UIInteraction,
43194.195180081,,Import/Export & Backup/Restore,OK to select file,,,,UIAutomatic,FilePath=C:\DataValidation\HSLT-A\HSLT-A_Normal_2.1.6903.1163_RA.dlis
43194.1951741898,,Import/Export & Backup/Restore,Select file to import,Click,Button,...,UIInteraction,
43194.1952406482,,Import/Export & Backup/Restore,Start Import,Click,Button,Import,UIInteraction,FilePath=C:\DataValidation\HSLT-A\HSLT-A_Normal_2.1.6903.1163_RA.dlis
43194.1961245486,,Import/Export & Backup/Restore,Close Import UI,Click,Button,Close,UIInteraction,
43194.1962653588,,Console/Job Manager,Select Auto Backup Folder,Click,ComboBox,C:\Autobackup,UIInteraction,
43194.2044272222,,UI Framework,Close Console,Click,Button,,UIInteraction,
