Time,Process,Component,Operation,Action,Control,ControlText,Category,Context
43194.1254128356,,Console/Job Manager,Start Job,Click,Button,Start,UIInteraction,JobName=Acq_DTA_WF;WellName=BGC;ClientName=BGCAT;StartDate=4/4/2018 2:59 AM;Workflow=Wireline;Simulator=True;UnitSystem=Metric;RTBackupDir=C:\Acq_DTA;JobSize=0;State=Available;SideTrackId=0;SessionID=ADF33BB2-3CC0-4052-94F4-03B44391E181;SortOrder=1;JobGUID=9325F56E-C6D8-4D6F-B8AF-BA5177875769;WellGUID=7ECE5198-0D96-49B6-A742-B84B2748C7FD;BoreholeGUID=711B7B90-52F2-4F3A-8502-D33D1A86D846;MachineName=HPV26-003;UserName=Engineer;UserDomainName=HPV26-003;OS=Microsoft Windows NT 6.1.7601 Service Pack 1;StartedJobCount=0;TimeZone=00:00:00;IPAddress_1=192.168.78.176;IPAddress_2=::1;MWVersion=9.0.100745.3100
43194.1257401389,,Console/Job Manager,Start Deliverables Console,Click,Button,Start...,UIInteraction,JobGuid=9325F56E-C6D8-4D6F-B8AF-BA5177875769
43194.1259086806,DeliverablesSetup,UI Framework,Start Console,,,Deliverables Console Setup - Job Acq_DTA_WF,UIAutomatic,
43194.1259215741,,Console/Job Manager,Start Setup Console,Click,Button,Start...,UIInteraction,JobGuid=9325F56E-C6D8-4D6F-B8AF-BA5177875769
43194.1259985417,Setup,Calibration,Select Calibration Report Type,Click,ComboBox,Technical Concise,UIInteraction,
43194.1261114815,Setup,UI Framework,Start Console,,,Setup - Job Acq_DTA_WF,UIAutomatic,
43194.1261684838,Setup,Equipment,New ToolString,Click,ToolbarButton,New ToolString,UIInteraction,ToolstringName=New ToolString;ToolstringGuid=62046B92-4342-4115-A2A1-E430B3E4B680
43194.1262104861,Setup,Equipment,Rename ToolString,Input,TextBox,DTA-A Test,UIInteraction,ToolstringGuid=62046B92-4342-4115-A2A1-E430B3E4B680
43194.126221331,Setup,Equipment,Filter Equipment in Catalog,Input,TextBox,,UIInteraction,Text=MRPS-B
43194.1262218056,Setup,Equipment,Filter Equipment in Catalog,Input,TextBox,,UIInteraction,Text=MRPS-B
43194.1262265162,Setup,Equipment,Add Equipment from Catalog to ToolString,Click,ToolbarButton,Add to ToolString,UIInteraction,EquipmentName=MRPS-B
43194.1262566319,Setup,Equipment,Filter Equipment in Catalog,Input,TextBox,,UIInteraction,Text=MRHY-B
43194.1262567477,Setup,Equipment,Filter Equipment in Catalog,Input,TextBox,,UIInteraction,Text=MRHY-B
43194.1262569213,DeliverablesSetup,Tier Manager,Tier Template Created for Tools in My Equipment,,,MRPS-B Tier Created,Deliverables Console,
43194.1262611111,Setup,Equipment,Add Equipment from Catalog to ToolString,Click,ToolbarButton,Add to ToolString,UIInteraction,EquipmentName=MRHY-B
43194.1262648264,DeliverablesSetup,Tier Manager,Tier Template Created for Tools in My Equipment,,,MRHY-B Tier Created,Deliverables Console,
43194.1262654861,Setup,Equipment,Filter Equipment in Catalog,Input,TextBox,,UIInteraction,Text=MRPC-B
43194.1262655787,Setup,Equipment,Filter Equipment in Catalog,Input,TextBox,,UIInteraction,Text=MRPC-B
43194.126270162,Setup,Equipment,Add Equipment from Catalog to ToolString,Click,ToolbarButton,Add to ToolString,UIInteraction,EquipmentName=MRPC-B
43194.1262775,DeliverablesSetup,Tier Manager,Tier Template Created for Tools in My Equipment,,,MRPC-B Tier Created,Deliverables Console,
43194.1262782639,Setup,Equipment,Filter Equipment in Catalog,Input,TextBox,,UIInteraction,Text=DTA-A
43194.1262783565,Setup,Equipment,Filter Equipment in Catalog,Input,TextBox,,UIInteraction,Text=DTA-A
43194.1262828009,Setup,Equipment,Add Equipment from Catalog to ToolString,Click,ToolbarButton,Add to ToolString,UIInteraction,EquipmentName=DTA-A
43194.1262886806,DeliverablesSetup,Tier Manager,Tier Template Created for Tools in My Equipment,,,DTA-A Tier Created,Deliverables Console,
43194.1262891898,Setup,Equipment,Filter Equipment in Catalog,Input,TextBox,,UIInteraction,Text=EDTC-B
43194.1262892708,Setup,Equipment,Filter Equipment in Catalog,Input,TextBox,,UIInteraction,Text=EDTC-B
43194.1262936343,Setup,Equipment,Add Equipment from Catalog to ToolString,Click,ToolbarButton,Add to ToolString,UIInteraction,EquipmentName=EDTC-B
43194.1262999653,DeliverablesSetup,Tier Manager,Tier Template Created for Tools in My Equipment,,,EDTC-B Tier Created,Deliverables Console,
43194.1263005324,Setup,Equipment,Filter Equipment in Catalog,Input,TextBox,,UIInteraction,Text=LEH-Q
43194.1263006713,Setup,Equipment,Filter Equipment in Catalog,Input,TextBox,,UIInteraction,Text=LEH-Q
43194.1263054514,Setup,Equipment,Add Equipment from Catalog to ToolString,Click,ToolbarButton,Add to ToolString,UIInteraction,EquipmentName=LEH-Q
43194.1263837963,Setup,UI Framework,Switch Tab,Click,Tab,Parameters,UIInteraction,
43194.1263876042,Setup,Properties & Parameters,Show Infrequent Properties/Parameters,Click,ToolbarButton,Show Infrequent Parameters,UIInteraction,
43194.1264522338,Setup,Properties & Parameters,Change Parameter Value,Update,GridCell,150KHZ,UIInteraction,OSDD=TBR;EnsemblePath=DTA-A:DTA-A:DTA-A
43194.1265645718,Setup,Equipment,Activate ToolString for Shop Calibration,Click,ContextMenu,Activate for Checks and Calibration,UIInteraction,TooStringGuid=62046B92-4342-4115-A2A1-E430B3E4B680
43194.1267424306,Simulation,UI Framework,Start Console,,,Simulation Console - Job Acq_DTA_WF,UIAutomatic,
43194.1268441667,ShopCalibration,Calibration,Select Calibration Report Type,Click,ComboBox,Technical Concise,UIInteraction,
43194.1268644329,ShopCalibration,Calibration,Choose Available Calibration,Click,ComboBox,Nominal,UIInteraction,
43194.1268655787,ShopCalibration,Calibration,Select Calibration in Calibration Report,Click,ComboBox,EDTC-B Accelerometer Calibration,UIInteraction,
43194.1268656019,ShopCalibration,Calibration,Select Tool in Calibration Report,Click,ComboBox,EDTC-B,UIInteraction,ToolName=EDTC-B
43194.1268662384,ShopCalibration,UI Framework,Start Console,,,Shop Calibration Console - Job Acq_DTA_WF,UIAutomatic,
43194.1268722801,ShopCalibration,UI Framework,Switch Tab,Click,Tab,MD,UIInteraction,
43194.1302175463,ShopCalibration,Data Acquiring - WL,Connect Hardware,Click,ToolbarButton,Connect to Hardware,UIInteraction,
43194.1304924306,ShopCalibration,Properties & Parameters,Show Infrequent Properties/Parameters,Click,ToolbarButton,Show Infrequent Parameters,UIInteraction,
43194.1305639352,ShopCalibration,Properties & Parameters,Change Parameter Value,Update,GridCell,200KHZ,UIInteraction,OSDD=TBR;EnsemblePath=DTA-A:DTA-A:DTA-A
43194.1306024074,ShopCalibration,Data Acquiring - WL,Disconnect Hardware,Click,ToolbarButton,Disconnect From Hardware,UIInteraction,
43194.130840706,ShopCalibration,Properties & Parameters,Change Parameter Value,Update,GridCell,150KHZ,UIInteraction,OSDD=TBR;EnsemblePath=DTA-A:DTA-A:DTA-A
43194.134335706,ShopCalibration,Data Acquiring - WL,Connect Hardware,Click,ToolbarButton,Connect to Hardware,UIInteraction,
43194.1344051968,ShopCalibration,Data Acquiring - WL,Start Dataflow,Click,ToolbarButton,Start Data Flow,UIInteraction,
43194.1345313889,ShopCalibration,Data Acquiring - WL,Enable Tool Power,Click,ToolbarButton,Enable Tool Power,UIInteraction,
43194.1345406944,ShopCalibration,Before Logging Surface,Read Memory Data,,,,UIAutomatic,TaskName=EDTC-B: Read Memory Data
43194.1345410301,ShopCalibration,UI Framework,Switch Tab,Click,Tab,Calibrations,UIInteraction,
43194.1345526042,ShopCalibration,Calibration,Choose Available Calibration,Click,ComboBox,03:13:44.871 04-Apr-2018,UIInteraction,
43194.134553206,ShopCalibration,Calibration,Choose Available Calibration,Click,ComboBox,03:13:44.871 04-Apr-2018,UIInteraction,
43194.1353349884,ShopCalibration,Data Acquiring - WL,Unlock 3 Buttons,Click,ToolbarButton,Unlock,UIInteraction,
43194.1353395718,ShopCalibration,Data Acquiring - WL,Disable Tool Power,Click,ToolbarButton,Disable Tool Power,UIInteraction,
43194.1354828009,ShopCalibration,Data Acquiring - WL,Stop Dataflow,Click,ToolbarButton,Stop Data Flow,UIInteraction,
43194.1355762616,ShopCalibration,Data Acquiring - WL,Disconnect Hardware,Click,ToolbarButton,Disconnect From Hardware,UIInteraction,
43194.135686331,ShopCalibration,UI Framework,Close Console,Click,Button,,UIInteraction,JobGuid=9325F56E-C6D8-4D6F-B8AF-BA5177875769
43194.1367493287,Setup,Properties & Parameters,Change Parameter Value,Update,GridCell,100KHZ,UIInteraction,OSDD=TBR;EnsemblePath=DTA-A:DTA-A:DTA-A
43194.1368625463,Setup,Equipment,Activate ToolString for Shop Calibration,Click,ContextMenu,Activate for Checks and Calibration,UIInteraction,TooStringGuid=62046B92-4342-4115-A2A1-E430B3E4B680
43194.1370203819,Simulation,UI Framework,Start Console,,,Simulation Console - Job Acq_DTA_WF,UIAutomatic,
43194.137048125,ShopCalibration,Calibration,Select Calibration Report Type,Click,ComboBox,Technical Concise,UIInteraction,
43194.1370647801,ShopCalibration,Calibration,Choose Available Calibration,Click,ComboBox,Nominal,UIInteraction,
43194.1370659491,ShopCalibration,Calibration,Select Calibration in Calibration Report,Click,ComboBox,EDTC-B Accelerometer Calibration,UIInteraction,
43194.1370659606,ShopCalibration,Calibration,Select Tool in Calibration Report,Click,ComboBox,EDTC-B,UIInteraction,ToolName=EDTC-B
43194.1370666204,ShopCalibration,UI Framework,Start Console,,,Shop Calibration Console - Job Acq_DTA_WF,UIAutomatic,
43194.1370714468,ShopCalibration,UI Framework,Switch Tab,Click,Tab,MD,UIInteraction,
43194.1405174074,ShopCalibration,Data Acquiring - WL,Connect Hardware,Click,ToolbarButton,Connect to Hardware,UIInteraction,
43194.1407980556,ShopCalibration,Properties & Parameters,Show Infrequent Properties/Parameters,Click,ToolbarButton,Show Infrequent Parameters,UIInteraction,
43194.1408741551,ShopCalibration,Properties & Parameters,Change Parameter Value,Update,GridCell,150KHZ,UIInteraction,OSDD=TBR;EnsemblePath=DTA-A:DTA-A:DTA-A
43194.1409137384,ShopCalibration,Data Acquiring - WL,Disconnect Hardware,Click,ToolbarButton,Disconnect From Hardware,UIInteraction,
43194.1410015625,ShopCalibration,UI Framework,Close Console,Click,Button,,UIInteraction,JobGuid=9325F56E-C6D8-4D6F-B8AF-BA5177875769
43194.1422787963,Setup,Run Manager (Internal),Associate toolstring to run,Update,GridCell,DTA-A Test,UIInteraction,RunGuid=00F00A24-DE47-47C6-A789-6F84C2981941;ToolstringGuid=62046B92-4342-4115-A2A1-E430B3E4B680;DownholeEquipments=MRPS-BMRHY-BMRPC-BDTA-AEDTC-BLEH-Q;TSLevelActiveSurfaceEquips=DEPTH_DEVICETENSION_DEVICELOGGING_CABLEWAFEMRPPMRTMWITM
43194.1424360532,Setup,Equipment,Close Toolstring Validation UI,Click,Button,Close,UIInteraction,ToolstringGuid=62046B92-4342-4115-A2A1-E430B3E4B680
43194.1425571181,Setup,Properties & Parameters,Change Parameter Value,Update,GridCell,200KHZ,UIInteraction,OSDD=TBR;EnsemblePath=DTA-A:DTA-A:DTA-A
43194.1426805093,Setup,Run Manager (Internal),Start Run,Click,Button,Start,UIInteraction,RunGuid=00F00A24-DE47-47C6-A789-6F84C2981941;ToolstringGuid=62046B92-4342-4115-A2A1-E430B3E4B680;DownholeEquipments=MRPS-B:MRHY-B:MRPC-B:DTA-A:EDTC-B:LEH-Q;TSLevelActiveSurfaceEquips=DEPTH_DEVICE:TENSION_DEVICE:LOGGING_CABLE:WAFE
43194.1426807755,Setup,Run Manager (Internal),Change Tool Zero Selection,Click,CheckBox,MRPS-B,UIInteraction,CheckState=True
43194.1427327662,Setup,Run Manager (Internal),Confirm Tool Zero Selection,Click,Button,Confirm and Continue,UIInteraction,
43194.1428117361,Setup,Equipment,Activate Run,Click,Button,Activate,UIInteraction,ToolstringGuid=62046B92-4342-4115-A2A1-E430B3E4B680;DownholeEquipments=MRPS-B:MRHY-B:MRPC-B:DTA-A:EDTC-B:LEH-Q;TSLevelActiveSurfaceEquips=DEPTH_DEVICE:TENSION_DEVICE:LOGGING_CABLE:WAFE
43194.1428967361,Simulation,UI Framework,Start Console,,,Simulation Console - Job Acq_DTA_WF,UIAutomatic,
43194.1429173032,WLAcquisition,Calibration,Select Calibration Report Type,Click,ComboBox,Technical Concise,UIInteraction,
43194.1429452894,WLAcquisition,UI Framework,Start Console,,,Acquisition Console - Job Acq_DTA_WF - Run 1,UIAutomatic,
43194.142953044,WLAcquisition,Calibration,Choose Available Calibration,Click,ComboBox,Nominal,UIInteraction,
43194.1429538426,WLAcquisition,Calibration,Select Calibration in Calibration Report,Click,ComboBox,EDTC-B Accelerometer Calibration,UIInteraction,
43194.1429538657,WLAcquisition,Calibration,Select Tool in Calibration Report,Click,ComboBox,EDTC-B,UIInteraction,ToolName=EDTC-B
43194.1434375463,WLAcquisition,Properties & Parameters,Show Infrequent Properties/Parameters,Click,ToolbarButton,Show Infrequent Parameters,UIInteraction,
43194.1435158912,WLAcquisition,Properties & Parameters,Change Parameter Value,Update,GridCell,100KHZ,UIInteraction,OSDD=TBR;EnsemblePath=DTA-A:DTA-A:DTA-A
43194.1435812847,WLAcquisition,Data Acquiring - WL,Connect Hardware,Click,ToolbarButton,Connect to Hardware,UIInteraction,
43194.1439008218,WLAcquisition,Properties & Parameters,Change Parameter Value,Update,GridCell,150KHZ,UIInteraction,OSDD=TBR;EnsemblePath=DTA-A:DTA-A:DTA-A
43194.143972963,WLAcquisition,Data Acquiring - WL,Start Dataflow,Click,ToolbarButton,Start Data Flow,UIInteraction,
43194.1440535301,WLAcquisition,Data Acquiring - WL,Enable Tool Power,Click,ToolbarButton,Enable Tool Power,UIInteraction,
43194.1440606829,WLAcquisition,EDTC-B,Read Memory Data,,,,UIAutomatic,TaskName=EDTC-B: Read Memory Data
43194.1440608796,WLAcquisition,UI Framework,Switch Tab,Click,Tab,Calibrations,UIInteraction,
43194.1440724653,WLAcquisition,Calibration,Choose Available Calibration,Click,ComboBox,03:13:44.870 04-Apr-2018,UIInteraction,
43194.144074838,WLAcquisition,Calibration,Choose Available Calibration,Click,ComboBox,03:27:27.578 04-Apr-2018,UIInteraction,
43194.1458065278,WLAcquisition,Depth Log/Station Planning,Perform Logging Task,RightClick,TreeView,Depth Log,UIInteraction,TaskName=Depth Log
43194.1458209838,WLAcquisition,Depth Log/Station Planning,Perform Logging Task,Click,ContextMenu,Perform,UIInteraction,TaskName=Depth Log
43194.1465156713,WLAcquisition,Data Acquiring - WL,Start Depth Pass,Click,Button,Start,UIInteraction,PassGuid=9F27CCDF-13A2-426F-A2CB-B243D5D0F436;Objective=Log;Direction=Up;Depth=2995.99096
43194.1465187963,WLAcquisition,UI Framework,Switch Tab,Click,Tab,MD,UIInteraction,
43194.1472907292,WLAcquisition,Data Acquiring - WL,Unlock Pass,Click,ToolbarButton,Click to Unlock Stop Button,UIInteraction,
43194.1473900232,WLAcquisition,Data Acquiring - WL,Stop Depth Pass,Click,Button,Stop,UIInteraction,PassGuid=9F27CCDF-13A2-426F-A2CB-B243D5D0F436;Depth=2989.61302
43194.1475143519,WLAcquisition,Data Acquiring - WL,Unlock 3 Buttons,Click,ToolbarButton,Unlock,UIInteraction,
43194.1475163773,WLAcquisition,Data Acquiring - WL,Disable Tool Power,Click,ToolbarButton,Disable Tool Power,UIInteraction,
43194.1478327083,WLAcquisition,Data Acquiring - WL,Stop Dataflow,Click,ToolbarButton,Stop Data Flow,UIInteraction,
43194.1479800694,WLAcquisition,Data Acquiring - WL,Disconnect Hardware,Click,ToolbarButton,Disconnect From Hardware,UIInteraction,
43194.148097662,,Console/Job Manager,Stop Acquisition Console,Click,Button,Stop,UIInteraction,JobGuid=9325F56E-C6D8-4D6F-B8AF-BA5177875769
43194.1481532407,,Console/Job Manager,Start Acquisition Console,Click,Button,Start...,UIInteraction,JobGuid=9325F56E-C6D8-4D6F-B8AF-BA5177875769
43194.1482173727,WLAcquisition,Calibration,Select Calibration Report Type,Click,ComboBox,Technical Concise,UIInteraction,
43194.1482359838,WLAcquisition,Calibration,Choose Available Calibration,Click,ComboBox,Nominal,UIInteraction,
43194.1482368287,WLAcquisition,Calibration,Select Calibration in Calibration Report,Click,ComboBox,EDTC-B Accelerometer Calibration,UIInteraction,
43194.1482368519,WLAcquisition,Calibration,Select Tool in Calibration Report,Click,ComboBox,EDTC-B,UIInteraction,ToolName=EDTC-B
43194.1482289931,WLAcquisition,UI Framework,Start Console,,,Acquisition Console - Job Acq_DTA_WF - Run 1,UIAutomatic,
43194.148475787,WLAcquisition,Properties & Parameters,Show Infrequent Properties/Parameters,Click,ToolbarButton,Show Infrequent Parameters,UIInteraction,
43194.1486947569,WLAcquisition,Data Acquiring - WL,Connect Hardware,Click,ToolbarButton,Connect to Hardware,UIInteraction,
43194.1489916319,WLAcquisition,Data Acquiring - WL,Start Dataflow,Click,ToolbarButton,Start Data Flow,UIInteraction,
43194.1493166551,WLAcquisition,Data Acquiring - WL,Enable Tool Power,Click,ToolbarButton,Enable Tool Power,UIInteraction,
43194.1493236806,WLAcquisition,EDTC-B,Read Memory Data,,,,UIAutomatic,TaskName=EDTC-B: Read Memory Data
43194.1493239236,WLAcquisition,UI Framework,Switch Tab,Click,Tab,Calibrations,UIInteraction,
43194.1493346875,WLAcquisition,Calibration,Choose Available Calibration,Click,ComboBox,03:27:27.577 04-Apr-2018,UIInteraction,
43194.1493367361,WLAcquisition,Calibration,Choose Available Calibration,Click,ComboBox,03:35:02.294 04-Apr-2018,UIInteraction,
43194.1510782755,WLAcquisition,Depth Log/Station Planning,Perform Logging Task,RightClick,TreeView,Depth Log,UIInteraction,TaskName=Depth Log
43194.151092338,WLAcquisition,Depth Log/Station Planning,Perform Logging Task,Click,ContextMenu,Perform,UIInteraction,TaskName=Depth Log
43194.1515778935,WLAcquisition,Data Acquiring - WL,Start Depth Pass,Click,Button,Start,UIInteraction,PassGuid=7B530EB2-59CF-4181-99CB-D9E3EB89F50B;Objective=Log;Direction=Down;Depth=2964.3324
43194.1515803125,WLAcquisition,UI Framework,Switch Tab,Click,Tab,MD,UIInteraction,
43194.1524455903,WLAcquisition,Data Acquiring - WL,Unlock Pass,Click,ToolbarButton,Click to Unlock Stop Button,UIInteraction,
43194.1525572454,WLAcquisition,Data Acquiring - WL,Stop Depth Pass,Click,Button,Stop,UIInteraction,PassGuid=7B530EB2-59CF-4181-99CB-D9E3EB89F50B;Depth=2970.30648
43194.1526757639,WLAcquisition,Data Acquiring - WL,Unlock 3 Buttons,Click,ToolbarButton,Unlock,UIInteraction,
43194.1526780787,WLAcquisition,Data Acquiring - WL,Disable Tool Power,Click,ToolbarButton,Disable Tool Power,UIInteraction,
43194.1528928356,WLAcquisition,Data Acquiring - WL,Stop Dataflow,Click,ToolbarButton,Stop Data Flow,UIInteraction,
43194.1529531597,WLAcquisition,Data Acquiring - WL,Disconnect Hardware,Click,ToolbarButton,Disconnect From Hardware,UIInteraction,
43194.1530643981,Setup,Run Manager (Internal),Stop Run,Click,Button,Stop,UIInteraction,RunGuid=00F00A24-DE47-47C6-A789-6F84C2981941
43194.1531146296,Setup,Run Manager (Internal),Confirm to Stop Run,Click,Button,OK,UIInteraction,RunGuid=00F00A24-DE47-47C6-A789-6F84C2981941
43194.1531814583,Simulation,UI Framework,Close Console,Click,Button,,UIInteraction,JobGuid=9325F56E-C6D8-4D6F-B8AF-BA5177875769
43194.1532659143,Setup,Run Manager (Internal),Start Run,Click,Button,Start,UIInteraction,RunGuid=00F00A24-DE47-47C6-A789-6F84C2981941;ToolstringGuid=62046B92-4342-4115-A2A1-E430B3E4B680;DownholeEquipments=MRPS-B:MRHY-B:MRPC-B:DTA-A:EDTC-B:LEH-Q;TSLevelActiveSurfaceEquips=DEPTH_DEVICE:TENSION_DEVICE:LOGGING_CABLE:WAFE
43194.1533795023,Setup,Equipment,Activate Run,Click,Button,Activate,UIInteraction,ToolstringGuid=62046B92-4342-4115-A2A1-E430B3E4B680;DownholeEquipments=MRPS-B:MRHY-B:MRPC-B:DTA-A:EDTC-B:LEH-Q;TSLevelActiveSurfaceEquips=DEPTH_DEVICE:TENSION_DEVICE:LOGGING_CABLE:WAFE
43194.1534574306,Simulation,UI Framework,Start Console,,,Simulation Console - Job Acq_DTA_WF,UIAutomatic,
43194.1534906944,WLAcquisition,Calibration,Select Calibration Report Type,Click,ComboBox,Technical Concise,UIInteraction,
43194.1535054051,WLAcquisition,UI Framework,Start Console,,,Acquisition Console - Job Acq_DTA_WF - Run 1,UIAutomatic,
43194.1535127199,WLAcquisition,Calibration,Choose Available Calibration,Click,ComboBox,Nominal,UIInteraction,
43194.1535136574,WLAcquisition,Calibration,Select Tool in Calibration Report,Click,ComboBox,EDTC-B,UIInteraction,ToolName=EDTC-B
43194.1535136343,WLAcquisition,Calibration,Select Calibration in Calibration Report,Click,ComboBox,EDTC-B Accelerometer Calibration,UIInteraction,
43194.1540207639,WLAcquisition,Properties & Parameters,Show Infrequent Properties/Parameters,Click,ToolbarButton,Show Infrequent Parameters,UIInteraction,
43194.1541023148,WLAcquisition,Properties & Parameters,Change Parameter Value,Update,GridCell,100KHZ,UIInteraction,OSDD=TBR;EnsemblePath=DTA-A:DTA-A:DTA-A
43194.1543039236,WLAcquisition,Data Acquiring - WL,Connect Hardware,Click,ToolbarButton,Connect to Hardware,UIInteraction,
43194.1546948495,WLAcquisition,Properties & Parameters,Change Parameter Value,Update,GridCell,150KHZ,UIInteraction,OSDD=TBR;EnsemblePath=DTA-A:DTA-A:DTA-A
43194.1547841782,WLAcquisition,Data Acquiring - WL,Start Dataflow,Click,ToolbarButton,Start Data Flow,UIInteraction,
43194.1549343634,WLAcquisition,Data Acquiring - WL,Enable Tool Power,Click,ToolbarButton,Enable Tool Power,UIInteraction,
43194.1549414236,WLAcquisition,EDTC-B,Read Memory Data,,,,UIAutomatic,TaskName=EDTC-B: Read Memory Data
43194.1549416782,WLAcquisition,UI Framework,Switch Tab,Click,Tab,Calibrations,UIInteraction,
43194.1549522917,WLAcquisition,Calibration,Choose Available Calibration,Click,ComboBox,03:35:02.293 04-Apr-2018,UIInteraction,
43194.1549545833,WLAcquisition,Calibration,Choose Available Calibration,Click,ComboBox,03:43:07.616 04-Apr-2018,UIInteraction,
43194.1566821644,WLAcquisition,Depth Log/Station Planning,Perform Logging Task,RightClick,TreeView,Depth Log,UIInteraction,TaskName=Depth Log
43194.1566968866,WLAcquisition,Depth Log/Station Planning,Perform Logging Task,Click,ContextMenu,Perform,UIInteraction,TaskName=Depth Log
43194.1571780093,WLAcquisition,Data Acquiring - WL,Start Depth Pass,Click,Button,Start,UIInteraction,PassGuid=884666CF-458F-48C8-8EDF-1A988ADCC296;Objective=Log;Direction=Up;Depth=2999.994
43194.1571805556,WLAcquisition,UI Framework,Switch Tab,Click,Tab,MD,UIInteraction,
43194.1576889583,WLAcquisition,Data Acquiring - WL,Unlock Pass,Click,ToolbarButton,Click to Unlock Stop Button,UIInteraction,
43194.157791875,WLAcquisition,Data Acquiring - WL,Stop Depth Pass,Click,Button,Stop,UIInteraction,PassGuid=884666CF-458F-48C8-8EDF-1A988ADCC296;Depth=2996.0824
43194.1579172685,WLAcquisition,Data Acquiring - WL,Unlock 3 Buttons,Click,ToolbarButton,Unlock,UIInteraction,
43194.1579196296,WLAcquisition,Data Acquiring - WL,Disable Tool Power,Click,ToolbarButton,Disable Tool Power,UIInteraction,
43194.158158588,WLAcquisition,Data Acquiring - WL,Stop Dataflow,Click,ToolbarButton,Stop Data Flow,UIInteraction,
43194.1582882176,WLAcquisition,Data Acquiring - WL,Disconnect Hardware,Click,ToolbarButton,Disconnect From Hardware,UIInteraction,
43194.1584003588,Setup,Run Manager (Internal),Stop Run,Click,Button,Stop,UIInteraction,RunGuid=00F00A24-DE47-47C6-A789-6F84C2981941
43194.1584485764,Setup,Run Manager (Internal),Confirm to Stop Run,Click,Button,OK,UIInteraction,RunGuid=00F00A24-DE47-47C6-A789-6F84C2981941
43194.1585284491,Simulation,UI Framework,Close Console,Click,Button,,UIInteraction,JobGuid=9325F56E-C6D8-4D6F-B8AF-BA5177875769
43194.1585924653,Setup,Equipment,Copy ToolString,Click,ContextMenu,Create Copy,UIInteraction,Source TooStringGuid=62046B92-4342-4115-A2A1-E430B3E4B680;Source ToolString Name=DTA-A Test
43194.1587658333,Setup,Equipment,Rename ToolString,Click,ContextMenu,Rename,UIInteraction,
43194.1587703819,Setup,Equipment,Rename ToolString,Input,TextBox,DTA2,UIInteraction,ToolstringGuid=F13286B0-B4B9-497F-A3C6-B483D7A03AEB
43194.1587940856,Setup,Run Manager (Internal),Create new run,Click,ToolbarButton,New Run,UIInteraction,JobGuid=9325F56E-C6D8-4D6F-B8AF-BA5177875769
43194.1589172685,Setup,Run Manager (Internal),Associate toolstring to run,Update,GridCell,DTA2,UIInteraction,RunGuid=4D0AF287-3135-4166-9573-0A50F919BDA0;ToolstringGuid=F13286B0-B4B9-497F-A3C6-B483D7A03AEB;DownholeEquipments=MRPS-BMRHY-BMRPC-BDTA-AEDTC-BLEH-Q;TSLevelActiveSurfaceEquips=DEPTH_DEVICETENSION_DEVICELOGGING_CABLEWAFEMRPPMRTMWITM
43194.1590746528,Setup,Equipment,Close Toolstring Validation UI,Click,Button,Close,UIInteraction,ToolstringGuid=F13286B0-B4B9-497F-A3C6-B483D7A03AEB
43194.1591996644,Setup,Properties & Parameters,Change Parameter Value,Update,GridCell,400KHZ,UIInteraction,OSDD=TBR;EnsemblePath=DTA-A:DTA-A:DTA-A
43194.1593252894,Setup,Run Manager (Internal),Start Run,Click,Button,Start,UIInteraction,RunGuid=4D0AF287-3135-4166-9573-0A50F919BDA0;ToolstringGuid=F13286B0-B4B9-497F-A3C6-B483D7A03AEB;DownholeEquipments=MRPS-B:MRHY-B:MRPC-B:DTA-A:EDTC-B:LEH-Q;TSLevelActiveSurfaceEquips=DEPTH_DEVICE:TENSION_DEVICE:LOGGING_CABLE:WAFE
43194.1593255324,Setup,Run Manager (Internal),Change Tool Zero Selection,Click,CheckBox,MRPS-B,UIInteraction,CheckState=True
43194.1593728935,Setup,Run Manager (Internal),Confirm Tool Zero Selection,Click,Button,Confirm and Continue,UIInteraction,
43194.1594534838,Setup,Equipment,Activate Run,Click,Button,Activate,UIInteraction,ToolstringGuid=F13286B0-B4B9-497F-A3C6-B483D7A03AEB;DownholeEquipments=MRPS-B:MRHY-B:MRPC-B:DTA-A:EDTC-B:LEH-Q;TSLevelActiveSurfaceEquips=DEPTH_DEVICE:TENSION_DEVICE:LOGGING_CABLE:WAFE
43194.1595560301,Simulation,UI Framework,Start Console,,,Simulation Console - Job Acq_DTA_WF,UIAutomatic,
43194.1595917477,WLAcquisition,Calibration,Select Calibration Report Type,Click,ComboBox,Technical Concise,UIInteraction,
43194.1596194213,WLAcquisition,UI Framework,Start Console,,,Acquisition Console - Job Acq_DTA_WF - Run 2,UIAutomatic,
43194.1596277662,WLAcquisition,Calibration,Choose Available Calibration,Click,ComboBox,Nominal,UIInteraction,
43194.1596286111,WLAcquisition,Calibration,Select Tool in Calibration Report,Click,ComboBox,EDTC-B,UIInteraction,ToolName=EDTC-B
43194.159628588,WLAcquisition,Calibration,Select Calibration in Calibration Report,Click,ComboBox,EDTC-B Accelerometer Calibration,UIInteraction,
43194.1600836343,WLAcquisition,Data Acquiring - WL,Connect Hardware,Click,ToolbarButton,Connect to Hardware,UIInteraction,
43194.1604510185,WLAcquisition,Properties & Parameters,Show Infrequent Properties/Parameters,Click,ToolbarButton,Show Infrequent Parameters,UIInteraction,
43194.1605370833,WLAcquisition,Properties & Parameters,Change Parameter Value,Update,GridCell,100KHZ,UIInteraction,OSDD=TBR;EnsemblePath=DTA-A:DTA-A:DTA-A
43194.1606337153,WLAcquisition,Data Acquiring - WL,Start Dataflow,Click,ToolbarButton,Start Data Flow,UIInteraction,
43194.1607364583,WLAcquisition,Data Acquiring - WL,Enable Tool Power,Click,ToolbarButton,Enable Tool Power,UIInteraction,
43194.1607436458,WLAcquisition,EDTC-B,Read Memory Data,,,,UIAutomatic,TaskName=EDTC-B: Read Memory Data
43194.1607438194,WLAcquisition,UI Framework,Switch Tab,Click,Tab,Calibrations,UIInteraction,
43194.160753287,WLAcquisition,Calibration,Choose Available Calibration,Click,ComboBox,03:43:07.617 04-Apr-2018,UIInteraction,
43194.1607561921,WLAcquisition,Calibration,Choose Available Calibration,Click,ComboBox,03:51:28.818 04-Apr-2018,UIInteraction,
43194.1624952315,WLAcquisition,Depth Log/Station Planning,Perform Logging Task,RightClick,TreeView,Depth Log,UIInteraction,TaskName=Depth Log
43194.1625096528,WLAcquisition,Depth Log/Station Planning,Perform Logging Task,Click,ContextMenu,Perform,UIInteraction,TaskName=Depth Log
43194.1630002546,WLAcquisition,Data Acquiring - WL,Start Depth Pass,Click,Button,Start,UIInteraction,PassGuid=22681678-9D2F-4018-89D4-6B8FF1FA730A;Objective=Log;Direction=Up;Depth=2999.994
43194.1630033218,WLAcquisition,UI Framework,Switch Tab,Click,Tab,MD,UIInteraction,
43194.1635018634,WLAcquisition,Data Acquiring - WL,Unlock Pass,Click,ToolbarButton,Click to Unlock Stop Button,UIInteraction,
43194.1636103472,WLAcquisition,Data Acquiring - WL,Stop Depth Pass,Click,Button,Stop,UIInteraction,PassGuid=22681678-9D2F-4018-89D4-6B8FF1FA730A;Depth=2996.11034
43194.1637254977,WLAcquisition,Data Acquiring - WL,Unlock 3 Buttons,Click,ToolbarButton,Unlock,UIInteraction,
43194.1637280671,WLAcquisition,Data Acquiring - WL,Disable Tool Power,Click,ToolbarButton,Disable Tool Power,UIInteraction,
43194.163911412,WLAcquisition,Data Acquiring - WL,Stop Dataflow,Click,ToolbarButton,Stop Data Flow,UIInteraction,
43194.1639597454,WLAcquisition,Data Acquiring - WL,Disconnect Hardware,Click,ToolbarButton,Disconnect From Hardware,UIInteraction,
43194.1640685995,Setup,Run Manager (Internal),Stop Run,Click,Button,Stop,UIInteraction,RunGuid=4D0AF287-3135-4166-9573-0A50F919BDA0
43194.1641139699,Setup,Run Manager (Internal),Confirm to Stop Run,Click,Button,OK,UIInteraction,RunGuid=4D0AF287-3135-4166-9573-0A50F919BDA0
43194.1641973843,Simulation,UI Framework,Close Console,Click,Button,,UIInteraction,JobGuid=9325F56E-C6D8-4D6F-B8AF-BA5177875769
43194.1642472222,Setup,Equipment,New ToolString,Click,ToolbarButton,New ToolString,UIInteraction,ToolstringName=New ToolString;ToolstringGuid=E7B20E66-A699-4713-BD41-64893AFF8220
43194.1642882986,Setup,Equipment,Rename ToolString,Input,TextBox,DTA3-MIFA,UIInteraction,ToolstringGuid=E7B20E66-A699-4713-BD41-64893AFF8220
43194.1642948611,Setup,Equipment,Filter Equipment in Catalog,Input,TextBox,,UIInteraction,Text=MRMS-NB
43194.1642950347,Setup,Equipment,Filter Equipment in Catalog,Input,TextBox,,UIInteraction,Text=MRMS-NB
43194.1642995949,Setup,Equipment,Add Equipment from Catalog to ToolString,Click,ToolbarButton,Add to ToolString,UIInteraction,EquipmentName=MRMS-NB
43194.1643064468,DeliverablesSetup,Tier Manager,Tier Template Created for Tools in My Equipment,,,MRMS-NB Tier Created,Deliverables Console,
43194.164307037,Setup,Equipment,Filter Equipment in Catalog,Input,TextBox,,UIInteraction,Text=MIFA-ND
43194.1643071296,Setup,Equipment,Filter Equipment in Catalog,Input,TextBox,,UIInteraction,Text=MIFA-ND
43194.1643115278,Setup,Equipment,Add Equipment from Catalog to ToolString,Click,ToolbarButton,Add to ToolString,UIInteraction,EquipmentName=MIFA-ND
43194.1643241435,DeliverablesSetup,Tier Manager,Tier Template Created for Tools in My Equipment,,,MIFA-ND Tier Created,Deliverables Console,
43194.1643247222,Setup,Equipment,Filter Equipment in Catalog,Input,TextBox,,UIInteraction,Text=MRHY-NB
43194.1643248495,Setup,Equipment,Filter Equipment in Catalog,Input,TextBox,,UIInteraction,Text=MRHY-NB
43194.1643292477,Setup,Equipment,Add Equipment from Catalog to ToolString,Click,ToolbarButton,Add to ToolString,UIInteraction,EquipmentName=MRHY-NB
43194.1643331713,Setup,Equipment,Filter Equipment in Catalog,Input,TextBox,,UIInteraction,Text=MRPS-NB
43194.1643333681,Setup,Equipment,Filter Equipment in Catalog,Input,TextBox,,UIInteraction,Text=MRPS-NB
43194.164338125,Setup,Equipment,Add Equipment from Catalog to ToolString,Click,ToolbarButton,Add to ToolString,UIInteraction,EquipmentName=MRPS-NB
43194.1643466551,Setup,Equipment,Filter Equipment in Catalog,Input,TextBox,,UIInteraction,Text=MRBA-NA
43194.1643467477,Setup,Equipment,Filter Equipment in Catalog,Input,TextBox,,UIInteraction,Text=MRBA-NA
43194.1643510764,Setup,Equipment,Add Equipment from Catalog to ToolString,Click,ToolbarButton,Add to ToolString,UIInteraction,EquipmentName=MRBA-NA
43194.1643576273,Setup,Equipment,Filter Equipment in Catalog,Input,TextBox,,UIInteraction,Text=MRPO-NB
43194.1643577199,Setup,Equipment,Filter Equipment in Catalog,Input,TextBox,,UIInteraction,Text=MRPO-NB
43194.1643621181,Setup,Equipment,Add Equipment from Catalog to ToolString,Click,ToolbarButton,Add to ToolString,UIInteraction,EquipmentName=MRPO-NB
43194.1643700694,Setup,Equipment,Filter Equipment in Catalog,Input,TextBox,,UIInteraction,Text=MRPQ-ND
43194.1643746412,Setup,Equipment,Add Equipment from Catalog to ToolString,Click,ToolbarButton,Add to ToolString,UIInteraction,EquipmentName=MRPQ-ND
43194.1643702662,Setup,Equipment,Filter Equipment in Catalog,Input,TextBox,,UIInteraction,Text=MRPQ-ND
43194.1643890972,DeliverablesSetup,Tier Manager,Tier Template Created for Tools in My Equipment,,,MRPQ-ND Tier Created,Deliverables Console,
43194.1643894097,Setup,Equipment,Filter Equipment in Catalog,Input,TextBox,,UIInteraction,Text=MRHY-NB
43194.1643895486,Setup,Equipment,Filter Equipment in Catalog,Input,TextBox,,UIInteraction,Text=MRHY-NB
43194.1643941204,Setup,Equipment,Add Equipment from Catalog to ToolString,Click,ToolbarButton,Add to ToolString,UIInteraction,EquipmentName=MRHY-NB
43194.1644079861,Setup,Equipment,Filter Equipment in Catalog,Input,TextBox,,UIInteraction,Text=MIFA-ND
43194.164408206,Setup,Equipment,Filter Equipment in Catalog,Input,TextBox,,UIInteraction,Text=MIFA-ND
43194.1644127431,Setup,Equipment,Add Equipment from Catalog to ToolString,Click,ToolbarButton,Add to ToolString,UIInteraction,EquipmentName=MIFA-ND
43194.1644286574,Setup,Equipment,Filter Equipment in Catalog,Input,TextBox,,UIInteraction,Text=MRSC-ND
43194.164428831,Setup,Equipment,Filter Equipment in Catalog,Input,TextBox,,UIInteraction,Text=MRSC-ND
43194.1644331713,Setup,Equipment,Add Equipment from Catalog to ToolString,Click,ToolbarButton,Add to ToolString,UIInteraction,EquipmentName=MRSC-ND
43194.1644501505,Setup,Equipment,Filter Equipment in Catalog,Input,TextBox,,UIInteraction,Text=MRSC-ND
43194.1644503704,Setup,Equipment,Filter Equipment in Catalog,Input,TextBox,,UIInteraction,Text=MRSC-ND
43194.1644548727,Setup,Equipment,Add Equipment from Catalog to ToolString,Click,ToolbarButton,Add to ToolString,UIInteraction,EquipmentName=MRSC-ND
43194.164474537,Setup,Equipment,Filter Equipment in Catalog,Input,TextBox,,UIInteraction,Text=MRSC-ND
43194.1644746875,Setup,Equipment,Filter Equipment in Catalog,Input,TextBox,,UIInteraction,Text=MRSC-ND
43194.1644793056,Setup,Equipment,Add Equipment from Catalog to ToolString,Click,ToolbarButton,Add to ToolString,UIInteraction,EquipmentName=MRSC-ND
43194.1645018056,Setup,Equipment,Filter Equipment in Catalog,Input,TextBox,,UIInteraction,Text=MRMS-NB
43194.1645018982,Setup,Equipment,Filter Equipment in Catalog,Input,TextBox,,UIInteraction,Text=MRMS-NB
43194.1645064931,Setup,Equipment,Add Equipment from Catalog to ToolString,Click,ToolbarButton,Add to ToolString,UIInteraction,EquipmentName=MRMS-NB
43194.1645399769,Setup,Equipment,Filter Equipment in Catalog,Input,TextBox,,UIInteraction,Text=MRMS-NB
43194.164540081,Setup,Equipment,Filter Equipment in Catalog,Input,TextBox,,UIInteraction,Text=MRMS-NB
43194.1645445255,Setup,Equipment,Add Equipment from Catalog to ToolString,Click,ToolbarButton,Add to ToolString,UIInteraction,EquipmentName=MRMS-NB
43194.1645839468,Setup,Equipment,Filter Equipment in Catalog,Input,TextBox,,UIInteraction,Text=MRPC-NB
43194.1645841319,Setup,Equipment,Filter Equipment in Catalog,Input,TextBox,,UIInteraction,Text=MRPC-NB
43194.1645885532,Setup,Equipment,Add Equipment from Catalog to ToolString,Click,ToolbarButton,Add to ToolString,UIInteraction,EquipmentName=MRPC-NB
43194.1646271065,Setup,Equipment,Filter Equipment in Catalog,Input,TextBox,,UIInteraction,Text=DTA-A
43194.1646271991,Setup,Equipment,Filter Equipment in Catalog,Input,TextBox,,UIInteraction,Text=DTA-A
43194.1646315856,Setup,Equipment,Add Equipment from Catalog to ToolString,Click,ToolbarButton,Add to ToolString,UIInteraction,EquipmentName=DTA-A
43194.1646710648,Setup,Equipment,Filter Equipment in Catalog,Input,TextBox,,UIInteraction,Text=EDTC-B
43194.1646711574,Setup,Equipment,Filter Equipment in Catalog,Input,TextBox,,UIInteraction,Text=EDTC-B
43194.1646755903,Setup,Equipment,Add Equipment from Catalog to ToolString,Click,ToolbarButton,Add to ToolString,UIInteraction,EquipmentName=EDTC-B
43194.1647190393,Setup,Equipment,Filter Equipment in Catalog,Input,TextBox,,UIInteraction,Text=LEH-QT
43194.1647191667,Setup,Equipment,Filter Equipment in Catalog,Input,TextBox,,UIInteraction,Text=LEH-QT
43194.164723912,Setup,Equipment,Add Equipment from Catalog to ToolString,Click,ToolbarButton,Add to ToolString,UIInteraction,EquipmentName=LEH-QT
43194.1649016782,Setup,Properties & Parameters,Change Parameter Value,Update,GridCell,150KHZ,UIInteraction,OSDD=TBR;EnsemblePath=DTA-A:DTA-A:DTA-A
43194.1650264352,Setup,Run Manager (Internal),Create new run,Click,ToolbarButton,New Run,UIInteraction,JobGuid=9325F56E-C6D8-4D6F-B8AF-BA5177875769
43194.1651501968,Setup,Run Manager (Internal),Associate toolstring to run,Update,GridCell,DTA3-MIFA,UIInteraction,RunGuid=BB436594-29C1-4DA7-BBC5-5E792383ECB0;ToolstringGuid=E7B20E66-A699-4713-BD41-64893AFF8220;DownholeEquipments=MRMS-NBMIFA-NDMRHY-NBMRPS-NBMRBA-NAMRPO-NBMRPQ-NDMRHY-NBMIFA-NDMRSC-NDMRSC-NDMRSC-NDMRMS-NBMRMS-NBMRPC-NBDTA-AEDTC-BLEH-QT;TSLevelActiveSurfaceEquips=DEPTH_DEVICETENSION_DEVICELOGGING_CABLEWAFEMRPPMRTMWITM
43194.1653190625,Setup,Equipment,Close Toolstring Validation UI,Click,Button,Close,UIInteraction,ToolstringGuid=E7B20E66-A699-4713-BD41-64893AFF8220
43194.1653421296,Setup,Run Manager (Internal),Start Run,Click,Button,Start,UIInteraction,RunGuid=BB436594-29C1-4DA7-BBC5-5E792383ECB0;ToolstringGuid=E7B20E66-A699-4713-BD41-64893AFF8220;DownholeEquipments=MRMS-NB:MIFA-ND:MRHY-NB:MRPS-NB:MRBA-NA:MRPO-NB:MRPQ-ND:MRHY-NB:MIFA-ND:MRSC-ND:MRSC-ND:MRSC-ND:MRMS-NB:MRMS-NB:MRPC-NB:DTA-A:EDTC-B:LEH-QT;TSLevelActiveSurfaceEquips=LOGGING_CABLE:WAFE:DEPTH_DEVICE:TENSION_DEVICE
43194.1653424537,Setup,Run Manager (Internal),Change Tool Zero Selection,Click,CheckBox,MRPS-NB,UIInteraction,CheckState=True
43194.1653930324,Setup,Run Manager (Internal),Confirm Tool Zero Selection,Click,Button,Confirm and Continue,UIInteraction,
43194.165549537,Setup,Equipment,Activate Run,Click,Button,Activate,UIInteraction,ToolstringGuid=E7B20E66-A699-4713-BD41-64893AFF8220;DownholeEquipments=MRMS-NB:MIFA-ND:MRHY-NB:MRPS-NB:MRBA-NA:MRPO-NB:MRPQ-ND:MRHY-NB:MIFA-ND:MRSC-ND:MRSC-ND:MRSC-ND:MRMS-NB:MRMS-NB:MRPC-NB:DTA-A:EDTC-B:LEH-QT;TSLevelActiveSurfaceEquips=LOGGING_CABLE:WAFE:DEPTH_DEVICE:TENSION_DEVICE
43194.1663127778,WLAcquisition,Calibration,Select Calibration Report Type,Click,ComboBox,Technical Concise,UIInteraction,
43194.1663235764,Simulation,UI Framework,Start Console,,,Simulation Console - Job Acq_DTA_WF,UIAutomatic,
43194.1663437037,WLAcquisition,UI Framework,Start Console,,,Acquisition Console - Job Acq_DTA_WF - Run 3,UIAutomatic,
43194.1663538426,WLAcquisition,Calibration,Select Calibration in Calibration Report,Click,ComboBox,HTEN Before Calibration,UIInteraction,
43194.1663538657,WLAcquisition,Calibration,Select Tool in Calibration Report,Click,ComboBox,LEH-QT,UIInteraction,ToolName=LEH-QT
43194.1665982755,WLAcquisition,Data Acquiring - WL,Connect Hardware,Click,ToolbarButton,Connect to Hardware,UIInteraction,
43194.1669948958,WLAcquisition,Properties & Parameters,Show Infrequent Properties/Parameters,Click,ToolbarButton,Show Infrequent Parameters,UIInteraction,
43194.1670946991,WLAcquisition,Properties & Parameters,Change Parameter Value,Update,GridCell,200KHZ,UIInteraction,OSDD=TBR;EnsemblePath=DTA-A:DTA-A:DTA-A
43194.1671817245,WLAcquisition,Data Acquiring - WL,Start Dataflow,Click,ToolbarButton,Start Data Flow,UIInteraction,
43194.1673155787,WLAcquisition,Data Acquiring - WL,Enable Tool Power,Click,ToolbarButton,Enable Tool Power,UIInteraction,
43194.1675261343,WLAcquisition,UI Framework,Switch Tab,Click,Tab,MIFA-ND[1]: Auto Read Coefficients,UIInteraction,
43194.1675269213,WLAcquisition,EDTC-B,Read Memory Data,,,,UIAutomatic,TaskName=EDTC-B: Read Memory Data
43194.1675271181,WLAcquisition,UI Framework,Switch Tab,Click,Tab,Calibrations,UIInteraction,
43194.1675435301,WLAcquisition,Calibration,Choose Available Calibration,Click,ComboBox,03:51:28.817 04-Apr-2018,UIInteraction,
43194.1675463194,WLAcquisition,Calibration,Choose Available Calibration,Click,ComboBox,04:01:15.494 04-Apr-2018,UIInteraction,
43194.1677223032,WLAcquisition,UI Framework,Switch Tab,Click,Tab,MIFA-ND[2]: Auto Read Coefficients,UIInteraction,
43194.1701371991,WLAcquisition,Depth Log/Station Planning,Perform Logging Task,RightClick,TreeView,Depth Log,UIInteraction,TaskName=Depth Log
43194.1701513194,WLAcquisition,Depth Log/Station Planning,Perform Logging Task,Click,ContextMenu,Perform,UIInteraction,TaskName=Depth Log
43194.1706652431,WLAcquisition,Data Acquiring - WL,Start Depth Pass,Click,Button,Start,UIInteraction,PassGuid=AD2FFF01-D141-4F76-90F4-9B6E059A25A2;Objective=Log;Direction=Up;Depth=2999.994
43194.17067,WLAcquisition,UI Framework,Switch Tab,Click,Tab,MD,UIInteraction,
43194.1715673727,WLAcquisition,Data Acquiring - WL,Unlock Pass,Click,ToolbarButton,Click to Unlock Stop Button,UIInteraction,
43194.1716869444,WLAcquisition,Data Acquiring - WL,Stop Depth Pass,Click,Button,Stop,UIInteraction,PassGuid=AD2FFF01-D141-4F76-90F4-9B6E059A25A2;Depth=2993.29094
43194.1718331018,WLAcquisition,Data Acquiring - WL,Unlock 3 Buttons,Click,ToolbarButton,Unlock,UIInteraction,
43194.1718355903,WLAcquisition,Data Acquiring - WL,Disable Tool Power,Click,ToolbarButton,Disable Tool Power,UIInteraction,
43194.1721217014,WLAcquisition,Data Acquiring - WL,Stop Dataflow,Click,ToolbarButton,Stop Data Flow,UIInteraction,
43194.1722041204,WLAcquisition,Data Acquiring - WL,Disconnect Hardware,Click,ToolbarButton,Disconnect From Hardware,UIInteraction,
43194.1724360648,Setup,Run Manager (Internal),Stop Run,Click,Button,Stop,UIInteraction,RunGuid=BB436594-29C1-4DA7-BBC5-5E792383ECB0
43194.172480544,Setup,Run Manager (Internal),Confirm to Stop Run,Click,Button,OK,UIInteraction,RunGuid=BB436594-29C1-4DA7-BBC5-5E792383ECB0
43194.1725589699,Simulation,UI Framework,Close Console,Click,Button,,UIInteraction,JobGuid=9325F56E-C6D8-4D6F-B8AF-BA5177875769
43194.1726134259,DeliverablesSetup,UI Framework,Switch View,Click,ToolbarButton,Deliverables Display View,UIInteraction,
43194.1726883218,DeliverablesSetup,Deliverables - Digital,Create Job Archive,Click,ContextMenu,Create,UIInteraction,ArchiveGuid=9325F56E-C6D8-4D6F-B8AF-BA5177875769;JobArchiveType=3.0
43194.1731626157,DeliverablesSetup,Deliverables - Digital,Create Run Archive,Click,ContextMenu,Create,UIInteraction,ArchiveGuid=00F00A24-DE47-47C6-A789-6F84C2981941;JobArchiveType=3.0
43194.1733320486,DeliverablesSetup,Deliverables - Digital,Create Run Archive,Click,ContextMenu,Create,UIInteraction,ArchiveGuid=4D0AF287-3135-4166-9573-0A50F919BDA0;JobArchiveType=3.0
43194.1734169097,DeliverablesSetup,Deliverables - Digital,Create Run Archive,Click,ContextMenu,Create,UIInteraction,ArchiveGuid=BB436594-29C1-4DA7-BBC5-5E792383ECB0;JobArchiveType=3.0
43194.1748010764,,Console/Job Manager,Stop Setup Console,Click,Button,Stop,UIInteraction,JobGuid=9325F56E-C6D8-4D6F-B8AF-BA5177875769
43194.1749283796,DeliverablesSetup,UI Framework,Close Console,Click,Button,,UIInteraction,JobGuid=9325F56E-C6D8-4D6F-B8AF-BA5177875769
43194.1749640394,DeliverablesSetup,UI Framework,OK to Close Deliverables - Display Console,Click,Button,OK,UIInteraction,
43194.1750178009,,Console/Job Manager,Stop Job,Click,Button,Stop,UIInteraction,JobGuid=9325F56E-C6D8-4D6F-B8AF-BA5177875769
