Time,Process,Component,Operation,Action,Control,ControlText,Category,Context
43194.1913754745,,Console/Job Manager,Start Job,Click,Button,Start,UIInteraction,JobName=MDT_LO;ClientName=BGCAT;StartDate=4/4/2018 4:35 AM;Workflow=Wireline;Simulator=True;UnitSystem=English;RTBackupDir=C:\Autobackup;JobSize=0;State=Available;SideTrackId=0;SessionID=0AB38A3F-7ED5-4677-ADCA-9D8AE266E718;SortOrder=1;JobGUID=7EE577E2-21F6-462B-9293-8AE42ECD38D1;WellGUID=08C1FF25-9AAE-4595-8C72-C26CD5C186E8;BoreholeGUID=079C9B16-1D0D-4EE1-98C9-6972318272C8;MachineName=HPV11-007;UserName=Engineer;UserDomainName=HPV11-007;OS=Microsoft Windows NT 6.1.7601 Service Pack 1;StartedJobCount=0;TimeZone=00:00:00;IPAddress_1=192.168.178.44;IPAddress_2=::1;MWVersion=9.0.100745.3100
43194.1914790046,,Console/Job Manager,Start Setup Console,Click,Button,Start...,UIInteraction,JobGuid=7EE577E2-21F6-462B-9293-8AE42ECD38D1
43194.1915526157,Setup,Calibration,Select Calibration Report Type,Click,ComboBox,Technical Concise,UIInteraction,
43194.1916934954,Setup,UI Framework,Start Console,,,Setup - Job MDT_LO,UIAutomatic,
43194.1917343866,Setup,Equipment,New ToolString,Click,ToolbarButton,New ToolString,UIInteraction,ToolstringName=New ToolString;ToolstringGuid=C5B434A9-8EF6-4FBC-87A4-F82105F5A8B2
43194.1917674421,Setup,Equipment,Rename ToolString,Input,TextBox,MDT,UIInteraction,ToolstringGuid=C5B434A9-8EF6-4FBC-87A4-F82105F5A8B2
43194.1917807407,Setup,Equipment,Filter Equipment in Catalog,Input,TextBox,,UIInteraction,Text=MDT-BN
43194.1917812153,Setup,Equipment,Filter Equipment in Catalog,Input,TextBox,,UIInteraction,Text=MDT-BN
43194.1917862616,Setup,Equipment,Add Equipment from Catalog to ToolString,Click,ToolbarButton,Add to ToolString,UIInteraction,EquipmentName=MDT-BN
43194.1917997107,Setup,Equipment,Filter Equipment in Catalog,Input,TextBox,,UIInteraction,Text=MRPO-NC
43194.1917998148,Setup,Equipment,Filter Equipment in Catalog,Input,TextBox,,UIInteraction,Text=MRPO-NC
43194.1918139352,Setup,Equipment,Filter Equipment in Catalog,Input,TextBox,,UIInteraction,Text=MRPQ-NP
43194.1918140394,Setup,Equipment,Filter Equipment in Catalog,Input,TextBox,,UIInteraction,Text=MRPQ-NP
43194.1918043866,Setup,Equipment,Add Equipment from Catalog to ToolString,Click,ToolbarButton,Add to ToolString,UIInteraction,EquipmentName=MRPO-NC
43194.1918185532,Setup,Equipment,Add Equipment from Catalog to ToolString,Click,ToolbarButton,Add to ToolString,UIInteraction,EquipmentName=MRPQ-NP
43194.1918362153,Setup,Equipment,Filter Equipment in Catalog,Input,TextBox,,UIInteraction,Text=MRHY-NP
43194.1918364468,Setup,Equipment,Filter Equipment in Catalog,Input,TextBox,,UIInteraction,Text=MRHY-NP
43194.1918408333,Setup,Equipment,Add Equipment from Catalog to ToolString,Click,ToolbarButton,Add to ToolString,UIInteraction,EquipmentName=MRHY-NP
43194.1918470602,Setup,Equipment,Filter Equipment in Catalog,Input,TextBox,,UIInteraction,Text=MRPC-NC
43194.1918471644,Setup,Equipment,Filter Equipment in Catalog,Input,TextBox,,UIInteraction,Text=MRPC-NC
43194.1918517245,Setup,Equipment,Add Equipment from Catalog to ToolString,Click,ToolbarButton,Add to ToolString,UIInteraction,EquipmentName=MRPC-NC
43194.1918617824,Setup,Equipment,Filter Equipment in Catalog,Input,TextBox,,UIInteraction,Text=DTA-A
43194.191861875,Setup,Equipment,Filter Equipment in Catalog,Input,TextBox,,UIInteraction,Text=DTA-A
43194.1918665741,Setup,Equipment,Add Equipment from Catalog to ToolString,Click,ToolbarButton,Add to ToolString,UIInteraction,EquipmentName=DTA-A
43194.1918774421,Setup,Equipment,Filter Equipment in Catalog,Input,TextBox,,UIInteraction,Text=DTC-H
43194.1918776157,Setup,Equipment,Filter Equipment in Catalog,Input,TextBox,,UIInteraction,Text=DTC-H
43194.1918822106,Setup,Equipment,Add Equipment from Catalog to ToolString,Click,ToolbarButton,Add to ToolString,UIInteraction,EquipmentName=DTC-H
43194.1918898032,Setup,Equipment,Filter Equipment in Catalog,Input,TextBox,,UIInteraction,Text=LEH-Q
43194.1918900116,Setup,Equipment,Filter Equipment in Catalog,Input,TextBox,,UIInteraction,Text=LEH-Q
43194.1918954167,Setup,Equipment,Add Equipment from Catalog to ToolString,Click,ToolbarButton,Add to ToolString,UIInteraction,EquipmentName=LEH-Q
43194.192028912,Setup,Properties & Parameters,Change Property Value,Update,GridCell,99,UIInteraction,OSDD=EP_SERIAL_NUMBER;EnsemblePath=DTC-H:DTC-H:DTC-H
43194.1920835185,Setup,Properties & Parameters,Change Property Value,Update,GridCell,99,UIInteraction,OSDD=EP_SERIAL_NUMBER;EnsemblePath=DTC-H:DTC-H:ECH-KC
43194.1921377315,Setup,Properties & Parameters,Change Property Value,Update,GridCell,99,UIInteraction,OSDD=EP_SERIAL_NUMBER;EnsemblePath=WITM
43194.1922434259,Setup,Properties & Parameters,Change Property Value,Update,GridCell,99,UIInteraction,OSDD=EP_SERIAL_NUMBER;EnsemblePath=DTA-A:DTA-A:DTA-A
43194.1922982523,Setup,Properties & Parameters,Change Property Value,Update,GridCell,99,UIInteraction,OSDD=EP_SERIAL_NUMBER;EnsemblePath=DTA-A:DTA-A:ECH-KE
43194.1923981366,Setup,Properties & Parameters,Change Property Value,Update,GridCell,99,UIInteraction,OSDD=EP_SERIAL_NUMBER;EnsemblePath=MRPC-NC:MRPC-NC:MRCH-NL
43194.1924520486,Setup,Properties & Parameters,Change Property Value,Update,GridCell,99,UIInteraction,OSDD=EP_SERIAL_NUMBER;EnsemblePath=MRPC-NC:MRPC-NC:MRPC-NC
43194.1925054745,Setup,Properties & Parameters,Change Property Value,Update,GridCell,99,UIInteraction,OSDD=EP_SERIAL_NUMBER;EnsemblePath=MRPP
43194.1925589005,Setup,Properties & Parameters,Change Property Value,Update,GridCell,99,UIInteraction,OSDD=EP_SERIAL_NUMBER;EnsemblePath=MRTM
43194.1926570255,Setup,Properties & Parameters,Change Property Value,Update,GridCell,99,UIInteraction,OSDD=EP_SERIAL_NUMBER;EnsemblePath=MRHY-NP:MRHY-NP:MRHY-NP
43194.1927603125,Setup,Properties & Parameters,Change Property Value,Update,GridCell,99,UIInteraction,OSDD=EP_SERIAL_NUMBER;EnsemblePath=MRPQ-NP:MRPQ-NP:Bumper
43194.1928136806,Setup,Properties & Parameters,Change Property Value,Update,GridCell,99,UIInteraction,OSDD=EP_SERIAL_NUMBER;EnsemblePath=MRPQ-NP:MRPQ-NP:CQG-G
43194.1928733565,Setup,Properties & Parameters,Change Property Value,Update,GridCell,99,UIInteraction,OSDD=EP_SERIAL_NUMBER;EnsemblePath=MRPQ-NP:MRPQ-NP:MRPQ-NP
43194.1929318866,Setup,Properties & Parameters,Change Property Value,Update,GridCell,99,UIInteraction,OSDD=EP_SERIAL_NUMBER;EnsemblePath=MRPQ-NP:MRPQ-NP:Probe
43194.192985625,Setup,Properties & Parameters,Change Property Value,Update,GridCell,99,UIInteraction,OSDD=EP_SERIAL_NUMBER;EnsemblePath=MRPQ-NP:MRPQ-NP:ResistivityCell
43194.1930397454,Setup,Properties & Parameters,Change Property Value,Update,GridCell,99,UIInteraction,OSDD=EP_SERIAL_NUMBER;EnsemblePath=MRPQ-NP:MRPQ-NP:StrainGauge
43194.1931439236,Setup,Properties & Parameters,Change Property Value,Update,GridCell,99,UIInteraction,OSDD=EP_SERIAL_NUMBER;EnsemblePath=MRPO-NC:MRPO-NC:MRDU
43194.1931988079,Setup,Properties & Parameters,Change Property Value,Update,GridCell,99,UIInteraction,OSDD=EP_SERIAL_NUMBER;EnsemblePath=MRPO-NC:MRPO-NC:MRPO-NC
43194.1932976042,Setup,Properties & Parameters,Change Property Value,Update,GridCell,99,UIInteraction,OSDD=EP_SERIAL_NUMBER;EnsemblePath=MDT-BN:MDT-BN:MDT-BN
43194.1933896644,Setup,UI Framework,Switch Tab,Click,Tab,Well Properties,UIInteraction,
43194.1934050579,Setup,Well Setup (Internal),Import Well Properties,Click,Button,Import Well Properties,UIInteraction,File Path=\\srv004bgc.dir.slb.com\MaxwellAT\TestData\TestData\Phase3\HPSTestData\Well_Properties.txt
43194.1934749537,Setup,Run Manager (Internal),Associate toolstring to run,Update,GridCell,MDT,UIInteraction,RunGuid=D7A60B11-9F97-4374-95D4-B6F383D0461B;ToolstringGuid=C5B434A9-8EF6-4FBC-87A4-F82105F5A8B2;DownholeEquipments=MDT-BNMRPO-NCMRPQ-NPMRHY-NPMRPC-NCDTA-ADTC-HLEH-Q;TSLevelActiveSurfaceEquips=DEPTH_DEVICETENSION_DEVICELOGGING_CABLEWAFEMRPPMRTMWITMDTM
43194.1936329745,Setup,Equipment,Close Toolstring Validation UI,Click,Button,Close,UIInteraction,ToolstringGuid=C5B434A9-8EF6-4FBC-87A4-F82105F5A8B2
43194.1936557523,Setup,Run Manager (Internal),Start Run,Click,Button,Start,UIInteraction,RunGuid=D7A60B11-9F97-4374-95D4-B6F383D0461B;ToolstringGuid=C5B434A9-8EF6-4FBC-87A4-F82105F5A8B2;DownholeEquipments=MDT-BN:MRPO-NC:MRPQ-NP:MRHY-NP:MRPC-NC:DTA-A:DTC-H:LEH-Q;TSLevelActiveSurfaceEquips=DEPTH_DEVICE:TENSION_DEVICE:LOGGING_CABLE:WAFE
43194.1936559722,Setup,Run Manager (Internal),Change Tool Zero Selection,Click,CheckBox,MRPQ-NP,UIInteraction,CheckState=True
43194.1937026968,Setup,Run Manager (Internal),Confirm Tool Zero Selection,Click,Button,Confirm and Continue,UIInteraction,
43194.1937858102,Setup,Equipment,Activate Run,Click,Button,Activate,UIInteraction,ToolstringGuid=C5B434A9-8EF6-4FBC-87A4-F82105F5A8B2;DownholeEquipments=MDT-BN:MRPO-NC:MRPQ-NP:MRHY-NP:MRPC-NC:DTA-A:DTC-H:LEH-Q;TSLevelActiveSurfaceEquips=DEPTH_DEVICE:TENSION_DEVICE:LOGGING_CABLE:WAFE
43194.1939492361,Simulation,UI Framework,Start Console,,,Simulation Console - Job MDT_LO,UIAutomatic,
43194.1940750694,WLAcquisition,Calibration,Select Calibration Report Type,Click,ComboBox,Technical Concise,UIInteraction,
43194.1940907755,WLAcquisition,UI Framework,Start Console,,,Acquisition Console - Job MDT_LO - Run 1,UIAutomatic,
43194.1941023148,WLAcquisition,Calibration,Select Calibration in Calibration Report,Click,ComboBox,{All Calibrations},UIInteraction,
43194.194102338,WLAcquisition,Calibration,Select Tool in Calibration Report,Click,ComboBox,DTC-H:99,UIInteraction,ToolName=DTC-H:99
43194.194318287,WLAcquisition,Data Acquiring - WL,Connect Hardware,Click,ToolbarButton,Connect to Hardware,UIInteraction,
43194.1945364931,WLAcquisition,Data Acquiring - WL,Start Dataflow,Click,ToolbarButton,Start Data Flow,UIInteraction,
43194.1946131944,WLAcquisition,Data Acquiring - WL,Enable Tool Power,Click,ToolbarButton,Enable Tool Power,UIInteraction,
43194.1963878472,WLAcquisition,Depth Log/Station Planning,Perform Logging Task,RightClick,TreeView,Station Log,UIInteraction,TaskName=Station Log
43194.1964018981,WLAcquisition,Depth Log/Station Planning,Perform Logging Task,Click,ContextMenu,Perform,UIInteraction,TaskName=Station Log
43194.1967436111,WLAcquisition,Data Acquiring - WL,Start Station Pass,Click,Button,Start,UIInteraction,PassGuid=1DBA46A4-A4DB-4C13-8996-FA17A11F3954;Main Objective=MDT;MDT Station Objective=Pressure;Power Station=MRPQ-NP
43194.1967446759,WLAcquisition,Depth Log/Station Planning,Perform Logging Task,,,,UIAutomatic,TaskName=MRPQ-NP: Strain Gauge - ACOM
43194.196746331,WLAcquisition,Calibration,Choose Available Calibration,Click,ComboBox,Nominal,UIInteraction,
43194.1967469907,WLAcquisition,UI Framework,Switch Tab,Click,Tab,Calibrations,UIInteraction,
43194.196754213,WLAcquisition,Depth Log/Station Planning,Perform Logging Task,,,,UIAutomatic,TaskName=MRPQ-NP: Resistivity Cell - ACOM
43194.1967549769,WLAcquisition,Calibration,Choose Available Calibration,Click,ComboBox,Nominal,UIInteraction,
43194.1969292477,WLAcquisition,Calibration,Choose Available Calibration,Click,ComboBox,04:43:33.997 04-Apr-2018,UIInteraction,
43194.196935544,WLAcquisition,Calibration,Choose Available Calibration,Click,ComboBox,04:43:34.875 04-Apr-2018,UIInteraction,
43194.1975161921,WLAcquisition,Data Acquiring - WL,Continue Station Pass,Click,Button,Continue,UIInteraction,PassGuid=1DBA46A4-A4DB-4C13-8996-FA17A11F3954;Main Objective=MDT;MDT Station Objective=Pressure;Power Station=MRPQ-NP
43194.1975255093,WLAcquisition,UI Framework,Switch Tab,Click,Tab,Station,UIInteraction,
43194.1975720486,Simulation,UI Framework,Switch Tab,Click,Tab,MRPO-NC,UIInteraction,
43194.1978778819,Simulation,UI Framework,Switch Tab,Click,Tab,MRHY-NP,UIInteraction,
43194.1979293981,WLAcquisition,UI Framework,Switch Tab,Click,Tab,Tool Control,UIInteraction,
43194.1980848727,WLAcquisition,MRHY-NP,Pump Control,RightClick,TreeView,MRHY-NP: Pump Control,UIInteraction,TaskName=MRHY-NP: Pump Control
43194.1980927199,WLAcquisition,MRHY-NP,Pump Control,Click,ContextMenu,Perform,UIInteraction,TaskName=MRHY-NP: Pump Control
43194.1983764699,WLAcquisition,MRHY-NP,Start Motor,RightClick,TreeView,MRHY-NP: Start Motor,UIInteraction,TaskName=MRHY-NP: Start Motor
43194.1983841782,WLAcquisition,MRHY-NP,Start Motor,Click,ContextMenu,Perform,UIInteraction,TaskName=MRHY-NP: Start Motor
43194.1984480787,WLAcquisition,MRHY-NP,Pump Until Pressure Limit,RightClick,TreeView,MRHY-NP: Pump Until Pressure Limit,UIInteraction,TaskName=MRHY-NP: Pump Until Pressure Limit
43194.1984557986,WLAcquisition,MRHY-NP,Pump Until Pressure Limit,Click,ContextMenu,Perform,UIInteraction,TaskName=MRHY-NP: Pump Until Pressure Limit
43194.1990082523,WLAcquisition,MRPQ-NP,Close Iso\Open Bypass Valves,RightClick,TreeView,MRPQ-NP: Close Iso\Open Bypass Valves,UIInteraction,TaskName=MRPQ-NP: Close Iso\Open Bypass Valves
43194.1990224537,WLAcquisition,MRPQ-NP,Close Iso\Open Bypass Valves,Click,ContextMenu,Perform,UIInteraction,TaskName=MRPQ-NP: Close Iso\Open Bypass Valves
43194.1992349421,WLAcquisition,MRPQ-NP,Open Iso\Close Bypass Valves,RightClick,TreeView,MRPQ-NP: Open Iso\Close Bypass Valves,UIInteraction,TaskName=MRPQ-NP: Open Iso\Close Bypass Valves
43194.1992488889,WLAcquisition,MRPQ-NP,Open Iso\Close Bypass Valves,Click,ContextMenu,Perform,UIInteraction,TaskName=MRPQ-NP: Open Iso\Close Bypass Valves
43194.1994901273,WLAcquisition,MRPQ-NP,Open Isolation Valves,RightClick,TreeView,Open Isolation Valves,UIInteraction,TaskName=Open Isolation Valves
43194.1995041319,WLAcquisition,MRPQ-NP,Open Isolation Valves,Click,ContextMenu,Perform,UIInteraction,TaskName=Open Isolation Valves
43194.1997537384,WLAcquisition,MRPQ-NP,Close Isolation Valves,RightClick,TreeView,Close Isolation Valves,UIInteraction,TaskName=Close Isolation Valves
43194.1997677199,WLAcquisition,MRPQ-NP,Close Isolation Valves,Click,ContextMenu,Perform,UIInteraction,TaskName=Close Isolation Valves
43194.2000175347,WLAcquisition,MRPQ-NP,Open Bypass Valves,RightClick,TreeView,Open Bypass Valves,UIInteraction,TaskName=Open Bypass Valves
43194.200031794,WLAcquisition,MRPQ-NP,Open Bypass Valves,Click,ContextMenu,Perform,UIInteraction,TaskName=Open Bypass Valves
43194.2002725579,WLAcquisition,MRPQ-NP,Close Bypass Valves,RightClick,TreeView,Close Bypass Valves,UIInteraction,TaskName=Close Bypass Valves
43194.2002867361,WLAcquisition,MRPQ-NP,Close Bypass Valves,Click,ContextMenu,Perform,UIInteraction,TaskName=Close Bypass Valves
43194.2005047917,WLAcquisition,MRPQ-NP,Recycle Pretest Piston,RightClick,TreeView,MRPQ-NP: Recycle Pretest Piston,UIInteraction,TaskName=MRPQ-NP: Recycle Pretest Piston
43194.2005186921,WLAcquisition,MRPQ-NP,Recycle Pretest Piston,Click,ContextMenu,Perform,UIInteraction,TaskName=MRPQ-NP: Recycle Pretest Piston
43194.2007706597,WLAcquisition,MRPQ-NP,Control,RightClick,TreeView,MRPQ-NP: Control,UIInteraction,TaskName=MRPQ-NP: Control
43194.2007845718,WLAcquisition,MRPQ-NP,Control,Click,ContextMenu,Perform,UIInteraction,TaskName=MRPQ-NP: Control
43194.2014728357,WLAcquisition,Data Gauge / Alerts,Add Data Gauge,Click,ToolbarButton,Add Data Gauges...,UIInteraction,
43194.2015354282,WLAcquisition,Data Explorer,Click to Change Filters,Click,ToolbarButton,Filters,UIInteraction,
43194.2015311227,WLAcquisition,Data Explorer,Change Current Focused Item,,,,UIAutomatic,EntityName=MRPQ-NP;EntityType=4096;EntityGuid=AE0CE864-5894-43ED-BB05-F143B53947C0
43194.2015514005,WLAcquisition,Data Explorer,Click to Change Filters,Click,Button,Apply,UIInteraction,
43194.2015554861,WLAcquisition,Data Explorer,Click OK Button,Click,Button,OK,UIInteraction,Selection=SQSW__Sequence Status Word_MRPQ-NP_1___
43194.2015556597,WLAcquisition,Data Gauge / Alerts,Select Channel in Channel Selection Dialog,Click,Button,OK,UIInteraction,Channel OSDD=SQSW
43194.2016114468,WLAcquisition,Data Gauge / Alerts,Add Data Gauge,Click,ToolbarButton,Add Data Gauges...,UIInteraction,
43194.201662963,WLAcquisition,Data Explorer,Change Current Focused Item,,,,UIAutomatic,EntityName=MRHY-NP;EntityType=4096;EntityGuid=88D358DC-2007-40E0-923D-59501177AF9E
43194.2016655208,WLAcquisition,Data Explorer,Click to Change Filters,Click,ToolbarButton,Filters,UIInteraction,
43194.2016903241,WLAcquisition,Data Explorer,Click to Change Filters,Click,Button,Apply,UIInteraction,
43194.2016924884,WLAcquisition,Data Explorer,Click OK Button,Click,Button,OK,UIInteraction,Selection=HMTRSPD_HMS1_Hydraulic Motor Speed_MRHY-NP_1___
43194.2016925347,WLAcquisition,Data Gauge / Alerts,Select Channel in Channel Selection Dialog,Click,Button,OK,UIInteraction,Channel OSDD=HMTRSPD
43194.2018958681,WLAcquisition,MRPQ-NP,Control,RightClick,TreeView,MRPQ-NP: Control,UIInteraction,TaskName=MRPQ-NP: Control
43194.2019117245,WLAcquisition,MRPQ-NP,Control,Click,ContextMenu,Perform,UIInteraction,TaskName=MRPQ-NP: Control
43194.203287662,WLAcquisition,Properties & Parameters,Change Parameter Value,Update,GridCell,-2000,UIInteraction,OSDD=SLPRES_OFFS;EnsemblePath=MRPQ-NP:MRPQ-NP:MRPQ-NP
43194.2032884259,Setup,Computation / Recomputation,ProcessRecomputeState,,,,UIAutomatic,JobGuid=7EE577E2-21F6-462B-9293-8AE42ECD38D1;State=UIS_RECOMPUTATION_STATE_PENDING;Scope=JobScope;RecompPercentageComplete=;MultipleRunsAffected=False;ActiveRunAffected=True;ActiveRunInProgress=False;RunCount=1;Run0Change0=Parameter;Run0Guid=D7A60B11-9F97-4374-95D4-B6F383D0461B
43194.2032903935,WLAcquisition,Computation / Recomputation,ProcessRecomputeState,,,,UIAutomatic,JobGuid=7EE577E2-21F6-462B-9293-8AE42ECD38D1;State=UIS_RECOMPUTATION_STATE_PENDING;Scope=JobScope;RecompPercentageComplete=;MultipleRunsAffected=False;ActiveRunAffected=True;ActiveRunInProgress=False;RunCount=1;Run0Change0=Parameter;Run0Guid=D7A60B11-9F97-4374-95D4-B6F383D0461B
43194.2059863657,WLAcquisition,Properties & Parameters,Show Infrequent Properties/Parameters,Click,ToolbarButton,Show Infrequent Parameters,UIInteraction,
43194.206089213,WLAcquisition,Properties & Parameters,Change Parameter Value,Update,GridCell,Off,UIInteraction,OSDD=LOWOILPROT;EnsemblePath=MRHY-NP
43194.2075763773,WLAcquisition,Properties & Parameters,Change Parameter Value,Update,GridCell,0,UIInteraction,OSDD=SLPRES_OFFS;EnsemblePath=MRPQ-NP:MRPQ-NP:MRPQ-NP
43194.2075768981,WLAcquisition,Computation / Recomputation,ProcessRecomputeState,,,,UIAutomatic,JobGuid=7EE577E2-21F6-462B-9293-8AE42ECD38D1;State=UIS_RECOMPUTATION_STATE_PENDING;Scope=JobScope;RecompPercentageComplete=;MultipleRunsAffected=False;ActiveRunAffected=True;ActiveRunInProgress=False;RunCount=1;Run0Change0=Parameter;Run0Guid=D7A60B11-9F97-4374-95D4-B6F383D0461B
43194.2075764699,Setup,Computation / Recomputation,ProcessRecomputeState,,,,UIAutomatic,JobGuid=7EE577E2-21F6-462B-9293-8AE42ECD38D1;State=UIS_RECOMPUTATION_STATE_PENDING;Scope=JobScope;RecompPercentageComplete=;MultipleRunsAffected=False;ActiveRunAffected=True;ActiveRunInProgress=False;RunCount=1;Run0Change0=Parameter;Run0Guid=D7A60B11-9F97-4374-95D4-B6F383D0461B
43194.2078213426,WLAcquisition,Properties & Parameters,Show Infrequent Properties/Parameters,Click,ToolbarButton,Show Infrequent Parameters,UIInteraction,
43194.2079217708,WLAcquisition,Properties & Parameters,Change Parameter Value,Update,GridCell,On,UIInteraction,OSDD=LOWOILPROT;EnsemblePath=MRHY-NP
43194.2082232292,WLAcquisition,Properties & Parameters,Change Parameter Value,Update,GridCell,3500,UIInteraction,OSDD=HPRES_OFFS;EnsemblePath=MRHY-NP:MRHY-NP:MRHY-NP
43194.2082233102,Setup,Computation / Recomputation,ProcessRecomputeState,,,,UIAutomatic,JobGuid=7EE577E2-21F6-462B-9293-8AE42ECD38D1;State=UIS_RECOMPUTATION_STATE_PENDING;Scope=JobScope;RecompPercentageComplete=;MultipleRunsAffected=False;ActiveRunAffected=True;ActiveRunInProgress=False;RunCount=1;Run0Change0=Parameter;Run0Guid=D7A60B11-9F97-4374-95D4-B6F383D0461B
43194.2082235532,WLAcquisition,Computation / Recomputation,ProcessRecomputeState,,,,UIAutomatic,JobGuid=7EE577E2-21F6-462B-9293-8AE42ECD38D1;State=UIS_RECOMPUTATION_STATE_PENDING;Scope=JobScope;RecompPercentageComplete=;MultipleRunsAffected=False;ActiveRunAffected=True;ActiveRunInProgress=False;RunCount=1;Run0Change0=Parameter;Run0Guid=D7A60B11-9F97-4374-95D4-B6F383D0461B
43194.2085358681,WLAcquisition,MRPQ-NP,Control,RightClick,TreeView,MRPQ-NP: Control,UIInteraction,TaskName=MRPQ-NP: Control
43194.2085516782,WLAcquisition,MRPQ-NP,Control,Click,ContextMenu,Perform,UIInteraction,TaskName=MRPQ-NP: Control
43194.2092372917,WLAcquisition,Properties & Parameters,Show Infrequent Properties/Parameters,Click,ToolbarButton,Show Infrequent Parameters,UIInteraction,
43194.2093161343,WLAcquisition,Properties & Parameters,Change Parameter Value,Update,GridCell,0,UIInteraction,OSDD=HPRES_OFFS;EnsemblePath=MRHY-NP:MRHY-NP:MRHY-NP
43194.20931625,Setup,Computation / Recomputation,ProcessRecomputeState,,,,UIAutomatic,JobGuid=7EE577E2-21F6-462B-9293-8AE42ECD38D1;State=UIS_RECOMPUTATION_STATE_PENDING;Scope=JobScope;RecompPercentageComplete=;MultipleRunsAffected=False;ActiveRunAffected=True;ActiveRunInProgress=False;RunCount=1;Run0Change0=Parameter;Run0Guid=D7A60B11-9F97-4374-95D4-B6F383D0461B
43194.2093165046,WLAcquisition,Computation / Recomputation,ProcessRecomputeState,,,,UIAutomatic,JobGuid=7EE577E2-21F6-462B-9293-8AE42ECD38D1;State=UIS_RECOMPUTATION_STATE_PENDING;Scope=JobScope;RecompPercentageComplete=;MultipleRunsAffected=False;ActiveRunAffected=True;ActiveRunInProgress=False;RunCount=1;Run0Change0=Parameter;Run0Guid=D7A60B11-9F97-4374-95D4-B6F383D0461B
43194.2094818171,Setup,Computation / Recomputation,Recompute All Pending Runs,Click,ToolbarButton,Recompute All Pending Runs,UIInteraction,
43194.2094818403,Setup,Computation / Recomputation,Start Recomputation During Acquisition,Click,ToolbarButton,Recompute All Pending Runs,UIInteraction,FeatureName=Framework.RTOOP
43194.2094822454,Setup,Computation / Recomputation,ProcessRecomputeState,,,,UIAutomatic,JobGuid=7EE577E2-21F6-462B-9293-8AE42ECD38D1;State=UIS_RECOMPUTATION_STATE_STARTING;Scope=JobScope;RecompPercentageComplete=;MultipleRunsAffected=False;ActiveRunAffected=True;ActiveRunInProgress=True;RunCount=1;Run0Change0=Parameter;Run0Guid=D7A60B11-9F97-4374-95D4-B6F383D0461B
43194.2094834722,WLAcquisition,Computation / Recomputation,ProcessRecomputeState,,,,UIAutomatic,JobGuid=7EE577E2-21F6-462B-9293-8AE42ECD38D1;State=UIS_RECOMPUTATION_STATE_STARTING;Scope=JobScope;RecompPercentageComplete=;MultipleRunsAffected=False;ActiveRunAffected=True;ActiveRunInProgress=True;RunCount=1;Run0Change0=Parameter;Run0Guid=D7A60B11-9F97-4374-95D4-B6F383D0461B
43194.2094869329,Setup,Computation / Recomputation,ProcessRecomputeState,,,,UIAutomatic,JobGuid=7EE577E2-21F6-462B-9293-8AE42ECD38D1;State=UIS_RECOMPUTATION_STATE_IN_PROGRESS;Scope=JobScope;RecompPercentageComplete=;MultipleRunsAffected=False;ActiveRunAffected=True;ActiveRunInProgress=True;RunCount=1;Run0Change0=Parameter;Run0Guid=D7A60B11-9F97-4374-95D4-B6F383D0461B
43194.2094869329,WLAcquisition,Computation / Recomputation,ProcessRecomputeState,,,,UIAutomatic,JobGuid=7EE577E2-21F6-462B-9293-8AE42ECD38D1;State=UIS_RECOMPUTATION_STATE_IN_PROGRESS;Scope=JobScope;RecompPercentageComplete=;MultipleRunsAffected=False;ActiveRunAffected=True;ActiveRunInProgress=True;RunCount=1;Run0Change0=Parameter;Run0Guid=D7A60B11-9F97-4374-95D4-B6F383D0461B
43194.2095717245,Setup,Computation / Recomputation,ProcessRecomputeState,,,,UIAutomatic,JobGuid=7EE577E2-21F6-462B-9293-8AE42ECD38D1;State=UIS_RECOMPUTATION_STATE_SUCCEEDED;Scope=JobScope;RecompPercentageComplete=;MultipleRunsAffected=False;ActiveRunAffected=True;ActiveRunInProgress=True;RunCount=1;Run0Change0=Parameter;Run0Guid=D7A60B11-9F97-4374-95D4-B6F383D0461B
43194.2095717361,WLAcquisition,Computation / Recomputation,ProcessRecomputeState,,,,UIAutomatic,JobGuid=7EE577E2-21F6-462B-9293-8AE42ECD38D1;State=UIS_RECOMPUTATION_STATE_SUCCEEDED;Scope=JobScope;RecompPercentageComplete=;MultipleRunsAffected=False;ActiveRunAffected=True;ActiveRunInProgress=True;RunCount=1;Run0Change0=Parameter;Run0Guid=D7A60B11-9F97-4374-95D4-B6F383D0461B
43194.209725081,WLAcquisition,Data Acquiring - WL,Unlock Pass,Click,ToolbarButton,Click to Unlock Stop Button,UIInteraction,
43194.2097458565,WLAcquisition,Data Acquiring - WL,Stop Station Pass,Click,Button,Stop,UIInteraction,PassGuid=1DBA46A4-A4DB-4C13-8996-FA17A11F3954;Depth=0
43194.2098126389,WLAcquisition,Data Acquiring - WL,Unlock 3 Buttons,Click,ToolbarButton,Unlock,UIInteraction,
43194.2098149537,WLAcquisition,Data Acquiring - WL,Disable Tool Power,Click,ToolbarButton,Disable Tool Power,UIInteraction,
43194.2099685764,WLAcquisition,Data Acquiring - WL,Stop Dataflow,Click,ToolbarButton,Stop Data Flow,UIInteraction,
43194.2101203819,WLAcquisition,Data Acquiring - WL,Disconnect Hardware,Click,ToolbarButton,Disconnect From Hardware,UIInteraction,
43194.2101275694,Simulation,UI Framework,Switch Tab,Click,Tab,MRPC-NC,UIInteraction,
43194.2102246528,Setup,Run Manager (Internal),Stop Run,Click,Button,Stop,UIInteraction,RunGuid=D7A60B11-9F97-4374-95D4-B6F383D0461B
43194.2102698843,Setup,Run Manager (Internal),Confirm to Stop Run,Click,Button,OK,UIInteraction,RunGuid=D7A60B11-9F97-4374-95D4-B6F383D0461B
43194.2103615278,Simulation,UI Framework,Close Console,Click,Button,,UIInteraction,JobGuid=7EE577E2-21F6-462B-9293-8AE42ECD38D1
43194.2104383912,,Console/Job Manager,Stop Setup Console,Click,Button,Stop,UIInteraction,JobGuid=7EE577E2-21F6-462B-9293-8AE42ECD38D1
43194.2105222222,,Console/Job Manager,Stop Job,Click,Button,Stop,UIInteraction,JobGuid=7EE577E2-21F6-462B-9293-8AE42ECD38D1
