Time,Process,Component,Operation,Action,Control,ControlText,Category,Context
43193.6814834954,,Console/Job Manager,Start Job,Click,Button,Start,UIInteraction,JobName=CMRT-DTC;WellName=BGC;ClientName=BGC;StartDate=4/3/2018 4:21 PM;Workflow=Wireline;Simulator=True;UnitSystem=English;JobSize=0;State=Available;SideTrackId=0;SessionID=B74275DE-490F-43F6-95AB-451833B7E4C2;SortOrder=1;JobGUID=281023C0-44D7-4724-B2CB-B3A0F68E7EDE;WellGUID=509AA017-4C60-4EEB-8570-CE671165DA90;BoreholeGUID=92C2DA89-794E-4B6D-B05E-001829CAC382;MachineName=HPV01-012;UserName=Engineer;UserDomainName=HPV01-012;OS=Microsoft Windows NT 6.1.7601 Service Pack 1;StartedJobCount=0;TimeZone=00:00:00;IPAddress_1=192.168.78.120;IPAddress_2=::1;MWVersion=9.0.100732.3100
43193.681795081,,Console/Job Manager,Stop Job,Click,Button,Stop,UIInteraction,JobGuid=281023C0-44D7-4724-B2CB-B3A0F68E7EDE
43193.6819889699,,Console/Job Manager,Start Job,Click,Button,Start,UIInteraction,JobName=CMRT-DTC;WellName=BGC;ClientName=BGC;StartDate=4/3/2018 4:21 PM;Workflow=Wireline;Simulator=True;UnitSystem=English;RTBackupDir=C:\Autobackup;JobSize=0;State=Available;SideTrackId=0;SessionID=B74275DE-490F-43F6-95AB-451833B7E4C2;SortOrder=1;JobGUID=281023C0-44D7-4724-B2CB-B3A0F68E7EDE;WellGUID=509AA017-4C60-4EEB-8570-CE671165DA90;BoreholeGUID=92C2DA89-794E-4B6D-B05E-001829CAC382;MachineName=HPV01-012;UserName=Engineer;UserDomainName=HPV01-012;OS=Microsoft Windows NT 6.1.7601 Service Pack 1;StartedJobCount=0;TimeZone=00:00:00;IPAddress_1=192.168.78.120;IPAddress_2=::1;MWVersion=9.0.100732.3100
43193.6827545023,,Console/Job Manager,Start Setup Console,Click,Button,Start...,UIInteraction,JobGuid=281023C0-44D7-4724-B2CB-B3A0F68E7EDE
43193.6828128472,Setup,Calibration,Select Calibration Report Type,Click,ComboBox,Technical Concise,UIInteraction,
43193.682861875,Setup,UI Framework,Start Console,,,Setup - Job CMRT-DTC,UIAutomatic,
43193.6828869676,,Console/Job Manager,Start Deliverables Console,Click,Button,Start...,UIInteraction,JobGuid=281023C0-44D7-4724-B2CB-B3A0F68E7EDE
43193.6829528241,DeliverablesSetup,Tier Manager,Tier Template Created for Tools in My Equipment,,,DTC-H Tier Created,Deliverables Console,
43193.682952963,DeliverablesSetup,Tier Manager,Tier Template Created for Tools in My Equipment,,,CMRT-B Tier Created,Deliverables Console,
43193.6829538773,DeliverablesSetup,Tier Manager,Tier Template Created for Tools in My Equipment,,,LEH-QT Tier Created,Deliverables Console,
43193.682960162,DeliverablesSetup,UI Framework,Start Console,,,Deliverables Console Setup - Job CMRT-DTC,UIAutomatic,
43193.6831335417,Setup,UI Framework,Switch Tab,Click,Tab,DnI Initializations,UIInteraction,
43193.683204537,Setup,Run Manager (Internal),Start Run,Click,Button,Start,UIInteraction,RunGuid=8BD4BE22-E0E7-4D58-8ADB-0294A6134E3B;ToolstringGuid=9204D732-CFCD-45E0-ADF9-45285B62F26B;DownholeEquipments=CMRT-B:DTC-H:LEH-QT;TSLevelActiveSurfaceEquips=WAFE:TENSION_DEVICE:LOGGING_CABLE:DEPTH_DEVICE
43193.683318206,Setup,Equipment,Activate Run,Click,Button,Activate,UIInteraction,ToolstringGuid=9204D732-CFCD-45E0-ADF9-45285B62F26B;DownholeEquipments=CMRT-B:DTC-H:LEH-QT;TSLevelActiveSurfaceEquips=WAFE:TENSION_DEVICE:LOGGING_CABLE:DEPTH_DEVICE
43193.6834552662,Simulation,UI Framework,Start Console,,,Simulation Console - Job CMRT-DTC,UIAutomatic,
43193.6835562037,WLAcquisition,Calibration,Select Calibration Report Type,Click,ComboBox,Technical Concise,UIInteraction,
43193.6836035301,WLAcquisition,UI Framework,Start Console,,,Acquisition Console - Job CMRT-DTC - Run 1,UIAutomatic,
43193.6836133912,WLAcquisition,Calibration,Select Tool in Calibration Report,Click,ComboBox,LEH-QT,UIInteraction,ToolName=LEH-QT
43193.6836133681,WLAcquisition,Calibration,Select Calibration in Calibration Report,Click,ComboBox,HTEN Before Calibration,UIInteraction,
43193.6838508102,WLAcquisition,Data Acquiring - WL,Connect Hardware,Click,ToolbarButton,Connect to Hardware,UIInteraction,
43193.6839649537,WLAcquisition,Data Acquiring - WL,Start Dataflow,Click,ToolbarButton,Start Data Flow,UIInteraction,
43193.6840600926,WLAcquisition,Data Acquiring - WL,Enable Tool Power,Click,ToolbarButton,Enable Tool Power,UIInteraction,
43193.6840676042,WLAcquisition,CMRT-B,Read MCAL Data,,,,UIAutomatic,TaskName=CMRT-B: Read MCAL Data
43193.684069213,WLAcquisition,UI Framework,Switch Tab,Click,Tab,Calibrations,UIInteraction,
43193.684139294,WLAcquisition,CMRT-B,Read EEPROM Data,,,,UIAutomatic,TaskName=CMRT-B: Read EEPROM Data
43193.6841600926,Setup,Computation / Recomputation,ProcessRecomputeState,,,,UIAutomatic,JobGuid=281023C0-44D7-4724-B2CB-B3A0F68E7EDE;State=UIS_RECOMPUTATION_STATE_PENDING;Scope=JobScope;RecompPercentageComplete=;MultipleRunsAffected=False;ActiveRunAffected=True;ActiveRunInProgress=False;RunCount=1;Run0Change0=Calibration;Run0Guid=8BD4BE22-E0E7-4D58-8ADB-0294A6134E3B
43193.6841600926,DeliverablesSetup,Computation / Recomputation,ProcessRecomputeState,,,,UIAutomatic,JobGuid=281023C0-44D7-4724-B2CB-B3A0F68E7EDE;State=UIS_RECOMPUTATION_STATE_PENDING;Scope=JobScope;RecompPercentageComplete=;MultipleRunsAffected=False;ActiveRunAffected=True;ActiveRunInProgress=False;RunCount=1;Run0Change0=Calibration;Run0Guid=8BD4BE22-E0E7-4D58-8ADB-0294A6134E3B
43193.6841612847,WLAcquisition,Calibration,Choose Available Calibration,Click,ComboBox,12:30:00.000 08-Jun-2008,UIInteraction,
43193.6841621065,WLAcquisition,Calibration,Choose Available Calibration,Click,ComboBox,Nominal,UIInteraction,
43193.6841618287,WLAcquisition,Calibration,Choose Available Calibration,Click,ComboBox,Nominal,UIInteraction,
43193.6841659607,WLAcquisition,Calibration,Choose Available Calibration,Click,ComboBox,12:30:00.000 08-Jun-2008,UIInteraction,
43193.6841829977,WLAcquisition,Computation / Recomputation,ProcessRecomputeState,,,,UIAutomatic,JobGuid=281023C0-44D7-4724-B2CB-B3A0F68E7EDE;State=UIS_RECOMPUTATION_STATE_PENDING;Scope=JobScope;RecompPercentageComplete=;MultipleRunsAffected=False;ActiveRunAffected=True;ActiveRunInProgress=False;RunCount=1;Run0Change0=Calibration;Run0Guid=8BD4BE22-E0E7-4D58-8ADB-0294A6134E3B
43193.6869658449,WLAcquisition,UI Framework,Switch Tab,Click,Tab,Tool Control,UIInteraction,
43193.687073831,WLAcquisition,CMRT-B,Enable Sonde Power,RightClick,TreeView,Enable Sonde Power,UIInteraction,TaskName=Enable Sonde Power
43193.6870879398,WLAcquisition,CMRT-B,Enable Sonde Power,Click,ContextMenu,Perform,UIInteraction,TaskName=Enable Sonde Power
43193.6872118866,WLAcquisition,Tool Control,Perform Tool Control Task,Click,Button,Next,UIInteraction,TaskName=Enable Sonde Power
43193.6872698148,WLAcquisition,Tool Control,Perform Tool Control Task,Click,Button,Next,UIInteraction,TaskName=Enable Sonde Power
43193.6874551157,WLAcquisition,Tool Control,Perform Tool Control Task,Click,Button,Close,UIInteraction,TaskName=Enable Sonde Power
43193.6875124537,WLAcquisition,UI Framework,Switch Tab,Click,Tab,Operation,UIInteraction,
43193.6875871296,WLAcquisition,CMRT-B,Larmor Frequency Search,RightClick,TreeView,CMRT-B: Larmor Frequency Search,UIInteraction,TaskName=CMRT-B: Larmor Frequency Search
43193.6876016435,WLAcquisition,CMRT-B,Larmor Frequency Search,Click,ContextMenu,Perform,UIInteraction,TaskName=CMRT-B: Larmor Frequency Search
43193.6877968519,WLAcquisition,Calibration,Perform Calibration Task,Click,Button,Apply,UIInteraction,TaskName=CMRT-B: Larmor Frequency Search
43193.6878666551,WLAcquisition,Calibration,Perform Calibration Task,Click,Button,Apply,UIInteraction,TaskName=CMRT-B: Larmor Frequency Search
43193.6880395602,WLAcquisition,Calibration,Perform Calibration Task,Click,Button,Next,UIInteraction,TaskName=CMRT-B: Larmor Frequency Search
43193.6880795718,WLAcquisition,Calibration,Perform Calibration Task,Click,Button,OK,UIInteraction,TaskName=CMRT-B: Larmor Frequency Search
43193.6883526273,WLAcquisition,Calibration,Perform Calibration Task,Click,Button,OK,UIInteraction,TaskName=CMRT-B: Larmor Frequency Search
43193.6897298495,WLAcquisition,CMRT-B,Ringing Test,RightClick,TreeView,CMRT-B: Ringing Test,UIInteraction,TaskName=CMRT-B: Ringing Test
43193.6897437731,WLAcquisition,CMRT-B,Ringing Test,Click,ContextMenu,Perform,UIInteraction,TaskName=CMRT-B: Ringing Test
43193.6898241551,WLAcquisition,Calibration,Perform Calibration Task,Click,Button,Next,UIInteraction,TaskName=CMRT-B: Ringing Test
43193.6898739699,WLAcquisition,Calibration,Perform Calibration Task,Click,Button,Apply,UIInteraction,TaskName=CMRT-B: Ringing Test
43193.6898985532,WLAcquisition,Data Acquiring - WL,Unlock 3 Buttons,Click,ToolbarButton,Unlock,UIInteraction,
43193.6899007292,WLAcquisition,Data Acquiring - WL,Disable Tool Power,Click,ToolbarButton,Disable Tool Power,UIInteraction,
43193.6900113889,WLAcquisition,Data Acquiring - WL,Stop Dataflow,Click,ToolbarButton,Stop Data Flow,UIInteraction,
43193.6901238194,WLAcquisition,Data Acquiring - WL,Disconnect Hardware,Click,ToolbarButton,Disconnect From Hardware,UIInteraction,
43193.6902279282,,Console/Job Manager,Stop Acquisition Console,Click,Button,Stop,UIInteraction,JobGuid=281023C0-44D7-4724-B2CB-B3A0F68E7EDE
43193.6903116898,,Console/Job Manager,Start Acquisition Console,Click,Button,Start...,UIInteraction,JobGuid=281023C0-44D7-4724-B2CB-B3A0F68E7EDE
43193.6903821181,WLAcquisition,Calibration,Select Calibration Report Type,Click,ComboBox,Technical Concise,UIInteraction,
43193.6903923264,WLAcquisition,Computation / Recomputation,ProcessRecomputeState,,,,UIAutomatic,JobGuid=281023C0-44D7-4724-B2CB-B3A0F68E7EDE;State=UIS_RECOMPUTATION_STATE_PENDING;Scope=JobScope;RecompPercentageComplete=;MultipleRunsAffected=False;ActiveRunAffected=True;ActiveRunInProgress=False;RunCount=1;Run0Change0=Calibration;Run0Guid=8BD4BE22-E0E7-4D58-8ADB-0294A6134E3B
43193.690406875,WLAcquisition,UI Framework,Start Console,,,Acquisition Console - Job CMRT-DTC - Run 1,UIAutomatic,
43193.6904153357,WLAcquisition,Calibration,Select Calibration in Calibration Report,Click,ComboBox,HTEN Before Calibration,UIInteraction,
43193.6904153588,WLAcquisition,Calibration,Select Tool in Calibration Report,Click,ComboBox,LEH-QT,UIInteraction,ToolName=LEH-QT
43193.6905060185,WLAcquisition,Data Acquiring - WL,Connect Hardware,Click,ToolbarButton,Connect to Hardware,UIInteraction,
43193.6906676042,WLAcquisition,Data Acquiring - WL,Start Dataflow,Click,ToolbarButton,Start Data Flow,UIInteraction,
43193.6907814005,WLAcquisition,Data Acquiring - WL,Enable Tool Power,Click,ToolbarButton,Enable Tool Power,UIInteraction,
43193.690789294,WLAcquisition,CMRT-B,Read MCAL Data,,,,UIAutomatic,TaskName=CMRT-B: Read MCAL Data
43193.690790463,WLAcquisition,UI Framework,Switch Tab,Click,Tab,Calibrations,UIInteraction,
43193.6908447685,WLAcquisition,CMRT-B,Read EEPROM Data,,,,UIAutomatic,TaskName=CMRT-B: Read EEPROM Data
43193.6908542824,WLAcquisition,Calibration,Choose Available Calibration,Click,ComboBox,12:30:00.000 08-Jun-2008,UIInteraction,
43193.6908545602,WLAcquisition,Calibration,Choose Available Calibration,Click,ComboBox,Nominal,UIInteraction,
43193.6908547338,WLAcquisition,Calibration,Choose Available Calibration,Click,ComboBox,Nominal,UIInteraction,
43193.6908602083,WLAcquisition,Calibration,Choose Available Calibration,Click,ComboBox,12:30:00.000 08-Jun-2008,UIInteraction,
43193.6934750926,WLAcquisition,UI Framework,Switch Tab,Click,Tab,Tool Control,UIInteraction,
43193.6935796991,WLAcquisition,CMRT-B,Enable Sonde Power,RightClick,TreeView,Enable Sonde Power,UIInteraction,TaskName=Enable Sonde Power
43193.6935936343,WLAcquisition,CMRT-B,Enable Sonde Power,Click,ContextMenu,Perform,UIInteraction,TaskName=Enable Sonde Power
43193.6937244329,WLAcquisition,Tool Control,Perform Tool Control Task,Click,Button,Next,UIInteraction,TaskName=Enable Sonde Power
43193.6937809028,WLAcquisition,Tool Control,Perform Tool Control Task,Click,Button,Next,UIInteraction,TaskName=Enable Sonde Power
43193.6939651042,WLAcquisition,Tool Control,Perform Tool Control Task,Click,Button,Close,UIInteraction,TaskName=Enable Sonde Power
43193.6939874653,WLAcquisition,UI Framework,Switch Tab,Click,Tab,Operation,UIInteraction,
43193.6940443056,WLAcquisition,CMRT-B,Ringing Test,RightClick,TreeView,CMRT-B: Ringing Test,UIInteraction,TaskName=CMRT-B: Ringing Test
43193.6940583681,WLAcquisition,CMRT-B,Ringing Test,Click,ContextMenu,Perform,UIInteraction,TaskName=CMRT-B: Ringing Test
43193.6941412731,WLAcquisition,Calibration,Perform Calibration Task,Click,Button,Next,UIInteraction,TaskName=CMRT-B: Ringing Test
43193.6941911227,WLAcquisition,Calibration,Perform Calibration Task,Click,Button,Apply,UIInteraction,TaskName=CMRT-B: Ringing Test
43193.7035850231,WLAcquisition,Calibration,Perform Calibration Task,Click,Button,Close,UIInteraction,TaskName=CMRT-B: Ringing Test
43193.7054218634,WLAcquisition,CMRT-B,Read MCAL Data,RightClick,TreeView,CMRT-B: Read MCAL Data,UIInteraction,TaskName=CMRT-B: Read MCAL Data
43193.7054360648,WLAcquisition,CMRT-B,Read MCAL Data,Click,ContextMenu,Perform,UIInteraction,TaskName=CMRT-B: Read MCAL Data
43193.7054505556,WLAcquisition,CMRT-B,Read EEPROM Data,,,,UIAutomatic,TaskName=CMRT-B: Read EEPROM Data
43193.7054623958,WLAcquisition,Calibration,Choose Available Calibration,Click,ComboBox,12:30:00.000 08-Jun-2008,UIInteraction,
43193.7111470718,WLAcquisition,CMRT-B,Noise Test,RightClick,TreeView,CMRT-B: Noise Test,UIInteraction,TaskName=CMRT-B: Noise Test
43193.711161169,WLAcquisition,CMRT-B,Noise Test,Click,ContextMenu,Perform,UIInteraction,TaskName=CMRT-B: Noise Test
43193.7134044792,WLAcquisition,Calibration,Perform Calibration Task,Click,Button,Next,UIInteraction,TaskName=CMRT-B: Noise Test
43193.7151745602,WLAcquisition,Calibration,Perform Calibration Task,Click,Button,Apply,UIInteraction,TaskName=CMRT-B: Noise Test
43193.7172954282,WLAcquisition,Calibration,Perform Calibration Task,Click,Button,Close,UIInteraction,TaskName=CMRT-B: Noise Test
43193.7239759838,WLAcquisition,CMRT-B,Water Bottle Accumulation,RightClick,TreeView,Water Bottle Accumulation,UIInteraction,TaskName=Water Bottle Accumulation
43193.7239900463,WLAcquisition,CMRT-B,Water Bottle Accumulation,Click,ContextMenu,Perform,UIInteraction,TaskName=Water Bottle Accumulation
43193.7484667245,WLAcquisition,Calibration,Perform Calibration Task,Click,Button,Close,UIInteraction,TaskName=Water Bottle Accumulation
43193.748469537,WLAcquisition,Calibration,Choose Available Calibration,Click,ComboBox,Nominal,UIInteraction,
43193.7494616898,WLAcquisition,Computation / Recomputation,Recompute All Pending Runs,Click,ToolbarButton,Recompute All Pending Runs,UIInteraction,
43193.7494617014,WLAcquisition,Computation / Recomputation,Start Recomputation During Acquisition,Click,ToolbarButton,Recompute All Pending Runs,UIInteraction,FeatureName=Framework.RTOOP
43193.749461794,Setup,Computation / Recomputation,ProcessRecomputeState,,,,UIAutomatic,JobGuid=281023C0-44D7-4724-B2CB-B3A0F68E7EDE;State=UIS_RECOMPUTATION_STATE_STARTING;Scope=JobScope;RecompPercentageComplete=;MultipleRunsAffected=False;ActiveRunAffected=True;ActiveRunInProgress=True;RunCount=1;Run0Change0=Calibration;Run0Guid=8BD4BE22-E0E7-4D58-8ADB-0294A6134E3B
43193.7494618171,DeliverablesSetup,Computation / Recomputation,ProcessRecomputeState,,,,UIAutomatic,JobGuid=281023C0-44D7-4724-B2CB-B3A0F68E7EDE;State=UIS_RECOMPUTATION_STATE_STARTING;Scope=JobScope;RecompPercentageComplete=;MultipleRunsAffected=False;ActiveRunAffected=True;ActiveRunInProgress=True;RunCount=1;Run0Change0=Calibration;Run0Guid=8BD4BE22-E0E7-4D58-8ADB-0294A6134E3B
43193.7494622106,WLAcquisition,Computation / Recomputation,ProcessRecomputeState,,,,UIAutomatic,JobGuid=281023C0-44D7-4724-B2CB-B3A0F68E7EDE;State=UIS_RECOMPUTATION_STATE_STARTING;Scope=JobScope;RecompPercentageComplete=;MultipleRunsAffected=False;ActiveRunAffected=True;ActiveRunInProgress=True;RunCount=1;Run0Change0=Calibration;Run0Guid=8BD4BE22-E0E7-4D58-8ADB-0294A6134E3B
43193.7496117824,WLAcquisition,Computation / Recomputation,ProcessRecomputeState,,,,UIAutomatic,JobGuid=281023C0-44D7-4724-B2CB-B3A0F68E7EDE;State=UIS_RECOMPUTATION_STATE_IN_PROGRESS;Scope=JobScope;RecompPercentageComplete=;MultipleRunsAffected=False;ActiveRunAffected=True;ActiveRunInProgress=True;RunCount=1;Run0Change0=Calibration;Run0Guid=8BD4BE22-E0E7-4D58-8ADB-0294A6134E3B
43193.7496117824,DeliverablesSetup,Computation / Recomputation,ProcessRecomputeState,,,,UIAutomatic,JobGuid=281023C0-44D7-4724-B2CB-B3A0F68E7EDE;State=UIS_RECOMPUTATION_STATE_IN_PROGRESS;Scope=JobScope;RecompPercentageComplete=;MultipleRunsAffected=False;ActiveRunAffected=True;ActiveRunInProgress=True;RunCount=1;Run0Change0=Calibration;Run0Guid=8BD4BE22-E0E7-4D58-8ADB-0294A6134E3B
43193.749611794,Setup,Computation / Recomputation,ProcessRecomputeState,,,,UIAutomatic,JobGuid=281023C0-44D7-4724-B2CB-B3A0F68E7EDE;State=UIS_RECOMPUTATION_STATE_IN_PROGRESS;Scope=JobScope;RecompPercentageComplete=;MultipleRunsAffected=False;ActiveRunAffected=True;ActiveRunInProgress=True;RunCount=1;Run0Change0=Calibration;Run0Guid=8BD4BE22-E0E7-4D58-8ADB-0294A6134E3B
43193.749812963,Setup,Computation / Recomputation,ProcessRecomputeState,,,,UIAutomatic,JobGuid=281023C0-44D7-4724-B2CB-B3A0F68E7EDE;State=UIS_RECOMPUTATION_STATE_SUCCEEDED;Scope=JobScope;RecompPercentageComplete=;MultipleRunsAffected=False;ActiveRunAffected=True;ActiveRunInProgress=True;RunCount=1;Run0Change0=Calibration;Run0Guid=8BD4BE22-E0E7-4D58-8ADB-0294A6134E3B
43193.7498129745,WLAcquisition,Computation / Recomputation,ProcessRecomputeState,,,,UIAutomatic,JobGuid=281023C0-44D7-4724-B2CB-B3A0F68E7EDE;State=UIS_RECOMPUTATION_STATE_SUCCEEDED;Scope=JobScope;RecompPercentageComplete=;MultipleRunsAffected=False;ActiveRunAffected=True;ActiveRunInProgress=True;RunCount=1;Run0Change0=Calibration;Run0Guid=8BD4BE22-E0E7-4D58-8ADB-0294A6134E3B
43193.7498129745,DeliverablesSetup,Computation / Recomputation,ProcessRecomputeState,,,,UIAutomatic,JobGuid=281023C0-44D7-4724-B2CB-B3A0F68E7EDE;State=UIS_RECOMPUTATION_STATE_SUCCEEDED;Scope=JobScope;RecompPercentageComplete=;MultipleRunsAffected=False;ActiveRunAffected=True;ActiveRunInProgress=True;RunCount=1;Run0Change0=Calibration;Run0Guid=8BD4BE22-E0E7-4D58-8ADB-0294A6134E3B
43193.7502616204,Simulation,UI Framework,Switch Tab,Click,Tab,CMRTB_SimUI : 2,UIInteraction,
43193.7521023495,Simulation,UI Framework,Switch Tab,Click,Tab,HWS_Simulator : 0,UIInteraction,
43193.7544668403,WLAcquisition,UI Framework,Switch Tab,Click,Tab,Tool Control,UIInteraction,
43193.754569456,WLAcquisition,CMRT-B,Set Logging Mode,RightClick,TreeView,Set Logging Mode,UIInteraction,TaskName=Set Logging Mode
43193.7545835417,WLAcquisition,CMRT-B,Set Logging Mode,Click,ContextMenu,Perform,UIInteraction,TaskName=Set Logging Mode
43193.7548311111,WLAcquisition,UI Framework,Switch Tab,Click,Tab,MD,UIInteraction,
43193.7548330671,WLAcquisition,UI Framework,Switch Tab,Click,Tab,Calibrations,UIInteraction,
43193.754866088,Simulation,UI Framework,Switch Tab,Click,Tab,CMRTB_SimUI : 2,UIInteraction,
43193.7549358796,Simulation,UI Framework,Switch Tab,Click,Tab,HWS_Simulator : 0,UIInteraction,
43193.7551235417,WLAcquisition,CMRT-B,Enable Sonde Power,RightClick,TreeView,Enable Sonde Power,UIInteraction,TaskName=Enable Sonde Power
43193.7551376273,WLAcquisition,CMRT-B,Enable Sonde Power,Click,ContextMenu,Perform,UIInteraction,TaskName=Enable Sonde Power
43193.7552223032,WLAcquisition,Tool Control,Perform Tool Control Task,Click,Button,Close,UIInteraction,TaskName=Enable Sonde Power
43193.7552820949,WLAcquisition,UI Framework,Switch Tab,Click,Tab,Operation,UIInteraction,
43193.7553675347,WLAcquisition,Depth Log/Station Planning,Perform Logging Task,RightClick,TreeView,Depth Log,UIInteraction,TaskName=Depth Log
43193.7553815741,WLAcquisition,Depth Log/Station Planning,Perform Logging Task,Click,ContextMenu,Perform,UIInteraction,TaskName=Depth Log
43193.7558858449,WLAcquisition,Data Acquiring - WL,Start Depth Pass,Click,Button,Start,UIInteraction,PassGuid=FCA83934-E9D2-407B-8EFC-FBBD5C66515C;Objective=Log;Direction=Up;Depth=3047.99238
43193.7559592245,WLAcquisition,Data Acquiring - WL,Continue Depth Pass,Click,Button,Continue,UIInteraction,PassGuid=FCA83934-E9D2-407B-8EFC-FBBD5C66515C;Objective=Log;Direction=Up;Depth=3047.99238
43193.7559614005,WLAcquisition,UI Framework,Switch Tab,Click,Tab,MD,UIInteraction,
43193.7586397338,WLAcquisition,Data Acquiring - WL,Unlock Pass,Click,ToolbarButton,Click to Unlock Stop Button,UIInteraction,
43193.758749537,WLAcquisition,Data Acquiring - WL,Stop Depth Pass,Click,Button,Stop,UIInteraction,PassGuid=FCA83934-E9D2-407B-8EFC-FBBD5C66515C;Depth=3040.98198
43193.7588649537,WLAcquisition,UI Framework,Switch Tab,Click,Tab,Tool Control,UIInteraction,
43193.7589734954,WLAcquisition,CMRT-B,Set Logging Mode,RightClick,TreeView,Set Logging Mode,UIInteraction,TaskName=Set Logging Mode
43193.7589876852,WLAcquisition,CMRT-B,Set Logging Mode,Click,ContextMenu,Perform,UIInteraction,TaskName=Set Logging Mode
43193.7597264931,WLAcquisition,Data Acquiring - WL,Start Depth Pass,Click,Button,Start,UIInteraction,PassGuid=4C6FE150-CCC2-4061-8FB7-372DA8C4D0CD;Objective=Log;Direction=Up;Depth=3040.98198
43193.7600311343,WLAcquisition,Data Acquiring - WL,Continue Depth Pass,Click,Button,Continue,UIInteraction,PassGuid=4C6FE150-CCC2-4061-8FB7-372DA8C4D0CD;Objective=Log;Direction=Up;Depth=3040.98198
43193.7612619907,WLAcquisition,Data Acquiring - WL,Unlock Pass,Click,ToolbarButton,Click to Unlock Stop Button,UIInteraction,
43193.7613707523,WLAcquisition,Data Acquiring - WL,Stop Depth Pass,Click,Button,Stop,UIInteraction,PassGuid=4C6FE150-CCC2-4061-8FB7-372DA8C4D0CD;Depth=3032.75238
43193.7615763889,WLAcquisition,CMRT-B,Set Logging Mode,RightClick,TreeView,Set Logging Mode,UIInteraction,TaskName=Set Logging Mode
43193.7615903935,WLAcquisition,CMRT-B,Set Logging Mode,Click,ContextMenu,Perform,UIInteraction,TaskName=Set Logging Mode
43193.7621293866,WLAcquisition,CMRT-B,Set Logging Mode,RightClick,TreeView,Set Logging Mode,UIInteraction,TaskName=Set Logging Mode
43193.7621437153,WLAcquisition,CMRT-B,Set Logging Mode,Click,ContextMenu,Perform,UIInteraction,TaskName=Set Logging Mode
43193.7628385069,WLAcquisition,Data Acquiring - WL,Start Depth Pass,Click,Button,Start,UIInteraction,PassGuid=F1F87852-136F-4F4F-911E-40515B422192;Objective=Log;Direction=Up;Depth=3032.75238
43193.7629159259,WLAcquisition,Data Acquiring - WL,Continue Depth Pass,Click,Button,Continue,UIInteraction,PassGuid=F1F87852-136F-4F4F-911E-40515B422192;Objective=Log;Direction=Up;Depth=3032.75238
43193.7652502315,WLAcquisition,Data Acquiring - WL,Unlock Pass,Click,ToolbarButton,Click to Unlock Stop Button,UIInteraction,
43193.7653625463,WLAcquisition,Data Acquiring - WL,Stop Depth Pass,Click,Button,Stop,UIInteraction,PassGuid=F1F87852-136F-4F4F-911E-40515B422192;Depth=3017.51238
43193.7655232986,WLAcquisition,UI Framework,Switch Tab,Click,Tab,Operation,UIInteraction,
43193.7656039583,WLAcquisition,Depth Log/Station Planning,Perform Logging Task,RightClick,TreeView,Station Log,UIInteraction,TaskName=Station Log
43193.7656188194,WLAcquisition,Depth Log/Station Planning,Perform Logging Task,Click,ContextMenu,Perform,UIInteraction,TaskName=Station Log
43193.7657188194,WLAcquisition,UI Framework,Switch Tab,Click,Tab,Tool Control,UIInteraction,
43193.7658227199,WLAcquisition,CMRT-B,Set Logging Mode,RightClick,TreeView,Set Logging Mode,UIInteraction,TaskName=Set Logging Mode
43193.7658371296,WLAcquisition,CMRT-B,Set Logging Mode,Click,ContextMenu,Perform,UIInteraction,TaskName=Set Logging Mode
43193.7662271875,WLAcquisition,Data Acquiring - WL,Start Station Pass,Click,Button,Start,UIInteraction,PassGuid=DD3D91D0-359B-4C37-861B-422557662BC8;Main Objective=CMRT Station Log
43193.7663421644,WLAcquisition,Data Acquiring - WL,Continue Station Pass,Click,Button,Continue,UIInteraction,PassGuid=DD3D91D0-359B-4C37-861B-422557662BC8;Main Objective=CMRT Station Log
43193.7663495602,WLAcquisition,UI Framework,Switch Tab,Click,Tab,Station,UIInteraction,
43193.7667370139,WLAcquisition,Data Acquiring - WL,Unlock Pass,Click,ToolbarButton,Click to Unlock Stop Button,UIInteraction,
43193.7667595949,WLAcquisition,Data Acquiring - WL,Stop Station Pass,Click,Button,Stop,UIInteraction,PassGuid=DD3D91D0-359B-4C37-861B-422557662BC8;Depth=3017.51238
43193.7669954051,WLAcquisition,CMRT-B,Set Logging Mode,RightClick,TreeView,Set Logging Mode,UIInteraction,TaskName=Set Logging Mode
43193.7670096991,WLAcquisition,CMRT-B,Set Logging Mode,Click,ContextMenu,Perform,UIInteraction,TaskName=Set Logging Mode
43193.7674131829,WLAcquisition,Data Acquiring - WL,Start Station Pass,Click,Button,Start,UIInteraction,PassGuid=A325B121-8D53-40DD-9F8F-45C9E0E6B9AE;Main Objective=CMRT Station Log
43193.7675239005,WLAcquisition,Data Acquiring - WL,Continue Station Pass,Click,Button,Continue,UIInteraction,PassGuid=A325B121-8D53-40DD-9F8F-45C9E0E6B9AE;Main Objective=CMRT Station Log
43193.768618588,WLAcquisition,Data Acquiring - WL,Unlock Pass,Click,ToolbarButton,Click to Unlock Stop Button,UIInteraction,
43193.7686400579,WLAcquisition,Data Acquiring - WL,Stop Station Pass,Click,Button,Stop,UIInteraction,PassGuid=A325B121-8D53-40DD-9F8F-45C9E0E6B9AE;Depth=3017.51238
43193.7687684838,WLAcquisition,Data Acquiring - WL,Unlock 3 Buttons,Click,ToolbarButton,Unlock,UIInteraction,
43193.7687708565,WLAcquisition,Data Acquiring - WL,Disable Tool Power,Click,ToolbarButton,Disable Tool Power,UIInteraction,
43193.7688936227,WLAcquisition,Data Acquiring - WL,Stop Dataflow,Click,ToolbarButton,Stop Data Flow,UIInteraction,
43193.7690000231,WLAcquisition,Data Acquiring - WL,Disconnect Hardware,Click,ToolbarButton,Disconnect From Hardware,UIInteraction,
43193.7691195718,Setup,Run Manager (Internal),Stop Run,Click,Button,Stop,UIInteraction,RunGuid=8BD4BE22-E0E7-4D58-8ADB-0294A6134E3B
43193.7691633449,Setup,Run Manager (Internal),Confirm to Stop Run,Click,Button,OK,UIInteraction,RunGuid=8BD4BE22-E0E7-4D58-8ADB-0294A6134E3B
43193.7692364352,Simulation,UI Framework,Close Console,Click,Button,,UIInteraction,JobGuid=281023C0-44D7-4724-B2CB-B3A0F68E7EDE
43193.7692999421,DeliverablesSetup,UI Framework,Switch View,Click,ToolbarButton,Deliverables Display View,UIInteraction,
43193.7693748032,DeliverablesSetup,Deliverables - Digital,Create Job Archive,Click,ContextMenu,Create,UIInteraction,ArchiveGuid=281023C0-44D7-4724-B2CB-B3A0F68E7EDE;JobArchiveType=3.0
43193.7695991319,DeliverablesSetup,UI Framework,Close Console,Click,Button,,UIInteraction,JobGuid=281023C0-44D7-4724-B2CB-B3A0F68E7EDE
43193.7696368171,DeliverablesSetup,UI Framework,OK to Close Deliverables - Display Console,Click,Button,OK,UIInteraction,
43193.7697186574,,Console/Job Manager,Stop Setup Console,Click,Button,Stop,UIInteraction,JobGuid=281023C0-44D7-4724-B2CB-B3A0F68E7EDE
43193.7698036574,,Console/Job Manager,Stop Job,Click,Button,Stop,UIInteraction,JobGuid=281023C0-44D7-4724-B2CB-B3A0F68E7EDE
