Time,Process,Component,Operation,Action,Control,ControlText,Category,Context
43193.7024102315,,Console/Job Manager,Start Job,Click,Button,Start,UIInteraction,JobName=10MSA0091;WellName=maderil;ClientName=PEMEX;StartDate=4/3/2018 4:51 PM;Workflow=D&M;Simulator=False;UnitSystem=PEMEX10MSA009108APR15;JobSize=0;State=Available;SideTrackId=0;SessionID=FAA7B856-A787-4FBA-AF15-79785A8F7068;SortOrder=1;JobGUID=BAB72FE2-4A0F-48DE-AF7F-40E143E45972;WellGUID=A03EC94C-9910-4217-8CAB-4CF76D8F6DE9;BoreholeGUID=CF52D880-6508-460B-AF68-1143ECF92D70;MachineName=HPV04-014;UserName=Engineer;UserDomainName=HPV04-014;OS=Microsoft Windows NT 6.1.7601 Service Pack 1;StartedJobCount=0;TimeZone=00:00:00;IPAddress_1=192.168.78.102;IPAddress_2=::1;MWVersion=9.0.100732.3100
43193.7027107523,,Console/Job Manager,Stop Job,Click,Button,Stop,UIInteraction,JobGuid=BAB72FE2-4A0F-48DE-AF7F-40E143E45972
43193.7028957407,,Console/Job Manager,Start Job,Click,Button,Start,UIInteraction,JobName=10MSA0091;WellName=maderil;ClientName=PEMEX;StartDate=4/3/2018 4:51 PM;Workflow=D&M;Simulator=False;UnitSystem=PEMEX10MSA009108APR15;RTBackupDir=C:\AutoBackup;JobSize=0;State=Available;SideTrackId=0;SessionID=FAA7B856-A787-4FBA-AF15-79785A8F7068;SortOrder=1;JobGUID=BAB72FE2-4A0F-48DE-AF7F-40E143E45972;WellGUID=A03EC94C-9910-4217-8CAB-4CF76D8F6DE9;BoreholeGUID=CF52D880-6508-460B-AF68-1143ECF92D70;MachineName=HPV04-014;UserName=Engineer;UserDomainName=HPV04-014;OS=Microsoft Windows NT 6.1.7601 Service Pack 1;StartedJobCount=0;TimeZone=00:00:00;IPAddress_1=192.168.78.102;IPAddress_2=::1;MWVersion=9.0.100732.3100
43193.7036612268,,Console/Job Manager,Start Setup Console,Click,Button,Start...,UIInteraction,JobGuid=BAB72FE2-4A0F-48DE-AF7F-40E143E45972
43193.703762662,Setup,UI Framework,Start Console,,,Setup - Job 10MSA0091,UIAutomatic,
43193.7037811921,,Console/Job Manager,Start Deliverables Console,Click,Button,Start...,UIInteraction,JobGuid=BAB72FE2-4A0F-48DE-AF7F-40E143E45972
43193.7038361111,DeliverablesSetup,Tier Manager,Tier Template Created for Tools in My Equipment,,,SHORT475 Tier Created,Deliverables Console,
43193.7038362269,DeliverablesSetup,Tier Manager,Tier Template Created for Tools in My Equipment,,,ARC5 Tier Created,Deliverables Console,
43193.7038363079,DeliverablesSetup,Tier Manager,Tier Template Created for Tools in My Equipment,,,ADN4 Tier Created,Deliverables Console,
43193.7038364005,DeliverablesSetup,Tier Manager,Tier Template Created for Tools in My Equipment,,,SONICSCOPE4 Tier Created,Deliverables Console,
43193.7038425579,DeliverablesSetup,UI Framework,Start Console,,,Deliverables Console Setup - Job 10MSA0091,UIAutomatic,
43193.7040070023,Setup,UI Framework,Switch Tab,Click,Tab,DnI Initializations Run - 1,UIInteraction,
43193.7040739352,Setup,Run Manager (Internal),Start Run,Click,Button,Start,UIInteraction,RunGuid=9C257CAB-A7F6-40DB-BF31-5E044F8A486B;ToolstringGuid=7CCB9D87-694A-4CFE-8B88-4BB3B44C744B;DownholeEquipments=Generic PDC Bit:Stab: 3 1/8":Flt Sub: 4 3/4":ARC5:SHORT475:SONICSCOPE4:ADN4;TSLevelActiveSurfaceEquips=DRILLING_SURFACE
43193.7041848843,Setup,Equipment,Activate Run,Click,Button,Activate,UIInteraction,ToolstringGuid=7CCB9D87-694A-4CFE-8B88-4BB3B44C744B;DownholeEquipments=Generic PDC Bit:Stab: 3 1/8":Flt Sub: 4 3/4":ARC5:SHORT475:SONICSCOPE4:ADN4;TSLevelActiveSurfaceEquips=DRILLING_SURFACE
43193.70437125,DnMAcquisition,Data Acquiring - D&M,HSPM Control/Set Location,Click,ComboBox,LOCAL,UIInteraction,
43193.7043712616,DnMAcquisition,Data Acquiring - D&M,HSPM Control/Set Recover Buffer,Click,ComboBox,No,UIInteraction,
43193.7043853241,DnMAcquisition,UI Framework,Start Console,,,Acquisition Console - Job 10MSA0091 - Run 1,UIAutomatic,
43193.7052549074,DnMAcquisition,Manage Tasks,HSPM Control,DoubleClick,TreeView,HSPM Control,UIInteraction,TaskName=HSPM Control
43193.7052753125,DnMAcquisition,Data Acquiring - D&M,HSPM Control/Set Recover Buffer,Click,ComboBox,Yes,UIInteraction,
43193.7052898611,DnMAcquisition,Data Acquiring - D&M,HSPM Control/Connect HSPM,Click,Button,Connect,UIInteraction,
43193.7059261574,DnMAcquisition,UI Framework,Switch Tab,Click,Tab,Data Gauges,UIInteraction,
43193.7059458333,DnMAcquisition,Data Gauge / Alerts,Launch Alarm Manager,Click,ToolbarButton,Launch Alarms Manager...,UIInteraction,
43193.7059466782,DnMAcquisition,UI Framework,Switch Tab,Click,Tab,Alarms,UIInteraction,
43193.706001794,DnMAcquisition,Data Gauge / Alerts,View Alarms,Click,Tab,Application,UIInteraction,
43193.713354456,DnMAcquisition,UI Framework,Switch Tab,Click,Tab,Picture,UIInteraction,
43193.7139545023,DnMAcquisition,UI Framework,Switch Tab,Click,Tab,Data Gauges,UIInteraction,
43193.7140246759,DnMAcquisition,UI Framework,Switch Tab,Click,Tab,Time,UIInteraction,
43193.7141161111,DnMAcquisition,Data Explorer,Change Focused Item to Current Run,Click,ToolbarButton,Current Run,UIInteraction,
43193.7141162153,DnMAcquisition,Data Explorer,Change Current Focused Item,,,,UIAutomatic,EntityName=Run 1;EntityType=16;EntityGuid=9C257CAB-A7F6-40DB-BF31-5E044F8A486B
43193.7141548495,DnMAcquisition,Data Explorer,Change Current Focused Item,,,,UIAutomatic,EntityName=TimeLogicalAcq;EntityType=32;EntityGuid=10595192-EBA6-4E9A-A01E-D59AFA9D8F97
43193.7141843171,DnMAcquisition,Data Explorer,Click OK Button,Click,Button,OK,UIInteraction,Selection=BLKP_BPOS_Height of block above rig floor_DRILLING_SURFACE_1___
43193.7142036806,DnMAcquisition,UI Framework,Switch Tab,Click,Tab,Data Gauges,UIInteraction,
43193.7142850231,DnMAcquisition,Data Gauge / Alerts,Add Data Gauge,Click,ToolbarButton,Add Data Gauges...,UIInteraction,
43193.7144215393,DnMAcquisition,Data Explorer,Change Focused Item to Up-Level,Click,ToolbarButton,Level Up,UIInteraction,
43193.7144215509,DnMAcquisition,Data Explorer,Change Current Focused Item,,,,UIAutomatic,EntityName=Run 1;EntityType=16;EntityGuid=9C257CAB-A7F6-40DB-BF31-5E044F8A486B
43193.7145098611,DnMAcquisition,Data Explorer,Change Focused Item to Up-Level,Click,ToolbarButton,Level Up,UIInteraction,
43193.7145098727,DnMAcquisition,Data Explorer,Change Current Focused Item,,,,UIAutomatic,EntityName=maderil;EntityType=8;EntityGuid=CF52D880-6508-460B-AF68-1143ECF92D70
43193.7145906366,DnMAcquisition,Data Explorer,Change Focused Item to Up-Level,Click,ToolbarButton,Level Up,UIInteraction,
43193.7145906481,DnMAcquisition,Data Explorer,Change Current Focused Item,,,,UIAutomatic,EntityName=maderil;EntityType=4;EntityGuid=A03EC94C-9910-4217-8CAB-4CF76D8F6DE9
43193.7146688773,DnMAcquisition,Data Explorer,Change Focused Item to Up-Level,Click,ToolbarButton,Level Up,UIInteraction,
43193.7146689236,DnMAcquisition,Data Explorer,Change Current Focused Item,,,,UIAutomatic,EntityName=10MSA0091;EntityType=2;EntityGuid=BAB72FE2-4A0F-48DE-AF7F-40E143E45972
43193.7147828588,DnMAcquisition,Data Explorer,Change Current Focused Item,,,,UIAutomatic,EntityName=maderil;EntityType=4;EntityGuid=A03EC94C-9910-4217-8CAB-4CF76D8F6DE9
43193.7148511806,DnMAcquisition,Data Explorer,Change Current Focused Item,,,,UIAutomatic,EntityName=maderil;EntityType=8;EntityGuid=CF52D880-6508-460B-AF68-1143ECF92D70
43193.7149197917,DnMAcquisition,Data Explorer,Change Current Focused Item,,,,UIAutomatic,EntityName=Run 1;EntityType=16;EntityGuid=9C257CAB-A7F6-40DB-BF31-5E044F8A486B
43193.7149869444,DnMAcquisition,Data Explorer,Change Current Focused Item,,,,UIAutomatic,EntityName=TimeLogicalAcq;EntityType=32;EntityGuid=10595192-EBA6-4E9A-A01E-D59AFA9D8F97
43193.7150553125,DnMAcquisition,Data Gauge / Alerts,Select Channel in Channel Selection Dialog,Click,Button,OK,UIInteraction,Channel OSDD=ED
43193.7150552083,DnMAcquisition,Data Explorer,Click OK Button,Click,Button,OK,UIInteraction,Selection=ED_ED_East Departure_DnMWorkflow_1___
43193.7152143866,DnMAcquisition,UI Framework,Switch Tab,Click,Tab,Time,UIInteraction,
43193.7152817593,DnMAcquisition,UI Framework,Switch Tab,Click,Tab,Data Gauges,UIInteraction,
43193.7154249074,DnMAcquisition,UI Framework,Switch Tab,Click,Tab,Time,UIInteraction,
43193.7154734722,DnMAcquisition,UI Framework,Switch Tab,Click,Tab,Alarms,UIInteraction,
43193.7155193056,DnMAcquisition,UI Framework,Switch Tab,Click,Tab,Time,UIInteraction,
43193.7155199653,DnMAcquisition,UI Framework,Switch Tab,Click,Tab,Data Gauges,UIInteraction,
43193.7155871181,DnMAcquisition,UI Framework,Switch Tab,Click,Tab,Alarms,UIInteraction,
43193.7156572106,DnMAcquisition,UI Framework,Switch Tab,Click,Tab,Data Gauges,UIInteraction,
43193.7156730787,DnMAcquisition,UI Framework,Switch Tab,Click,Tab,Alarms,UIInteraction,
43193.7156730324,DnMAcquisition,Data Gauge / Alerts,Launch Alarm Manager,Click,ToolbarButton,Launch Alarms Manager...,UIInteraction,
43193.7156887963,DnMAcquisition,Data Gauge / Alerts,View Alarms,Click,Tab,User,UIInteraction,
43193.7159107986,DnMAcquisition,Data Gauge / Alerts,Enable/Disable Alarm,Click,CheckBox,BLKP,UIInteraction,CheckState=True
43193.7159145023,DnMAcquisition,Data Gauge / Alerts,Enable/Disable Beep,Click,CheckBox,BLKP,UIInteraction,CheckState=True
43193.7159176273,DnMAcquisition,Data Gauge / Alerts,Enable/Disable Display Gauge,Click,CheckBox,BLKP,UIInteraction,CheckState=True
43193.7159358449,DnMAcquisition,UI Framework,Switch Tab,Click,Tab,Data Gauges,UIInteraction,
43193.7160366667,DnMAcquisition,UI Framework,Switch Tab,Click,Tab,Time,UIInteraction,
43193.7160944097,DnMAcquisition,UI Framework,Switch Tab,Click,Tab,Data Gauges,UIInteraction,
43193.7162473843,DnMAcquisition,UI Framework,Switch Tab,Click,Tab,Time,UIInteraction,
43193.7163063079,DnMAcquisition,UI Framework,Switch Tab,Click,Tab,Data Gauges,UIInteraction,
43193.7164678125,DnMAcquisition,UI Framework,Switch Tab,Click,Tab,Time,UIInteraction,
43193.7165228241,DnMAcquisition,Data Gauge / Alerts,Set Data Gauge Columns,Click,ComboBox,Set Number of Columns,UIInteraction,
43193.7165419213,DnMAcquisition,UI Framework,Switch Tab,Click,Tab,Data Gauges,UIInteraction,
43193.7166969907,DnMAcquisition,UI Framework,Switch Tab,Click,Tab,Time,UIInteraction,
43193.7167507639,DnMAcquisition,Data Gauge / Alerts,Move Right Data Gauge,Click,ToolbarButton,Move Right,UIInteraction,Channel OSDD= BLKP
43193.7167690972,DnMAcquisition,UI Framework,Switch Tab,Click,Tab,Data Gauges,UIInteraction,
43193.716937662,DnMAcquisition,UI Framework,Switch Tab,Click,Tab,Time,UIInteraction,
43193.7170142708,DnMAcquisition,UI Framework,Switch Tab,Click,Tab,Data Gauges,UIInteraction,
43193.7171163657,DnMAcquisition,Data Gauge / Alerts,Save Data Gauge Layout,Click,ToolbarButton,Save Data Gauge Layout As...,UIInteraction,
43193.7171279051,DnMAcquisition,Data Gauge / Alerts,Save Data Gauge Layout,Click,Button,OK,UIInteraction,FileName=C:\TestComplete\RT_DataGuage.XML
43193.7172340625,DnMAcquisition,UI Framework,Switch Tab,Click,Tab,Time,UIInteraction,
43193.7173010301,DnMAcquisition,UI Framework,Switch Tab,Click,Tab,Data Gauges,UIInteraction,
43193.7174253241,DnMAcquisition,UI Framework,Switch Tab,Click,Tab,Alarms,UIInteraction,
43193.7174368287,DnMAcquisition,Data Gauge / Alerts,View Alarms,Click,Tab,Application,UIInteraction,
43193.7174931597,DnMAcquisition,UI Framework,Switch Tab,Click,Tab,Data Gauges,UIInteraction,
43193.717515706,DnMAcquisition,Data Gauge / Alerts,Launch Alarm Manager,Click,ToolbarButton,Launch Alarms Manager...,UIInteraction,
43193.7175157523,DnMAcquisition,UI Framework,Switch Tab,Click,Tab,Alarms,UIInteraction,
43193.7175344097,DnMAcquisition,Data Gauge / Alerts,View Alarms,Click,Tab,User,UIInteraction,
43193.717615706,DnMAcquisition,UI Framework,Switch Tab,Click,Tab,Data Gauges,UIInteraction,
43193.7177302199,DnMAcquisition,UI Framework,Switch Tab,Click,Tab,Time,UIInteraction,
43193.7177815509,DnMAcquisition,Data Gauge / Alerts,Highlight Data Gauge,Click,ToolbarButton,Highlight,UIInteraction,Channel OSDD= BLKP
43193.7178002662,DnMAcquisition,UI Framework,Switch Tab,Click,Tab,Data Gauges,UIInteraction,
43193.7179446412,DnMAcquisition,UI Framework,Switch Tab,Click,Tab,Time,UIInteraction,
43193.7180056134,DnMAcquisition,Data Gauge / Alerts,Highlight Data Gauge,Click,ToolbarButton,Stop Highlight,UIInteraction,Channel OSDD= BLKP
43193.7180257523,DnMAcquisition,UI Framework,Switch Tab,Click,Tab,Data Gauges,UIInteraction,
43193.7181646875,DnMAcquisition,UI Framework,Switch Tab,Click,Tab,Time,UIInteraction,
43193.7182108449,DnMAcquisition,Data Gauge / Alerts,Change Data Gauge Unit,Click,ComboBox,Metric,UIInteraction,
43193.7182294329,DnMAcquisition,UI Framework,Switch Tab,Click,Tab,Data Gauges,UIInteraction,
43193.7182841204,DnMAcquisition,UI Framework,Switch Tab,Click,Tab,Tasks,UIInteraction,
43193.7183641435,DnMAcquisition,Data Tasks,Parameters,DoubleClick,TreeView,Parameters,UIInteraction,TaskName=Parameters
43193.7185802894,DnMAcquisition,Properties & Parameters,Change Parameter Value,Update,GridCell,1.2,UIInteraction,OSDD=FLEV;EnsemblePath=Borehole
43193.7186126505,,Console/Job Manager,Start Rig Floor Console,Click,Button,Start...,UIInteraction,JobGuid=BAB72FE2-4A0F-48DE-AF7F-40E143E45972
43193.7186417708,RigFloor,UI Framework,Start Console,,,Rig Floor Console - Job 10MSA0091,UIAutomatic,
43193.7186731829,,Console/Job Manager,Start Witness Console Console,Click,Button,Start...,UIInteraction,JobGuid=BAB72FE2-4A0F-48DE-AF7F-40E143E45972
43193.7186851042,Witness,UI Framework,Start Console,,,Witness Console - Job 10MSA0091,UIAutomatic,
43193.7187831829,WitnessDisplay,UI Framework,Start Console,,,Witness Display Console - Drilling View - Job 10MSA0091,UIAutomatic,
43193.7194527546,,Console/Job Manager,Stop Rig Floor Console,Click,Button,Stop,UIInteraction,JobGuid=BAB72FE2-4A0F-48DE-AF7F-40E143E45972
43193.7200295255,DnMAcquisition,Data Tasks,Depth Tracking Manager,DoubleClick,TreeView,Depth Tracking Manager,UIInteraction,TaskName=Depth Tracking Manager
43193.7200302315,DnMAcquisition,Time/Depth Edit/Shift,Time Depth Editor/Select size in "Time Depth Curve Viewer",Click,ComboBox,100%,UIInteraction,OldSize=100
43193.7200315625,DnMAcquisition,Time/Depth Edit/Shift,Time Depth Editor/Select Shift Type,Click,ComboBox,Select Shift Type,UIInteraction,
43193.720136169,DnMAcquisition,Time/Depth Edit/Shift,Time Depth Editor/Change Start Point,Change Start Point,AxLgLogViewer,40454.1114366744,UIInteraction,
43193.7201372801,DnMAcquisition,Time/Depth Edit/Shift,Time Depth Editor/Change Stop Point,Change Stop Point,AxLgLogViewer,40454.1454215351,UIInteraction,
43193.7201543171,DnMAcquisition,Time/Depth Edit/Shift,Time Depth Editor/Select Shift Type,Click,ComboBox,Start Shift,UIInteraction,
43193.7201917708,DnMAcquisition,Time/Depth Edit/Shift,Time Depth Editor/Confirm Shift,Click,Button,Shift,UIInteraction,
43193.720193044,DnMAcquisition,Time/Depth Edit/Shift,DepthShift/Shift,Click,Button,ApplyShift,UIInteraction,AddTimeDepthModification() Shift Value=0.0257066531513572
43193.7201930671,DnMAcquisition,Time/Depth Edit/Shift,DepthShift/Shift,Click,Button,ApplyShift,UIInteraction,AddTimeDepthModification() Shift Value=0.17202042984611
43193.7201930787,DnMAcquisition,Time/Depth Edit/Shift,DepthShift/Shift,Click,Button,ApplyShift,UIInteraction,AddTimeDepthModification() Shift Value=0.0171349487446713
43193.7201930903,DnMAcquisition,Time/Depth Edit/Shift,DepthShift/Shift,Click,Button,ApplyShift,UIInteraction,AddTimeDepthModification() Shift Value=0.154885481101439
43193.7201931019,DnMAcquisition,Time/Depth Edit/Shift,DepthShift/Shift,Click,Button,ApplyShift,UIInteraction,AddTimeDepthModification() Shift Value=0.0173516546337886
43193.720193125,DnMAcquisition,Time/Depth Edit/Shift,DepthShift/Shift,Click,Button,ApplyShift,UIInteraction,AddTimeDepthModification() Shift Value=0.13753382646765
43193.7201931366,DnMAcquisition,Time/Depth Edit/Shift,DepthShift/Shift,Click,Button,ApplyShift,UIInteraction,AddTimeDepthModification() Shift Value=0.0165945939196888
43193.7201931481,DnMAcquisition,Time/Depth Edit/Shift,DepthShift/Shift,Click,Button,ApplyShift,UIInteraction,AddTimeDepthModification() Shift Value=0.120939232547961
43193.7201931597,DnMAcquisition,Time/Depth Edit/Shift,DepthShift/Shift,Click,Button,ApplyShift,UIInteraction,AddTimeDepthModification() Shift Value=0.0162685589714435
43193.7201931713,DnMAcquisition,Time/Depth Edit/Shift,DepthShift/Shift,Click,Button,ApplyShift,UIInteraction,AddTimeDepthModification() Shift Value=0.104670673576518
43193.7201931944,DnMAcquisition,Time/Depth Edit/Shift,DepthShift/Shift,Click,Button,ApplyShift,UIInteraction,AddTimeDepthModification() Shift Value=0.0158368827352767
43193.7201932292,DnMAcquisition,Time/Depth Edit/Shift,DepthShift/Shift,Click,Button,ApplyShift,UIInteraction,AddTimeDepthModification() Shift Value=0.0177902724927595
43193.7201932407,DnMAcquisition,Time/Depth Edit/Shift,DepthShift/Shift,Click,Button,ApplyShift,UIInteraction,AddTimeDepthModification() Shift Value=0.0710435183484816
43193.7201932523,DnMAcquisition,Time/Depth Edit/Shift,DepthShift/Shift,Click,Button,ApplyShift,UIInteraction,AddTimeDepthModification() Shift Value=0.0162705113369489
43193.720193206,DnMAcquisition,Time/Depth Edit/Shift,DepthShift/Shift,Click,Button,ApplyShift,UIInteraction,AddTimeDepthModification() Shift Value=0.0888337908412411
43193.7201932639,DnMAcquisition,Time/Depth Edit/Shift,DepthShift/Shift,Click,Button,ApplyShift,UIInteraction,AddTimeDepthModification() Shift Value=0.0547730070115327
43193.7201932755,DnMAcquisition,Time/Depth Edit/Shift,DepthShift/Shift,Click,Button,ApplyShift,UIInteraction,AddTimeDepthModification() Shift Value=0.0169180260321165
43193.720193287,DnMAcquisition,Time/Depth Edit/Shift,DepthShift/Shift,Click,Button,ApplyShift,UIInteraction,AddTimeDepthModification() Shift Value=0.0378549809794162
43193.7201932986,DnMAcquisition,Time/Depth Edit/Shift,DepthShift/Shift,Click,Button,ApplyShift,UIInteraction,AddTimeDepthModification() Shift Value=0.0180045925058636
43193.7201933102,DnMAcquisition,Time/Depth Edit/Shift,DepthShift/Shift,Click,Button,ApplyShift,UIInteraction,AddTimeDepthModification() Shift Value=0.0198503884735526
43193.7201933218,DnMAcquisition,Time/Depth Edit/Shift,DepthShift/Shift,Click,Button,ApplyShift,UIInteraction,AddTimeDepthModification() Shift Value=0.0198503884735526
43193.7201933333,DnMAcquisition,Time/Depth Edit/Shift,DepthShift/Shift,Click,Button,ApplyShift,UIInteraction,AddTimeDepthModification() Shift Value=0.0198503884735526
43193.7201933449,DnMAcquisition,Time/Depth Edit/Shift,DepthShift/Shift,Click,Button,ApplyShift,UIInteraction,AddTimeDepthModification() Shift Value=0.0378549809794162
43193.7201933565,DnMAcquisition,Time/Depth Edit/Shift,DepthShift/Shift,Click,Button,ApplyShift,UIInteraction,AddTimeDepthModification() Shift Value=0.0547730070115327
43193.7201933796,DnMAcquisition,Time/Depth Edit/Shift,DepthShift/Shift,Click,Button,ApplyShift,UIInteraction,AddTimeDepthModification() Shift Value=0.0710435183484816
43193.7201933912,DnMAcquisition,Time/Depth Edit/Shift,DepthShift/Shift,Click,Button,ApplyShift,UIInteraction,AddTimeDepthModification() Shift Value=0.0888337908412411
43193.7201934028,DnMAcquisition,Time/Depth Edit/Shift,DepthShift/Shift,Click,Button,ApplyShift,UIInteraction,AddTimeDepthModification() Shift Value=0.104670673576518
43193.7201934144,DnMAcquisition,Time/Depth Edit/Shift,DepthShift/Shift,Click,Button,ApplyShift,UIInteraction,AddTimeDepthModification() Shift Value=0.120939232547961
43193.7201934259,DnMAcquisition,Time/Depth Edit/Shift,DepthShift/Shift,Click,Button,ApplyShift,UIInteraction,AddTimeDepthModification() Shift Value=0.13753382646765
43193.7201934375,DnMAcquisition,Time/Depth Edit/Shift,DepthShift/Shift,Click,Button,ApplyShift,UIInteraction,AddTimeDepthModification() Shift Value=0.154885481101439
43193.7201934491,DnMAcquisition,Time/Depth Edit/Shift,DepthShift/Shift,Click,Button,ApplyShift,UIInteraction,AddTimeDepthModification() Shift Value=0.17202042984611
43193.7202148032,Setup,Computation / Recomputation,ProcessRecomputeState,,,,UIAutomatic,JobGuid=BAB72FE2-4A0F-48DE-AF7F-40E143E45972;State=UIS_RECOMPUTATION_STATE_PENDING;Scope=JobScope;RecompPercentageComplete=;MultipleRunsAffected=False;ActiveRunAffected=True;ActiveRunInProgress=False;RunCount=1;Run0Change0=TimeDepthEdit;Run0Guid=9C257CAB-A7F6-40DB-BF31-5E044F8A486B
43193.7202148032,DeliverablesSetup,Computation / Recomputation,ProcessRecomputeState,,,,UIAutomatic,JobGuid=BAB72FE2-4A0F-48DE-AF7F-40E143E45972;State=UIS_RECOMPUTATION_STATE_PENDING;Scope=JobScope;RecompPercentageComplete=;MultipleRunsAffected=False;ActiveRunAffected=True;ActiveRunInProgress=False;RunCount=1;Run0Change0=TimeDepthEdit;Run0Guid=9C257CAB-A7F6-40DB-BF31-5E044F8A486B
43193.7202152083,DnMAcquisition,Time/Depth Edit/Shift,Time Depth Editor/Select Shift Type,Click,ComboBox,Select Shift Type,UIInteraction,
43193.7202157176,DnMAcquisition,Computation / Recomputation,ProcessRecomputeState,,,,UIAutomatic,JobGuid=BAB72FE2-4A0F-48DE-AF7F-40E143E45972;State=UIS_RECOMPUTATION_STATE_PENDING;Scope=JobScope;RecompPercentageComplete=;MultipleRunsAffected=False;ActiveRunAffected=True;ActiveRunInProgress=False;RunCount=1;Run0Change0=TimeDepthEdit;Run0Guid=9C257CAB-A7F6-40DB-BF31-5E044F8A486B
43193.720346794,DnMAcquisition,Computation / Recomputation,Recompute All Pending Runs,Click,ToolbarButton,Recompute All Pending Runs,UIInteraction,
43193.7203468171,DnMAcquisition,Computation / Recomputation,Start Recomputation During Acquisition,Click,ToolbarButton,Recompute All Pending Runs,UIInteraction,FeatureName=Framework.RTOOP
43193.7203471296,Setup,Computation / Recomputation,ProcessRecomputeState,,,,UIAutomatic,JobGuid=BAB72FE2-4A0F-48DE-AF7F-40E143E45972;State=UIS_RECOMPUTATION_STATE_STARTING;Scope=JobScope;RecompPercentageComplete=;MultipleRunsAffected=False;ActiveRunAffected=True;ActiveRunInProgress=True;RunCount=1;Run0Change0=TimeDepthEdit;Run0Guid=9C257CAB-A7F6-40DB-BF31-5E044F8A486B
43193.7203471296,DeliverablesSetup,Computation / Recomputation,ProcessRecomputeState,,,,UIAutomatic,JobGuid=BAB72FE2-4A0F-48DE-AF7F-40E143E45972;State=UIS_RECOMPUTATION_STATE_STARTING;Scope=JobScope;RecompPercentageComplete=;MultipleRunsAffected=False;ActiveRunAffected=True;ActiveRunInProgress=True;RunCount=1;Run0Change0=TimeDepthEdit;Run0Guid=9C257CAB-A7F6-40DB-BF31-5E044F8A486B
43193.7203475694,DnMAcquisition,Computation / Recomputation,ProcessRecomputeState,,,,UIAutomatic,JobGuid=BAB72FE2-4A0F-48DE-AF7F-40E143E45972;State=UIS_RECOMPUTATION_STATE_STARTING;Scope=JobScope;RecompPercentageComplete=;MultipleRunsAffected=False;ActiveRunAffected=True;ActiveRunInProgress=True;RunCount=1;Run0Change0=TimeDepthEdit;Run0Guid=9C257CAB-A7F6-40DB-BF31-5E044F8A486B
43193.7203481713,DnMAcquisition,Computation / Recomputation,ProcessRecomputeState,,,,UIAutomatic,JobGuid=BAB72FE2-4A0F-48DE-AF7F-40E143E45972;State=UIS_RECOMPUTATION_STATE_IN_PROGRESS;Scope=JobScope;RecompPercentageComplete=;MultipleRunsAffected=False;ActiveRunAffected=True;ActiveRunInProgress=True;RunCount=1;Run0Change0=TimeDepthEdit;Run0Guid=9C257CAB-A7F6-40DB-BF31-5E044F8A486B
43193.7203481713,DeliverablesSetup,Computation / Recomputation,ProcessRecomputeState,,,,UIAutomatic,JobGuid=BAB72FE2-4A0F-48DE-AF7F-40E143E45972;State=UIS_RECOMPUTATION_STATE_IN_PROGRESS;Scope=JobScope;RecompPercentageComplete=;MultipleRunsAffected=False;ActiveRunAffected=True;ActiveRunInProgress=True;RunCount=1;Run0Change0=TimeDepthEdit;Run0Guid=9C257CAB-A7F6-40DB-BF31-5E044F8A486B
43193.7203481713,Setup,Computation / Recomputation,ProcessRecomputeState,,,,UIAutomatic,JobGuid=BAB72FE2-4A0F-48DE-AF7F-40E143E45972;State=UIS_RECOMPUTATION_STATE_IN_PROGRESS;Scope=JobScope;RecompPercentageComplete=;MultipleRunsAffected=False;ActiveRunAffected=True;ActiveRunInProgress=True;RunCount=1;Run0Change0=TimeDepthEdit;Run0Guid=9C257CAB-A7F6-40DB-BF31-5E044F8A486B
43193.7211480556,Setup,Computation / Recomputation,ProcessRecomputeState,,,,UIAutomatic,JobGuid=BAB72FE2-4A0F-48DE-AF7F-40E143E45972;State=UIS_RECOMPUTATION_STATE_SUCCEEDED;Scope=JobScope;RecompPercentageComplete=;MultipleRunsAffected=False;ActiveRunAffected=True;ActiveRunInProgress=True;RunCount=1;Run0Change0=TimeDepthEdit;Run0Guid=9C257CAB-A7F6-40DB-BF31-5E044F8A486B
43193.7211480556,DeliverablesSetup,Computation / Recomputation,ProcessRecomputeState,,,,UIAutomatic,JobGuid=BAB72FE2-4A0F-48DE-AF7F-40E143E45972;State=UIS_RECOMPUTATION_STATE_SUCCEEDED;Scope=JobScope;RecompPercentageComplete=;MultipleRunsAffected=False;ActiveRunAffected=True;ActiveRunInProgress=True;RunCount=1;Run0Change0=TimeDepthEdit;Run0Guid=9C257CAB-A7F6-40DB-BF31-5E044F8A486B
43193.7211480787,DnMAcquisition,Computation / Recomputation,ProcessRecomputeState,,,,UIAutomatic,JobGuid=BAB72FE2-4A0F-48DE-AF7F-40E143E45972;State=UIS_RECOMPUTATION_STATE_SUCCEEDED;Scope=JobScope;RecompPercentageComplete=;MultipleRunsAffected=False;ActiveRunAffected=True;ActiveRunInProgress=True;RunCount=1;Run0Change0=TimeDepthEdit;Run0Guid=9C257CAB-A7F6-40DB-BF31-5E044F8A486B
43193.7211798495,DnMAcquisition,Data Acquiring - D&M,Depth Tracking Manager/Close Depth Tracking Manager,Click,Button,Close,UIInteraction,
43193.7213392477,DnMAcquisition,Manage Tasks,Survey Manager,DoubleClick,TreeView,Survey Manager,UIInteraction,TaskName=Survey Manager
43193.7214721181,DnMAcquisition,Data Acquiring - D&M,Survey Manager/Accept survey,Click,Button,Accept,UIInteraction,
43193.7214815625,Setup,Computation / Recomputation,ProcessRecomputeState,,,,UIAutomatic,JobGuid=BAB72FE2-4A0F-48DE-AF7F-40E143E45972;State=UIS_RECOMPUTATION_STATE_STARTING;Scope=JobScope;RecompPercentageComplete=;MultipleRunsAffected=False;ActiveRunAffected=True;ActiveRunInProgress=True;RunCount=1;Run0Change0=LastSurvey;Run0Guid=9C257CAB-A7F6-40DB-BF31-5E044F8A486B
43193.7214815625,DeliverablesSetup,Computation / Recomputation,ProcessRecomputeState,,,,UIAutomatic,JobGuid=BAB72FE2-4A0F-48DE-AF7F-40E143E45972;State=UIS_RECOMPUTATION_STATE_STARTING;Scope=JobScope;RecompPercentageComplete=;MultipleRunsAffected=False;ActiveRunAffected=True;ActiveRunInProgress=True;RunCount=1;Run0Change0=LastSurvey;Run0Guid=9C257CAB-A7F6-40DB-BF31-5E044F8A486B
43193.7214825116,Setup,Computation / Recomputation,ProcessRecomputeState,,,,UIAutomatic,JobGuid=BAB72FE2-4A0F-48DE-AF7F-40E143E45972;State=UIS_RECOMPUTATION_STATE_IN_PROGRESS;Scope=JobScope;RecompPercentageComplete=;MultipleRunsAffected=False;ActiveRunAffected=True;ActiveRunInProgress=True;RunCount=1;Run0Change0=LastSurvey;Run0Guid=9C257CAB-A7F6-40DB-BF31-5E044F8A486B
43193.7214830903,DnMAcquisition,Computation / Recomputation,ProcessRecomputeState,,,,UIAutomatic,JobGuid=BAB72FE2-4A0F-48DE-AF7F-40E143E45972;State=UIS_RECOMPUTATION_STATE_STARTING;Scope=JobScope;RecompPercentageComplete=;MultipleRunsAffected=False;ActiveRunAffected=True;ActiveRunInProgress=True;RunCount=1;Run0Change0=LastSurvey;Run0Guid=9C257CAB-A7F6-40DB-BF31-5E044F8A486B
43193.7214831134,DnMAcquisition,Computation / Recomputation,ProcessRecomputeState,,,,UIAutomatic,JobGuid=BAB72FE2-4A0F-48DE-AF7F-40E143E45972;State=UIS_RECOMPUTATION_STATE_IN_PROGRESS;Scope=JobScope;RecompPercentageComplete=;MultipleRunsAffected=False;ActiveRunAffected=True;ActiveRunInProgress=True;RunCount=1;Run0Change0=LastSurvey;Run0Guid=9C257CAB-A7F6-40DB-BF31-5E044F8A486B
43193.7214825463,DeliverablesSetup,Computation / Recomputation,ProcessRecomputeState,,,,UIAutomatic,JobGuid=BAB72FE2-4A0F-48DE-AF7F-40E143E45972;State=UIS_RECOMPUTATION_STATE_IN_PROGRESS;Scope=JobScope;RecompPercentageComplete=;MultipleRunsAffected=False;ActiveRunAffected=True;ActiveRunInProgress=True;RunCount=1;Run0Change0=LastSurvey;Run0Guid=9C257CAB-A7F6-40DB-BF31-5E044F8A486B
43193.72159875,DnMAcquisition,Data Acquiring - D&M,Survey Manager/Accept survey,Click,Button,Accept,UIInteraction,
43193.7217237616,DnMAcquisition,Data Acquiring - D&M,Survey Manager/Accept survey,Click,Button,Accept,UIInteraction,
43193.7218447338,DnMAcquisition,Data Acquiring - D&M,Survey Manager/Accept survey,Click,Button,Accept,UIInteraction,
43193.7219573958,DnMAcquisition,Data Acquiring - D&M,Survey Manager/Accept survey,Click,Button,Accept,UIInteraction,
43193.7219864815,Setup,Computation / Recomputation,ProcessRecomputeState,,,,UIAutomatic,JobGuid=BAB72FE2-4A0F-48DE-AF7F-40E143E45972;State=UIS_RECOMPUTATION_STATE_SUCCEEDED;Scope=JobScope;RecompPercentageComplete=;MultipleRunsAffected=False;ActiveRunAffected=True;ActiveRunInProgress=True;RunCount=1;Run0Change0=LastSurvey;Run0Guid=9C257CAB-A7F6-40DB-BF31-5E044F8A486B
43193.7219865162,DnMAcquisition,Computation / Recomputation,ProcessRecomputeState,,,,UIAutomatic,JobGuid=BAB72FE2-4A0F-48DE-AF7F-40E143E45972;State=UIS_RECOMPUTATION_STATE_SUCCEEDED;Scope=JobScope;RecompPercentageComplete=;MultipleRunsAffected=False;ActiveRunAffected=True;ActiveRunInProgress=True;RunCount=1;Run0Change0=LastSurvey;Run0Guid=9C257CAB-A7F6-40DB-BF31-5E044F8A486B
43193.7219866204,DeliverablesSetup,Computation / Recomputation,ProcessRecomputeState,,,,UIAutomatic,JobGuid=BAB72FE2-4A0F-48DE-AF7F-40E143E45972;State=UIS_RECOMPUTATION_STATE_STARTING;Scope=JobScope;RecompPercentageComplete=;MultipleRunsAffected=False;ActiveRunAffected=True;ActiveRunInProgress=True;RunCount=1;Run0Change0=LastSurvey;Run0Guid=9C257CAB-A7F6-40DB-BF31-5E044F8A486B
43193.7219866319,Setup,Computation / Recomputation,ProcessRecomputeState,,,,UIAutomatic,JobGuid=BAB72FE2-4A0F-48DE-AF7F-40E143E45972;State=UIS_RECOMPUTATION_STATE_STARTING;Scope=JobScope;RecompPercentageComplete=;MultipleRunsAffected=False;ActiveRunAffected=True;ActiveRunInProgress=True;RunCount=1;Run0Change0=LastSurvey;Run0Guid=9C257CAB-A7F6-40DB-BF31-5E044F8A486B
43193.7219876968,Setup,Computation / Recomputation,ProcessRecomputeState,,,,UIAutomatic,JobGuid=BAB72FE2-4A0F-48DE-AF7F-40E143E45972;State=UIS_RECOMPUTATION_STATE_IN_PROGRESS;Scope=JobScope;RecompPercentageComplete=;MultipleRunsAffected=False;ActiveRunAffected=True;ActiveRunInProgress=True;RunCount=1;Run0Change0=LastSurvey;Run0Guid=9C257CAB-A7F6-40DB-BF31-5E044F8A486B
43193.7219876968,DeliverablesSetup,Computation / Recomputation,ProcessRecomputeState,,,,UIAutomatic,JobGuid=BAB72FE2-4A0F-48DE-AF7F-40E143E45972;State=UIS_RECOMPUTATION_STATE_IN_PROGRESS;Scope=JobScope;RecompPercentageComplete=;MultipleRunsAffected=False;ActiveRunAffected=True;ActiveRunInProgress=True;RunCount=1;Run0Change0=LastSurvey;Run0Guid=9C257CAB-A7F6-40DB-BF31-5E044F8A486B
43193.7219894097,DnMAcquisition,Computation / Recomputation,ProcessRecomputeState,,,,UIAutomatic,JobGuid=BAB72FE2-4A0F-48DE-AF7F-40E143E45972;State=UIS_RECOMPUTATION_STATE_STARTING;Scope=JobScope;RecompPercentageComplete=;MultipleRunsAffected=False;ActiveRunAffected=True;ActiveRunInProgress=True;RunCount=1;Run0Change0=LastSurvey;Run0Guid=9C257CAB-A7F6-40DB-BF31-5E044F8A486B
43193.7219864815,DeliverablesSetup,Computation / Recomputation,ProcessRecomputeState,,,,UIAutomatic,JobGuid=BAB72FE2-4A0F-48DE-AF7F-40E143E45972;State=UIS_RECOMPUTATION_STATE_SUCCEEDED;Scope=JobScope;RecompPercentageComplete=;MultipleRunsAffected=False;ActiveRunAffected=True;ActiveRunInProgress=True;RunCount=1;Run0Change0=LastSurvey;Run0Guid=9C257CAB-A7F6-40DB-BF31-5E044F8A486B
43193.7219894329,DnMAcquisition,Computation / Recomputation,ProcessRecomputeState,,,,UIAutomatic,JobGuid=BAB72FE2-4A0F-48DE-AF7F-40E143E45972;State=UIS_RECOMPUTATION_STATE_IN_PROGRESS;Scope=JobScope;RecompPercentageComplete=;MultipleRunsAffected=False;ActiveRunAffected=True;ActiveRunInProgress=True;RunCount=1;Run0Change0=LastSurvey;Run0Guid=9C257CAB-A7F6-40DB-BF31-5E044F8A486B
43193.722085544,DnMAcquisition,Data Acquiring - D&M,Survey Manager/Accept survey,Click,Button,Accept,UIInteraction,
43193.7221970023,DnMAcquisition,Data Acquiring - D&M,Survey Manager/Accept survey,Click,Button,Accept,UIInteraction,
43193.7223159375,DnMAcquisition,Data Acquiring - D&M,Survey Manager/Accept survey,Click,Button,Accept,UIInteraction,
43193.7224335301,DnMAcquisition,Data Acquiring - D&M,Survey Manager/Accept survey,Click,Button,Accept,UIInteraction,
43193.7224973843,DeliverablesSetup,Computation / Recomputation,ProcessRecomputeState,,,,UIAutomatic,JobGuid=BAB72FE2-4A0F-48DE-AF7F-40E143E45972;State=UIS_RECOMPUTATION_STATE_SUCCEEDED;Scope=JobScope;RecompPercentageComplete=;MultipleRunsAffected=False;ActiveRunAffected=True;ActiveRunInProgress=True;RunCount=1;Run0Change0=LastSurvey;Run0Guid=9C257CAB-A7F6-40DB-BF31-5E044F8A486B
43193.7224973843,Setup,Computation / Recomputation,ProcessRecomputeState,,,,UIAutomatic,JobGuid=BAB72FE2-4A0F-48DE-AF7F-40E143E45972;State=UIS_RECOMPUTATION_STATE_SUCCEEDED;Scope=JobScope;RecompPercentageComplete=;MultipleRunsAffected=False;ActiveRunAffected=True;ActiveRunInProgress=True;RunCount=1;Run0Change0=LastSurvey;Run0Guid=9C257CAB-A7F6-40DB-BF31-5E044F8A486B
43193.7224974537,DnMAcquisition,Computation / Recomputation,ProcessRecomputeState,,,,UIAutomatic,JobGuid=BAB72FE2-4A0F-48DE-AF7F-40E143E45972;State=UIS_RECOMPUTATION_STATE_SUCCEEDED;Scope=JobScope;RecompPercentageComplete=;MultipleRunsAffected=False;ActiveRunAffected=True;ActiveRunInProgress=True;RunCount=1;Run0Change0=LastSurvey;Run0Guid=9C257CAB-A7F6-40DB-BF31-5E044F8A486B
43193.722497662,Setup,Computation / Recomputation,ProcessRecomputeState,,,,UIAutomatic,JobGuid=BAB72FE2-4A0F-48DE-AF7F-40E143E45972;State=UIS_RECOMPUTATION_STATE_STARTING;Scope=JobScope;RecompPercentageComplete=;MultipleRunsAffected=False;ActiveRunAffected=True;ActiveRunInProgress=True;RunCount=1;Run0Change0=LastSurvey;Run0Guid=9C257CAB-A7F6-40DB-BF31-5E044F8A486B
43193.7224976852,DeliverablesSetup,Computation / Recomputation,ProcessRecomputeState,,,,UIAutomatic,JobGuid=BAB72FE2-4A0F-48DE-AF7F-40E143E45972;State=UIS_RECOMPUTATION_STATE_STARTING;Scope=JobScope;RecompPercentageComplete=;MultipleRunsAffected=False;ActiveRunAffected=True;ActiveRunInProgress=True;RunCount=1;Run0Change0=LastSurvey;Run0Guid=9C257CAB-A7F6-40DB-BF31-5E044F8A486B
43193.7224986574,Setup,Computation / Recomputation,ProcessRecomputeState,,,,UIAutomatic,JobGuid=BAB72FE2-4A0F-48DE-AF7F-40E143E45972;State=UIS_RECOMPUTATION_STATE_IN_PROGRESS;Scope=JobScope;RecompPercentageComplete=;MultipleRunsAffected=False;ActiveRunAffected=True;ActiveRunInProgress=True;RunCount=1;Run0Change0=LastSurvey;Run0Guid=9C257CAB-A7F6-40DB-BF31-5E044F8A486B
43193.7224986806,DeliverablesSetup,Computation / Recomputation,ProcessRecomputeState,,,,UIAutomatic,JobGuid=BAB72FE2-4A0F-48DE-AF7F-40E143E45972;State=UIS_RECOMPUTATION_STATE_IN_PROGRESS;Scope=JobScope;RecompPercentageComplete=;MultipleRunsAffected=False;ActiveRunAffected=True;ActiveRunInProgress=True;RunCount=1;Run0Change0=LastSurvey;Run0Guid=9C257CAB-A7F6-40DB-BF31-5E044F8A486B
43193.7225007755,DnMAcquisition,Computation / Recomputation,ProcessRecomputeState,,,,UIAutomatic,JobGuid=BAB72FE2-4A0F-48DE-AF7F-40E143E45972;State=UIS_RECOMPUTATION_STATE_STARTING;Scope=JobScope;RecompPercentageComplete=;MultipleRunsAffected=False;ActiveRunAffected=True;ActiveRunInProgress=True;RunCount=1;Run0Change0=LastSurvey;Run0Guid=9C257CAB-A7F6-40DB-BF31-5E044F8A486B
43193.7225007986,DnMAcquisition,Computation / Recomputation,ProcessRecomputeState,,,,UIAutomatic,JobGuid=BAB72FE2-4A0F-48DE-AF7F-40E143E45972;State=UIS_RECOMPUTATION_STATE_IN_PROGRESS;Scope=JobScope;RecompPercentageComplete=;MultipleRunsAffected=False;ActiveRunAffected=True;ActiveRunInProgress=True;RunCount=1;Run0Change0=LastSurvey;Run0Guid=9C257CAB-A7F6-40DB-BF31-5E044F8A486B
43193.722545081,DnMAcquisition,Data Acquiring - D&M,Survey Manager/Accept survey,Click,Button,Accept,UIInteraction,
43193.7226585995,DnMAcquisition,Data Acquiring - D&M,Survey Manager/Accept survey,Click,Button,Accept,UIInteraction,
43193.7227402662,DnMAcquisition,Data Acquiring - D&M,Survey Manager/Reject survey,Click,Button,Reject,UIInteraction,
43193.7230097222,DnMAcquisition,Data Acquiring - D&M,Survey Manager/Accept survey,Click,Button,Accept,UIInteraction,
43193.7230342593,Setup,Computation / Recomputation,ProcessRecomputeState,,,,UIAutomatic,JobGuid=BAB72FE2-4A0F-48DE-AF7F-40E143E45972;State=UIS_RECOMPUTATION_STATE_SUCCEEDED;Scope=JobScope;RecompPercentageComplete=;MultipleRunsAffected=False;ActiveRunAffected=True;ActiveRunInProgress=True;RunCount=1;Run0Change0=LastSurvey;Run0Guid=9C257CAB-A7F6-40DB-BF31-5E044F8A486B
43193.7230342708,DeliverablesSetup,Computation / Recomputation,ProcessRecomputeState,,,,UIAutomatic,JobGuid=BAB72FE2-4A0F-48DE-AF7F-40E143E45972;State=UIS_RECOMPUTATION_STATE_SUCCEEDED;Scope=JobScope;RecompPercentageComplete=;MultipleRunsAffected=False;ActiveRunAffected=True;ActiveRunInProgress=True;RunCount=1;Run0Change0=LastSurvey;Run0Guid=9C257CAB-A7F6-40DB-BF31-5E044F8A486B
43193.7230343634,DnMAcquisition,Computation / Recomputation,ProcessRecomputeState,,,,UIAutomatic,JobGuid=BAB72FE2-4A0F-48DE-AF7F-40E143E45972;State=UIS_RECOMPUTATION_STATE_SUCCEEDED;Scope=JobScope;RecompPercentageComplete=;MultipleRunsAffected=False;ActiveRunAffected=True;ActiveRunInProgress=True;RunCount=1;Run0Change0=LastSurvey;Run0Guid=9C257CAB-A7F6-40DB-BF31-5E044F8A486B
43193.7230344792,Setup,Computation / Recomputation,ProcessRecomputeState,,,,UIAutomatic,JobGuid=BAB72FE2-4A0F-48DE-AF7F-40E143E45972;State=UIS_RECOMPUTATION_STATE_STARTING;Scope=JobScope;RecompPercentageComplete=;MultipleRunsAffected=False;ActiveRunAffected=True;ActiveRunInProgress=True;RunCount=1;Run0Change0=LastSurvey;Run0Guid=9C257CAB-A7F6-40DB-BF31-5E044F8A486B
43193.7230344907,DeliverablesSetup,Computation / Recomputation,ProcessRecomputeState,,,,UIAutomatic,JobGuid=BAB72FE2-4A0F-48DE-AF7F-40E143E45972;State=UIS_RECOMPUTATION_STATE_STARTING;Scope=JobScope;RecompPercentageComplete=;MultipleRunsAffected=False;ActiveRunAffected=True;ActiveRunInProgress=True;RunCount=1;Run0Change0=LastSurvey;Run0Guid=9C257CAB-A7F6-40DB-BF31-5E044F8A486B
43193.723035544,DeliverablesSetup,Computation / Recomputation,ProcessRecomputeState,,,,UIAutomatic,JobGuid=BAB72FE2-4A0F-48DE-AF7F-40E143E45972;State=UIS_RECOMPUTATION_STATE_IN_PROGRESS;Scope=JobScope;RecompPercentageComplete=;MultipleRunsAffected=False;ActiveRunAffected=True;ActiveRunInProgress=True;RunCount=1;Run0Change0=LastSurvey;Run0Guid=9C257CAB-A7F6-40DB-BF31-5E044F8A486B
43193.723035544,Setup,Computation / Recomputation,ProcessRecomputeState,,,,UIAutomatic,JobGuid=BAB72FE2-4A0F-48DE-AF7F-40E143E45972;State=UIS_RECOMPUTATION_STATE_IN_PROGRESS;Scope=JobScope;RecompPercentageComplete=;MultipleRunsAffected=False;ActiveRunAffected=True;ActiveRunInProgress=True;RunCount=1;Run0Change0=LastSurvey;Run0Guid=9C257CAB-A7F6-40DB-BF31-5E044F8A486B
43193.7230371759,DnMAcquisition,Computation / Recomputation,ProcessRecomputeState,,,,UIAutomatic,JobGuid=BAB72FE2-4A0F-48DE-AF7F-40E143E45972;State=UIS_RECOMPUTATION_STATE_STARTING;Scope=JobScope;RecompPercentageComplete=;MultipleRunsAffected=False;ActiveRunAffected=True;ActiveRunInProgress=True;RunCount=1;Run0Change0=LastSurvey;Run0Guid=9C257CAB-A7F6-40DB-BF31-5E044F8A486B
43193.7230371991,DnMAcquisition,Computation / Recomputation,ProcessRecomputeState,,,,UIAutomatic,JobGuid=BAB72FE2-4A0F-48DE-AF7F-40E143E45972;State=UIS_RECOMPUTATION_STATE_IN_PROGRESS;Scope=JobScope;RecompPercentageComplete=;MultipleRunsAffected=False;ActiveRunAffected=True;ActiveRunInProgress=True;RunCount=1;Run0Change0=LastSurvey;Run0Guid=9C257CAB-A7F6-40DB-BF31-5E044F8A486B
43193.723599294,DeliverablesSetup,Computation / Recomputation,ProcessRecomputeState,,,,UIAutomatic,JobGuid=BAB72FE2-4A0F-48DE-AF7F-40E143E45972;State=UIS_RECOMPUTATION_STATE_SUCCEEDED;Scope=JobScope;RecompPercentageComplete=;MultipleRunsAffected=False;ActiveRunAffected=True;ActiveRunInProgress=True;RunCount=1;Run0Change0=LastSurvey;Run0Guid=9C257CAB-A7F6-40DB-BF31-5E044F8A486B
43193.7235995718,Setup,Computation / Recomputation,ProcessRecomputeState,,,,UIAutomatic,JobGuid=BAB72FE2-4A0F-48DE-AF7F-40E143E45972;State=UIS_RECOMPUTATION_STATE_SUCCEEDED;Scope=JobScope;RecompPercentageComplete=;MultipleRunsAffected=False;ActiveRunAffected=True;ActiveRunInProgress=True;RunCount=1;Run0Change0=LastSurvey;Run0Guid=9C257CAB-A7F6-40DB-BF31-5E044F8A486B
43193.7236007755,DnMAcquisition,Computation / Recomputation,ProcessRecomputeState,,,,UIAutomatic,JobGuid=BAB72FE2-4A0F-48DE-AF7F-40E143E45972;State=UIS_RECOMPUTATION_STATE_SUCCEEDED;Scope=JobScope;RecompPercentageComplete=;MultipleRunsAffected=False;ActiveRunAffected=True;ActiveRunInProgress=True;RunCount=1;Run0Change0=LastSurvey;Run0Guid=9C257CAB-A7F6-40DB-BF31-5E044F8A486B
43193.7239154167,DnMAcquisition,Data Acquiring - D&M,Survey Manager/Accept survey,Click,Button,Accept,UIInteraction,
43193.7239245255,DeliverablesSetup,Computation / Recomputation,ProcessRecomputeState,,,,UIAutomatic,JobGuid=BAB72FE2-4A0F-48DE-AF7F-40E143E45972;State=UIS_RECOMPUTATION_STATE_STARTING;Scope=JobScope;RecompPercentageComplete=;MultipleRunsAffected=False;ActiveRunAffected=True;ActiveRunInProgress=True;RunCount=1;Run0Change0=LastSurvey;Run0Guid=9C257CAB-A7F6-40DB-BF31-5E044F8A486B
43193.7239245255,Setup,Computation / Recomputation,ProcessRecomputeState,,,,UIAutomatic,JobGuid=BAB72FE2-4A0F-48DE-AF7F-40E143E45972;State=UIS_RECOMPUTATION_STATE_STARTING;Scope=JobScope;RecompPercentageComplete=;MultipleRunsAffected=False;ActiveRunAffected=True;ActiveRunInProgress=True;RunCount=1;Run0Change0=LastSurvey;Run0Guid=9C257CAB-A7F6-40DB-BF31-5E044F8A486B
43193.7239264699,DnMAcquisition,Computation / Recomputation,ProcessRecomputeState,,,,UIAutomatic,JobGuid=BAB72FE2-4A0F-48DE-AF7F-40E143E45972;State=UIS_RECOMPUTATION_STATE_STARTING;Scope=JobScope;RecompPercentageComplete=;MultipleRunsAffected=False;ActiveRunAffected=True;ActiveRunInProgress=True;RunCount=1;Run0Change0=LastSurvey;Run0Guid=9C257CAB-A7F6-40DB-BF31-5E044F8A486B
43193.7239275347,Setup,Computation / Recomputation,ProcessRecomputeState,,,,UIAutomatic,JobGuid=BAB72FE2-4A0F-48DE-AF7F-40E143E45972;State=UIS_RECOMPUTATION_STATE_IN_PROGRESS;Scope=JobScope;RecompPercentageComplete=;MultipleRunsAffected=False;ActiveRunAffected=True;ActiveRunInProgress=True;RunCount=1;Run0Change0=LastSurvey;Run0Guid=9C257CAB-A7F6-40DB-BF31-5E044F8A486B
43193.7239275347,DeliverablesSetup,Computation / Recomputation,ProcessRecomputeState,,,,UIAutomatic,JobGuid=BAB72FE2-4A0F-48DE-AF7F-40E143E45972;State=UIS_RECOMPUTATION_STATE_IN_PROGRESS;Scope=JobScope;RecompPercentageComplete=;MultipleRunsAffected=False;ActiveRunAffected=True;ActiveRunInProgress=True;RunCount=1;Run0Change0=LastSurvey;Run0Guid=9C257CAB-A7F6-40DB-BF31-5E044F8A486B
43193.7239275347,DnMAcquisition,Computation / Recomputation,ProcessRecomputeState,,,,UIAutomatic,JobGuid=BAB72FE2-4A0F-48DE-AF7F-40E143E45972;State=UIS_RECOMPUTATION_STATE_IN_PROGRESS;Scope=JobScope;RecompPercentageComplete=;MultipleRunsAffected=False;ActiveRunAffected=True;ActiveRunInProgress=True;RunCount=1;Run0Change0=LastSurvey;Run0Guid=9C257CAB-A7F6-40DB-BF31-5E044F8A486B
43193.7240800347,DeliverablesSetup,Computation / Recomputation,ProcessRecomputeState,,,,UIAutomatic,JobGuid=BAB72FE2-4A0F-48DE-AF7F-40E143E45972;State=UIS_RECOMPUTATION_STATE_SUCCEEDED;Scope=JobScope;RecompPercentageComplete=;MultipleRunsAffected=False;ActiveRunAffected=True;ActiveRunInProgress=True;RunCount=1;Run0Change0=LastSurvey;Run0Guid=9C257CAB-A7F6-40DB-BF31-5E044F8A486B
43193.7240800347,DnMAcquisition,Computation / Recomputation,ProcessRecomputeState,,,,UIAutomatic,JobGuid=BAB72FE2-4A0F-48DE-AF7F-40E143E45972;State=UIS_RECOMPUTATION_STATE_SUCCEEDED;Scope=JobScope;RecompPercentageComplete=;MultipleRunsAffected=False;ActiveRunAffected=True;ActiveRunInProgress=True;RunCount=1;Run0Change0=LastSurvey;Run0Guid=9C257CAB-A7F6-40DB-BF31-5E044F8A486B
43193.7240802894,Setup,Computation / Recomputation,ProcessRecomputeState,,,,UIAutomatic,JobGuid=BAB72FE2-4A0F-48DE-AF7F-40E143E45972;State=UIS_RECOMPUTATION_STATE_SUCCEEDED;Scope=JobScope;RecompPercentageComplete=;MultipleRunsAffected=False;ActiveRunAffected=True;ActiveRunInProgress=True;RunCount=1;Run0Change0=LastSurvey;Run0Guid=9C257CAB-A7F6-40DB-BF31-5E044F8A486B
43193.7241305208,DnMAcquisition,Data Acquiring - D&M,Survey Manager/Reject survey,Click,Button,Reject,UIInteraction,
43193.7244154398,DnMAcquisition,Data Acquiring - D&M,Survey Manager/Accept survey,Click,Button,Accept,UIInteraction,
43193.7244243866,Setup,Computation / Recomputation,ProcessRecomputeState,,,,UIAutomatic,JobGuid=BAB72FE2-4A0F-48DE-AF7F-40E143E45972;State=UIS_RECOMPUTATION_STATE_STARTING;Scope=JobScope;RecompPercentageComplete=;MultipleRunsAffected=False;ActiveRunAffected=True;ActiveRunInProgress=True;RunCount=1;Run0Change0=LastSurvey;Run0Guid=9C257CAB-A7F6-40DB-BF31-5E044F8A486B
43193.7244243866,DeliverablesSetup,Computation / Recomputation,ProcessRecomputeState,,,,UIAutomatic,JobGuid=BAB72FE2-4A0F-48DE-AF7F-40E143E45972;State=UIS_RECOMPUTATION_STATE_STARTING;Scope=JobScope;RecompPercentageComplete=;MultipleRunsAffected=False;ActiveRunAffected=True;ActiveRunInProgress=True;RunCount=1;Run0Change0=LastSurvey;Run0Guid=9C257CAB-A7F6-40DB-BF31-5E044F8A486B
43193.7244260069,DnMAcquisition,Computation / Recomputation,ProcessRecomputeState,,,,UIAutomatic,JobGuid=BAB72FE2-4A0F-48DE-AF7F-40E143E45972;State=UIS_RECOMPUTATION_STATE_STARTING;Scope=JobScope;RecompPercentageComplete=;MultipleRunsAffected=False;ActiveRunAffected=True;ActiveRunInProgress=True;RunCount=1;Run0Change0=LastSurvey;Run0Guid=9C257CAB-A7F6-40DB-BF31-5E044F8A486B
43193.7244275,DnMAcquisition,Computation / Recomputation,ProcessRecomputeState,,,,UIAutomatic,JobGuid=BAB72FE2-4A0F-48DE-AF7F-40E143E45972;State=UIS_RECOMPUTATION_STATE_IN_PROGRESS;Scope=JobScope;RecompPercentageComplete=;MultipleRunsAffected=False;ActiveRunAffected=True;ActiveRunInProgress=True;RunCount=1;Run0Change0=LastSurvey;Run0Guid=9C257CAB-A7F6-40DB-BF31-5E044F8A486B
43193.7244275579,Setup,Computation / Recomputation,ProcessRecomputeState,,,,UIAutomatic,JobGuid=BAB72FE2-4A0F-48DE-AF7F-40E143E45972;State=UIS_RECOMPUTATION_STATE_IN_PROGRESS;Scope=JobScope;RecompPercentageComplete=;MultipleRunsAffected=False;ActiveRunAffected=True;ActiveRunInProgress=True;RunCount=1;Run0Change0=LastSurvey;Run0Guid=9C257CAB-A7F6-40DB-BF31-5E044F8A486B
43193.7244275579,DeliverablesSetup,Computation / Recomputation,ProcessRecomputeState,,,,UIAutomatic,JobGuid=BAB72FE2-4A0F-48DE-AF7F-40E143E45972;State=UIS_RECOMPUTATION_STATE_IN_PROGRESS;Scope=JobScope;RecompPercentageComplete=;MultipleRunsAffected=False;ActiveRunAffected=True;ActiveRunInProgress=True;RunCount=1;Run0Change0=LastSurvey;Run0Guid=9C257CAB-A7F6-40DB-BF31-5E044F8A486B
43193.7245063079,DnMAcquisition,Data Acquiring - D&M,Survey Manager/Reject survey,Click,Button,Reject,UIInteraction,
43193.724560706,DeliverablesSetup,Computation / Recomputation,ProcessRecomputeState,,,,UIAutomatic,JobGuid=BAB72FE2-4A0F-48DE-AF7F-40E143E45972;State=UIS_RECOMPUTATION_STATE_SUCCEEDED;Scope=JobScope;RecompPercentageComplete=;MultipleRunsAffected=False;ActiveRunAffected=True;ActiveRunInProgress=True;RunCount=1;Run0Change0=LastSurvey;Run0Guid=9C257CAB-A7F6-40DB-BF31-5E044F8A486B
43193.7245608449,Setup,Computation / Recomputation,ProcessRecomputeState,,,,UIAutomatic,JobGuid=BAB72FE2-4A0F-48DE-AF7F-40E143E45972;State=UIS_RECOMPUTATION_STATE_SUCCEEDED;Scope=JobScope;RecompPercentageComplete=;MultipleRunsAffected=False;ActiveRunAffected=True;ActiveRunInProgress=True;RunCount=1;Run0Change0=LastSurvey;Run0Guid=9C257CAB-A7F6-40DB-BF31-5E044F8A486B
43193.724561875,DnMAcquisition,Computation / Recomputation,ProcessRecomputeState,,,,UIAutomatic,JobGuid=BAB72FE2-4A0F-48DE-AF7F-40E143E45972;State=UIS_RECOMPUTATION_STATE_SUCCEEDED;Scope=JobScope;RecompPercentageComplete=;MultipleRunsAffected=False;ActiveRunAffected=True;ActiveRunInProgress=True;RunCount=1;Run0Change0=LastSurvey;Run0Guid=9C257CAB-A7F6-40DB-BF31-5E044F8A486B
43193.7245955671,DnMAcquisition,Data Acquiring - D&M,Survey Manager/Accept survey,Click,Button,Accept,UIInteraction,
43193.7246038773,Setup,Computation / Recomputation,ProcessRecomputeState,,,,UIAutomatic,JobGuid=BAB72FE2-4A0F-48DE-AF7F-40E143E45972;State=UIS_RECOMPUTATION_STATE_PENDING;Scope=JobScope;RecompPercentageComplete=;MultipleRunsAffected=False;ActiveRunAffected=True;ActiveRunInProgress=True;RunCount=1;Run0Change0=Trajectory;Run0Guid=9C257CAB-A7F6-40DB-BF31-5E044F8A486B
43193.7246039468,DeliverablesSetup,Computation / Recomputation,ProcessRecomputeState,,,,UIAutomatic,JobGuid=BAB72FE2-4A0F-48DE-AF7F-40E143E45972;State=UIS_RECOMPUTATION_STATE_PENDING;Scope=JobScope;RecompPercentageComplete=;MultipleRunsAffected=False;ActiveRunAffected=True;ActiveRunInProgress=True;RunCount=1;Run0Change0=Trajectory;Run0Guid=9C257CAB-A7F6-40DB-BF31-5E044F8A486B
43193.7246082407,DnMAcquisition,Computation / Recomputation,ProcessRecomputeState,,,,UIAutomatic,JobGuid=BAB72FE2-4A0F-48DE-AF7F-40E143E45972;State=UIS_RECOMPUTATION_STATE_PENDING;Scope=JobScope;RecompPercentageComplete=;MultipleRunsAffected=False;ActiveRunAffected=True;ActiveRunInProgress=True;RunCount=1;Run0Change0=Trajectory;Run0Guid=9C257CAB-A7F6-40DB-BF31-5E044F8A486B
43193.725581956,DnMAcquisition,Data Acquiring - D&M,Survey Manager/Accept survey,Click,Button,Accept,UIInteraction,
43193.7255832292,Setup,Computation / Recomputation,ProcessRecomputeState,,,,UIAutomatic,JobGuid=BAB72FE2-4A0F-48DE-AF7F-40E143E45972;State=UIS_RECOMPUTATION_STATE_PENDING;Scope=JobScope;RecompPercentageComplete=;MultipleRunsAffected=False;ActiveRunAffected=True;ActiveRunInProgress=True;RunCount=1;Run0Change0=Trajectory;Run0Guid=9C257CAB-A7F6-40DB-BF31-5E044F8A486B
43193.7255832292,DeliverablesSetup,Computation / Recomputation,ProcessRecomputeState,,,,UIAutomatic,JobGuid=BAB72FE2-4A0F-48DE-AF7F-40E143E45972;State=UIS_RECOMPUTATION_STATE_PENDING;Scope=JobScope;RecompPercentageComplete=;MultipleRunsAffected=False;ActiveRunAffected=True;ActiveRunInProgress=True;RunCount=1;Run0Change0=Trajectory;Run0Guid=9C257CAB-A7F6-40DB-BF31-5E044F8A486B
43193.7255863426,DnMAcquisition,Computation / Recomputation,ProcessRecomputeState,,,,UIAutomatic,JobGuid=BAB72FE2-4A0F-48DE-AF7F-40E143E45972;State=UIS_RECOMPUTATION_STATE_PENDING;Scope=JobScope;RecompPercentageComplete=;MultipleRunsAffected=False;ActiveRunAffected=True;ActiveRunInProgress=True;RunCount=1;Run0Change0=Trajectory;Run0Guid=9C257CAB-A7F6-40DB-BF31-5E044F8A486B
43193.7269194329,DnMAcquisition,Data Acquiring - D&M,Survey Manager/Accept survey,Click,Button,Accept,UIInteraction,
43193.7269206597,Setup,Computation / Recomputation,ProcessRecomputeState,,,,UIAutomatic,JobGuid=BAB72FE2-4A0F-48DE-AF7F-40E143E45972;State=UIS_RECOMPUTATION_STATE_PENDING;Scope=JobScope;RecompPercentageComplete=;MultipleRunsAffected=False;ActiveRunAffected=True;ActiveRunInProgress=True;RunCount=1;Run0Change0=Trajectory;Run0Guid=9C257CAB-A7F6-40DB-BF31-5E044F8A486B
43193.7269206597,DeliverablesSetup,Computation / Recomputation,ProcessRecomputeState,,,,UIAutomatic,JobGuid=BAB72FE2-4A0F-48DE-AF7F-40E143E45972;State=UIS_RECOMPUTATION_STATE_PENDING;Scope=JobScope;RecompPercentageComplete=;MultipleRunsAffected=False;ActiveRunAffected=True;ActiveRunInProgress=True;RunCount=1;Run0Change0=Trajectory;Run0Guid=9C257CAB-A7F6-40DB-BF31-5E044F8A486B
43193.7269236458,DnMAcquisition,Computation / Recomputation,ProcessRecomputeState,,,,UIAutomatic,JobGuid=BAB72FE2-4A0F-48DE-AF7F-40E143E45972;State=UIS_RECOMPUTATION_STATE_PENDING;Scope=JobScope;RecompPercentageComplete=;MultipleRunsAffected=False;ActiveRunAffected=True;ActiveRunInProgress=True;RunCount=1;Run0Change0=Trajectory;Run0Guid=9C257CAB-A7F6-40DB-BF31-5E044F8A486B
43193.7278209954,DnMAcquisition,Data Acquiring - D&M,Survey Manager/Accept survey,Click,Button,Accept,UIInteraction,
43193.7278222106,DeliverablesSetup,Computation / Recomputation,ProcessRecomputeState,,,,UIAutomatic,JobGuid=BAB72FE2-4A0F-48DE-AF7F-40E143E45972;State=UIS_RECOMPUTATION_STATE_PENDING;Scope=JobScope;RecompPercentageComplete=;MultipleRunsAffected=False;ActiveRunAffected=True;ActiveRunInProgress=True;RunCount=1;Run0Change0=Trajectory;Run0Guid=9C257CAB-A7F6-40DB-BF31-5E044F8A486B
43193.7278252662,DnMAcquisition,Computation / Recomputation,ProcessRecomputeState,,,,UIAutomatic,JobGuid=BAB72FE2-4A0F-48DE-AF7F-40E143E45972;State=UIS_RECOMPUTATION_STATE_PENDING;Scope=JobScope;RecompPercentageComplete=;MultipleRunsAffected=False;ActiveRunAffected=True;ActiveRunInProgress=True;RunCount=1;Run0Change0=Trajectory;Run0Guid=9C257CAB-A7F6-40DB-BF31-5E044F8A486B
43193.7278222106,Setup,Computation / Recomputation,ProcessRecomputeState,,,,UIAutomatic,JobGuid=BAB72FE2-4A0F-48DE-AF7F-40E143E45972;State=UIS_RECOMPUTATION_STATE_PENDING;Scope=JobScope;RecompPercentageComplete=;MultipleRunsAffected=False;ActiveRunAffected=True;ActiveRunInProgress=True;RunCount=1;Run0Change0=Trajectory;Run0Guid=9C257CAB-A7F6-40DB-BF31-5E044F8A486B
43193.728936875,DnMAcquisition,Data Acquiring - D&M,Survey Manager/Accept survey,Click,Button,Accept,UIInteraction,
43193.728938044,Setup,Computation / Recomputation,ProcessRecomputeState,,,,UIAutomatic,JobGuid=BAB72FE2-4A0F-48DE-AF7F-40E143E45972;State=UIS_RECOMPUTATION_STATE_PENDING;Scope=JobScope;RecompPercentageComplete=;MultipleRunsAffected=False;ActiveRunAffected=True;ActiveRunInProgress=True;RunCount=1;Run0Change0=Trajectory;Run0Guid=9C257CAB-A7F6-40DB-BF31-5E044F8A486B
43193.7289380556,DeliverablesSetup,Computation / Recomputation,ProcessRecomputeState,,,,UIAutomatic,JobGuid=BAB72FE2-4A0F-48DE-AF7F-40E143E45972;State=UIS_RECOMPUTATION_STATE_PENDING;Scope=JobScope;RecompPercentageComplete=;MultipleRunsAffected=False;ActiveRunAffected=True;ActiveRunInProgress=True;RunCount=1;Run0Change0=Trajectory;Run0Guid=9C257CAB-A7F6-40DB-BF31-5E044F8A486B
43193.7289412616,DnMAcquisition,Computation / Recomputation,ProcessRecomputeState,,,,UIAutomatic,JobGuid=BAB72FE2-4A0F-48DE-AF7F-40E143E45972;State=UIS_RECOMPUTATION_STATE_PENDING;Scope=JobScope;RecompPercentageComplete=;MultipleRunsAffected=False;ActiveRunAffected=True;ActiveRunInProgress=True;RunCount=1;Run0Change0=Trajectory;Run0Guid=9C257CAB-A7F6-40DB-BF31-5E044F8A486B
43193.7295960764,DnMAcquisition,Data Acquiring - D&M,Survey Manager/Accept survey,Click,Button,Accept,UIInteraction,
43193.7295978356,DeliverablesSetup,Computation / Recomputation,ProcessRecomputeState,,,,UIAutomatic,JobGuid=BAB72FE2-4A0F-48DE-AF7F-40E143E45972;State=UIS_RECOMPUTATION_STATE_PENDING;Scope=JobScope;RecompPercentageComplete=;MultipleRunsAffected=False;ActiveRunAffected=True;ActiveRunInProgress=True;RunCount=1;Run0Change0=Trajectory;Run0Guid=9C257CAB-A7F6-40DB-BF31-5E044F8A486B
43193.7295978356,Setup,Computation / Recomputation,ProcessRecomputeState,,,,UIAutomatic,JobGuid=BAB72FE2-4A0F-48DE-AF7F-40E143E45972;State=UIS_RECOMPUTATION_STATE_PENDING;Scope=JobScope;RecompPercentageComplete=;MultipleRunsAffected=False;ActiveRunAffected=True;ActiveRunInProgress=True;RunCount=1;Run0Change0=Trajectory;Run0Guid=9C257CAB-A7F6-40DB-BF31-5E044F8A486B
43193.7296008449,DnMAcquisition,Computation / Recomputation,ProcessRecomputeState,,,,UIAutomatic,JobGuid=BAB72FE2-4A0F-48DE-AF7F-40E143E45972;State=UIS_RECOMPUTATION_STATE_PENDING;Scope=JobScope;RecompPercentageComplete=;MultipleRunsAffected=False;ActiveRunAffected=True;ActiveRunInProgress=True;RunCount=1;Run0Change0=Trajectory;Run0Guid=9C257CAB-A7F6-40DB-BF31-5E044F8A486B
43193.7305354977,DnMAcquisition,Data Acquiring - D&M,Survey Manager/Accept survey,Click,Button,Accept,UIInteraction,
43193.7305366782,DeliverablesSetup,Computation / Recomputation,ProcessRecomputeState,,,,UIAutomatic,JobGuid=BAB72FE2-4A0F-48DE-AF7F-40E143E45972;State=UIS_RECOMPUTATION_STATE_PENDING;Scope=JobScope;RecompPercentageComplete=;MultipleRunsAffected=False;ActiveRunAffected=True;ActiveRunInProgress=True;RunCount=1;Run0Change0=Trajectory;Run0Guid=9C257CAB-A7F6-40DB-BF31-5E044F8A486B
43193.7305366782,Setup,Computation / Recomputation,ProcessRecomputeState,,,,UIAutomatic,JobGuid=BAB72FE2-4A0F-48DE-AF7F-40E143E45972;State=UIS_RECOMPUTATION_STATE_PENDING;Scope=JobScope;RecompPercentageComplete=;MultipleRunsAffected=False;ActiveRunAffected=True;ActiveRunInProgress=True;RunCount=1;Run0Change0=Trajectory;Run0Guid=9C257CAB-A7F6-40DB-BF31-5E044F8A486B
43193.7305396296,DnMAcquisition,Computation / Recomputation,ProcessRecomputeState,,,,UIAutomatic,JobGuid=BAB72FE2-4A0F-48DE-AF7F-40E143E45972;State=UIS_RECOMPUTATION_STATE_PENDING;Scope=JobScope;RecompPercentageComplete=;MultipleRunsAffected=False;ActiveRunAffected=True;ActiveRunInProgress=True;RunCount=1;Run0Change0=Trajectory;Run0Guid=9C257CAB-A7F6-40DB-BF31-5E044F8A486B
43193.7311474306,DeliverablesSetup,Computation / Recomputation,ProcessRecomputeState,,,,UIAutomatic,JobGuid=BAB72FE2-4A0F-48DE-AF7F-40E143E45972;State=UIS_RECOMPUTATION_STATE_PENDING;Scope=JobScope;RecompPercentageComplete=;MultipleRunsAffected=False;ActiveRunAffected=True;ActiveRunInProgress=True;RunCount=1;Run0Change0=Trajectory;Run0Guid=9C257CAB-A7F6-40DB-BF31-5E044F8A486B
43193.7311463079,DnMAcquisition,Data Acquiring - D&M,Survey Manager/Accept survey,Click,Button,Accept,UIInteraction,
43193.7311474421,Setup,Computation / Recomputation,ProcessRecomputeState,,,,UIAutomatic,JobGuid=BAB72FE2-4A0F-48DE-AF7F-40E143E45972;State=UIS_RECOMPUTATION_STATE_PENDING;Scope=JobScope;RecompPercentageComplete=;MultipleRunsAffected=False;ActiveRunAffected=True;ActiveRunInProgress=True;RunCount=1;Run0Change0=Trajectory;Run0Guid=9C257CAB-A7F6-40DB-BF31-5E044F8A486B
43193.7311504167,DnMAcquisition,Computation / Recomputation,ProcessRecomputeState,,,,UIAutomatic,JobGuid=BAB72FE2-4A0F-48DE-AF7F-40E143E45972;State=UIS_RECOMPUTATION_STATE_PENDING;Scope=JobScope;RecompPercentageComplete=;MultipleRunsAffected=False;ActiveRunAffected=True;ActiveRunInProgress=True;RunCount=1;Run0Change0=Trajectory;Run0Guid=9C257CAB-A7F6-40DB-BF31-5E044F8A486B
43193.7317626042,DnMAcquisition,Data Acquiring - D&M,Survey Manager/Accept survey,Click,Button,Accept,UIInteraction,
43193.7317637153,Setup,Computation / Recomputation,ProcessRecomputeState,,,,UIAutomatic,JobGuid=BAB72FE2-4A0F-48DE-AF7F-40E143E45972;State=UIS_RECOMPUTATION_STATE_PENDING;Scope=JobScope;RecompPercentageComplete=;MultipleRunsAffected=False;ActiveRunAffected=True;ActiveRunInProgress=True;RunCount=1;Run0Change0=Trajectory;Run0Guid=9C257CAB-A7F6-40DB-BF31-5E044F8A486B
43193.7317637153,DeliverablesSetup,Computation / Recomputation,ProcessRecomputeState,,,,UIAutomatic,JobGuid=BAB72FE2-4A0F-48DE-AF7F-40E143E45972;State=UIS_RECOMPUTATION_STATE_PENDING;Scope=JobScope;RecompPercentageComplete=;MultipleRunsAffected=False;ActiveRunAffected=True;ActiveRunInProgress=True;RunCount=1;Run0Change0=Trajectory;Run0Guid=9C257CAB-A7F6-40DB-BF31-5E044F8A486B
43193.7317667824,DnMAcquisition,Computation / Recomputation,ProcessRecomputeState,,,,UIAutomatic,JobGuid=BAB72FE2-4A0F-48DE-AF7F-40E143E45972;State=UIS_RECOMPUTATION_STATE_PENDING;Scope=JobScope;RecompPercentageComplete=;MultipleRunsAffected=False;ActiveRunAffected=True;ActiveRunInProgress=True;RunCount=1;Run0Change0=Trajectory;Run0Guid=9C257CAB-A7F6-40DB-BF31-5E044F8A486B
43193.7325035301,DnMAcquisition,Data Acquiring - D&M,Survey Manager/Accept survey,Click,Button,Accept,UIInteraction,
43193.7325048611,DeliverablesSetup,Computation / Recomputation,ProcessRecomputeState,,,,UIAutomatic,JobGuid=BAB72FE2-4A0F-48DE-AF7F-40E143E45972;State=UIS_RECOMPUTATION_STATE_PENDING;Scope=JobScope;RecompPercentageComplete=;MultipleRunsAffected=False;ActiveRunAffected=True;ActiveRunInProgress=True;RunCount=1;Run0Change0=Trajectory;Run0Guid=9C257CAB-A7F6-40DB-BF31-5E044F8A486B
43193.7325048611,Setup,Computation / Recomputation,ProcessRecomputeState,,,,UIAutomatic,JobGuid=BAB72FE2-4A0F-48DE-AF7F-40E143E45972;State=UIS_RECOMPUTATION_STATE_PENDING;Scope=JobScope;RecompPercentageComplete=;MultipleRunsAffected=False;ActiveRunAffected=True;ActiveRunInProgress=True;RunCount=1;Run0Change0=Trajectory;Run0Guid=9C257CAB-A7F6-40DB-BF31-5E044F8A486B
43193.7325077199,DnMAcquisition,Computation / Recomputation,ProcessRecomputeState,,,,UIAutomatic,JobGuid=BAB72FE2-4A0F-48DE-AF7F-40E143E45972;State=UIS_RECOMPUTATION_STATE_PENDING;Scope=JobScope;RecompPercentageComplete=;MultipleRunsAffected=False;ActiveRunAffected=True;ActiveRunInProgress=True;RunCount=1;Run0Change0=Trajectory;Run0Guid=9C257CAB-A7F6-40DB-BF31-5E044F8A486B
43193.7325827083,DnMAcquisition,Data Acquiring - D&M,Survey Manager/Reject survey,Click,Button,Reject,UIInteraction,
43193.7336832986,DnMAcquisition,Data Acquiring - D&M,Survey Manager/Accept survey,Click,Button,Accept,UIInteraction,
43193.7336844792,DeliverablesSetup,Computation / Recomputation,ProcessRecomputeState,,,,UIAutomatic,JobGuid=BAB72FE2-4A0F-48DE-AF7F-40E143E45972;State=UIS_RECOMPUTATION_STATE_PENDING;Scope=JobScope;RecompPercentageComplete=;MultipleRunsAffected=False;ActiveRunAffected=True;ActiveRunInProgress=True;RunCount=1;Run0Change0=Trajectory;Run0Guid=9C257CAB-A7F6-40DB-BF31-5E044F8A486B
43193.7336844792,Setup,Computation / Recomputation,ProcessRecomputeState,,,,UIAutomatic,JobGuid=BAB72FE2-4A0F-48DE-AF7F-40E143E45972;State=UIS_RECOMPUTATION_STATE_PENDING;Scope=JobScope;RecompPercentageComplete=;MultipleRunsAffected=False;ActiveRunAffected=True;ActiveRunInProgress=True;RunCount=1;Run0Change0=Trajectory;Run0Guid=9C257CAB-A7F6-40DB-BF31-5E044F8A486B
43193.7336875,DnMAcquisition,Computation / Recomputation,ProcessRecomputeState,,,,UIAutomatic,JobGuid=BAB72FE2-4A0F-48DE-AF7F-40E143E45972;State=UIS_RECOMPUTATION_STATE_PENDING;Scope=JobScope;RecompPercentageComplete=;MultipleRunsAffected=False;ActiveRunAffected=True;ActiveRunInProgress=True;RunCount=1;Run0Change0=Trajectory;Run0Guid=9C257CAB-A7F6-40DB-BF31-5E044F8A486B
43193.7348234144,DnMAcquisition,Data Acquiring - D&M,Survey Manager/Accept survey,Click,Button,Accept,UIInteraction,
43193.7348246759,Setup,Computation / Recomputation,ProcessRecomputeState,,,,UIAutomatic,JobGuid=BAB72FE2-4A0F-48DE-AF7F-40E143E45972;State=UIS_RECOMPUTATION_STATE_PENDING;Scope=JobScope;RecompPercentageComplete=;MultipleRunsAffected=False;ActiveRunAffected=True;ActiveRunInProgress=True;RunCount=1;Run0Change0=Trajectory;Run0Guid=9C257CAB-A7F6-40DB-BF31-5E044F8A486B
43193.7348246759,DeliverablesSetup,Computation / Recomputation,ProcessRecomputeState,,,,UIAutomatic,JobGuid=BAB72FE2-4A0F-48DE-AF7F-40E143E45972;State=UIS_RECOMPUTATION_STATE_PENDING;Scope=JobScope;RecompPercentageComplete=;MultipleRunsAffected=False;ActiveRunAffected=True;ActiveRunInProgress=True;RunCount=1;Run0Change0=Trajectory;Run0Guid=9C257CAB-A7F6-40DB-BF31-5E044F8A486B
43193.7348279051,DnMAcquisition,Computation / Recomputation,ProcessRecomputeState,,,,UIAutomatic,JobGuid=BAB72FE2-4A0F-48DE-AF7F-40E143E45972;State=UIS_RECOMPUTATION_STATE_PENDING;Scope=JobScope;RecompPercentageComplete=;MultipleRunsAffected=False;ActiveRunAffected=True;ActiveRunInProgress=True;RunCount=1;Run0Change0=Trajectory;Run0Guid=9C257CAB-A7F6-40DB-BF31-5E044F8A486B
43193.7351532986,DnMAcquisition,Data Acquiring - D&M,Survey Manager/Accept survey,Click,Button,Accept,UIInteraction,
43193.735154456,Setup,Computation / Recomputation,ProcessRecomputeState,,,,UIAutomatic,JobGuid=BAB72FE2-4A0F-48DE-AF7F-40E143E45972;State=UIS_RECOMPUTATION_STATE_PENDING;Scope=JobScope;RecompPercentageComplete=;MultipleRunsAffected=False;ActiveRunAffected=True;ActiveRunInProgress=True;RunCount=1;Run0Change0=Trajectory;Run0Guid=9C257CAB-A7F6-40DB-BF31-5E044F8A486B
43193.735154456,DeliverablesSetup,Computation / Recomputation,ProcessRecomputeState,,,,UIAutomatic,JobGuid=BAB72FE2-4A0F-48DE-AF7F-40E143E45972;State=UIS_RECOMPUTATION_STATE_PENDING;Scope=JobScope;RecompPercentageComplete=;MultipleRunsAffected=False;ActiveRunAffected=True;ActiveRunInProgress=True;RunCount=1;Run0Change0=Trajectory;Run0Guid=9C257CAB-A7F6-40DB-BF31-5E044F8A486B
43193.7351574769,DnMAcquisition,Computation / Recomputation,ProcessRecomputeState,,,,UIAutomatic,JobGuid=BAB72FE2-4A0F-48DE-AF7F-40E143E45972;State=UIS_RECOMPUTATION_STATE_PENDING;Scope=JobScope;RecompPercentageComplete=;MultipleRunsAffected=False;ActiveRunAffected=True;ActiveRunInProgress=True;RunCount=1;Run0Change0=Trajectory;Run0Guid=9C257CAB-A7F6-40DB-BF31-5E044F8A486B
43193.7357354745,DnMAcquisition,Data Acquiring - D&M,Survey Manager/Accept survey,Click,Button,Accept,UIInteraction,
43193.7357366435,Setup,Computation / Recomputation,ProcessRecomputeState,,,,UIAutomatic,JobGuid=BAB72FE2-4A0F-48DE-AF7F-40E143E45972;State=UIS_RECOMPUTATION_STATE_PENDING;Scope=JobScope;RecompPercentageComplete=;MultipleRunsAffected=False;ActiveRunAffected=True;ActiveRunInProgress=True;RunCount=1;Run0Change0=Trajectory;Run0Guid=9C257CAB-A7F6-40DB-BF31-5E044F8A486B
43193.7357367477,DeliverablesSetup,Computation / Recomputation,ProcessRecomputeState,,,,UIAutomatic,JobGuid=BAB72FE2-4A0F-48DE-AF7F-40E143E45972;State=UIS_RECOMPUTATION_STATE_PENDING;Scope=JobScope;RecompPercentageComplete=;MultipleRunsAffected=False;ActiveRunAffected=True;ActiveRunInProgress=True;RunCount=1;Run0Change0=Trajectory;Run0Guid=9C257CAB-A7F6-40DB-BF31-5E044F8A486B
43193.7357397106,DnMAcquisition,Computation / Recomputation,ProcessRecomputeState,,,,UIAutomatic,JobGuid=BAB72FE2-4A0F-48DE-AF7F-40E143E45972;State=UIS_RECOMPUTATION_STATE_PENDING;Scope=JobScope;RecompPercentageComplete=;MultipleRunsAffected=False;ActiveRunAffected=True;ActiveRunInProgress=True;RunCount=1;Run0Change0=Trajectory;Run0Guid=9C257CAB-A7F6-40DB-BF31-5E044F8A486B
43193.736527662,DnMAcquisition,Data Acquiring - D&M,Survey Manager/Accept survey,Click,Button,Accept,UIInteraction,
43193.736528912,Setup,Computation / Recomputation,ProcessRecomputeState,,,,UIAutomatic,JobGuid=BAB72FE2-4A0F-48DE-AF7F-40E143E45972;State=UIS_RECOMPUTATION_STATE_PENDING;Scope=JobScope;RecompPercentageComplete=;MultipleRunsAffected=False;ActiveRunAffected=True;ActiveRunInProgress=True;RunCount=1;Run0Change0=Trajectory;Run0Guid=9C257CAB-A7F6-40DB-BF31-5E044F8A486B
43193.736528912,DeliverablesSetup,Computation / Recomputation,ProcessRecomputeState,,,,UIAutomatic,JobGuid=BAB72FE2-4A0F-48DE-AF7F-40E143E45972;State=UIS_RECOMPUTATION_STATE_PENDING;Scope=JobScope;RecompPercentageComplete=;MultipleRunsAffected=False;ActiveRunAffected=True;ActiveRunInProgress=True;RunCount=1;Run0Change0=Trajectory;Run0Guid=9C257CAB-A7F6-40DB-BF31-5E044F8A486B
43193.7365321181,DnMAcquisition,Computation / Recomputation,ProcessRecomputeState,,,,UIAutomatic,JobGuid=BAB72FE2-4A0F-48DE-AF7F-40E143E45972;State=UIS_RECOMPUTATION_STATE_PENDING;Scope=JobScope;RecompPercentageComplete=;MultipleRunsAffected=False;ActiveRunAffected=True;ActiveRunInProgress=True;RunCount=1;Run0Change0=Trajectory;Run0Guid=9C257CAB-A7F6-40DB-BF31-5E044F8A486B
43193.7373099769,Setup,Computation / Recomputation,ProcessRecomputeState,,,,UIAutomatic,JobGuid=BAB72FE2-4A0F-48DE-AF7F-40E143E45972;State=UIS_RECOMPUTATION_STATE_PENDING;Scope=JobScope;RecompPercentageComplete=;MultipleRunsAffected=False;ActiveRunAffected=True;ActiveRunInProgress=True;RunCount=1;Run0Change0=Trajectory;Run0Guid=9C257CAB-A7F6-40DB-BF31-5E044F8A486B
43193.7373099769,DeliverablesSetup,Computation / Recomputation,ProcessRecomputeState,,,,UIAutomatic,JobGuid=BAB72FE2-4A0F-48DE-AF7F-40E143E45972;State=UIS_RECOMPUTATION_STATE_PENDING;Scope=JobScope;RecompPercentageComplete=;MultipleRunsAffected=False;ActiveRunAffected=True;ActiveRunInProgress=True;RunCount=1;Run0Change0=Trajectory;Run0Guid=9C257CAB-A7F6-40DB-BF31-5E044F8A486B
43193.7373129514,DnMAcquisition,Computation / Recomputation,ProcessRecomputeState,,,,UIAutomatic,JobGuid=BAB72FE2-4A0F-48DE-AF7F-40E143E45972;State=UIS_RECOMPUTATION_STATE_PENDING;Scope=JobScope;RecompPercentageComplete=;MultipleRunsAffected=False;ActiveRunAffected=True;ActiveRunInProgress=True;RunCount=1;Run0Change0=Trajectory;Run0Guid=9C257CAB-A7F6-40DB-BF31-5E044F8A486B
43193.7373087384,DnMAcquisition,Data Acquiring - D&M,Survey Manager/Accept survey,Click,Button,Accept,UIInteraction,
43193.7383651273,DnMAcquisition,Data Acquiring - D&M,Survey Manager/Accept survey,Click,Button,Accept,UIInteraction,
43193.7383664583,Setup,Computation / Recomputation,ProcessRecomputeState,,,,UIAutomatic,JobGuid=BAB72FE2-4A0F-48DE-AF7F-40E143E45972;State=UIS_RECOMPUTATION_STATE_PENDING;Scope=JobScope;RecompPercentageComplete=;MultipleRunsAffected=False;ActiveRunAffected=True;ActiveRunInProgress=True;RunCount=1;Run0Change0=Trajectory;Run0Guid=9C257CAB-A7F6-40DB-BF31-5E044F8A486B
43193.7383664931,DeliverablesSetup,Computation / Recomputation,ProcessRecomputeState,,,,UIAutomatic,JobGuid=BAB72FE2-4A0F-48DE-AF7F-40E143E45972;State=UIS_RECOMPUTATION_STATE_PENDING;Scope=JobScope;RecompPercentageComplete=;MultipleRunsAffected=False;ActiveRunAffected=True;ActiveRunInProgress=True;RunCount=1;Run0Change0=Trajectory;Run0Guid=9C257CAB-A7F6-40DB-BF31-5E044F8A486B
43193.7383708218,DnMAcquisition,Computation / Recomputation,ProcessRecomputeState,,,,UIAutomatic,JobGuid=BAB72FE2-4A0F-48DE-AF7F-40E143E45972;State=UIS_RECOMPUTATION_STATE_PENDING;Scope=JobScope;RecompPercentageComplete=;MultipleRunsAffected=False;ActiveRunAffected=True;ActiveRunInProgress=True;RunCount=1;Run0Change0=Trajectory;Run0Guid=9C257CAB-A7F6-40DB-BF31-5E044F8A486B
43193.7390862269,DnMAcquisition,Data Acquiring - D&M,Survey Manager/Accept survey,Click,Button,Accept,UIInteraction,
43193.7390874074,Setup,Computation / Recomputation,ProcessRecomputeState,,,,UIAutomatic,JobGuid=BAB72FE2-4A0F-48DE-AF7F-40E143E45972;State=UIS_RECOMPUTATION_STATE_PENDING;Scope=JobScope;RecompPercentageComplete=;MultipleRunsAffected=False;ActiveRunAffected=True;ActiveRunInProgress=True;RunCount=1;Run0Change0=Trajectory;Run0Guid=9C257CAB-A7F6-40DB-BF31-5E044F8A486B
43193.7390874074,DeliverablesSetup,Computation / Recomputation,ProcessRecomputeState,,,,UIAutomatic,JobGuid=BAB72FE2-4A0F-48DE-AF7F-40E143E45972;State=UIS_RECOMPUTATION_STATE_PENDING;Scope=JobScope;RecompPercentageComplete=;MultipleRunsAffected=False;ActiveRunAffected=True;ActiveRunInProgress=True;RunCount=1;Run0Change0=Trajectory;Run0Guid=9C257CAB-A7F6-40DB-BF31-5E044F8A486B
43193.7390904398,DnMAcquisition,Computation / Recomputation,ProcessRecomputeState,,,,UIAutomatic,JobGuid=BAB72FE2-4A0F-48DE-AF7F-40E143E45972;State=UIS_RECOMPUTATION_STATE_PENDING;Scope=JobScope;RecompPercentageComplete=;MultipleRunsAffected=False;ActiveRunAffected=True;ActiveRunInProgress=True;RunCount=1;Run0Change0=Trajectory;Run0Guid=9C257CAB-A7F6-40DB-BF31-5E044F8A486B
43193.739741169,DnMAcquisition,Data Acquiring - D&M,Survey Manager/Accept survey,Click,Button,Accept,UIInteraction,
43193.7397426389,DeliverablesSetup,Computation / Recomputation,ProcessRecomputeState,,,,UIAutomatic,JobGuid=BAB72FE2-4A0F-48DE-AF7F-40E143E45972;State=UIS_RECOMPUTATION_STATE_PENDING;Scope=JobScope;RecompPercentageComplete=;MultipleRunsAffected=False;ActiveRunAffected=True;ActiveRunInProgress=True;RunCount=1;Run0Change0=Trajectory;Run0Guid=9C257CAB-A7F6-40DB-BF31-5E044F8A486B
43193.7397427315,Setup,Computation / Recomputation,ProcessRecomputeState,,,,UIAutomatic,JobGuid=BAB72FE2-4A0F-48DE-AF7F-40E143E45972;State=UIS_RECOMPUTATION_STATE_PENDING;Scope=JobScope;RecompPercentageComplete=;MultipleRunsAffected=False;ActiveRunAffected=True;ActiveRunInProgress=True;RunCount=1;Run0Change0=Trajectory;Run0Guid=9C257CAB-A7F6-40DB-BF31-5E044F8A486B
43193.7397457986,DnMAcquisition,Computation / Recomputation,ProcessRecomputeState,,,,UIAutomatic,JobGuid=BAB72FE2-4A0F-48DE-AF7F-40E143E45972;State=UIS_RECOMPUTATION_STATE_PENDING;Scope=JobScope;RecompPercentageComplete=;MultipleRunsAffected=False;ActiveRunAffected=True;ActiveRunInProgress=True;RunCount=1;Run0Change0=Trajectory;Run0Guid=9C257CAB-A7F6-40DB-BF31-5E044F8A486B
43193.7403479977,DnMAcquisition,Data Acquiring - D&M,Survey Manager/Accept survey,Click,Button,Accept,UIInteraction,
43193.7403492477,Setup,Computation / Recomputation,ProcessRecomputeState,,,,UIAutomatic,JobGuid=BAB72FE2-4A0F-48DE-AF7F-40E143E45972;State=UIS_RECOMPUTATION_STATE_PENDING;Scope=JobScope;RecompPercentageComplete=;MultipleRunsAffected=False;ActiveRunAffected=True;ActiveRunInProgress=True;RunCount=1;Run0Change0=Trajectory;Run0Guid=9C257CAB-A7F6-40DB-BF31-5E044F8A486B
43193.7403492477,DeliverablesSetup,Computation / Recomputation,ProcessRecomputeState,,,,UIAutomatic,JobGuid=BAB72FE2-4A0F-48DE-AF7F-40E143E45972;State=UIS_RECOMPUTATION_STATE_PENDING;Scope=JobScope;RecompPercentageComplete=;MultipleRunsAffected=False;ActiveRunAffected=True;ActiveRunInProgress=True;RunCount=1;Run0Change0=Trajectory;Run0Guid=9C257CAB-A7F6-40DB-BF31-5E044F8A486B
43193.7403525463,DnMAcquisition,Computation / Recomputation,ProcessRecomputeState,,,,UIAutomatic,JobGuid=BAB72FE2-4A0F-48DE-AF7F-40E143E45972;State=UIS_RECOMPUTATION_STATE_PENDING;Scope=JobScope;RecompPercentageComplete=;MultipleRunsAffected=False;ActiveRunAffected=True;ActiveRunInProgress=True;RunCount=1;Run0Change0=Trajectory;Run0Guid=9C257CAB-A7F6-40DB-BF31-5E044F8A486B
43193.7406332407,Setup,Computation / Recomputation,ProcessRecomputeState,,,,UIAutomatic,JobGuid=BAB72FE2-4A0F-48DE-AF7F-40E143E45972;State=UIS_RECOMPUTATION_STATE_PENDING;Scope=JobScope;RecompPercentageComplete=;MultipleRunsAffected=False;ActiveRunAffected=True;ActiveRunInProgress=True;RunCount=1;Run0Change0=Trajectory;Run0Guid=9C257CAB-A7F6-40DB-BF31-5E044F8A486B
43193.7406332523,DeliverablesSetup,Computation / Recomputation,ProcessRecomputeState,,,,UIAutomatic,JobGuid=BAB72FE2-4A0F-48DE-AF7F-40E143E45972;State=UIS_RECOMPUTATION_STATE_PENDING;Scope=JobScope;RecompPercentageComplete=;MultipleRunsAffected=False;ActiveRunAffected=True;ActiveRunInProgress=True;RunCount=1;Run0Change0=Trajectory;Run0Guid=9C257CAB-A7F6-40DB-BF31-5E044F8A486B
43193.7406366667,DnMAcquisition,Computation / Recomputation,ProcessRecomputeState,,,,UIAutomatic,JobGuid=BAB72FE2-4A0F-48DE-AF7F-40E143E45972;State=UIS_RECOMPUTATION_STATE_PENDING;Scope=JobScope;RecompPercentageComplete=;MultipleRunsAffected=False;ActiveRunAffected=True;ActiveRunInProgress=True;RunCount=1;Run0Change0=Trajectory;Run0Guid=9C257CAB-A7F6-40DB-BF31-5E044F8A486B
43193.7406316319,DnMAcquisition,Data Acquiring - D&M,Survey Manager/Accept survey,Click,Button,Accept,UIInteraction,
43193.7409560648,DnMAcquisition,Data Acquiring - D&M,Survey Manager/Reject survey,Click,Button,Reject,UIInteraction,
43193.7423071412,DnMAcquisition,Data Acquiring - D&M,Survey Manager/Accept survey,Click,Button,Accept,UIInteraction,
43193.7423084954,Setup,Computation / Recomputation,ProcessRecomputeState,,,,UIAutomatic,JobGuid=BAB72FE2-4A0F-48DE-AF7F-40E143E45972;State=UIS_RECOMPUTATION_STATE_PENDING;Scope=JobScope;RecompPercentageComplete=;MultipleRunsAffected=False;ActiveRunAffected=True;ActiveRunInProgress=True;RunCount=1;Run0Change0=Trajectory;Run0Guid=9C257CAB-A7F6-40DB-BF31-5E044F8A486B
43193.7423084954,DeliverablesSetup,Computation / Recomputation,ProcessRecomputeState,,,,UIAutomatic,JobGuid=BAB72FE2-4A0F-48DE-AF7F-40E143E45972;State=UIS_RECOMPUTATION_STATE_PENDING;Scope=JobScope;RecompPercentageComplete=;MultipleRunsAffected=False;ActiveRunAffected=True;ActiveRunInProgress=True;RunCount=1;Run0Change0=Trajectory;Run0Guid=9C257CAB-A7F6-40DB-BF31-5E044F8A486B
43193.7423159144,DnMAcquisition,Computation / Recomputation,ProcessRecomputeState,,,,UIAutomatic,JobGuid=BAB72FE2-4A0F-48DE-AF7F-40E143E45972;State=UIS_RECOMPUTATION_STATE_PENDING;Scope=JobScope;RecompPercentageComplete=;MultipleRunsAffected=False;ActiveRunAffected=True;ActiveRunInProgress=True;RunCount=1;Run0Change0=Trajectory;Run0Guid=9C257CAB-A7F6-40DB-BF31-5E044F8A486B
43193.7427401042,DnMAcquisition,Data Acquiring - D&M,Survey Manager/Accept survey,Click,Button,Accept,UIInteraction,
43193.7427414815,Setup,Computation / Recomputation,ProcessRecomputeState,,,,UIAutomatic,JobGuid=BAB72FE2-4A0F-48DE-AF7F-40E143E45972;State=UIS_RECOMPUTATION_STATE_PENDING;Scope=JobScope;RecompPercentageComplete=;MultipleRunsAffected=False;ActiveRunAffected=True;ActiveRunInProgress=True;RunCount=1;Run0Change0=Trajectory;Run0Guid=9C257CAB-A7F6-40DB-BF31-5E044F8A486B
43193.7427469792,DnMAcquisition,Computation / Recomputation,ProcessRecomputeState,,,,UIAutomatic,JobGuid=BAB72FE2-4A0F-48DE-AF7F-40E143E45972;State=UIS_RECOMPUTATION_STATE_PENDING;Scope=JobScope;RecompPercentageComplete=;MultipleRunsAffected=False;ActiveRunAffected=True;ActiveRunInProgress=True;RunCount=1;Run0Change0=Trajectory;Run0Guid=9C257CAB-A7F6-40DB-BF31-5E044F8A486B
43193.7427415046,DeliverablesSetup,Computation / Recomputation,ProcessRecomputeState,,,,UIAutomatic,JobGuid=BAB72FE2-4A0F-48DE-AF7F-40E143E45972;State=UIS_RECOMPUTATION_STATE_PENDING;Scope=JobScope;RecompPercentageComplete=;MultipleRunsAffected=False;ActiveRunAffected=True;ActiveRunInProgress=True;RunCount=1;Run0Change0=Trajectory;Run0Guid=9C257CAB-A7F6-40DB-BF31-5E044F8A486B
43193.743845463,DnMAcquisition,Data Acquiring - D&M,Survey Manager/Accept survey,Click,Button,Accept,UIInteraction,
43193.7438470949,Setup,Computation / Recomputation,ProcessRecomputeState,,,,UIAutomatic,JobGuid=BAB72FE2-4A0F-48DE-AF7F-40E143E45972;State=UIS_RECOMPUTATION_STATE_PENDING;Scope=JobScope;RecompPercentageComplete=;MultipleRunsAffected=False;ActiveRunAffected=True;ActiveRunInProgress=True;RunCount=1;Run0Change0=Trajectory;Run0Guid=9C257CAB-A7F6-40DB-BF31-5E044F8A486B
43193.7438529977,DnMAcquisition,Computation / Recomputation,ProcessRecomputeState,,,,UIAutomatic,JobGuid=BAB72FE2-4A0F-48DE-AF7F-40E143E45972;State=UIS_RECOMPUTATION_STATE_PENDING;Scope=JobScope;RecompPercentageComplete=;MultipleRunsAffected=False;ActiveRunAffected=True;ActiveRunInProgress=True;RunCount=1;Run0Change0=Trajectory;Run0Guid=9C257CAB-A7F6-40DB-BF31-5E044F8A486B
43193.7438470139,DeliverablesSetup,Computation / Recomputation,ProcessRecomputeState,,,,UIAutomatic,JobGuid=BAB72FE2-4A0F-48DE-AF7F-40E143E45972;State=UIS_RECOMPUTATION_STATE_PENDING;Scope=JobScope;RecompPercentageComplete=;MultipleRunsAffected=False;ActiveRunAffected=True;ActiveRunInProgress=True;RunCount=1;Run0Change0=Trajectory;Run0Guid=9C257CAB-A7F6-40DB-BF31-5E044F8A486B
43193.7448288194,DnMAcquisition,Data Acquiring - D&M,Survey Manager/Accept survey,Click,Button,Accept,UIInteraction,
43193.7448300579,DeliverablesSetup,Computation / Recomputation,ProcessRecomputeState,,,,UIAutomatic,JobGuid=BAB72FE2-4A0F-48DE-AF7F-40E143E45972;State=UIS_RECOMPUTATION_STATE_PENDING;Scope=JobScope;RecompPercentageComplete=;MultipleRunsAffected=False;ActiveRunAffected=True;ActiveRunInProgress=True;RunCount=1;Run0Change0=Trajectory;Run0Guid=9C257CAB-A7F6-40DB-BF31-5E044F8A486B
43193.744830081,Setup,Computation / Recomputation,ProcessRecomputeState,,,,UIAutomatic,JobGuid=BAB72FE2-4A0F-48DE-AF7F-40E143E45972;State=UIS_RECOMPUTATION_STATE_PENDING;Scope=JobScope;RecompPercentageComplete=;MultipleRunsAffected=False;ActiveRunAffected=True;ActiveRunInProgress=True;RunCount=1;Run0Change0=Trajectory;Run0Guid=9C257CAB-A7F6-40DB-BF31-5E044F8A486B
43193.7448354398,DnMAcquisition,Computation / Recomputation,ProcessRecomputeState,,,,UIAutomatic,JobGuid=BAB72FE2-4A0F-48DE-AF7F-40E143E45972;State=UIS_RECOMPUTATION_STATE_PENDING;Scope=JobScope;RecompPercentageComplete=;MultipleRunsAffected=False;ActiveRunAffected=True;ActiveRunInProgress=True;RunCount=1;Run0Change0=Trajectory;Run0Guid=9C257CAB-A7F6-40DB-BF31-5E044F8A486B
43193.7482157292,DnMAcquisition,Data Acquiring - D&M,Survey Manager/Accept survey,Click,Button,Accept,UIInteraction,
43193.7482171296,DeliverablesSetup,Computation / Recomputation,ProcessRecomputeState,,,,UIAutomatic,JobGuid=BAB72FE2-4A0F-48DE-AF7F-40E143E45972;State=UIS_RECOMPUTATION_STATE_PENDING;Scope=JobScope;RecompPercentageComplete=;MultipleRunsAffected=False;ActiveRunAffected=True;ActiveRunInProgress=True;RunCount=1;Run0Change0=Trajectory;Run0Guid=9C257CAB-A7F6-40DB-BF31-5E044F8A486B
43193.7482171296,Setup,Computation / Recomputation,ProcessRecomputeState,,,,UIAutomatic,JobGuid=BAB72FE2-4A0F-48DE-AF7F-40E143E45972;State=UIS_RECOMPUTATION_STATE_PENDING;Scope=JobScope;RecompPercentageComplete=;MultipleRunsAffected=False;ActiveRunAffected=True;ActiveRunInProgress=True;RunCount=1;Run0Change0=Trajectory;Run0Guid=9C257CAB-A7F6-40DB-BF31-5E044F8A486B
43193.7482223843,DnMAcquisition,Computation / Recomputation,ProcessRecomputeState,,,,UIAutomatic,JobGuid=BAB72FE2-4A0F-48DE-AF7F-40E143E45972;State=UIS_RECOMPUTATION_STATE_PENDING;Scope=JobScope;RecompPercentageComplete=;MultipleRunsAffected=False;ActiveRunAffected=True;ActiveRunInProgress=True;RunCount=1;Run0Change0=Trajectory;Run0Guid=9C257CAB-A7F6-40DB-BF31-5E044F8A486B
43193.7529473495,DnMAcquisition,Computation / Recomputation,Recompute All Pending Runs,Click,ToolbarButton,Recompute All Pending Runs,UIInteraction,
43193.7529473727,DnMAcquisition,Computation / Recomputation,Start Recomputation During Acquisition,Click,ToolbarButton,Recompute All Pending Runs,UIInteraction,FeatureName=Framework.RTOOP
43193.752947419,DeliverablesSetup,Computation / Recomputation,ProcessRecomputeState,,,,UIAutomatic,JobGuid=BAB72FE2-4A0F-48DE-AF7F-40E143E45972;State=UIS_RECOMPUTATION_STATE_STARTING;Scope=JobScope;RecompPercentageComplete=;MultipleRunsAffected=False;ActiveRunAffected=True;ActiveRunInProgress=True;RunCount=1;Run0Change0=Trajectory;Run0Guid=9C257CAB-A7F6-40DB-BF31-5E044F8A486B
43193.7529474306,Setup,Computation / Recomputation,ProcessRecomputeState,,,,UIAutomatic,JobGuid=BAB72FE2-4A0F-48DE-AF7F-40E143E45972;State=UIS_RECOMPUTATION_STATE_STARTING;Scope=JobScope;RecompPercentageComplete=;MultipleRunsAffected=False;ActiveRunAffected=True;ActiveRunInProgress=True;RunCount=1;Run0Change0=Trajectory;Run0Guid=9C257CAB-A7F6-40DB-BF31-5E044F8A486B
43193.7529478356,DnMAcquisition,Computation / Recomputation,ProcessRecomputeState,,,,UIAutomatic,JobGuid=BAB72FE2-4A0F-48DE-AF7F-40E143E45972;State=UIS_RECOMPUTATION_STATE_STARTING;Scope=JobScope;RecompPercentageComplete=;MultipleRunsAffected=False;ActiveRunAffected=True;ActiveRunInProgress=True;RunCount=1;Run0Change0=Trajectory;Run0Guid=9C257CAB-A7F6-40DB-BF31-5E044F8A486B
43193.7529485764,Setup,Computation / Recomputation,ProcessRecomputeState,,,,UIAutomatic,JobGuid=BAB72FE2-4A0F-48DE-AF7F-40E143E45972;State=UIS_RECOMPUTATION_STATE_IN_PROGRESS;Scope=JobScope;RecompPercentageComplete=;MultipleRunsAffected=False;ActiveRunAffected=True;ActiveRunInProgress=True;RunCount=1;Run0Change0=Trajectory;Run0Guid=9C257CAB-A7F6-40DB-BF31-5E044F8A486B
43193.7529485764,DeliverablesSetup,Computation / Recomputation,ProcessRecomputeState,,,,UIAutomatic,JobGuid=BAB72FE2-4A0F-48DE-AF7F-40E143E45972;State=UIS_RECOMPUTATION_STATE_IN_PROGRESS;Scope=JobScope;RecompPercentageComplete=;MultipleRunsAffected=False;ActiveRunAffected=True;ActiveRunInProgress=True;RunCount=1;Run0Change0=Trajectory;Run0Guid=9C257CAB-A7F6-40DB-BF31-5E044F8A486B
43193.7529485764,DnMAcquisition,Computation / Recomputation,ProcessRecomputeState,,,,UIAutomatic,JobGuid=BAB72FE2-4A0F-48DE-AF7F-40E143E45972;State=UIS_RECOMPUTATION_STATE_IN_PROGRESS;Scope=JobScope;RecompPercentageComplete=;MultipleRunsAffected=False;ActiveRunAffected=True;ActiveRunInProgress=True;RunCount=1;Run0Change0=Trajectory;Run0Guid=9C257CAB-A7F6-40DB-BF31-5E044F8A486B
43193.7545282523,DeliverablesSetup,Computation / Recomputation,ProcessRecomputeState,,,,UIAutomatic,JobGuid=BAB72FE2-4A0F-48DE-AF7F-40E143E45972;State=UIS_RECOMPUTATION_STATE_SUCCEEDED;Scope=JobScope;RecompPercentageComplete=;MultipleRunsAffected=False;ActiveRunAffected=True;ActiveRunInProgress=True;RunCount=1;Run0Change0=Trajectory;Run0Guid=9C257CAB-A7F6-40DB-BF31-5E044F8A486B
43193.7545283218,Setup,Computation / Recomputation,ProcessRecomputeState,,,,UIAutomatic,JobGuid=BAB72FE2-4A0F-48DE-AF7F-40E143E45972;State=UIS_RECOMPUTATION_STATE_SUCCEEDED;Scope=JobScope;RecompPercentageComplete=;MultipleRunsAffected=False;ActiveRunAffected=True;ActiveRunInProgress=True;RunCount=1;Run0Change0=Trajectory;Run0Guid=9C257CAB-A7F6-40DB-BF31-5E044F8A486B
43193.7545283681,DnMAcquisition,Computation / Recomputation,ProcessRecomputeState,,,,UIAutomatic,JobGuid=BAB72FE2-4A0F-48DE-AF7F-40E143E45972;State=UIS_RECOMPUTATION_STATE_SUCCEEDED;Scope=JobScope;RecompPercentageComplete=;MultipleRunsAffected=False;ActiveRunAffected=True;ActiveRunInProgress=True;RunCount=1;Run0Change0=Trajectory;Run0Guid=9C257CAB-A7F6-40DB-BF31-5E044F8A486B
43193.7546192361,DnMAcquisition,Manage Tasks,HSPM Control,DoubleClick,TreeView,HSPM Control,UIInteraction,TaskName=HSPM Control
43193.7546193403,DnMAcquisition,Data Acquiring - D&M,HSPM Control/Set Recover Buffer,Click,ComboBox,Yes,UIInteraction,
43193.7546193287,DnMAcquisition,Data Acquiring - D&M,HSPM Control/Set Location,Click,ComboBox,LOCAL,UIInteraction,
43193.7546558681,DnMAcquisition,Data Acquiring - D&M,HSPM Control/Disconnect,Click,Button,Disconnect,UIInteraction,
43193.7550326968,Setup,Run Manager (Internal),Stop Run,Click,Button,Stop,UIInteraction,RunGuid=9C257CAB-A7F6-40DB-BF31-5E044F8A486B
43193.7550749653,Setup,Run Manager (Internal),Confirm to Stop Run,Click,Button,OK,UIInteraction,RunGuid=9C257CAB-A7F6-40DB-BF31-5E044F8A486B
43193.7552060995,DeliverablesSetup,UI Framework,Switch View,Click,ToolbarButton,Deliverables Display View,UIInteraction,
43193.7552808912,DeliverablesSetup,Deliverables - Digital,Create Job Archive,Click,ContextMenu,Create,UIInteraction,ArchiveGuid=BAB72FE2-4A0F-48DE-AF7F-40E143E45972;JobArchiveType=3.0
43193.7555125579,DeliverablesSetup,UI Framework,Close Console,Click,Button,,UIInteraction,JobGuid=BAB72FE2-4A0F-48DE-AF7F-40E143E45972
43193.7555485648,DeliverablesSetup,UI Framework,OK to Close Deliverables - Display Console,Click,Button,OK,UIInteraction,
43193.7556288426,,Console/Job Manager,Stop Setup Console,Click,Button,Stop,UIInteraction,JobGuid=BAB72FE2-4A0F-48DE-AF7F-40E143E45972
43193.755653206,,Console/Job Manager,Stop Job,Click,Button,Stop,UIInteraction,JobGuid=BAB72FE2-4A0F-48DE-AF7F-40E143E45972
