Time,Process,Component,Operation,Action,Control,ControlText,Category,Context
43193.9368889352,,Console/Job Manager,Start Job,Click,Button,Start,UIInteraction,JobName=CMRT-DTC;WellName=BGC;ClientName=BGC;StartDate=4/3/2018 10:29 PM;Workflow=Wireline;Simulator=True;UnitSystem=English;JobSize=0;State=Available;SideTrackId=0;SessionID=6FCD7F96-6975-4E49-B285-41E07F08332B;SortOrder=1;JobGUID=F407F65F-4D2C-403F-B0B6-90784D9B03E2;WellGUID=C09DA631-82D1-4119-8AA0-E4B2C550F98F;BoreholeGUID=8D1B14B9-4055-47D4-8E8E-2CA5593767B5;MachineName=HPV21-005;UserName=Engineer;UserDomainName=HPV21-005;OS=Microsoft Windows NT 6.1.7601 Service Pack 1;StartedJobCount=0;TimeZone=00:00:00;IPAddress_1=192.168.78.251;IPAddress_2=::1;MWVersion=9.0.100742.3100
43193.9371694329,,Console/Job Manager,Stop Job,Click,Button,Stop,UIInteraction,JobGuid=F407F65F-4D2C-403F-B0B6-90784D9B03E2
43193.9373660417,,Console/Job Manager,Start Job,Click,Button,Start,UIInteraction,JobName=CMRT-DTC;WellName=BGC;ClientName=BGC;StartDate=4/3/2018 10:29 PM;Workflow=Wireline;Simulator=True;UnitSystem=English;RTBackupDir=C:\Autobackup;JobSize=0;State=Available;SideTrackId=0;SessionID=6FCD7F96-6975-4E49-B285-41E07F08332B;SortOrder=1;JobGUID=F407F65F-4D2C-403F-B0B6-90784D9B03E2;WellGUID=C09DA631-82D1-4119-8AA0-E4B2C550F98F;BoreholeGUID=8D1B14B9-4055-47D4-8E8E-2CA5593767B5;MachineName=HPV21-005;UserName=Engineer;UserDomainName=HPV21-005;OS=Microsoft Windows NT 6.1.7601 Service Pack 1;StartedJobCount=0;TimeZone=00:00:00;IPAddress_1=192.168.78.251;IPAddress_2=::1;MWVersion=9.0.100742.3100
43193.9381302199,,Console/Job Manager,Start Setup Console,Click,Button,Start...,UIInteraction,JobGuid=F407F65F-4D2C-403F-B0B6-90784D9B03E2
43193.938193912,Setup,Calibration,Select Calibration Report Type,Click,ComboBox,Technical Concise,UIInteraction,
43193.9382438657,Setup,UI Framework,Start Console,,,Setup - Job CMRT-DTC,UIAutomatic,
43193.938263206,,Console/Job Manager,Start Deliverables Console,Click,Button,Start...,UIInteraction,JobGuid=F407F65F-4D2C-403F-B0B6-90784D9B03E2
43193.9383327315,DeliverablesSetup,Tier Manager,Tier Template Created for Tools in My Equipment,,,CMRT-B Tier Created,Deliverables Console,
43193.9383335301,DeliverablesSetup,Tier Manager,Tier Template Created for Tools in My Equipment,,,LEH-QT Tier Created,Deliverables Console,
43193.9383336574,DeliverablesSetup,Tier Manager,Tier Template Created for Tools in My Equipment,,,DTC-H Tier Created,Deliverables Console,
43193.9383400347,DeliverablesSetup,UI Framework,Start Console,,,Deliverables Console Setup - Job CMRT-DTC,UIAutomatic,
43193.9385043518,Setup,UI Framework,Switch Tab,Click,Tab,DnI Initializations,UIInteraction,
43193.9385705903,Setup,Run Manager (Internal),Start Run,Click,Button,Start,UIInteraction,RunGuid=A0436CA4-4699-47B9-8ABA-2D7C30884E41;ToolstringGuid=47F9B646-C75B-4AC2-A815-2EE1AA28D451;DownholeEquipments=CMRT-B:DTC-H:LEH-QT;TSLevelActiveSurfaceEquips=TENSION_DEVICE:LOGGING_CABLE:DEPTH_DEVICE:WAFE
43193.938682338,Setup,Equipment,Activate Run,Click,Button,Activate,UIInteraction,ToolstringGuid=47F9B646-C75B-4AC2-A815-2EE1AA28D451;DownholeEquipments=CMRT-B:DTC-H:LEH-QT;TSLevelActiveSurfaceEquips=TENSION_DEVICE:LOGGING_CABLE:DEPTH_DEVICE:WAFE
43193.9388093519,Simulation,UI Framework,Start Console,,,Simulation Console - Job CMRT-DTC,UIAutomatic,
43193.9389176389,WLAcquisition,Calibration,Select Calibration Report Type,Click,ComboBox,Technical Concise,UIInteraction,
43193.938961794,WLAcquisition,UI Framework,Start Console,,,Acquisition Console - Job CMRT-DTC - Run 1,UIAutomatic,
43193.9389724074,WLAcquisition,Calibration,Select Calibration in Calibration Report,Click,ComboBox,HTEN Before Calibration,UIInteraction,
43193.9389724306,WLAcquisition,Calibration,Select Tool in Calibration Report,Click,ComboBox,LEH-QT,UIInteraction,ToolName=LEH-QT
43193.9391974769,WLAcquisition,Data Acquiring - WL,Connect Hardware,Click,ToolbarButton,Connect to Hardware,UIInteraction,
43193.9393332407,WLAcquisition,Data Acquiring - WL,Start Dataflow,Click,ToolbarButton,Start Data Flow,UIInteraction,
43193.9394417477,WLAcquisition,Data Acquiring - WL,Enable Tool Power,Click,ToolbarButton,Enable Tool Power,UIInteraction,
43193.9394493287,WLAcquisition,CMRT-B,Read MCAL Data,,,,UIAutomatic,TaskName=CMRT-B: Read MCAL Data
43193.9394505556,WLAcquisition,UI Framework,Switch Tab,Click,Tab,Calibrations,UIInteraction,
43193.9395141088,WLAcquisition,CMRT-B,Read EEPROM Data,,,,UIAutomatic,TaskName=CMRT-B: Read EEPROM Data
43193.9395344444,Setup,Computation / Recomputation,ProcessRecomputeState,,,,UIAutomatic,JobGuid=F407F65F-4D2C-403F-B0B6-90784D9B03E2;State=UIS_RECOMPUTATION_STATE_PENDING;Scope=JobScope;RecompPercentageComplete=;MultipleRunsAffected=False;ActiveRunAffected=True;ActiveRunInProgress=False;RunCount=1;Run0Change0=Calibration;Run0Guid=A0436CA4-4699-47B9-8ABA-2D7C30884E41
43193.939534456,DeliverablesSetup,Computation / Recomputation,ProcessRecomputeState,,,,UIAutomatic,JobGuid=F407F65F-4D2C-403F-B0B6-90784D9B03E2;State=UIS_RECOMPUTATION_STATE_PENDING;Scope=JobScope;RecompPercentageComplete=;MultipleRunsAffected=False;ActiveRunAffected=True;ActiveRunInProgress=False;RunCount=1;Run0Change0=Calibration;Run0Guid=A0436CA4-4699-47B9-8ABA-2D7C30884E41
43193.9395361343,WLAcquisition,Calibration,Choose Available Calibration,Click,ComboBox,Nominal,UIInteraction,
43193.939536331,WLAcquisition,Calibration,Choose Available Calibration,Click,ComboBox,Nominal,UIInteraction,
43193.9395392245,WLAcquisition,Calibration,Choose Available Calibration,Click,ComboBox,12:30:00.000 08-Jun-2008,UIInteraction,
43193.9395420718,WLAcquisition,Computation / Recomputation,ProcessRecomputeState,,,,UIAutomatic,JobGuid=F407F65F-4D2C-403F-B0B6-90784D9B03E2;State=UIS_RECOMPUTATION_STATE_PENDING;Scope=JobScope;RecompPercentageComplete=;MultipleRunsAffected=False;ActiveRunAffected=True;ActiveRunInProgress=False;RunCount=1;Run0Change0=Calibration;Run0Guid=A0436CA4-4699-47B9-8ABA-2D7C30884E41
43193.9395358218,WLAcquisition,Calibration,Choose Available Calibration,Click,ComboBox,12:30:00.000 08-Jun-2008,UIInteraction,
43193.9421830556,WLAcquisition,UI Framework,Switch Tab,Click,Tab,Tool Control,UIInteraction,
43193.9422787153,WLAcquisition,CMRT-B,Enable Sonde Power,RightClick,TreeView,Enable Sonde Power,UIInteraction,TaskName=Enable Sonde Power
43193.942292662,WLAcquisition,CMRT-B,Enable Sonde Power,Click,ContextMenu,Perform,UIInteraction,TaskName=Enable Sonde Power
43193.9424169676,WLAcquisition,Tool Control,Perform Tool Control Task,Click,Button,Next,UIInteraction,TaskName=Enable Sonde Power
43193.9424809838,WLAcquisition,Tool Control,Perform Tool Control Task,Click,Button,Next,UIInteraction,TaskName=Enable Sonde Power
43193.9426438657,WLAcquisition,Tool Control,Perform Tool Control Task,Click,Button,Close,UIInteraction,TaskName=Enable Sonde Power
43193.9427014931,WLAcquisition,UI Framework,Switch Tab,Click,Tab,Operation,UIInteraction,
43193.9427735764,WLAcquisition,CMRT-B,Larmor Frequency Search,RightClick,TreeView,CMRT-B: Larmor Frequency Search,UIInteraction,TaskName=CMRT-B: Larmor Frequency Search
43193.9427879977,WLAcquisition,CMRT-B,Larmor Frequency Search,Click,ContextMenu,Perform,UIInteraction,TaskName=CMRT-B: Larmor Frequency Search
43193.9429707755,WLAcquisition,Calibration,Perform Calibration Task,Click,Button,Apply,UIInteraction,TaskName=CMRT-B: Larmor Frequency Search
43193.9430380324,WLAcquisition,Calibration,Perform Calibration Task,Click,Button,Apply,UIInteraction,TaskName=CMRT-B: Larmor Frequency Search
43193.9432083681,WLAcquisition,Calibration,Perform Calibration Task,Click,Button,Next,UIInteraction,TaskName=CMRT-B: Larmor Frequency Search
43193.9432386227,WLAcquisition,Calibration,Perform Calibration Task,Click,Button,OK,UIInteraction,TaskName=CMRT-B: Larmor Frequency Search
43193.9434780903,WLAcquisition,Calibration,Perform Calibration Task,Click,Button,OK,UIInteraction,TaskName=CMRT-B: Larmor Frequency Search
43193.943921088,WLAcquisition,CMRT-B,Ringing Test,RightClick,TreeView,CMRT-B: Ringing Test,UIInteraction,TaskName=CMRT-B: Ringing Test
43193.9439352083,WLAcquisition,CMRT-B,Ringing Test,Click,ContextMenu,Perform,UIInteraction,TaskName=CMRT-B: Ringing Test
43193.9440078241,WLAcquisition,Calibration,Perform Calibration Task,Click,Button,Next,UIInteraction,TaskName=CMRT-B: Ringing Test
43193.9440527894,WLAcquisition,Calibration,Perform Calibration Task,Click,Button,Apply,UIInteraction,TaskName=CMRT-B: Ringing Test
43193.9440776273,WLAcquisition,Data Acquiring - WL,Unlock 3 Buttons,Click,ToolbarButton,Unlock,UIInteraction,
43193.9440800579,WLAcquisition,Data Acquiring - WL,Disable Tool Power,Click,ToolbarButton,Disable Tool Power,UIInteraction,
43193.9441911806,WLAcquisition,Data Acquiring - WL,Stop Dataflow,Click,ToolbarButton,Stop Data Flow,UIInteraction,
43193.9443027546,WLAcquisition,Data Acquiring - WL,Disconnect Hardware,Click,ToolbarButton,Disconnect From Hardware,UIInteraction,
43193.9444081366,,Console/Job Manager,Stop Acquisition Console,Click,Button,Stop,UIInteraction,JobGuid=F407F65F-4D2C-403F-B0B6-90784D9B03E2
43193.9444920255,,Console/Job Manager,Start Acquisition Console,Click,Button,Start...,UIInteraction,JobGuid=F407F65F-4D2C-403F-B0B6-90784D9B03E2
43193.9445510301,WLAcquisition,Calibration,Select Calibration Report Type,Click,ComboBox,Technical Concise,UIInteraction,
43193.9445777546,WLAcquisition,Computation / Recomputation,ProcessRecomputeState,,,,UIAutomatic,JobGuid=F407F65F-4D2C-403F-B0B6-90784D9B03E2;State=UIS_RECOMPUTATION_STATE_PENDING;Scope=JobScope;RecompPercentageComplete=;MultipleRunsAffected=False;ActiveRunAffected=True;ActiveRunInProgress=False;RunCount=1;Run0Change0=Calibration;Run0Guid=A0436CA4-4699-47B9-8ABA-2D7C30884E41
43193.9445912963,WLAcquisition,UI Framework,Start Console,,,Acquisition Console - Job CMRT-DTC - Run 1,UIAutomatic,
43193.944599537,WLAcquisition,Calibration,Select Calibration in Calibration Report,Click,ComboBox,HTEN Before Calibration,UIInteraction,
43193.9445995486,WLAcquisition,Calibration,Select Tool in Calibration Report,Click,ComboBox,LEH-QT,UIInteraction,ToolName=LEH-QT
43193.9446864815,WLAcquisition,Data Acquiring - WL,Connect Hardware,Click,ToolbarButton,Connect to Hardware,UIInteraction,
43193.9447665741,WLAcquisition,Data Acquiring - WL,Start Dataflow,Click,ToolbarButton,Start Data Flow,UIInteraction,
43193.9448831713,WLAcquisition,Data Acquiring - WL,Enable Tool Power,Click,ToolbarButton,Enable Tool Power,UIInteraction,
43193.9448908449,WLAcquisition,CMRT-B,Read MCAL Data,,,,UIAutomatic,TaskName=CMRT-B: Read MCAL Data
43193.9448921528,WLAcquisition,UI Framework,Switch Tab,Click,Tab,Calibrations,UIInteraction,
43193.9449459954,WLAcquisition,CMRT-B,Read EEPROM Data,,,,UIAutomatic,TaskName=CMRT-B: Read EEPROM Data
43193.9449557407,WLAcquisition,Calibration,Choose Available Calibration,Click,ComboBox,12:30:00.000 08-Jun-2008,UIInteraction,
43193.9449559722,WLAcquisition,Calibration,Choose Available Calibration,Click,ComboBox,Nominal,UIInteraction,
43193.9449561227,WLAcquisition,Calibration,Choose Available Calibration,Click,ComboBox,Nominal,UIInteraction,
43193.9449601157,WLAcquisition,Calibration,Choose Available Calibration,Click,ComboBox,12:30:00.000 08-Jun-2008,UIInteraction,
43193.9475289583,WLAcquisition,UI Framework,Switch Tab,Click,Tab,Tool Control,UIInteraction,
43193.9476331134,WLAcquisition,CMRT-B,Enable Sonde Power,RightClick,TreeView,Enable Sonde Power,UIInteraction,TaskName=Enable Sonde Power
43193.9476471644,WLAcquisition,CMRT-B,Enable Sonde Power,Click,ContextMenu,Perform,UIInteraction,TaskName=Enable Sonde Power
43193.9477755324,WLAcquisition,Tool Control,Perform Tool Control Task,Click,Button,Next,UIInteraction,TaskName=Enable Sonde Power
43193.9478319792,WLAcquisition,Tool Control,Perform Tool Control Task,Click,Button,Next,UIInteraction,TaskName=Enable Sonde Power
43193.9480146875,WLAcquisition,Tool Control,Perform Tool Control Task,Click,Button,Close,UIInteraction,TaskName=Enable Sonde Power
43193.9480353356,WLAcquisition,UI Framework,Switch Tab,Click,Tab,Operation,UIInteraction,
43193.9480846875,WLAcquisition,CMRT-B,Ringing Test,RightClick,TreeView,CMRT-B: Ringing Test,UIInteraction,TaskName=CMRT-B: Ringing Test
43193.9480987037,WLAcquisition,CMRT-B,Ringing Test,Click,ContextMenu,Perform,UIInteraction,TaskName=CMRT-B: Ringing Test
43193.9481722685,WLAcquisition,Calibration,Perform Calibration Task,Click,Button,Next,UIInteraction,TaskName=CMRT-B: Ringing Test
43193.9482179282,WLAcquisition,Calibration,Perform Calibration Task,Click,Button,Apply,UIInteraction,TaskName=CMRT-B: Ringing Test
43193.9575466204,WLAcquisition,Calibration,Perform Calibration Task,Click,Button,Close,UIInteraction,TaskName=CMRT-B: Ringing Test
43193.9585706944,WLAcquisition,CMRT-B,Read MCAL Data,RightClick,TreeView,CMRT-B: Read MCAL Data,UIInteraction,TaskName=CMRT-B: Read MCAL Data
43193.9585851968,WLAcquisition,CMRT-B,Read MCAL Data,Click,ContextMenu,Perform,UIInteraction,TaskName=CMRT-B: Read MCAL Data
43193.9585969329,WLAcquisition,CMRT-B,Read EEPROM Data,,,,UIAutomatic,TaskName=CMRT-B: Read EEPROM Data
43193.9586090856,WLAcquisition,Calibration,Choose Available Calibration,Click,ComboBox,12:30:00.000 08-Jun-2008,UIInteraction,
43193.9633444444,WLAcquisition,CMRT-B,Noise Test,RightClick,TreeView,CMRT-B: Noise Test,UIInteraction,TaskName=CMRT-B: Noise Test
43193.9633583796,WLAcquisition,CMRT-B,Noise Test,Click,ContextMenu,Perform,UIInteraction,TaskName=CMRT-B: Noise Test
43193.9651626968,WLAcquisition,Calibration,Perform Calibration Task,Click,Button,Next,UIInteraction,TaskName=CMRT-B: Noise Test
43193.9664753704,WLAcquisition,Calibration,Perform Calibration Task,Click,Button,Apply,UIInteraction,TaskName=CMRT-B: Noise Test
43193.9680033218,WLAcquisition,Calibration,Perform Calibration Task,Click,Button,Close,UIInteraction,TaskName=CMRT-B: Noise Test
43193.9735431597,WLAcquisition,CMRT-B,Water Bottle Accumulation,RightClick,TreeView,Water Bottle Accumulation,UIInteraction,TaskName=Water Bottle Accumulation
43193.9735572107,WLAcquisition,CMRT-B,Water Bottle Accumulation,Click,ContextMenu,Perform,UIInteraction,TaskName=Water Bottle Accumulation
43193.9948191088,WLAcquisition,Calibration,Perform Calibration Task,Click,Button,Close,UIInteraction,TaskName=Water Bottle Accumulation
43193.9948219676,WLAcquisition,Calibration,Choose Available Calibration,Click,ComboBox,Nominal,UIInteraction,
43193.9956321875,WLAcquisition,Computation / Recomputation,Recompute All Pending Runs,Click,ToolbarButton,Recompute All Pending Runs,UIInteraction,
43193.9956322106,WLAcquisition,Computation / Recomputation,Start Recomputation During Acquisition,Click,ToolbarButton,Recompute All Pending Runs,UIInteraction,FeatureName=Framework.RTOOP
43193.9956323148,DeliverablesSetup,Computation / Recomputation,ProcessRecomputeState,,,,UIAutomatic,JobGuid=F407F65F-4D2C-403F-B0B6-90784D9B03E2;State=UIS_RECOMPUTATION_STATE_STARTING;Scope=JobScope;RecompPercentageComplete=;MultipleRunsAffected=False;ActiveRunAffected=True;ActiveRunInProgress=True;RunCount=1;Run0Change0=Calibration;Run0Guid=A0436CA4-4699-47B9-8ABA-2D7C30884E41
43193.9956323148,Setup,Computation / Recomputation,ProcessRecomputeState,,,,UIAutomatic,JobGuid=F407F65F-4D2C-403F-B0B6-90784D9B03E2;State=UIS_RECOMPUTATION_STATE_STARTING;Scope=JobScope;RecompPercentageComplete=;MultipleRunsAffected=False;ActiveRunAffected=True;ActiveRunInProgress=True;RunCount=1;Run0Change0=Calibration;Run0Guid=A0436CA4-4699-47B9-8ABA-2D7C30884E41
43193.9956326852,WLAcquisition,Computation / Recomputation,ProcessRecomputeState,,,,UIAutomatic,JobGuid=F407F65F-4D2C-403F-B0B6-90784D9B03E2;State=UIS_RECOMPUTATION_STATE_STARTING;Scope=JobScope;RecompPercentageComplete=;MultipleRunsAffected=False;ActiveRunAffected=True;ActiveRunInProgress=True;RunCount=1;Run0Change0=Calibration;Run0Guid=A0436CA4-4699-47B9-8ABA-2D7C30884E41
43193.9957758796,WLAcquisition,Computation / Recomputation,ProcessRecomputeState,,,,UIAutomatic,JobGuid=F407F65F-4D2C-403F-B0B6-90784D9B03E2;State=UIS_RECOMPUTATION_STATE_IN_PROGRESS;Scope=JobScope;RecompPercentageComplete=;MultipleRunsAffected=False;ActiveRunAffected=True;ActiveRunInProgress=True;RunCount=1;Run0Change0=Calibration;Run0Guid=A0436CA4-4699-47B9-8ABA-2D7C30884E41
43193.9957759259,DeliverablesSetup,Computation / Recomputation,ProcessRecomputeState,,,,UIAutomatic,JobGuid=F407F65F-4D2C-403F-B0B6-90784D9B03E2;State=UIS_RECOMPUTATION_STATE_IN_PROGRESS;Scope=JobScope;RecompPercentageComplete=;MultipleRunsAffected=False;ActiveRunAffected=True;ActiveRunInProgress=True;RunCount=1;Run0Change0=Calibration;Run0Guid=A0436CA4-4699-47B9-8ABA-2D7C30884E41
43193.9957759491,Setup,Computation / Recomputation,ProcessRecomputeState,,,,UIAutomatic,JobGuid=F407F65F-4D2C-403F-B0B6-90784D9B03E2;State=UIS_RECOMPUTATION_STATE_IN_PROGRESS;Scope=JobScope;RecompPercentageComplete=;MultipleRunsAffected=False;ActiveRunAffected=True;ActiveRunInProgress=True;RunCount=1;Run0Change0=Calibration;Run0Guid=A0436CA4-4699-47B9-8ABA-2D7C30884E41
43193.9959781713,Setup,Computation / Recomputation,ProcessRecomputeState,,,,UIAutomatic,JobGuid=F407F65F-4D2C-403F-B0B6-90784D9B03E2;State=UIS_RECOMPUTATION_STATE_SUCCEEDED;Scope=JobScope;RecompPercentageComplete=;MultipleRunsAffected=False;ActiveRunAffected=True;ActiveRunInProgress=True;RunCount=1;Run0Change0=Calibration;Run0Guid=A0436CA4-4699-47B9-8ABA-2D7C30884E41
43193.9959781829,WLAcquisition,Computation / Recomputation,ProcessRecomputeState,,,,UIAutomatic,JobGuid=F407F65F-4D2C-403F-B0B6-90784D9B03E2;State=UIS_RECOMPUTATION_STATE_SUCCEEDED;Scope=JobScope;RecompPercentageComplete=;MultipleRunsAffected=False;ActiveRunAffected=True;ActiveRunInProgress=True;RunCount=1;Run0Change0=Calibration;Run0Guid=A0436CA4-4699-47B9-8ABA-2D7C30884E41
43193.9959781944,DeliverablesSetup,Computation / Recomputation,ProcessRecomputeState,,,,UIAutomatic,JobGuid=F407F65F-4D2C-403F-B0B6-90784D9B03E2;State=UIS_RECOMPUTATION_STATE_SUCCEEDED;Scope=JobScope;RecompPercentageComplete=;MultipleRunsAffected=False;ActiveRunAffected=True;ActiveRunInProgress=True;RunCount=1;Run0Change0=Calibration;Run0Guid=A0436CA4-4699-47B9-8ABA-2D7C30884E41
43193.9964896296,Simulation,UI Framework,Switch Tab,Click,Tab,CMRTB_SimUI : 2,UIInteraction,
43193.9981716088,Simulation,UI Framework,Switch Tab,Click,Tab,HWS_Simulator : 0,UIInteraction,
43194.0002015394,WLAcquisition,UI Framework,Switch Tab,Click,Tab,Tool Control,UIInteraction,
43194.0002916435,WLAcquisition,CMRT-B,Set Logging Mode,RightClick,TreeView,Set Logging Mode,UIInteraction,TaskName=Set Logging Mode
43194.000305544,WLAcquisition,CMRT-B,Set Logging Mode,Click,ContextMenu,Perform,UIInteraction,TaskName=Set Logging Mode
43194.0005165972,WLAcquisition,UI Framework,Switch Tab,Click,Tab,MD,UIInteraction,
43194.0005190741,WLAcquisition,UI Framework,Switch Tab,Click,Tab,Calibrations,UIInteraction,
43194.0005492245,Simulation,UI Framework,Switch Tab,Click,Tab,CMRTB_SimUI : 2,UIInteraction,
43194.0006094329,Simulation,UI Framework,Switch Tab,Click,Tab,HWS_Simulator : 0,UIInteraction,
43194.0007861111,WLAcquisition,CMRT-B,Enable Sonde Power,RightClick,TreeView,Enable Sonde Power,UIInteraction,TaskName=Enable Sonde Power
43194.0008001389,WLAcquisition,CMRT-B,Enable Sonde Power,Click,ContextMenu,Perform,UIInteraction,TaskName=Enable Sonde Power
43194.0008805903,WLAcquisition,Tool Control,Perform Tool Control Task,Click,Button,Close,UIInteraction,TaskName=Enable Sonde Power
43194.0009320139,WLAcquisition,UI Framework,Switch Tab,Click,Tab,Operation,UIInteraction,
43194.0010091782,WLAcquisition,Depth Log/Station Planning,Perform Logging Task,RightClick,TreeView,Depth Log,UIInteraction,TaskName=Depth Log
43194.0010233333,WLAcquisition,Depth Log/Station Planning,Perform Logging Task,Click,ContextMenu,Perform,UIInteraction,TaskName=Depth Log
43194.0015121875,WLAcquisition,Data Acquiring - WL,Start Depth Pass,Click,Button,Start,UIInteraction,PassGuid=1D4923C6-9E7D-4326-8626-77589ED49CAD;Objective=Log;Direction=Up;Depth=3047.99238
43194.0018184375,WLAcquisition,Data Acquiring - WL,Continue Depth Pass,Click,Button,Continue,UIInteraction,PassGuid=1D4923C6-9E7D-4326-8626-77589ED49CAD;Objective=Log;Direction=Up;Depth=3047.99238
43194.0018207292,WLAcquisition,UI Framework,Switch Tab,Click,Tab,MD,UIInteraction,
43194.0044153935,WLAcquisition,Data Acquiring - WL,Unlock Pass,Click,ToolbarButton,Click to Unlock Stop Button,UIInteraction,
43194.004516713,WLAcquisition,Data Acquiring - WL,Stop Depth Pass,Click,Button,Stop,UIInteraction,PassGuid=1D4923C6-9E7D-4326-8626-77589ED49CAD;Depth=3040.98198
43194.0046340741,WLAcquisition,UI Framework,Switch Tab,Click,Tab,Tool Control,UIInteraction,
43194.0047339583,WLAcquisition,CMRT-B,Set Logging Mode,RightClick,TreeView,Set Logging Mode,UIInteraction,TaskName=Set Logging Mode
43194.0047479167,WLAcquisition,CMRT-B,Set Logging Mode,Click,ContextMenu,Perform,UIInteraction,TaskName=Set Logging Mode
43194.0054451389,WLAcquisition,Data Acquiring - WL,Start Depth Pass,Click,Button,Start,UIInteraction,PassGuid=5C8CBC79-7B73-4660-8ED8-950005C7D97A;Objective=Log;Direction=Up;Depth=3040.98198
43194.0055171296,WLAcquisition,Data Acquiring - WL,Continue Depth Pass,Click,Button,Continue,UIInteraction,PassGuid=5C8CBC79-7B73-4660-8ED8-950005C7D97A;Objective=Log;Direction=Up;Depth=3040.98198
43194.0070066898,WLAcquisition,Data Acquiring - WL,Unlock Pass,Click,ToolbarButton,Click to Unlock Stop Button,UIInteraction,
43194.0071041667,WLAcquisition,Data Acquiring - WL,Stop Depth Pass,Click,Button,Stop,UIInteraction,PassGuid=5C8CBC79-7B73-4660-8ED8-950005C7D97A;Depth=3032.75238
43194.0073080324,WLAcquisition,CMRT-B,Set Logging Mode,RightClick,TreeView,Set Logging Mode,UIInteraction,TaskName=Set Logging Mode
43194.0073225694,WLAcquisition,CMRT-B,Set Logging Mode,Click,ContextMenu,Perform,UIInteraction,TaskName=Set Logging Mode
43194.0077880671,WLAcquisition,CMRT-B,Set Logging Mode,RightClick,TreeView,Set Logging Mode,UIInteraction,TaskName=Set Logging Mode
43194.0078020023,WLAcquisition,CMRT-B,Set Logging Mode,Click,ContextMenu,Perform,UIInteraction,TaskName=Set Logging Mode
43194.0084488426,WLAcquisition,Data Acquiring - WL,Start Depth Pass,Click,Button,Start,UIInteraction,PassGuid=3F6639A7-7F28-435E-9B5C-C75F1CBF4138;Objective=Log;Direction=Up;Depth=3032.75238
43194.0085218981,WLAcquisition,Data Acquiring - WL,Continue Depth Pass,Click,Button,Continue,UIInteraction,PassGuid=3F6639A7-7F28-435E-9B5C-C75F1CBF4138;Objective=Log;Direction=Up;Depth=3032.75238
43194.0110076852,WLAcquisition,Data Acquiring - WL,Unlock Pass,Click,ToolbarButton,Click to Unlock Stop Button,UIInteraction,
43194.0111094097,WLAcquisition,Data Acquiring - WL,Stop Depth Pass,Click,Button,Stop,UIInteraction,PassGuid=3F6639A7-7F28-435E-9B5C-C75F1CBF4138;Depth=3017.51238
43194.0112528472,WLAcquisition,UI Framework,Switch Tab,Click,Tab,Operation,UIInteraction,
43194.011325,WLAcquisition,Depth Log/Station Planning,Perform Logging Task,RightClick,TreeView,Station Log,UIInteraction,TaskName=Station Log
43194.0113391435,WLAcquisition,Depth Log/Station Planning,Perform Logging Task,Click,ContextMenu,Perform,UIInteraction,TaskName=Station Log
43194.0114185764,WLAcquisition,UI Framework,Switch Tab,Click,Tab,Tool Control,UIInteraction,
43194.0115090625,WLAcquisition,CMRT-B,Set Logging Mode,RightClick,TreeView,Set Logging Mode,UIInteraction,TaskName=Set Logging Mode
43194.0115236111,WLAcquisition,CMRT-B,Set Logging Mode,Click,ContextMenu,Perform,UIInteraction,TaskName=Set Logging Mode
43194.0118913194,WLAcquisition,Data Acquiring - WL,Start Station Pass,Click,Button,Start,UIInteraction,PassGuid=89E8011C-EA88-4B8D-B247-50194D275EE5;Main Objective=CMRT Station Log
43194.0119890509,WLAcquisition,Data Acquiring - WL,Continue Station Pass,Click,Button,Continue,UIInteraction,PassGuid=89E8011C-EA88-4B8D-B247-50194D275EE5;Main Objective=CMRT Station Log
43194.0119953935,WLAcquisition,UI Framework,Switch Tab,Click,Tab,Station,UIInteraction,
43194.0123758333,WLAcquisition,Data Acquiring - WL,Unlock Pass,Click,ToolbarButton,Click to Unlock Stop Button,UIInteraction,
43194.0124051852,WLAcquisition,Data Acquiring - WL,Stop Station Pass,Click,Button,Stop,UIInteraction,PassGuid=89E8011C-EA88-4B8D-B247-50194D275EE5;Depth=3017.51238
43194.0126391319,WLAcquisition,CMRT-B,Set Logging Mode,RightClick,TreeView,Set Logging Mode,UIInteraction,TaskName=Set Logging Mode
43194.0126536806,WLAcquisition,CMRT-B,Set Logging Mode,Click,ContextMenu,Perform,UIInteraction,TaskName=Set Logging Mode
43194.013036169,WLAcquisition,Data Acquiring - WL,Start Station Pass,Click,Button,Start,UIInteraction,PassGuid=3CB217C9-A676-4FED-A7A5-FD4723B029F8;Main Objective=CMRT Station Log
43194.0131278704,WLAcquisition,Data Acquiring - WL,Continue Station Pass,Click,Button,Continue,UIInteraction,PassGuid=3CB217C9-A676-4FED-A7A5-FD4723B029F8;Main Objective=CMRT Station Log
43194.0142097222,WLAcquisition,Data Acquiring - WL,Unlock Pass,Click,ToolbarButton,Click to Unlock Stop Button,UIInteraction,
43194.0142374421,WLAcquisition,Data Acquiring - WL,Stop Station Pass,Click,Button,Stop,UIInteraction,PassGuid=3CB217C9-A676-4FED-A7A5-FD4723B029F8;Depth=3017.51238
43194.0143551852,WLAcquisition,Data Acquiring - WL,Unlock 3 Buttons,Click,ToolbarButton,Unlock,UIInteraction,
43194.014357581,WLAcquisition,Data Acquiring - WL,Disable Tool Power,Click,ToolbarButton,Disable Tool Power,UIInteraction,
43194.0144587384,WLAcquisition,Data Acquiring - WL,Stop Dataflow,Click,ToolbarButton,Stop Data Flow,UIInteraction,
43194.0145711111,WLAcquisition,Data Acquiring - WL,Disconnect Hardware,Click,ToolbarButton,Disconnect From Hardware,UIInteraction,
43194.0146591898,Setup,Run Manager (Internal),Stop Run,Click,Button,Stop,UIInteraction,RunGuid=A0436CA4-4699-47B9-8ABA-2D7C30884E41
43194.0147048264,Setup,Run Manager (Internal),Confirm to Stop Run,Click,Button,OK,UIInteraction,RunGuid=A0436CA4-4699-47B9-8ABA-2D7C30884E41
43194.0147851157,Simulation,UI Framework,Close Console,Click,Button,,UIInteraction,JobGuid=F407F65F-4D2C-403F-B0B6-90784D9B03E2
43194.0148427431,DeliverablesSetup,UI Framework,Switch View,Click,ToolbarButton,Deliverables Display View,UIInteraction,
43194.0149175231,DeliverablesSetup,Deliverables - Digital,Create Job Archive,Click,ContextMenu,Create,UIInteraction,ArchiveGuid=F407F65F-4D2C-403F-B0B6-90784D9B03E2;JobArchiveType=3.0
43194.0151192014,DeliverablesSetup,UI Framework,Close Console,Click,Button,,UIInteraction,JobGuid=F407F65F-4D2C-403F-B0B6-90784D9B03E2
43194.0151601042,DeliverablesSetup,UI Framework,OK to Close Deliverables - Display Console,Click,Button,OK,UIInteraction,
43194.0152403241,,Console/Job Manager,Stop Setup Console,Click,Button,Stop,UIInteraction,JobGuid=F407F65F-4D2C-403F-B0B6-90784D9B03E2
43194.0153248264,,Console/Job Manager,Stop Job,Click,Button,Stop,UIInteraction,JobGuid=F407F65F-4D2C-403F-B0B6-90784D9B03E2
