43194.1207276157,,Console/Job Manager,Import Job Archive,Click,ContextMenu,Create Import,UIInteraction,
43194.1207351042,,Import/Export & Backup/Restore,Select file to import,Click,Button,...,UIInteraction,
43194.1207508796,,Import/Export & Backup/Restore,OK to select file,,,,UIAutomatic,FilePath=C:\TestData\JSF\PLUG-SAFE-UPCT.Dlis
43194.1208143866,,Import/Export & Backup/Restore,Start Import,Click,Button,Import,UIInteraction,FilePath=C:\TestData\JSF\PLUG-SAFE-UPCT.Dlis
43194.1213100926,,Import/Export & Backup/Restore,Close Import UI,Click,Button,Close,UIInteraction,
43194.1270130093,,UI Framework,Switch Tab,Click,Tab,Job: PLUG-SAFE-UPCT,UIInteraction,
43194.1291574653,,UI Framework,Switch Tab,Click,Tab,Messages: Job Independent,UIInteraction,
43194.1291680093,,UI Framework,Close Console,Click,Button,,UIInteraction,
43194.132286169,,UI Framework,Initialize Maxwell Manager Process Name,,,Initialize Maxwell Manager Process Name,,
43194.1323019444,,UI Framework,Start Console,,,Maxwell Manager,UIAutomatic,MachineName=HPV26-006;UserName=Engineer;UserDomainName=HPV26-006;OS=Microsoft Windows NT 6.1.7601 Service Pack 1;TimeZone=00:00:00;IPAddress_1=192.168.178.64;IPAddress_2=::1;MWVersion=9.0.100745.3100
43194.1325293519,,Console/Job Manager,New Job,Click,Button,New,UIInteraction,
43194.1325456829,,Console/Job Manager,Input Job Name,Input,TextBox,DSLT_H_CBL,UIInteraction,
43194.1325931597,,Console/Job Manager,Input Well Name,Input,TextBox,BGC_Automation,UIInteraction,
43194.1326372917,,Console/Job Manager,Input Client Name,Input,TextBox,BGCAT,UIInteraction,
43194.1327262616,,Console/Job Manager,Check Simulator,Click,CheckBox,Simulator,UIInteraction,CheckState=True
43194.1329451042,,Console/Job Manager,Select Auto Backup Folder,Click,ComboBox,C:\Autobackup,UIInteraction,
43194.1393175,,UI Framework,Close Console,Click,Button,,UIInteraction,
43194.1418914352,,UI Framework,Initialize Maxwell Manager Process Name,,,Initialize Maxwell Manager Process Name,,
43194.1419082523,,UI Framework,Start Console,,,Maxwell Manager,UIAutomatic,MachineName=HPV26-006;UserName=Engineer;UserDomainName=HPV26-006;OS=Microsoft Windows NT 6.1.7601 Service Pack 1;TimeZone=00:00:00;IPAddress_1=192.168.178.64;IPAddress_2=::1;MWVersion=9.0.100745.3100
43194.1421453241,,Console/Job Manager,Import Job Archive,Click,ContextMenu,Create Import,UIInteraction,
43194.1421513194,,Import/Export & Backup/Restore,Select file to import,Click,Button,...,UIInteraction,
43194.1421577083,,Import/Export & Backup/Restore,OK to select file,,,,UIAutomatic,FilePath=\\srv004bgc.dir.slb.com\MaxwellAT\TestData\TestData\Phase3\JobArchive\WL_SWF_DSLTH_CBL_Setup.Dlis
43194.1422083565,,Import/Export & Backup/Restore,Start Import,Click,Button,Import,UIInteraction,FilePath=\\srv004bgc.dir.slb.com\MaxwellAT\TestData\TestData\Phase3\JobArchive\WL_SWF_DSLTH_CBL_Setup.Dlis
43194.1424882639,,Import/Export & Backup/Restore,Close Import UI,Click,Button,Close,UIInteraction,
43194.1426218287,,Console/Job Manager,Select Auto Backup Folder,Click,ComboBox,C:\Autobackup,UIInteraction,
43194.1444327199,,UI Framework,Switch Tab,Click,Tab,Job: DSLT_H_CBL,UIInteraction,
43194.1920751273,,UI Framework,Switch Tab,Click,Tab,Messages: Job Independent,UIInteraction,
43194.1920877894,,UI Framework,Close Console,Click,Button,,UIInteraction,
