Time,Process,Component,Operation,Action,Control,ControlText,Category,Context
43194.0873383218,,Console/Job Manager,Start Job,Click,Button,Start,UIInteraction,JobName=10MSA0091;WellName=maderil;ClientName=PEMEX;StartDate=4/4/2018 2:05 AM;Workflow=D&M;Simulator=False;UnitSystem=PEMEX10MSA009109MAR14;JobSize=0;State=Available;SideTrackId=0;SessionID=E4825EF0-F241-4D65-8770-C2F6B886233F;SortOrder=1;JobGUID=BB403532-C792-4DAD-92BF-B3F88D06D9E4;WellGUID=F9E67108-36A3-4ADC-8C86-AC2E0EF160F7;BoreholeGUID=3181C471-9FE3-4FD4-B52D-16CC41691503;MachineName=HPV01-009;UserName=Engineer;UserDomainName=HPV01-009;OS=Microsoft Windows NT 6.1.7601 Service Pack 1;StartedJobCount=0;TimeZone=00:00:00;IPAddress_1=192.168.78.126;IPAddress_2=::1;MWVersion=9.0.100745.3100
43194.087952419,,Console/Job Manager,Stop Job,Click,Button,Stop,UIInteraction,JobGuid=BB403532-C792-4DAD-92BF-B3F88D06D9E4
43194.0881479167,,Console/Job Manager,Start Job,Click,Button,Start,UIInteraction,JobName=10MSA0091;WellName=maderil;ClientName=PEMEX;StartDate=4/4/2018 2:05 AM;Workflow=D&M;Simulator=False;UnitSystem=PEMEX10MSA009109MAR14;RTBackupDir=C:\AutoBackup;JobSize=111;State=Available;SideTrackId=0;SessionID=E4825EF0-F241-4D65-8770-C2F6B886233F;SortOrder=1;JobGUID=BB403532-C792-4DAD-92BF-B3F88D06D9E4;WellGUID=F9E67108-36A3-4ADC-8C86-AC2E0EF160F7;BoreholeGUID=3181C471-9FE3-4FD4-B52D-16CC41691503;MachineName=HPV01-009;UserName=Engineer;UserDomainName=HPV01-009;OS=Microsoft Windows NT 6.1.7601 Service Pack 1;StartedJobCount=0;TimeZone=00:00:00;IPAddress_1=192.168.78.126;IPAddress_2=::1;MWVersion=9.0.100745.3100
43194.0889172222,,Console/Job Manager,Start Data Central Console,Click,Button,Start...,UIInteraction,JobGuid=BB403532-C792-4DAD-92BF-B3F88D06D9E4
43194.0889510764,DataCentral,Computation / Recomputation,ProcessRecomputeState,,,,UIAutomatic,JobGuid=BB403532-C792-4DAD-92BF-B3F88D06D9E4;State=UIS_RECOMPUTATION_STATE_IN_PROGRESS;Scope=JobScope;RecompPercentageComplete=37.1833090680083;MultipleRunsAffected=False;ActiveRunAffected=False;ActiveRunInProgress=False;RunCount=1;Run0Change0=DataImport;Run0Guid=7DA3FC3D-F244-4A09-81E8-E432E30FCED8
43194.0889525579,DataCentral,UI Framework,Start Console,,,Data Central - Recompute - Job 10MSA0091,UIAutomatic,
43194.0889647338,,Console/Job Manager,Start Deliverables Console,Click,Button,Start...,UIInteraction,JobGuid=BB403532-C792-4DAD-92BF-B3F88D06D9E4
43194.0890295602,DeliverablesSetup,Tier Manager,Tier Template Created for Tools in My Equipment,,,ARC5 Tier Created,Deliverables Console,
43194.0890296759,DeliverablesSetup,Tier Manager,Tier Template Created for Tools in My Equipment,,,SHORT475 Tier Created,Deliverables Console,
43194.0890297569,DeliverablesSetup,Tier Manager,Tier Template Created for Tools in My Equipment,,,SONICSCOPE4 Tier Created,Deliverables Console,
43194.0890298495,DeliverablesSetup,Tier Manager,Tier Template Created for Tools in My Equipment,,,ADN4 Tier Created,Deliverables Console,
43194.0890339931,DeliverablesSetup,Computation / Recomputation,ProcessRecomputeState,,,,UIAutomatic,JobGuid=BB403532-C792-4DAD-92BF-B3F88D06D9E4;State=UIS_RECOMPUTATION_STATE_IN_PROGRESS;Scope=JobScope;RecompPercentageComplete=42.1832812789639;MultipleRunsAffected=False;ActiveRunAffected=False;ActiveRunInProgress=False;RunCount=1;Run0Change0=DataImport;Run0Guid=7DA3FC3D-F244-4A09-81E8-E432E30FCED8
43194.0890357639,DeliverablesSetup,UI Framework,Start Console,,,Deliverables Console Setup - Job 10MSA0091,UIAutomatic,
43194.0901369097,DeliverablesSetup,Computation / Recomputation,ProcessRecomputeState,,,,UIAutomatic,JobGuid=BB403532-C792-4DAD-92BF-B3F88D06D9E4;State=UIS_RECOMPUTATION_STATE_SUCCEEDED;Scope=JobScope;RecompPercentageComplete=;MultipleRunsAffected=False;ActiveRunAffected=False;ActiveRunInProgress=False;RunCount=1;Run0Change0=DataImport;Run0Guid=7DA3FC3D-F244-4A09-81E8-E432E30FCED8
43194.0901369444,DataCentral,Computation / Recomputation,ProcessRecomputeState,,,,UIAutomatic,JobGuid=BB403532-C792-4DAD-92BF-B3F88D06D9E4;State=UIS_RECOMPUTATION_STATE_SUCCEEDED;Scope=JobScope;RecompPercentageComplete=;MultipleRunsAffected=False;ActiveRunAffected=False;ActiveRunInProgress=False;RunCount=1;Run0Change0=DataImport;Run0Guid=7DA3FC3D-F244-4A09-81E8-E432E30FCED8
43194.0901764815,DataCentral,Computation / Recomputation,Recompute/Select Run,Click,Button,Select Run...,UIInteraction,
43194.0902515741,DataCentral,Data Explorer,Click OK Button,Click,Button,OK,UIInteraction,Selection=Run 1____09:37:59 09-Mar-2014_10:51:26 09-Mar-2014_
43194.0902557986,DataCentral,Computation / Recomputation,Recompute/Confirm to Select Run,,,,UIAutomatic,RunNo=1;RunGuid=7DA3FC3D-F244-4A09-81E8-E432E30FCED8
43194.091006794,DataCentral,UI Framework,Switch Tab,Click,Tab,Survey Manager,UIInteraction,
43194.0913272801,DataCentral,Data Acquiring - D&M,Survey Manager/Calculate TVD from MD,Click,ToolbarButton,Calculate TVD from MD,UIInteraction,
43194.0915925231,DataCentral,Data Acquiring - D&M,Survey Manager/Switch Survey Tabs,Click,Tab,Long/Uncorrected: Run 1 (42),UIInteraction,
43194.0916335532,DataCentral,Data Acquiring - D&M,Survey Manager/Toggle Minimal View/Select Run,Click,ComboBox,1,UIInteraction,RunGuid=7DA3FC3D-F244-4A09-81E8-E432E30FCED8=
43194.0920538079,DataCentral,Data Explorer,Click OK Button,Click,Button,OK,UIInteraction,Selection=Drilling____6450.03 (m)_7075.86 (m)_
43194.0921327315,DataCentral,UI Framework,Switch View,Click,ToolbarButton,Recorded Mode Processing,UIInteraction,
43194.0922221528,DataCentral,RM Processing,Select run,Click,ComboBox,1,UIInteraction,RunGuid=7DA3FC3D-F244-4A09-81E8-E432E30FCED8
43194.0923169097,DataCentral,RM Processing,Load TFF file,Click,Button,Load...,UIInteraction,
43194.0924870833,DataCentral,RM Processing,Open selected bin-db file,Click,Button,open,UIInteraction,FileName =C:\TestComplete\ADN2771TIME_LWD_CLOCK.BIN_DB=
43194.094657662,DataCentral,RM Processing,Load TFF file,Click,Button,Load...,UIInteraction,
43194.0948270833,DataCentral,RM Processing,Open selected bin-db file,Click,Button,open,UIInteraction,FileName =C:\TestComplete\ARC1736TIME.BIN_DB=
43194.0962961343,DataCentral,RM Processing,Load TFF file,Click,Button,Load...,UIInteraction,
43194.0964669676,DataCentral,RM Processing,Open selected bin-db file,Click,Button,open,UIInteraction,FileName =C:\TestComplete\IMPtime.bin_db=
43194.0979369213,DataCentral,RM Processing,Load TFF file,Click,Button,Load...,UIInteraction,
43194.098163125,DataCentral,RM Processing,Open selected bin-db file,Click,Button,open,UIInteraction,FileName =C:\TestComplete\MP30178TIME_15.BIN_DB=
43194.1003281713,DataCentral,UI Framework,Switch Tab,Click,Tab,Calibrations,UIInteraction,
43194.1004657292,DataCentral,RM Processing,Start RM processing,Click,Button,Start,UIInteraction,
43194.1167255208,DataCentral,UI Framework,Switch View,Click,ToolbarButton,Depth Shift,UIInteraction,
43194.1167786458,DataCentral,Time/Depth Edit/Shift,DepthShift/Select Pass,Click,CheckBox,Select Pass,UIInteraction,CheckState=True;RunName=Run 1;PassName=Run 1 : Trip In 1;RunGuid=7DA3FC3D-F244-4A09-81E8-E432E30FCED8;PassGuid=D166DA0D-670C-4EB9-97C6-7A19F2C41394
43194.1167910532,DataCentral,Time/Depth Edit/Shift,DepthShift/Select Pass,Click,CheckBox,Select Pass,UIInteraction,CheckState=True;RunName=Run 1;PassName=Run 1 : Drilling;RunGuid=7DA3FC3D-F244-4A09-81E8-E432E30FCED8;PassGuid=E2E4FBA9-16C7-4EF3-AAF6-FCB668C58533
43194.1168362153,DataCentral,Time/Depth Edit/Shift,DepthShift/Check Datum,Click,CheckBox,Datum,UIInteraction,CheckState=True
43194.1169755671,DataCentral,Time/Depth Edit/Shift,DepthShift/Input ShiftBy,Input,TextBox,0.2,UIInteraction,PassName=Run 1 : Trip In 1;PassGuid=D166DA0D-670C-4EB9-97C6-7A19F2C41394
43194.1170305787,DataCentral,Time/Depth Edit/Shift,DepthShift/Shift,Click,Button,Shift,UIInteraction,
43194.1170309954,DataCentral,Time/Depth Edit/Shift,DepthShift/Shift,Click,Button,ApplyShift,UIInteraction,ShiftSelectedPasses() Shift Value=0.199999999999818
43194.1170311111,DataCentral,Time/Depth Edit/Shift,DepthShift/Shift,Click,Button,ApplyShift,UIInteraction,AddTimeDepthModification() Shift Value=0.199999999999818
43194.1170312153,DataCentral,Time/Depth Edit/Shift,DepthShift/Shift,Click,Button,ApplyShift,UIInteraction,ApplyBlockShift() Shift Value=0.199999999999818
43194.1170334144,DataCentral,Computation / Recomputation,ProcessRecomputeState,,,,UIAutomatic,JobGuid=BB403532-C792-4DAD-92BF-B3F88D06D9E4;State=UIS_RECOMPUTATION_STATE_PENDING;Scope=JobScope;RecompPercentageComplete=;MultipleRunsAffected=False;ActiveRunAffected=False;ActiveRunInProgress=False;RunCount=1;Run0Change0=TimeDepthEdit;Run0Guid=7DA3FC3D-F244-4A09-81E8-E432E30FCED8
43194.1170334954,DeliverablesSetup,Computation / Recomputation,ProcessRecomputeState,,,,UIAutomatic,JobGuid=BB403532-C792-4DAD-92BF-B3F88D06D9E4;State=UIS_RECOMPUTATION_STATE_PENDING;Scope=JobScope;RecompPercentageComplete=;MultipleRunsAffected=False;ActiveRunAffected=False;ActiveRunInProgress=False;RunCount=1;Run0Change0=TimeDepthEdit;Run0Guid=7DA3FC3D-F244-4A09-81E8-E432E30FCED8
43194.1170555903,DataCentral,Time/Depth Edit/Shift,DepthShift/Reset Shift,Click,Button,Reset,UIInteraction,PassName=Run 1 : Trip In 1;PassGuid=D166DA0D-670C-4EB9-97C6-7A19F2C41394
43194.1171000116,DataCentral,UI Framework,Switch View,Click,ToolbarButton,Data Mask Editor,UIInteraction,
43194.1172630556,DataCentral,Data Explorer,Change Current Focused Item,,,,UIAutomatic,EntityName=Run 1;EntityType=16;EntityGuid=7DA3FC3D-F244-4A09-81E8-E432E30FCED8
43194.1172999537,DataCentral,Data Explorer,Change Current Focused Item,,,,UIAutomatic,EntityName=Drilling;EntityType=32;EntityGuid=E2E4FBA9-16C7-4EF3-AAF6-FCB668C58533
43194.1173470486,DataCentral,Data Explorer,Click OK Button,Click,Button,OK,UIInteraction,Selection=GR_GR_IMP_RT_Gamma Ray_SHORT475_60___
43194.1173479514,DataCentral,Data Mask Editor,Data Mask Editor/Add New Channel,Click,ToolbarButton,Add Channels,UIInteraction,PassName=Run 1 : Drilling;OSDD=GR
43194.1184721875,DataCentral,Data Mask Editor,Data Mask Editor/Compute Points To Mask,Click,ToolbarButton,Compute Points to Mask,UIInteraction,
43194.1184937153,DataCentral,Data Mask Editor,Data Mask Editor/Select Channel,Click,ComboBox,GR,UIInteraction,OSDD=GR
43194.1185415625,DataCentral,Data Mask Editor,Data Mask Editor/Input Top Depth,Input,TextBox,6584,UIInteraction,
43194.1186179861,DataCentral,Data Mask Editor,Data Mask Editor/Input Bottom Depth,Input,TextBox,6614,UIInteraction,
43194.1187280671,DataCentral,Data Mask Editor,Data Mask Editor/Input Lower Than,Input,TextBox,80,UIInteraction,
43194.1187762037,DataCentral,Data Mask Editor,Data Mask Editor/Compute,Click,Button,Compute,UIInteraction,
43194.1197840162,DataCentral,Data Mask Editor,Data Mask Editor/Export Data Mask Info,Click,ToolbarButton,Export Data Mask Info,UIInteraction,
43194.1198515509,DataCentral,UI Framework,Switch View,Click,ToolbarButton,Time Depth Editor,UIInteraction,
43194.1198538542,DataCentral,Time/Depth Edit/Shift,Time Depth Editor/Select Start Point/Browse Event,Click,ComboBox,Browse Event,UIInteraction,
43194.1198543171,DataCentral,Time/Depth Edit/Shift,Time Depth Editor/Select Stop Point/Browse Event,Click,ComboBox,Browse Event,UIInteraction,
43194.1198548958,DataCentral,Time/Depth Edit/Shift,Time Depth Editor/Select Shift Type,Click,ComboBox,Select Shift Type,UIInteraction,
43194.1198555093,DataCentral,Time/Depth Edit/Shift,Time Depth Editor/Select size in "Time Depth Curve Viewer",Click,ComboBox,100%,UIInteraction,OldSize=100
43194.1199377894,DataCentral,Time/Depth Edit/Shift,Time Depth Editor/Click Select Run,Click,Button,Select Run...,UIInteraction,
43194.1200328241,DataCentral,Data Explorer,Click OK Button,Click,Button,OK,UIInteraction,Selection=Run 1____09:37:59 09-Mar-2014_10:51:26 09-Mar-2014_
43194.1200328472,DataCentral,Time/Depth Edit/Shift,Time Depth Editor/Click Select Run,,,,UIAutomatic,RunGuid=7DA3FC3D-F244-4A09-81E8-E432E30FCED8
43194.121569294,DataCentral,Time/Depth Edit/Shift,Time Depth Editor/Start Ream,Click,CheckBox,Start Ream (A),UIInteraction,CheckState=Checked
43194.1216637269,DataCentral,Time/Depth Edit/Shift,Time Depth Deitor/Stop Ream,Click,CheckBox,Stop Ream (F),UIInteraction,CheckState=Checked
43194.1217619444,DataCentral,Time/Depth Edit/Shift,Time Depth Editor/On Bottom,Click,CheckBox,On Bottom (B),UIInteraction,CheckState=Checked
43194.1218458333,DataCentral,Time/Depth Edit/Shift,Time Depth Editor/Change Start Point,Change Start Point,AxLgLogViewer,40454.172174729,UIInteraction,
43194.1218830093,DataCentral,Time/Depth Edit/Shift,Time Depth Editor/Change Stop Point,Change Stop Point,AxLgLogViewer,40454.9800286932,UIInteraction,
43194.1219040625,DataCentral,Time/Depth Edit/Shift,Time Depth Editor/Select Shift Type,Click,ComboBox,Start Shift,UIInteraction,
43194.1219908333,DataCentral,Time/Depth Edit/Shift,Time Depth Editor/Confirm Shift,Click,Button,Shift,UIInteraction,
43194.1221800347,DataCentral,Time/Depth Edit/Shift,DepthShift/Shift,Click,Button,ApplyShift,UIInteraction,AddTimeDepthModification() Shift Value=0.00023314623095814
43194.1221800463,DataCentral,Time/Depth Edit/Shift,DepthShift/Shift,Click,Button,ApplyShift,UIInteraction,AddTimeDepthModification() Shift Value=0.0994328354599843
43194.1221801157,DataCentral,Time/Depth Edit/Shift,DepthShift/Shift,Click,Button,ApplyShift,UIInteraction,AddTimeDepthModification() Shift Value=0.000240408443980982
43194.1221801273,DataCentral,Time/Depth Edit/Shift,DepthShift/Shift,Click,Button,ApplyShift,UIInteraction,AddTimeDepthModification() Shift Value=0.0991924270160033
43194.1221801389,DataCentral,Time/Depth Edit/Shift,DepthShift/Shift,Click,Button,ApplyShift,UIInteraction,AddTimeDepthModification() Shift Value=0.000245819855333644
43194.1221801505,DataCentral,Time/Depth Edit/Shift,DepthShift/Shift,Click,Button,ApplyShift,UIInteraction,AddTimeDepthModification() Shift Value=0.0989466071606696
43194.122180162,DataCentral,Time/Depth Edit/Shift,DepthShift/Shift,Click,Button,ApplyShift,UIInteraction,AddTimeDepthModification() Shift Value=0.000216836079161055
43194.1221801736,DataCentral,Time/Depth Edit/Shift,DepthShift/Shift,Click,Button,ApplyShift,UIInteraction,AddTimeDepthModification() Shift Value=0.0987297710815086
43194.1221801968,DataCentral,Time/Depth Edit/Shift,DepthShift/Shift,Click,Button,ApplyShift,UIInteraction,AddTimeDepthModification() Shift Value=0.0985164739283894
43194.1221801852,DataCentral,Time/Depth Edit/Shift,DepthShift/Shift,Click,Button,ApplyShift,UIInteraction,AddTimeDepthModification() Shift Value=0.000213297153119211
43194.1221802083,DataCentral,Time/Depth Edit/Shift,DepthShift/Shift,Click,Button,ApplyShift,UIInteraction,AddTimeDepthModification() Shift Value=0.000211413823715631
43194.1221802199,DataCentral,Time/Depth Edit/Shift,DepthShift/Shift,Click,Button,ApplyShift,UIInteraction,AddTimeDepthModification() Shift Value=0.0983050601046737
43194.1221802199,DataCentral,Time/Depth Edit/Shift,DepthShift/Shift,Click,Button,ApplyShift,UIInteraction,AddTimeDepthModification() Shift Value=0.000220515985226123
43194.1221802315,DataCentral,Time/Depth Edit/Shift,DepthShift/Shift,Click,Button,ApplyShift,UIInteraction,AddTimeDepthModification() Shift Value=0.0980845441194476
43194.1221802431,DataCentral,Time/Depth Edit/Shift,DepthShift/Shift,Click,Button,ApplyShift,UIInteraction,AddTimeDepthModification() Shift Value=0.00022957477036557
43194.1221802546,DataCentral,Time/Depth Edit/Shift,DepthShift/Shift,Click,Button,ApplyShift,UIInteraction,AddTimeDepthModification() Shift Value=0.097854969349082
43194.1221802662,DataCentral,Time/Depth Edit/Shift,DepthShift/Shift,Click,Button,ApplyShift,UIInteraction,AddTimeDepthModification() Shift Value=0.000245809008968441
43194.1221802778,DataCentral,Time/Depth Edit/Shift,DepthShift/Shift,Click,Button,ApplyShift,UIInteraction,AddTimeDepthModification() Shift Value=0.0976091603401136
43194.1221803125,DataCentral,Time/Depth Edit/Shift,DepthShift/Shift,Click,Button,ApplyShift,UIInteraction,AddTimeDepthModification() Shift Value=0.000204216679794242
43194.1221803241,DataCentral,Time/Depth Edit/Shift,DepthShift/Shift,Click,Button,ApplyShift,UIInteraction,AddTimeDepthModification() Shift Value=0.0974049436603193
43194.1221803356,DataCentral,Time/Depth Edit/Shift,DepthShift/Shift,Click,Button,ApplyShift,UIInteraction,AddTimeDepthModification() Shift Value=0.00020420583570148
43194.1221803472,DataCentral,Time/Depth Edit/Shift,DepthShift/Shift,Click,Button,ApplyShift,UIInteraction,AddTimeDepthModification() Shift Value=0.0972007378246179
43194.1221803588,DataCentral,Time/Depth Edit/Shift,DepthShift/Shift,Click,Button,ApplyShift,UIInteraction,AddTimeDepthModification() Shift Value=0.00019517958511276
43194.1221803704,DataCentral,Time/Depth Edit/Shift,DepthShift/Shift,Click,Button,ApplyShift,UIInteraction,AddTimeDepthModification() Shift Value=0.0970055582395051
43194.1221803819,DataCentral,Time/Depth Edit/Shift,DepthShift/Shift,Click,Button,ApplyShift,UIInteraction,AddTimeDepthModification() Shift Value=0.000187993283011691
43194.1221803935,DataCentral,Time/Depth Edit/Shift,DepthShift/Shift,Click,Button,ApplyShift,UIInteraction,AddTimeDepthModification() Shift Value=0.0968175649564934
43194.1221804051,DataCentral,Time/Depth Edit/Shift,DepthShift/Shift,Click,Button,ApplyShift,UIInteraction,AddTimeDepthModification() Shift Value=0.000177094544839709
43194.1221804167,DataCentral,Time/Depth Edit/Shift,DepthShift/Shift,Click,Button,ApplyShift,UIInteraction,AddTimeDepthModification() Shift Value=0.0966404704116537
43194.1221804282,DataCentral,Time/Depth Edit/Shift,DepthShift/Shift,Click,Button,ApplyShift,UIInteraction,AddTimeDepthModification() Shift Value=0.000216879460076984
43194.1221804398,DataCentral,Time/Depth Edit/Shift,DepthShift/Shift,Click,Button,ApplyShift,UIInteraction,AddTimeDepthModification() Shift Value=0.0964235909515767
43194.1221804514,DataCentral,Time/Depth Edit/Shift,DepthShift/Shift,Click,Button,ApplyShift,UIInteraction,AddTimeDepthModification() Shift Value=0.000211457200086677
43194.122180463,DataCentral,Time/Depth Edit/Shift,DepthShift/Shift,Click,Button,ApplyShift,UIInteraction,AddTimeDepthModification() Shift Value=0.0962121337514901
43194.1221804745,DataCentral,Time/Depth Edit/Shift,DepthShift/Shift,Click,Button,ApplyShift,UIInteraction,AddTimeDepthModification() Shift Value=0.000191586436334667
43194.1221804977,DataCentral,Time/Depth Edit/Shift,DepthShift/Shift,Click,Button,ApplyShift,UIInteraction,AddTimeDepthModification() Shift Value=0.000198772733890853
43194.1221805093,DataCentral,Time/Depth Edit/Shift,DepthShift/Shift,Click,Button,ApplyShift,UIInteraction,AddTimeDepthModification() Shift Value=0.0958217745812645
43194.1221804861,DataCentral,Time/Depth Edit/Shift,DepthShift/Shift,Click,Button,ApplyShift,UIInteraction,AddTimeDepthModification() Shift Value=0.0960205473151554
43194.1221805208,DataCentral,Time/Depth Edit/Shift,DepthShift/Shift,Click,Button,ApplyShift,UIInteraction,AddTimeDepthModification() Shift Value=0.000244023280944598
43194.1221805324,DataCentral,Time/Depth Edit/Shift,DepthShift/Shift,Click,Button,ApplyShift,UIInteraction,AddTimeDepthModification() Shift Value=0.0955777513003199
43194.122180544,DataCentral,Time/Depth Edit/Shift,DepthShift/Shift,Click,Button,ApplyShift,UIInteraction,AddTimeDepthModification() Shift Value=0.000236761070194198
43194.1221805556,DataCentral,Time/Depth Edit/Shift,DepthShift/Shift,Click,Button,ApplyShift,UIInteraction,AddTimeDepthModification() Shift Value=0.0953409902301257
43194.1221805671,DataCentral,Time/Depth Edit/Shift,DepthShift/Shift,Click,Button,ApplyShift,UIInteraction,AddTimeDepthModification() Shift Value=0.000287379652229559
43194.1221805787,DataCentral,Time/Depth Edit/Shift,DepthShift/Shift,Click,Button,ApplyShift,UIInteraction,AddTimeDepthModification() Shift Value=0.0950536105778962
43194.1221805903,DataCentral,Time/Depth Edit/Shift,DepthShift/Shift,Click,Button,ApplyShift,UIInteraction,AddTimeDepthModification() Shift Value=0.000269262084223107
43194.1221806019,DataCentral,Time/Depth Edit/Shift,DepthShift/Shift,Click,Button,ApplyShift,UIInteraction,AddTimeDepthModification() Shift Value=0.0947843484936731
43194.1221806134,DataCentral,Time/Depth Edit/Shift,DepthShift/Shift,Click,Button,ApplyShift,UIInteraction,AddTimeDepthModification() Shift Value=0.000244023280944598
43194.122180625,DataCentral,Time/Depth Edit/Shift,DepthShift/Shift,Click,Button,ApplyShift,UIInteraction,AddTimeDepthModification() Shift Value=0.0945403252127285
43194.122180625,DataCentral,Time/Depth Edit/Shift,DepthShift/Shift,Click,Button,ApplyShift,UIInteraction,AddTimeDepthModification() Shift Value=0.000262119158493084
43194.1221806366,DataCentral,Time/Depth Edit/Shift,DepthShift/Shift,Click,Button,ApplyShift,UIInteraction,AddTimeDepthModification() Shift Value=0.0942782060542354
43194.1221806481,DataCentral,Time/Depth Edit/Shift,DepthShift/Shift,Click,Button,ApplyShift,UIInteraction,AddTimeDepthModification() Shift Value=0.000265658086807369
43194.1221806597,DataCentral,Time/Depth Edit/Shift,DepthShift/Shift,Click,Button,ApplyShift,UIInteraction,AddTimeDepthModification() Shift Value=0.094012547967428
43194.1221806829,DataCentral,Time/Depth Edit/Shift,DepthShift/Shift,Click,Button,ApplyShift,UIInteraction,AddTimeDepthModification() Shift Value=0.000244023278672156
43194.1221806944,DataCentral,Time/Depth Edit/Shift,DepthShift/Shift,Click,Button,ApplyShift,UIInteraction,AddTimeDepthModification() Shift Value=0.0937685246887559
43194.122180706,DataCentral,Time/Depth Edit/Shift,DepthShift/Shift,Click,Button,ApplyShift,UIInteraction,AddTimeDepthModification() Shift Value=0.000213307999484415
43194.1221807176,DataCentral,Time/Depth Edit/Shift,DepthShift/Shift,Click,Button,ApplyShift,UIInteraction,AddTimeDepthModification() Shift Value=0.0935552166892715
43194.1221807176,DataCentral,Time/Depth Edit/Shift,DepthShift/Shift,Click,Button,ApplyShift,UIInteraction,AddTimeDepthModification() Shift Value=0.000251209580773225
43194.1221807292,DataCentral,Time/Depth Edit/Shift,DepthShift/Shift,Click,Button,ApplyShift,UIInteraction,AddTimeDepthModification() Shift Value=0.0933040071084982
43194.1221807407,DataCentral,Time/Depth Edit/Shift,DepthShift/Shift,Click,Button,ApplyShift,UIInteraction,AddTimeDepthModification() Shift Value=0.000263904891061811
43194.1221807523,DataCentral,Time/Depth Edit/Shift,DepthShift/Shift,Click,Button,ApplyShift,UIInteraction,AddTimeDepthModification() Shift Value=0.0930401022174364
43194.1221807639,DataCentral,Time/Depth Edit/Shift,DepthShift/Shift,Click,Button,ApplyShift,UIInteraction,AddTimeDepthModification() Shift Value=0.00011744971448807
43194.1221807755,DataCentral,Time/Depth Edit/Shift,DepthShift/Shift,Click,Button,ApplyShift,UIInteraction,AddTimeDepthModification() Shift Value=0.0929226525029484
43194.122180787,DataCentral,Time/Depth Edit/Shift,DepthShift/Shift,Click,Button,ApplyShift,UIInteraction,AddTimeDepthModification() Shift Value=7.94939127354517E-05
43194.1221807986,DataCentral,Time/Depth Edit/Shift,DepthShift/Shift,Click,Button,ApplyShift,UIInteraction,AddTimeDepthModification() Shift Value=0.0928431585902129
43194.1221808102,DataCentral,Time/Depth Edit/Shift,DepthShift/Shift,Click,Button,ApplyShift,UIInteraction,AddTimeDepthModification() Shift Value=0.000460956963757832
43194.1221808218,DataCentral,Time/Depth Edit/Shift,DepthShift/Shift,Click,Button,ApplyShift,UIInteraction,AddTimeDepthModification() Shift Value=0.0923822016264551
43194.1221808333,DataCentral,Time/Depth Edit/Shift,DepthShift/Shift,Click,Button,ApplyShift,UIInteraction,AddTimeDepthModification() Shift Value=0.000234942807619628
43194.1221808565,DataCentral,Time/Depth Edit/Shift,DepthShift/Shift,Click,Button,ApplyShift,UIInteraction,AddTimeDepthModification() Shift Value=0.0921472588188354
43194.1221808681,DataCentral,Time/Depth Edit/Shift,DepthShift/Shift,Click,Button,ApplyShift,UIInteraction,AddTimeDepthModification() Shift Value=0.000234942805347186
43194.1221808796,DataCentral,Time/Depth Edit/Shift,DepthShift/Shift,Click,Button,ApplyShift,UIInteraction,AddTimeDepthModification() Shift Value=0.0919123160134883
43194.1221808912,DataCentral,Time/Depth Edit/Shift,DepthShift/Shift,Click,Button,ApplyShift,UIInteraction,AddTimeDepthModification() Shift Value=0.00063072423101813
43194.1221809028,DataCentral,Time/Depth Edit/Shift,DepthShift/Shift,Click,Button,ApplyShift,UIInteraction,AddTimeDepthModification() Shift Value=0.0912815917824701
43194.1221809028,DataCentral,Time/Depth Edit/Shift,DepthShift/Shift,Click,Button,ApplyShift,UIInteraction,AddTimeDepthModification() Shift Value=0.000536846881349987
43194.1221809144,DataCentral,Time/Depth Edit/Shift,DepthShift/Shift,Click,Button,ApplyShift,UIInteraction,AddTimeDepthModification() Shift Value=0.0907447449011201
43194.1221809259,DataCentral,Time/Depth Edit/Shift,DepthShift/Shift,Click,Button,ApplyShift,UIInteraction,AddTimeDepthModification() Shift Value=0.000374135775715411
43194.1221809375,DataCentral,Time/Depth Edit/Shift,DepthShift/Shift,Click,Button,ApplyShift,UIInteraction,AddTimeDepthModification() Shift Value=0.0903706091254047
43194.1221809491,DataCentral,Time/Depth Edit/Shift,DepthShift/Shift,Click,Button,ApplyShift,UIInteraction,AddTimeDepthModification() Shift Value=0.000327189864290099
43194.1221809607,DataCentral,Time/Depth Edit/Shift,DepthShift/Shift,Click,Button,ApplyShift,UIInteraction,AddTimeDepthModification() Shift Value=0.0900434192611146
43194.1221809722,DataCentral,Time/Depth Edit/Shift,DepthShift/Shift,Click,Button,ApplyShift,UIInteraction,AddTimeDepthModification() Shift Value=0.000372382577697411
43194.1221809838,DataCentral,Time/Depth Edit/Shift,DepthShift/Shift,Click,Button,ApplyShift,UIInteraction,AddTimeDepthModification() Shift Value=0.0896710366834172
43194.1221809954,DataCentral,Time/Depth Edit/Shift,DepthShift/Shift,Click,Button,ApplyShift,UIInteraction,AddTimeDepthModification() Shift Value=0.000319934884449835
43194.1221810069,DataCentral,Time/Depth Edit/Shift,DepthShift/Shift,Click,Button,ApplyShift,UIInteraction,AddTimeDepthModification() Shift Value=0.0893511017989674
43194.1221810185,DataCentral,Time/Depth Edit/Shift,DepthShift/Shift,Click,Button,ApplyShift,UIInteraction,AddTimeDepthModification() Shift Value=0.000222312561887612
43194.1221810417,DataCentral,Time/Depth Edit/Shift,DepthShift/Shift,Click,Button,ApplyShift,UIInteraction,AddTimeDepthModification() Shift Value=0.0891287892370798
43194.1221810532,DataCentral,Time/Depth Edit/Shift,DepthShift/Shift,Click,Button,ApplyShift,UIInteraction,AddTimeDepthModification() Shift Value=0.000254867794107887
43194.1221810648,DataCentral,Time/Depth Edit/Shift,DepthShift/Shift,Click,Button,ApplyShift,UIInteraction,AddTimeDepthModification() Shift Value=0.0888739214429719
43194.1221810764,DataCentral,Time/Depth Edit/Shift,DepthShift/Shift,Click,Button,ApplyShift,UIInteraction,AddTimeDepthModification() Shift Value=0.00030906868082858
43194.122181088,DataCentral,Time/Depth Edit/Shift,DepthShift/Shift,Click,Button,ApplyShift,UIInteraction,AddTimeDepthModification() Shift Value=0.0885648527621433
43194.1221810995,DataCentral,Time/Depth Edit/Shift,DepthShift/Shift,Click,Button,ApplyShift,UIInteraction,AddTimeDepthModification() Shift Value=0.000260394884115626
43194.1221811111,DataCentral,Time/Depth Edit/Shift,DepthShift/Shift,Click,Button,ApplyShift,UIInteraction,AddTimeDepthModification() Shift Value=0.0883044578780277
43194.1221811227,DataCentral,Time/Depth Edit/Shift,DepthShift/Shift,Click,Button,ApplyShift,UIInteraction,AddTimeDepthModification() Shift Value=0.000227723973240274
43194.1221811343,DataCentral,Time/Depth Edit/Shift,DepthShift/Shift,Click,Button,ApplyShift,UIInteraction,AddTimeDepthModification() Shift Value=0.0880767339047874
43194.1221811458,DataCentral,Time/Depth Edit/Shift,DepthShift/Shift,Click,Button,ApplyShift,UIInteraction,AddTimeDepthModification() Shift Value=0.000262119163037968
43194.1221811574,DataCentral,Time/Depth Edit/Shift,DepthShift/Shift,Click,Button,ApplyShift,UIInteraction,AddTimeDepthModification() Shift Value=0.0878146147417494
43194.122181169,DataCentral,Time/Depth Edit/Shift,DepthShift/Shift,Click,Button,ApplyShift,UIInteraction,AddTimeDepthModification() Shift Value=0.00039058328753577
43194.122181169,DataCentral,Time/Depth Edit/Shift,DepthShift/Shift,Click,Button,ApplyShift,UIInteraction,AddTimeDepthModification() Shift Value=0.0874240314542137
43194.1221811806,DataCentral,Time/Depth Edit/Shift,DepthShift/Shift,Click,Button,ApplyShift,UIInteraction,AddTimeDepthModification() Shift Value=0.000227734819605478
43194.1221811921,DataCentral,Time/Depth Edit/Shift,DepthShift/Shift,Click,Button,ApplyShift,UIInteraction,AddTimeDepthModification() Shift Value=0.0871962966346082
43194.1221812037,DataCentral,Time/Depth Edit/Shift,DepthShift/Shift,Click,Button,ApplyShift,UIInteraction,AddTimeDepthModification() Shift Value=0.000220526831591327
43194.1221812268,DataCentral,Time/Depth Edit/Shift,DepthShift/Shift,Click,Button,ApplyShift,UIInteraction,AddTimeDepthModification() Shift Value=0.0869757698030169
43194.1221812384,DataCentral,Time/Depth Edit/Shift,DepthShift/Shift,Click,Button,ApplyShift,UIInteraction,AddTimeDepthModification() Shift Value=0.000198837798447422
43194.12218125,DataCentral,Time/Depth Edit/Shift,DepthShift/Shift,Click,Button,ApplyShift,UIInteraction,AddTimeDepthModification() Shift Value=0.0867769320045694
43194.1221812616,DataCentral,Time/Depth Edit/Shift,DepthShift/Shift,Click,Button,ApplyShift,UIInteraction,AddTimeDepthModification() Shift Value=0.000963365274394196
43194.1221812731,DataCentral,Time/Depth Edit/Shift,DepthShift/Shift,Click,Button,ApplyShift,UIInteraction,AddTimeDepthModification() Shift Value=0.0858135667301752
43194.1221812847,DataCentral,Time/Depth Edit/Shift,DepthShift/Shift,Click,Button,ApplyShift,UIInteraction,AddTimeDepthModification() Shift Value=0.000209479887030868
43194.1221812963,DataCentral,Time/Depth Edit/Shift,DepthShift/Shift,Click,Button,ApplyShift,UIInteraction,AddTimeDepthModification() Shift Value=0.0856040868431444
43194.1221813079,DataCentral,Time/Depth Edit/Shift,DepthShift/Shift,Click,Button,ApplyShift,UIInteraction,AddTimeDepthModification() Shift Value=0.000218585663996429
43194.1221813194,DataCentral,Time/Depth Edit/Shift,DepthShift/Shift,Click,Button,ApplyShift,UIInteraction,AddTimeDepthModification() Shift Value=0.0853855011791479
43194.122181331,DataCentral,Time/Depth Edit/Shift,DepthShift/Shift,Click,Button,ApplyShift,UIInteraction,AddTimeDepthModification() Shift Value=0.000191575592241906
43194.1221813426,DataCentral,Time/Depth Edit/Shift,DepthShift/Shift,Click,Button,ApplyShift,UIInteraction,AddTimeDepthModification() Shift Value=0.085193925586906
43194.1221813542,DataCentral,Time/Depth Edit/Shift,DepthShift/Shift,Click,Button,ApplyShift,UIInteraction,AddTimeDepthModification() Shift Value=0.000189789857400737
43194.1221813657,DataCentral,Time/Depth Edit/Shift,DepthShift/Shift,Click,Button,ApplyShift,UIInteraction,AddTimeDepthModification() Shift Value=0.0850041357295053
43194.1221813773,DataCentral,Time/Depth Edit/Shift,DepthShift/Shift,Click,Button,ApplyShift,UIInteraction,AddTimeDepthModification() Shift Value=0.000245852387611929
43194.1221813889,DataCentral,Time/Depth Edit/Shift,DepthShift/Shift,Click,Button,ApplyShift,UIInteraction,AddTimeDepthModification() Shift Value=0.0847582833418934
43194.1221814005,DataCentral,Time/Depth Edit/Shift,DepthShift/Shift,Click,Button,ApplyShift,UIInteraction,AddTimeDepthModification() Shift Value=0.000195085601460532
43194.122181412,DataCentral,Time/Depth Edit/Shift,DepthShift/Shift,Click,Button,ApplyShift,UIInteraction,AddTimeDepthModification() Shift Value=0.0845631977404328
43194.1221814236,DataCentral,Time/Depth Edit/Shift,DepthShift/Shift,Click,Button,ApplyShift,UIInteraction,AddTimeDepthModification() Shift Value=0.000175308819088308
43194.1221814352,DataCentral,Time/Depth Edit/Shift,DepthShift/Shift,Click,Button,ApplyShift,UIInteraction,AddTimeDepthModification() Shift Value=0.0843878889213445
43194.1221814468,DataCentral,Time/Depth Edit/Shift,DepthShift/Shift,Click,Button,ApplyShift,UIInteraction,AddTimeDepthModification() Shift Value=0.000169875715005239
43194.1221814583,DataCentral,Time/Depth Edit/Shift,DepthShift/Shift,Click,Button,ApplyShift,UIInteraction,AddTimeDepthModification() Shift Value=0.0842180132063393
43194.1221814699,DataCentral,Time/Depth Edit/Shift,DepthShift/Shift,Click,Button,ApplyShift,UIInteraction,AddTimeDepthModification() Shift Value=0.000155438050791415
43194.1221814815,DataCentral,Time/Depth Edit/Shift,DepthShift/Shift,Click,Button,ApplyShift,UIInteraction,AddTimeDepthModification() Shift Value=0.0840625751555479
43194.1221814931,DataCentral,Time/Depth Edit/Shift,DepthShift/Shift,Click,Button,ApplyShift,UIInteraction,AddTimeDepthModification() Shift Value=0.000193361320265749
43194.1221815046,DataCentral,Time/Depth Edit/Shift,DepthShift/Shift,Click,Button,ApplyShift,UIInteraction,AddTimeDepthModification() Shift Value=0.0838692138352821
43194.1221815162,DataCentral,Time/Depth Edit/Shift,DepthShift/Shift,Click,Button,ApplyShift,UIInteraction,AddTimeDepthModification() Shift Value=0.000173555621070308
43194.1221815278,DataCentral,Time/Depth Edit/Shift,DepthShift/Shift,Click,Button,ApplyShift,UIInteraction,AddTimeDepthModification() Shift Value=0.0836956582142118
43194.1221815394,DataCentral,Time/Depth Edit/Shift,DepthShift/Shift,Click,Button,ApplyShift,UIInteraction,AddTimeDepthModification() Shift Value=0.000204205833429038
43194.1221815509,DataCentral,Time/Depth Edit/Shift,DepthShift/Shift,Click,Button,ApplyShift,UIInteraction,AddTimeDepthModification() Shift Value=0.0834914523807828
43194.1221815625,DataCentral,Time/Depth Edit/Shift,DepthShift/Shift,Click,Button,ApplyShift,UIInteraction,AddTimeDepthModification() Shift Value=0.000171672289394286
43194.1221815741,DataCentral,Time/Depth Edit/Shift,DepthShift/Shift,Click,Button,ApplyShift,UIInteraction,AddTimeDepthModification() Shift Value=0.0833197800913885
43194.1221815856,DataCentral,Time/Depth Edit/Shift,DepthShift/Shift,Click,Button,ApplyShift,UIInteraction,AddTimeDepthModification() Shift Value=0.000177127081662878
43194.1221815972,DataCentral,Time/Depth Edit/Shift,DepthShift/Shift,Click,Button,ApplyShift,UIInteraction,AddTimeDepthModification() Shift Value=0.0831426530097256
43194.1221816088,DataCentral,Time/Depth Edit/Shift,DepthShift/Shift,Click,Button,ApplyShift,UIInteraction,AddTimeDepthModification() Shift Value=0.000166271719861943
43194.1221816204,DataCentral,Time/Depth Edit/Shift,DepthShift/Shift,Click,Button,ApplyShift,UIInteraction,AddTimeDepthModification() Shift Value=0.0829763812898637
43194.1221816319,DataCentral,Time/Depth Edit/Shift,DepthShift/Shift,Click,Button,ApplyShift,UIInteraction,AddTimeDepthModification() Shift Value=7.41258754813937E-05
43194.1221816435,DataCentral,Time/Depth Edit/Shift,DepthShift/Shift,Click,Button,ApplyShift,UIInteraction,AddTimeDepthModification() Shift Value=0.0829022554143823
43194.1221816551,DataCentral,Time/Depth Edit/Shift,DepthShift/Shift,Click,Button,ApplyShift,UIInteraction,AddTimeDepthModification() Shift Value=0.000310865257490068
43194.1221816667,DataCentral,Time/Depth Edit/Shift,DepthShift/Shift,Click,Button,ApplyShift,UIInteraction,AddTimeDepthModification() Shift Value=0.0825913901568922
43194.1221816782,DataCentral,Time/Depth Edit/Shift,DepthShift/Shift,Click,Button,ApplyShift,UIInteraction,AddTimeDepthModification() Shift Value=5.2382624146123E-05
43194.1221816898,DataCentral,Time/Depth Edit/Shift,DepthShift/Shift,Click,Button,ApplyShift,UIInteraction,AddTimeDepthModification() Shift Value=0.0825390075327461
43194.1221817014,DataCentral,Time/Depth Edit/Shift,DepthShift/Shift,Click,Button,ApplyShift,UIInteraction,AddTimeDepthModification() Shift Value=0.000271134567261485
43194.122181713,DataCentral,Time/Depth Edit/Shift,DepthShift/Shift,Click,Button,ApplyShift,UIInteraction,AddTimeDepthModification() Shift Value=0.0822678729654846
43194.1221817245,DataCentral,Time/Depth Edit/Shift,DepthShift/Shift,Click,Button,ApplyShift,UIInteraction,AddTimeDepthModification() Shift Value=9.03275795335379E-05
43194.1221817361,DataCentral,Time/Depth Edit/Shift,DepthShift/Shift,Click,Button,ApplyShift,UIInteraction,AddTimeDepthModification() Shift Value=0.0821775453859511
43194.1221817477,DataCentral,Time/Depth Edit/Shift,DepthShift/Shift,Click,Button,ApplyShift,UIInteraction,AddTimeDepthModification() Shift Value=0.000103033736187327
43194.1221817593,DataCentral,Time/Depth Edit/Shift,DepthShift/Shift,Click,Button,ApplyShift,UIInteraction,AddTimeDepthModification() Shift Value=0.0820745116497637
43194.1221817708,DataCentral,Time/Depth Edit/Shift,DepthShift/Shift,Click,Button,ApplyShift,UIInteraction,AddTimeDepthModification() Shift Value=0.000833252781895824
43194.122181794,DataCentral,Time/Depth Edit/Shift,DepthShift/Shift,Click,Button,ApplyShift,UIInteraction,AddTimeDepthModification() Shift Value=0.0812412588678679
43194.1221818056,DataCentral,Time/Depth Edit/Shift,DepthShift/Shift,Click,Button,ApplyShift,UIInteraction,AddTimeDepthModification() Shift Value=0.00653583024083627
43194.1221818171,DataCentral,Time/Depth Edit/Shift,DepthShift/Shift,Click,Button,ApplyShift,UIInteraction,AddTimeDepthModification() Shift Value=0.0747054286270317
43194.1221818287,DataCentral,Time/Depth Edit/Shift,DepthShift/Shift,Click,Button,ApplyShift,UIInteraction,AddTimeDepthModification() Shift Value=2.16781845062595E-05
43194.1221818403,DataCentral,Time/Depth Edit/Shift,DepthShift/Shift,Click,Button,ApplyShift,UIInteraction,AddTimeDepthModification() Shift Value=0.0746837504425254
43194.1221818519,DataCentral,Time/Depth Edit/Shift,DepthShift/Shift,Click,Button,ApplyShift,UIInteraction,AddTimeDepthModification() Shift Value=0.000542225760424365
43194.1221818634,DataCentral,Time/Depth Edit/Shift,DepthShift/Shift,Click,Button,ApplyShift,UIInteraction,AddTimeDepthModification() Shift Value=0.074141524682101
43194.122181875,DataCentral,Time/Depth Edit/Shift,DepthShift/Shift,Click,Button,ApplyShift,UIInteraction,AddTimeDepthModification() Shift Value=4.87786290028267E-05
43194.1221818866,DataCentral,Time/Depth Edit/Shift,DepthShift/Shift,Click,Button,ApplyShift,UIInteraction,AddTimeDepthModification() Shift Value=0.0740927460530982
43194.1221818982,DataCentral,Time/Depth Edit/Shift,DepthShift/Shift,Click,Button,ApplyShift,UIInteraction,AddTimeDepthModification() Shift Value=0.0198783686401818
43194.1221819097,DataCentral,Time/Depth Edit/Shift,DepthShift/Shift,Click,Button,ApplyShift,UIInteraction,AddTimeDepthModification() Shift Value=0.0542143774129165
43194.1221819213,DataCentral,Time/Depth Edit/Shift,DepthShift/Shift,Click,Button,ApplyShift,UIInteraction,AddTimeDepthModification() Shift Value=1.26736243755044E-05
43194.1221819329,DataCentral,Time/Depth Edit/Shift,DepthShift/Shift,Click,Button,ApplyShift,UIInteraction,AddTimeDepthModification() Shift Value=0.054201703788541
43194.1221819444,DataCentral,Time/Depth Edit/Shift,DepthShift/Shift,Click,Button,ApplyShift,UIInteraction,AddTimeDepthModification() Shift Value=0.0208668462019239
43194.122181956,DataCentral,Time/Depth Edit/Shift,DepthShift/Shift,Click,Button,ApplyShift,UIInteraction,AddTimeDepthModification() Shift Value=0.033334857586617
43194.1221819676,DataCentral,Time/Depth Edit/Shift,DepthShift/Shift,Click,Button,ApplyShift,UIInteraction,AddTimeDepthModification() Shift Value=0.000294576796150948
43194.1221819907,DataCentral,Time/Depth Edit/Shift,DepthShift/Shift,Click,Button,ApplyShift,UIInteraction,AddTimeDepthModification() Shift Value=0.0330402807904661
43194.1221820023,DataCentral,Time/Depth Edit/Shift,DepthShift/Shift,Click,Button,ApplyShift,UIInteraction,AddTimeDepthModification() Shift Value=1.62667731535972E-05
43194.1221820139,DataCentral,Time/Depth Edit/Shift,DepthShift/Shift,Click,Button,ApplyShift,UIInteraction,AddTimeDepthModification() Shift Value=0.0330240140173125
43194.1221820255,DataCentral,Time/Depth Edit/Shift,DepthShift/Shift,Click,Button,ApplyShift,UIInteraction,AddTimeDepthModification() Shift Value=0.000587389550191134
43194.122182037,DataCentral,Time/Depth Edit/Shift,DepthShift/Shift,Click,Button,ApplyShift,UIInteraction,AddTimeDepthModification() Shift Value=0.0324366244671213
43194.1221820486,DataCentral,Time/Depth Edit/Shift,DepthShift/Shift,Click,Button,ApplyShift,UIInteraction,AddTimeDepthModification() Shift Value=0.0170603996821495
43194.1221820486,DataCentral,Time/Depth Edit/Shift,DepthShift/Shift,Click,Button,ApplyShift,UIInteraction,AddTimeDepthModification() Shift Value=0.0153762247849719
43194.1221820602,DataCentral,Time/Depth Edit/Shift,DepthShift/Shift,Click,Button,ApplyShift,UIInteraction,AddTimeDepthModification() Shift Value=0.000956103065916237
43194.1221820718,DataCentral,Time/Depth Edit/Shift,DepthShift/Shift,Click,Button,ApplyShift,UIInteraction,AddTimeDepthModification() Shift Value=0.0144201217190556
43194.1221820833,DataCentral,Time/Depth Edit/Shift,DepthShift/Shift,Click,Button,ApplyShift,UIInteraction,AddTimeDepthModification() Shift Value=0.000267534187573256
43194.1221820949,DataCentral,Time/Depth Edit/Shift,DepthShift/Shift,Click,Button,ApplyShift,UIInteraction,AddTimeDepthModification() Shift Value=0.0141525875314824
43194.1221821065,DataCentral,Time/Depth Edit/Shift,DepthShift/Shift,Click,Button,ApplyShift,UIInteraction,AddTimeDepthModification() Shift Value=0.000327121184278462
43194.1221821181,DataCentral,Time/Depth Edit/Shift,DepthShift/Shift,Click,Button,ApplyShift,UIInteraction,AddTimeDepthModification() Shift Value=0.0138254663472039
43194.1221821296,DataCentral,Time/Depth Edit/Shift,DepthShift/Shift,Click,Button,ApplyShift,UIInteraction,AddTimeDepthModification() Shift Value=0.000433769759701847
43194.1221821528,DataCentral,Time/Depth Edit/Shift,DepthShift/Shift,Click,Button,ApplyShift,UIInteraction,AddTimeDepthModification() Shift Value=0.0133916965875021
43194.1221821643,DataCentral,Time/Depth Edit/Shift,DepthShift/Shift,Click,Button,ApplyShift,UIInteraction,AddTimeDepthModification() Shift Value=0.000717556265425755
43194.1221821875,DataCentral,Time/Depth Edit/Shift,DepthShift/Shift,Click,Button,ApplyShift,UIInteraction,AddTimeDepthModification() Shift Value=0.0126741403220763
43194.1221821991,DataCentral,Time/Depth Edit/Shift,DepthShift/Shift,Click,Button,ApplyShift,UIInteraction,AddTimeDepthModification() Shift Value=0.00469945980613214
43194.1221822106,DataCentral,Time/Depth Edit/Shift,DepthShift/Shift,Click,Button,ApplyShift,UIInteraction,AddTimeDepthModification() Shift Value=0.00797468051594417
43194.1221822222,DataCentral,Time/Depth Edit/Shift,DepthShift/Shift,Click,Button,ApplyShift,UIInteraction,AddTimeDepthModification() Shift Value=0.000112092525871657
43194.1221822338,DataCentral,Time/Depth Edit/Shift,DepthShift/Shift,Click,Button,ApplyShift,UIInteraction,AddTimeDepthModification() Shift Value=0.00786258799007251
43194.1221822454,DataCentral,Time/Depth Edit/Shift,DepthShift/Shift,Click,Button,ApplyShift,UIInteraction,AddTimeDepthModification() Shift Value=0.00461818016310041
43194.1221822569,DataCentral,Time/Depth Edit/Shift,DepthShift/Shift,Click,Button,ApplyShift,UIInteraction,AddTimeDepthModification() Shift Value=0.0032444078269721
43194.1221822685,DataCentral,Time/Depth Edit/Shift,DepthShift/Shift,Click,Button,ApplyShift,UIInteraction,AddTimeDepthModification() Shift Value=0.0032444078269721
43194.1221822801,DataCentral,Time/Depth Edit/Shift,DepthShift/Shift,Click,Button,ApplyShift,UIInteraction,AddTimeDepthModification() Shift Value=0.0032444078269721
43194.1221822917,DataCentral,Time/Depth Edit/Shift,DepthShift/Shift,Click,Button,ApplyShift,UIInteraction,AddTimeDepthModification() Shift Value=0.00786258799007251
43194.1221823032,DataCentral,Time/Depth Edit/Shift,DepthShift/Shift,Click,Button,ApplyShift,UIInteraction,AddTimeDepthModification() Shift Value=0.00797468051594417
43194.1221823148,DataCentral,Time/Depth Edit/Shift,DepthShift/Shift,Click,Button,ApplyShift,UIInteraction,AddTimeDepthModification() Shift Value=0.0126741403220763
43194.1221823264,DataCentral,Time/Depth Edit/Shift,DepthShift/Shift,Click,Button,ApplyShift,UIInteraction,AddTimeDepthModification() Shift Value=0.0133916965875021
43194.122182338,DataCentral,Time/Depth Edit/Shift,DepthShift/Shift,Click,Button,ApplyShift,UIInteraction,AddTimeDepthModification() Shift Value=0.0138254663472039
43194.1221823495,DataCentral,Time/Depth Edit/Shift,DepthShift/Shift,Click,Button,ApplyShift,UIInteraction,AddTimeDepthModification() Shift Value=0.0141525875314824
43194.1221823611,DataCentral,Time/Depth Edit/Shift,DepthShift/Shift,Click,Button,ApplyShift,UIInteraction,AddTimeDepthModification() Shift Value=0.0144201217190556
43194.1221823727,DataCentral,Time/Depth Edit/Shift,DepthShift/Shift,Click,Button,ApplyShift,UIInteraction,AddTimeDepthModification() Shift Value=0.0153762247849719
43194.1221823843,DataCentral,Time/Depth Edit/Shift,DepthShift/Shift,Click,Button,ApplyShift,UIInteraction,AddTimeDepthModification() Shift Value=0.0324366244671213
43194.1221823958,DataCentral,Time/Depth Edit/Shift,DepthShift/Shift,Click,Button,ApplyShift,UIInteraction,AddTimeDepthModification() Shift Value=0.0330240140173125
43194.1221824074,DataCentral,Time/Depth Edit/Shift,DepthShift/Shift,Click,Button,ApplyShift,UIInteraction,AddTimeDepthModification() Shift Value=0.0330402807904661
43194.122182419,DataCentral,Time/Depth Edit/Shift,DepthShift/Shift,Click,Button,ApplyShift,UIInteraction,AddTimeDepthModification() Shift Value=0.033334857586617
43194.1221824306,DataCentral,Time/Depth Edit/Shift,DepthShift/Shift,Click,Button,ApplyShift,UIInteraction,AddTimeDepthModification() Shift Value=0.054201703788541
43194.1221824421,DataCentral,Time/Depth Edit/Shift,DepthShift/Shift,Click,Button,ApplyShift,UIInteraction,AddTimeDepthModification() Shift Value=0.0542143774129165
43194.1221824537,DataCentral,Time/Depth Edit/Shift,DepthShift/Shift,Click,Button,ApplyShift,UIInteraction,AddTimeDepthModification() Shift Value=0.0740927460530982
43194.1221824653,DataCentral,Time/Depth Edit/Shift,DepthShift/Shift,Click,Button,ApplyShift,UIInteraction,AddTimeDepthModification() Shift Value=0.074141524682101
43194.1221824769,DataCentral,Time/Depth Edit/Shift,DepthShift/Shift,Click,Button,ApplyShift,UIInteraction,AddTimeDepthModification() Shift Value=0.0746837504425254
43194.1221824884,DataCentral,Time/Depth Edit/Shift,DepthShift/Shift,Click,Button,ApplyShift,UIInteraction,AddTimeDepthModification() Shift Value=0.0747054286270317
43194.1221825,DataCentral,Time/Depth Edit/Shift,DepthShift/Shift,Click,Button,ApplyShift,UIInteraction,AddTimeDepthModification() Shift Value=0.0812412588678679
43194.1221825116,DataCentral,Time/Depth Edit/Shift,DepthShift/Shift,Click,Button,ApplyShift,UIInteraction,AddTimeDepthModification() Shift Value=0.0820745116497637
43194.1221825347,DataCentral,Time/Depth Edit/Shift,DepthShift/Shift,Click,Button,ApplyShift,UIInteraction,AddTimeDepthModification() Shift Value=0.0821775453859511
43194.1221825463,DataCentral,Time/Depth Edit/Shift,DepthShift/Shift,Click,Button,ApplyShift,UIInteraction,AddTimeDepthModification() Shift Value=0.0822678729654846
43194.1221825579,DataCentral,Time/Depth Edit/Shift,DepthShift/Shift,Click,Button,ApplyShift,UIInteraction,AddTimeDepthModification() Shift Value=0.0825390075327461
43194.122182581,DataCentral,Time/Depth Edit/Shift,DepthShift/Shift,Click,Button,ApplyShift,UIInteraction,AddTimeDepthModification() Shift Value=0.0825913901568922
43194.1221825926,DataCentral,Time/Depth Edit/Shift,DepthShift/Shift,Click,Button,ApplyShift,UIInteraction,AddTimeDepthModification() Shift Value=0.0829022554143823
43194.1221826042,DataCentral,Time/Depth Edit/Shift,DepthShift/Shift,Click,Button,ApplyShift,UIInteraction,AddTimeDepthModification() Shift Value=0.0829763812898637
43194.1221826157,DataCentral,Time/Depth Edit/Shift,DepthShift/Shift,Click,Button,ApplyShift,UIInteraction,AddTimeDepthModification() Shift Value=0.0831426530097256
43194.1221826273,DataCentral,Time/Depth Edit/Shift,DepthShift/Shift,Click,Button,ApplyShift,UIInteraction,AddTimeDepthModification() Shift Value=0.0833197800913885
43194.1221826389,DataCentral,Time/Depth Edit/Shift,DepthShift/Shift,Click,Button,ApplyShift,UIInteraction,AddTimeDepthModification() Shift Value=0.0834914523807828
43194.1221826389,DataCentral,Time/Depth Edit/Shift,DepthShift/Shift,Click,Button,ApplyShift,UIInteraction,AddTimeDepthModification() Shift Value=0.0836956582142118
43194.1221826505,DataCentral,Time/Depth Edit/Shift,DepthShift/Shift,Click,Button,ApplyShift,UIInteraction,AddTimeDepthModification() Shift Value=0.0838692138352821
43194.122182662,DataCentral,Time/Depth Edit/Shift,DepthShift/Shift,Click,Button,ApplyShift,UIInteraction,AddTimeDepthModification() Shift Value=0.0840625751555479
43194.1221826736,DataCentral,Time/Depth Edit/Shift,DepthShift/Shift,Click,Button,ApplyShift,UIInteraction,AddTimeDepthModification() Shift Value=0.0842180132063393
43194.1221826852,DataCentral,Time/Depth Edit/Shift,DepthShift/Shift,Click,Button,ApplyShift,UIInteraction,AddTimeDepthModification() Shift Value=0.0843878889213445
43194.1221826968,DataCentral,Time/Depth Edit/Shift,DepthShift/Shift,Click,Button,ApplyShift,UIInteraction,AddTimeDepthModification() Shift Value=0.0845631977404328
43194.1221827083,DataCentral,Time/Depth Edit/Shift,DepthShift/Shift,Click,Button,ApplyShift,UIInteraction,AddTimeDepthModification() Shift Value=0.0847582833418934
43194.1221827199,DataCentral,Time/Depth Edit/Shift,DepthShift/Shift,Click,Button,ApplyShift,UIInteraction,AddTimeDepthModification() Shift Value=0.0850041357295053
43194.1221827315,DataCentral,Time/Depth Edit/Shift,DepthShift/Shift,Click,Button,ApplyShift,UIInteraction,AddTimeDepthModification() Shift Value=0.085193925586906
43194.1221827546,DataCentral,Time/Depth Edit/Shift,DepthShift/Shift,Click,Button,ApplyShift,UIInteraction,AddTimeDepthModification() Shift Value=0.0853855011791479
43194.1221827778,DataCentral,Time/Depth Edit/Shift,DepthShift/Shift,Click,Button,ApplyShift,UIInteraction,AddTimeDepthModification() Shift Value=0.0856040868431444
43194.1221828009,DataCentral,Time/Depth Edit/Shift,DepthShift/Shift,Click,Button,ApplyShift,UIInteraction,AddTimeDepthModification() Shift Value=0.0858135667301752
43194.1221828125,DataCentral,Time/Depth Edit/Shift,DepthShift/Shift,Click,Button,ApplyShift,UIInteraction,AddTimeDepthModification() Shift Value=0.0867769320045694
43194.1221828241,DataCentral,Time/Depth Edit/Shift,DepthShift/Shift,Click,Button,ApplyShift,UIInteraction,AddTimeDepthModification() Shift Value=0.0869757698030169
43194.1221828357,DataCentral,Time/Depth Edit/Shift,DepthShift/Shift,Click,Button,ApplyShift,UIInteraction,AddTimeDepthModification() Shift Value=0.0871962966346082
43194.1221828472,DataCentral,Time/Depth Edit/Shift,DepthShift/Shift,Click,Button,ApplyShift,UIInteraction,AddTimeDepthModification() Shift Value=0.0874240314542137
43194.1221828588,DataCentral,Time/Depth Edit/Shift,DepthShift/Shift,Click,Button,ApplyShift,UIInteraction,AddTimeDepthModification() Shift Value=0.0878146147417494
43194.1221828704,DataCentral,Time/Depth Edit/Shift,DepthShift/Shift,Click,Button,ApplyShift,UIInteraction,AddTimeDepthModification() Shift Value=0.0880767339047874
43194.1221828819,DataCentral,Time/Depth Edit/Shift,DepthShift/Shift,Click,Button,ApplyShift,UIInteraction,AddTimeDepthModification() Shift Value=0.0883044578780277
43194.1221828935,DataCentral,Time/Depth Edit/Shift,DepthShift/Shift,Click,Button,ApplyShift,UIInteraction,AddTimeDepthModification() Shift Value=0.0885648527621433
43194.1221829051,DataCentral,Time/Depth Edit/Shift,DepthShift/Shift,Click,Button,ApplyShift,UIInteraction,AddTimeDepthModification() Shift Value=0.0888739214429719
43194.1221829167,DataCentral,Time/Depth Edit/Shift,DepthShift/Shift,Click,Button,ApplyShift,UIInteraction,AddTimeDepthModification() Shift Value=0.0891287892370798
43194.1221829282,DataCentral,Time/Depth Edit/Shift,DepthShift/Shift,Click,Button,ApplyShift,UIInteraction,AddTimeDepthModification() Shift Value=0.0893511017989674
43194.1221829398,DataCentral,Time/Depth Edit/Shift,DepthShift/Shift,Click,Button,ApplyShift,UIInteraction,AddTimeDepthModification() Shift Value=0.0896710366834172
43194.1221829514,DataCentral,Time/Depth Edit/Shift,DepthShift/Shift,Click,Button,ApplyShift,UIInteraction,AddTimeDepthModification() Shift Value=0.0900434192611146
43194.122182963,DataCentral,Time/Depth Edit/Shift,DepthShift/Shift,Click,Button,ApplyShift,UIInteraction,AddTimeDepthModification() Shift Value=0.0903706091254047
43194.1221829745,DataCentral,Time/Depth Edit/Shift,DepthShift/Shift,Click,Button,ApplyShift,UIInteraction,AddTimeDepthModification() Shift Value=0.0907447449011201
43194.1221829861,DataCentral,Time/Depth Edit/Shift,DepthShift/Shift,Click,Button,ApplyShift,UIInteraction,AddTimeDepthModification() Shift Value=0.0912815917824701
43194.1221829977,DataCentral,Time/Depth Edit/Shift,DepthShift/Shift,Click,Button,ApplyShift,UIInteraction,AddTimeDepthModification() Shift Value=0.0919123160134883
43194.1221830093,DataCentral,Time/Depth Edit/Shift,DepthShift/Shift,Click,Button,ApplyShift,UIInteraction,AddTimeDepthModification() Shift Value=0.0921472588188354
43194.1221830208,DataCentral,Time/Depth Edit/Shift,DepthShift/Shift,Click,Button,ApplyShift,UIInteraction,AddTimeDepthModification() Shift Value=0.0923822016264551
43194.1221830324,DataCentral,Time/Depth Edit/Shift,DepthShift/Shift,Click,Button,ApplyShift,UIInteraction,AddTimeDepthModification() Shift Value=0.0928431585902129
43194.122183044,DataCentral,Time/Depth Edit/Shift,DepthShift/Shift,Click,Button,ApplyShift,UIInteraction,AddTimeDepthModification() Shift Value=0.0929226525029484
43194.1221830556,DataCentral,Time/Depth Edit/Shift,DepthShift/Shift,Click,Button,ApplyShift,UIInteraction,AddTimeDepthModification() Shift Value=0.0930401022174364
43194.1221830671,DataCentral,Time/Depth Edit/Shift,DepthShift/Shift,Click,Button,ApplyShift,UIInteraction,AddTimeDepthModification() Shift Value=0.0933040071084982
43194.1221830787,DataCentral,Time/Depth Edit/Shift,DepthShift/Shift,Click,Button,ApplyShift,UIInteraction,AddTimeDepthModification() Shift Value=0.0935552166892715
43194.1221830903,DataCentral,Time/Depth Edit/Shift,DepthShift/Shift,Click,Button,ApplyShift,UIInteraction,AddTimeDepthModification() Shift Value=0.0937685246887559
43194.1221831018,DataCentral,Time/Depth Edit/Shift,DepthShift/Shift,Click,Button,ApplyShift,UIInteraction,AddTimeDepthModification() Shift Value=0.094012547967428
43194.1221831134,DataCentral,Time/Depth Edit/Shift,DepthShift/Shift,Click,Button,ApplyShift,UIInteraction,AddTimeDepthModification() Shift Value=0.0942782060542354
43194.122183125,DataCentral,Time/Depth Edit/Shift,DepthShift/Shift,Click,Button,ApplyShift,UIInteraction,AddTimeDepthModification() Shift Value=0.0945403252127285
43194.122183125,DataCentral,Time/Depth Edit/Shift,DepthShift/Shift,Click,Button,ApplyShift,UIInteraction,AddTimeDepthModification() Shift Value=0.0947843484936731
43194.1221831481,DataCentral,Time/Depth Edit/Shift,DepthShift/Shift,Click,Button,ApplyShift,UIInteraction,AddTimeDepthModification() Shift Value=0.0950536105778962
43194.1221831597,DataCentral,Time/Depth Edit/Shift,DepthShift/Shift,Click,Button,ApplyShift,UIInteraction,AddTimeDepthModification() Shift Value=0.0953409902301257
43194.1221831713,DataCentral,Time/Depth Edit/Shift,DepthShift/Shift,Click,Button,ApplyShift,UIInteraction,AddTimeDepthModification() Shift Value=0.0955777513003199
43194.1221831829,DataCentral,Time/Depth Edit/Shift,DepthShift/Shift,Click,Button,ApplyShift,UIInteraction,AddTimeDepthModification() Shift Value=0.0958217745812645
43194.1221831944,DataCentral,Time/Depth Edit/Shift,DepthShift/Shift,Click,Button,ApplyShift,UIInteraction,AddTimeDepthModification() Shift Value=0.0960205473151554
43194.122183206,DataCentral,Time/Depth Edit/Shift,DepthShift/Shift,Click,Button,ApplyShift,UIInteraction,AddTimeDepthModification() Shift Value=0.0962121337514901
43194.1221832176,DataCentral,Time/Depth Edit/Shift,DepthShift/Shift,Click,Button,ApplyShift,UIInteraction,AddTimeDepthModification() Shift Value=0.0964235909515767
43194.1221832292,DataCentral,Time/Depth Edit/Shift,DepthShift/Shift,Click,Button,ApplyShift,UIInteraction,AddTimeDepthModification() Shift Value=0.0966404704116537
43194.1221832407,DataCentral,Time/Depth Edit/Shift,DepthShift/Shift,Click,Button,ApplyShift,UIInteraction,AddTimeDepthModification() Shift Value=0.0968175649564934
43194.1221832639,DataCentral,Time/Depth Edit/Shift,DepthShift/Shift,Click,Button,ApplyShift,UIInteraction,AddTimeDepthModification() Shift Value=0.0972007378246179
43194.1221832523,DataCentral,Time/Depth Edit/Shift,DepthShift/Shift,Click,Button,ApplyShift,UIInteraction,AddTimeDepthModification() Shift Value=0.0970055582395051
43194.1221832755,DataCentral,Time/Depth Edit/Shift,DepthShift/Shift,Click,Button,ApplyShift,UIInteraction,AddTimeDepthModification() Shift Value=0.0974049436603193
43194.122183287,DataCentral,Time/Depth Edit/Shift,DepthShift/Shift,Click,Button,ApplyShift,UIInteraction,AddTimeDepthModification() Shift Value=0.0976091603401136
43194.1221832986,DataCentral,Time/Depth Edit/Shift,DepthShift/Shift,Click,Button,ApplyShift,UIInteraction,AddTimeDepthModification() Shift Value=0.097854969349082
43194.1221833102,DataCentral,Time/Depth Edit/Shift,DepthShift/Shift,Click,Button,ApplyShift,UIInteraction,AddTimeDepthModification() Shift Value=0.0980845441194476
43194.1221833218,DataCentral,Time/Depth Edit/Shift,DepthShift/Shift,Click,Button,ApplyShift,UIInteraction,AddTimeDepthModification() Shift Value=0.0983050601046737
43194.1221833333,DataCentral,Time/Depth Edit/Shift,DepthShift/Shift,Click,Button,ApplyShift,UIInteraction,AddTimeDepthModification() Shift Value=0.0985164739283894
43194.1221833449,DataCentral,Time/Depth Edit/Shift,DepthShift/Shift,Click,Button,ApplyShift,UIInteraction,AddTimeDepthModification() Shift Value=0.0987297710815086
43194.1221833565,DataCentral,Time/Depth Edit/Shift,DepthShift/Shift,Click,Button,ApplyShift,UIInteraction,AddTimeDepthModification() Shift Value=0.0989466071606696
43194.1221833796,DataCentral,Time/Depth Edit/Shift,DepthShift/Shift,Click,Button,ApplyShift,UIInteraction,AddTimeDepthModification() Shift Value=0.0994328354599843
43194.1221833681,DataCentral,Time/Depth Edit/Shift,DepthShift/Shift,Click,Button,ApplyShift,UIInteraction,AddTimeDepthModification() Shift Value=0.0991924270160033
43194.122377419,DeliverablesSetup,Computation / Recomputation,ProcessRecomputeState,,,,UIAutomatic,JobGuid=BB403532-C792-4DAD-92BF-B3F88D06D9E4;State=UIS_RECOMPUTATION_STATE_PENDING;Scope=JobScope;RecompPercentageComplete=;MultipleRunsAffected=False;ActiveRunAffected=False;ActiveRunInProgress=False;RunCount=1;Run0Change0=TimeDepthEdit;Run0Guid=7DA3FC3D-F244-4A09-81E8-E432E30FCED8
43194.1223829745,DataCentral,Time/Depth Edit/Shift,Time Depth Editor/Select Shift Type,Click,ComboBox,Select Shift Type,UIInteraction,
43194.1223958218,DataCentral,Computation / Recomputation,ProcessRecomputeState,,,,UIAutomatic,JobGuid=BB403532-C792-4DAD-92BF-B3F88D06D9E4;State=UIS_RECOMPUTATION_STATE_PENDING;Scope=JobScope;RecompPercentageComplete=;MultipleRunsAffected=False;ActiveRunAffected=False;ActiveRunInProgress=False;RunCount=1;Run0Change0=TimeDepthEdit;Run0Guid=7DA3FC3D-F244-4A09-81E8-E432E30FCED8
43194.1224857407,DataCentral,Time/Depth Edit/Shift,Time Depth Editor/Revert Back To Original,Click,Button,Revert Back To Original,UIInteraction,
43194.122490787,DeliverablesSetup,Computation / Recomputation,ProcessRecomputeState,,,,UIAutomatic,JobGuid=BB403532-C792-4DAD-92BF-B3F88D06D9E4;State=UIS_RECOMPUTATION_STATE_PENDING;Scope=JobScope;RecompPercentageComplete=;MultipleRunsAffected=False;ActiveRunAffected=False;ActiveRunInProgress=False;RunCount=1;Run0Change0=TimeDepthDeletion;Run0Guid=7DA3FC3D-F244-4A09-81E8-E432E30FCED8
43194.1224908681,DeliverablesSetup,Computation / Recomputation,ProcessRecomputeState,,,,UIAutomatic,JobGuid=BB403532-C792-4DAD-92BF-B3F88D06D9E4;State=UIS_RECOMPUTATION_STATE_PENDING;Scope=JobScope;RecompPercentageComplete=;MultipleRunsAffected=False;ActiveRunAffected=False;ActiveRunInProgress=False;RunCount=1;Run0Change0=Parameter;Run0Change1=TimeDepthDeletion;Run0Guid=7DA3FC3D-F244-4A09-81E8-E432E30FCED8
43194.1224954977,DataCentral,Computation / Recomputation,ProcessRecomputeState,,,,UIAutomatic,JobGuid=BB403532-C792-4DAD-92BF-B3F88D06D9E4;State=UIS_RECOMPUTATION_STATE_PENDING;Scope=JobScope;RecompPercentageComplete=;MultipleRunsAffected=False;ActiveRunAffected=False;ActiveRunInProgress=False;RunCount=1;Run0Change0=TimeDepthDeletion;Run0Guid=7DA3FC3D-F244-4A09-81E8-E432E30FCED8
43194.1224955787,DataCentral,Computation / Recomputation,ProcessRecomputeState,,,,UIAutomatic,JobGuid=BB403532-C792-4DAD-92BF-B3F88D06D9E4;State=UIS_RECOMPUTATION_STATE_PENDING;Scope=JobScope;RecompPercentageComplete=;MultipleRunsAffected=False;ActiveRunAffected=False;ActiveRunInProgress=False;RunCount=1;Run0Change0=Parameter;Run0Change1=TimeDepthDeletion;Run0Guid=7DA3FC3D-F244-4A09-81E8-E432E30FCED8
43194.1225044329,DataCentral,UI Framework,Switch View,Click,ToolbarButton,Pass Manager Editor,UIInteraction,
43194.1226690856,DataCentral,Data Explorer,Click OK Button,Click,Button,OK,UIInteraction,Selection=Run 1____09:37:59 09-Mar-2014_10:51:26 09-Mar-2014_
43194.1227354167,DataCentral,UI Framework,Switch View,Click,ToolbarButton,Splice Manager,UIInteraction,
43194.1227536343,DataCentral,Splice/Merge,Splice/Merge Manager/Select Operation,Click,ComboBox,Operation 1,UIInteraction,
43194.1227537037,DataCentral,Splice/Merge,Splice/Merge Manager/Select Composite in "Select Passes to Display",Click,ComboBox,Well Composite,UIInteraction,PassGuid=06F39B60-7301-4F60-BC04-B80E1AB8F5D5
43194.1228001157,DataCentral,Splice/Merge,Splice/Merge Manager/Add New Composite for splice,Click,ToolbarButton,Add New Composite,UIInteraction,
43194.1228011227,DataCentral,Splice/Merge,Splice/Merge Manager/Select Composite in "Select Passes to Display",Click,ComboBox,Composite 1,UIInteraction,PassGuid=012A5793-B250-44C4-8097-E68F41790AC7
43194.122971794,DataCentral,Data Explorer,Change Current Focused Item,,,,UIAutomatic,EntityName=Run 1;EntityType=16;EntityGuid=7DA3FC3D-F244-4A09-81E8-E432E30FCED8
43194.1229739352,DataCentral,Data Explorer,Click OK Button,Click,Button,OK,UIInteraction,Selection=Drilling____6450.03 (m)_7075.86 (m)_
43194.1229739583,DataCentral,Splice/Merge,Splice/Merge Manager/Add Passes,Click,ToolbarButton,Add Passes...,UIInteraction,PassGuid1=E2E4FBA9-16C7-4EF3-AAF6-FCB668C58533
43194.1229944907,DataCentral,Splice/Merge,Splice/Merge Manager/Select Operation,Click,ComboBox,Operation 1,UIInteraction,
43194.1230607755,DataCentral,Data Explorer,Change Current Focused Item,,,,UIAutomatic,EntityName=Run 1;EntityType=16;EntityGuid=7DA3FC3D-F244-4A09-81E8-E432E30FCED8
43194.1230629051,DataCentral,Data Explorer,Change Current Focused Item,,,,UIAutomatic,EntityName=Drilling;EntityType=32;EntityGuid=E2E4FBA9-16C7-4EF3-AAF6-FCB668C58533
43194.1230752662,DataCentral,Data Explorer,Click OK Button,Click,Button,OK,UIInteraction,Selection=BLKP_BPOS_Height of block above rig floor_DRILLING_SURFACE_60___
43194.1230768287,DataCentral,Splice/Merge,Splice/Merge Manager/Select Channel in "Select Passes to Display",Click,Button,Select Channel...,UIInteraction,OSDD=BLKP;PassGuid=E2E4FBA9-16C7-4EF3-AAF6-FCB668C58533
43194.1232192824,DataCentral,Data Explorer,Change Current Focused Item,,,,UIAutomatic,EntityName=Run 1;EntityType=16;EntityGuid=7DA3FC3D-F244-4A09-81E8-E432E30FCED8
43194.123221412,DataCentral,Data Explorer,Click OK Button,Click,Button,OK,UIInteraction,Selection=Drilling____6450.03 (m)_7075.86 (m)_
43194.1233247338,DataCentral,Splice/Merge,Splice/Merge Manager/Change Top Edge in "Select Splice/Merge Point",Input,TextBox,7055.33,UIInteraction,PassName=Run 1 : Drilling;Row=1
43194.1233737616,DataCentral,Splice/Merge,Splice/Merge Manager/Change Bottom Edge in "Select Splice/Merge Point",Input,TextBox,7067.08,UIInteraction,PassName=Run 1 : Drilling;Row=1
43194.1234233912,DataCentral,Splice/Merge,Splice/Merge Manager/Perform Splice in "Select Splice/Merge Point",Click,Button,Splice,UIInteraction,
43194.1234447685,DataCentral,UI Framework,Switch View,Click,ToolbarButton,Merge Manager,UIInteraction,
43194.1234897454,DataCentral,Splice/Merge,Composite Merge Manager/Add New Composite in "Composite Data Set",Click,ToolbarButton,Add New Composite,UIInteraction,PassName=Merge Composite
43194.1235066435,DataCentral,Splice/Merge,Composite Merge Manager/Select Merge Composite in "Composite Data Set",,,,UIAutomatic,PassName=Merge Composite
43194.1235454514,DataCentral,UI Framework,Switch View,Click,ToolbarButton,User Defined Composite Manager,UIInteraction,
43194.1237153819,DataCentral,Data Explorer,Change Current Focused Item,,,,UIAutomatic,EntityName=Composites;EntityType=512;EntityGuid=Composite_Root
43194.1237522222,DataCentral,Data Explorer,Click OK Button,Click,Button,OK,UIInteraction,Selection=Composite 1______
43194.1237580556,DataCentral,User Defined Composite,User Defined Composite Manager/Add new user defined composite,Click,ToolbarButton,Add new user defined composite,UIInteraction,PassName=UDComposite 1;PassGuid=06246E53-EA35-4DEE-9066-130EE677FBBD
43194.1239339931,DataCentral,Data Explorer,Click OK Button,Click,Button,OK,UIInteraction,Selection=BLKP_BPOS_Height of block above rig floor_DRILLING_SURFACE_60___
43194.1239354167,DataCentral,User Defined Composite,User Defined Composite Manager/Choose Channel,,Grid,,,OSDD=BLKP;PassName=UDComposite 1
43194.1239354167,DataCentral,User Defined Composite,User Defined Composite Manager/Select target channel,Click,Button,Select Channel...,UIInteraction,OSDD=BLKP;PassName=UDComposite 1
43194.1240975579,DataCentral,Data Explorer,Change Current Focused Item,,,,UIAutomatic,EntityName=Run 1;EntityType=16;EntityGuid=7DA3FC3D-F244-4A09-81E8-E432E30FCED8
43194.1241345139,DataCentral,Data Explorer,Change Current Focused Item,,,,UIAutomatic,EntityName=Trip Out 1;EntityType=32;EntityGuid=225E6A17-449A-40EE-B4F4-5DA64E1A9A3F
43194.1241714815,DataCentral,Data Explorer,Click OK Button,Click,Button,OK,UIInteraction,Selection=BLKP_BPOS_Height of block above rig floor_DRILLING_SURFACE_60___
43194.1241728241,DataCentral,User Defined Composite,User Defined Composite Manager/Choose Channel,,Grid,,,OSDD=BLKP;PassName=Run1 : Trip Out 1
43194.1241728356,DataCentral,User Defined Composite,User Defined Composite Manager/Add source channel,Click,Button,Add Channel...,UIInteraction,OSDD=BLKP;PassGuid=225E6A17-449A-40EE-B4F4-5DA64E1A9A3F
43194.1242435185,DataCentral,User Defined Composite,User Defined Composite Manager/Choose Channel,,Grid,,,OSDD=BLKP;PassName=Run1 : Trip Out 1
43194.1242492593,DataCentral,User Defined Composite,User Defined Composite Manager/Move border line,,,Move top/bottom border line,,PassGuid=225E6A17-449A-40EE-B4F4-5DA64E1A9A3F;OSDD=BLKP;origional start index=3008.5284;target start index=3008.53
43194.1243268056,DataCentral,User Defined Composite,User Defined Composite Manager/Move border line,,,Move top/bottom border line,,PassGuid=225E6A17-449A-40EE-B4F4-5DA64E1A9A3F;OSDD=BLKP;origional stop index=7075.0176;target stop index=7045.81
43194.1244206019,DataCentral,User Defined Composite,User Defined Composite Manager/Save,Click,Button,Save,UIInteraction,
43194.1244649306,DataCentral,Computation / Recomputation,Recompute All Pending Runs,Click,ToolbarButton,Recompute All Pending Runs,UIInteraction,
43194.1244653356,DeliverablesSetup,Computation / Recomputation,ProcessRecomputeState,,,,UIAutomatic,JobGuid=BB403532-C792-4DAD-92BF-B3F88D06D9E4;State=UIS_RECOMPUTATION_STATE_STARTING;Scope=JobScope;RecompPercentageComplete=;MultipleRunsAffected=False;ActiveRunAffected=False;ActiveRunInProgress=False;RunCount=1;Run0Change0=Parameter;Run0Change1=TimeDepthDeletion;Run0Guid=7DA3FC3D-F244-4A09-81E8-E432E30FCED8
43194.124465625,DataCentral,Computation / Recomputation,ProcessRecomputeState,,,,UIAutomatic,JobGuid=BB403532-C792-4DAD-92BF-B3F88D06D9E4;State=UIS_RECOMPUTATION_STATE_STARTING;Scope=JobScope;RecompPercentageComplete=;MultipleRunsAffected=False;ActiveRunAffected=False;ActiveRunInProgress=False;RunCount=1;Run0Change0=Parameter;Run0Change1=TimeDepthDeletion;Run0Guid=7DA3FC3D-F244-4A09-81E8-E432E30FCED8
43194.1244766435,DataCentral,Computation / Recomputation,ProcessRecomputeState,,,,UIAutomatic,JobGuid=BB403532-C792-4DAD-92BF-B3F88D06D9E4;State=UIS_RECOMPUTATION_STATE_IN_PROGRESS;Scope=JobScope;RecompPercentageComplete=;MultipleRunsAffected=False;ActiveRunAffected=False;ActiveRunInProgress=False;RunCount=1;Run0Change0=Parameter;Run0Change1=TimeDepthDeletion;Run0Guid=7DA3FC3D-F244-4A09-81E8-E432E30FCED8
43194.1244767361,DeliverablesSetup,Computation / Recomputation,ProcessRecomputeState,,,,UIAutomatic,JobGuid=BB403532-C792-4DAD-92BF-B3F88D06D9E4;State=UIS_RECOMPUTATION_STATE_IN_PROGRESS;Scope=JobScope;RecompPercentageComplete=;MultipleRunsAffected=False;ActiveRunAffected=False;ActiveRunInProgress=False;RunCount=1;Run0Change0=Parameter;Run0Change1=TimeDepthDeletion;Run0Guid=7DA3FC3D-F244-4A09-81E8-E432E30FCED8
43194.1397773032,DeliverablesSetup,Computation / Recomputation,ProcessRecomputeState,,,,UIAutomatic,JobGuid=BB403532-C792-4DAD-92BF-B3F88D06D9E4;State=UIS_RECOMPUTATION_STATE_SUCCEEDED;Scope=JobScope;RecompPercentageComplete=;MultipleRunsAffected=False;ActiveRunAffected=False;ActiveRunInProgress=False;RunCount=1;Run0Change0=Parameter;Run0Change1=TimeDepthDeletion;Run0Guid=7DA3FC3D-F244-4A09-81E8-E432E30FCED8
43194.1399250579,DataCentral,Computation / Recomputation,ProcessRecomputeState,,,,UIAutomatic,JobGuid=BB403532-C792-4DAD-92BF-B3F88D06D9E4;State=UIS_RECOMPUTATION_STATE_SUCCEEDED;Scope=JobScope;RecompPercentageComplete=;MultipleRunsAffected=False;ActiveRunAffected=False;ActiveRunInProgress=False;RunCount=1;Run0Change0=Parameter;Run0Change1=TimeDepthDeletion;Run0Guid=7DA3FC3D-F244-4A09-81E8-E432E30FCED8
43194.1399711458,,Console/Job Manager,Stop Data Central Console,Click,Button,Stop,UIInteraction,JobGuid=BB403532-C792-4DAD-92BF-B3F88D06D9E4
43194.1400567593,DeliverablesSetup,UI Framework,Switch View,Click,ToolbarButton,Deliverables Display View,UIInteraction,
43194.1401332176,DeliverablesSetup,Deliverables - Digital,Create Job Archive,Click,ContextMenu,Create,UIInteraction,ArchiveGuid=BB403532-C792-4DAD-92BF-B3F88D06D9E4;JobArchiveType=3.0
43194.1410898727,DeliverablesSetup,UI Framework,Close Console,Click,Button,,UIInteraction,JobGuid=BB403532-C792-4DAD-92BF-B3F88D06D9E4
43194.1411230324,DeliverablesSetup,UI Framework,OK to Close Deliverables - Display Console,Click,Button,OK,UIInteraction,
43194.1411758102,,Console/Job Manager,Stop Job,Click,Button,Stop,UIInteraction,JobGuid=BB403532-C792-4DAD-92BF-B3F88D06D9E4
