43194.1444335532,,UI Framework,Initialize Maxwell Manager Process Name,,,Initialize Maxwell Manager Process Name,,
43194.1444529861,,UI Framework,Start Console,,,Maxwell Manager,UIAutomatic,MachineName=HPV01-009;UserName=Engineer;UserDomainName=HPV01-009;OS=Microsoft Windows NT 6.1.7601 Service Pack 1;TimeZone=00:00:00;IPAddress_1=192.168.78.126;IPAddress_2=::1;MWVersion=9.0.100745.3100
43194.1446757407,,Console/Job Manager,Import Job Archive,Click,ContextMenu,Create Import,UIInteraction,
43194.144682662,,Import/Export & Backup/Restore,Select file to import,Click,Button,...,UIInteraction,
43194.1446899074,,Import/Export & Backup/Restore,OK to select file,,,,UIAutomatic,FilePath=\\srv004bgc.dir.slb.com\MaxwellAT\TestData\TestData\Phase3\JobArchive\DnM_SWF_MP3_DC.Dlis
43194.144751088,,Import/Export & Backup/Restore,Start Import,Click,Button,Import,UIInteraction,FilePath=\\srv004bgc.dir.slb.com\MaxwellAT\TestData\TestData\Phase3\JobArchive\DnM_SWF_MP3_DC.Dlis
43194.1458697569,,Import/Export & Backup/Restore,Close Import UI,Click,Button,Close,UIInteraction,
43194.1460075232,,Console/Job Manager,Select Auto Backup Folder,Click,ComboBox,C:\AutoBackup,UIInteraction,
43194.1850012963,,UI Framework,Close Console,Click,Button,,UIInteraction,
