Time,Process,Component,Operation,Action,Control,ControlText,Category,Context
43194.1698107755,,Console/Job Manager,Start Job,Click,Button,Start,UIInteraction,JobName=upct_demo;WellName=bgc;ClientName=slb;StartDate=4/4/2018 4:04 AM;Workflow=Wireline;Simulator=True;UnitSystem=English;JobSize=0;State=Available;SideTrackId=0;SessionID=ACF6DF32-D56D-4FEA-B20D-2C53FF36BFFE;SortOrder=1;JobGUID=27D9F5EA-FD1E-411C-BC8C-F0031635AC50;WellGUID=9E3A6CB9-220C-44D1-AE6E-E2C679B198C9;BoreholeGUID=D596FA5E-DEA4-4A9F-BA59-16CB10A2DAFC;MachineName=HPV04-006;UserName=Engineer;UserDomainName=HPV04-006;OS=Microsoft Windows NT 6.1.7601 Service Pack 1;StartedJobCount=0;TimeZone=00:00:00;IPAddress_1=192.168.78.163;IPAddress_2=::1;MWVersion=9.0.100745.3100
43194.1700256597,,Console/Job Manager,Stop Job,Click,Button,Stop,UIInteraction,JobGuid=27D9F5EA-FD1E-411C-BC8C-F0031635AC50
43194.1702084607,,Console/Job Manager,Start Job,Click,Button,Start,UIInteraction,JobName=upct_demo;WellName=bgc;ClientName=slb;StartDate=4/4/2018 4:04 AM;Workflow=Wireline;Simulator=True;UnitSystem=English;RTBackupDir=C:\Autobackup;JobSize=0;State=Available;SideTrackId=0;SessionID=ACF6DF32-D56D-4FEA-B20D-2C53FF36BFFE;SortOrder=1;JobGUID=27D9F5EA-FD1E-411C-BC8C-F0031635AC50;WellGUID=9E3A6CB9-220C-44D1-AE6E-E2C679B198C9;BoreholeGUID=D596FA5E-DEA4-4A9F-BA59-16CB10A2DAFC;MachineName=HPV04-006;UserName=Engineer;UserDomainName=HPV04-006;OS=Microsoft Windows NT 6.1.7601 Service Pack 1;StartedJobCount=0;TimeZone=00:00:00;IPAddress_1=192.168.78.163;IPAddress_2=::1;MWVersion=9.0.100745.3100
43194.1709648495,,Console/Job Manager,Start Setup Console,Click,Button,Start...,UIInteraction,JobGuid=27D9F5EA-FD1E-411C-BC8C-F0031635AC50
43194.171053206,Setup,Calibration,Select Calibration Report Type,Click,ComboBox,Technical Concise,UIInteraction,
43194.1710604745,Setup,UI Framework,Start Console,,,Setup - Job upct_demo,UIAutomatic,
43194.1710726157,,Console/Job Manager,Start Deliverables Console,Click,Button,Start...,UIInteraction,JobGuid=27D9F5EA-FD1E-411C-BC8C-F0031635AC50
43194.1711266088,DeliverablesSetup,Tier Manager,Tier Template Created for Tools in My Equipment,,,UPCT-A Tier Created,Deliverables Console,
43194.1711328009,DeliverablesSetup,UI Framework,Start Console,,,Deliverables Console Setup - Job upct_demo,UIAutomatic,
43194.1713033449,Setup,UI Framework,Switch Tab,Click,Tab,DnI Initializations,UIInteraction,
43194.1713697338,Setup,Run Manager (Internal),Start Run,Click,Button,Start,UIInteraction,RunGuid=2E0EDA66-B4A6-4489-A0DD-051EAFFEF685;ToolstringGuid=20F1AD89-5D03-495A-8554-FC422406A56F;DownholeEquipments=UPCT-A:EQF-39:MH-28;TSLevelActiveSurfaceEquips=WAFE:DEPTH_DEVICE:TENSION_DEVICE:LOGGING_CABLE
43194.1713701852,Setup,Run Manager (Internal),Change Tool Zero Selection,Click,CheckBox,UPCT-A,UIInteraction,CheckState=True
43194.1714185995,Setup,Run Manager (Internal),Confirm Tool Zero Selection,Click,Button,Confirm and Continue,UIInteraction,
43194.1715560995,Simulation,UI Framework,Start Console,,,Simulation Console - Job upct_demo,UIAutomatic,
43194.1715956713,WLAcquisition,Calibration,Select Calibration Report Type,Click,ComboBox,Technical Concise,UIInteraction,
43194.1716069213,WLAcquisition,UI Framework,Start Console,,,Acquisition Console - Job upct_demo - Run 1,UIAutomatic,
43194.1719437153,WLAcquisition,Data Acquiring - WL,Connect Hardware,Click,ToolbarButton,Connect to Hardware,UIInteraction,
43194.1720380093,WLAcquisition,Data Acquiring - WL,Start Dataflow,Click,ToolbarButton,Start Data Flow,UIInteraction,
43194.1721428009,WLAcquisition,Data Acquiring - WL,Enable Tool Power,Click,ToolbarButton,Enable Tool Power,UIInteraction,
43194.1738552894,WLAcquisition,Depth Log/Station Planning,Perform Logging Task,RightClick,TreeView,Depth Log,UIInteraction,TaskName=Depth Log
43194.1738695602,WLAcquisition,Depth Log/Station Planning,Perform Logging Task,Click,ContextMenu,Perform,UIInteraction,TaskName=Depth Log
43194.1744898611,WLAcquisition,Data Acquiring - WL,Start Depth Pass,Click,Button,Start,UIInteraction,PassGuid=42B60BCF-FF09-410E-B18F-1F223B01B0E2;Objective=Log;Direction=Down;Depth=91.43746
43194.1747727662,WLAcquisition,Properties & Parameters,Show Infrequent Properties/Parameters,Click,ToolbarButton,Show Infrequent Parameters,UIInteraction,
43194.1748476852,WLAcquisition,Properties & Parameters,Change Parameter Value,Update,GridCell,2,UIInteraction,OSDD=CCL_MULTIPLIER;EnsemblePath=UPCT-A:UPCC-A:UPCC-A
43194.1748484144,DeliverablesSetup,Computation / Recomputation,ProcessRecomputeState,,,,UIAutomatic,JobGuid=27D9F5EA-FD1E-411C-BC8C-F0031635AC50;State=UIS_RECOMPUTATION_STATE_PENDING;Scope=JobScope;RecompPercentageComplete=;MultipleRunsAffected=False;ActiveRunAffected=True;ActiveRunInProgress=False;RunCount=1;Run0Change0=Parameter;Run0Guid=2E0EDA66-B4A6-4489-A0DD-051EAFFEF685
43194.1748485417,Setup,Computation / Recomputation,ProcessRecomputeState,,,,UIAutomatic,JobGuid=27D9F5EA-FD1E-411C-BC8C-F0031635AC50;State=UIS_RECOMPUTATION_STATE_PENDING;Scope=JobScope;RecompPercentageComplete=;MultipleRunsAffected=False;ActiveRunAffected=True;ActiveRunInProgress=False;RunCount=1;Run0Change0=Parameter;Run0Guid=2E0EDA66-B4A6-4489-A0DD-051EAFFEF685
43194.1748484144,WLAcquisition,Computation / Recomputation,ProcessRecomputeState,,,,UIAutomatic,JobGuid=27D9F5EA-FD1E-411C-BC8C-F0031635AC50;State=UIS_RECOMPUTATION_STATE_PENDING;Scope=JobScope;RecompPercentageComplete=;MultipleRunsAffected=False;ActiveRunAffected=True;ActiveRunInProgress=False;RunCount=1;Run0Change0=Parameter;Run0Guid=2E0EDA66-B4A6-4489-A0DD-051EAFFEF685
43194.1748756134,WLAcquisition,Computation / Recomputation,Recompute All Pending Runs,Click,ToolbarButton,Recompute All Pending Runs,UIInteraction,
43194.1748757292,Setup,Computation / Recomputation,ProcessRecomputeState,,,,UIAutomatic,JobGuid=27D9F5EA-FD1E-411C-BC8C-F0031635AC50;State=UIS_RECOMPUTATION_STATE_STARTING;Scope=JobScope;RecompPercentageComplete=;MultipleRunsAffected=False;ActiveRunAffected=True;ActiveRunInProgress=True;RunCount=1;Run0Change0=Parameter;Run0Guid=2E0EDA66-B4A6-4489-A0DD-051EAFFEF685
43194.1748759144,DeliverablesSetup,Computation / Recomputation,ProcessRecomputeState,,,,UIAutomatic,JobGuid=27D9F5EA-FD1E-411C-BC8C-F0031635AC50;State=UIS_RECOMPUTATION_STATE_STARTING;Scope=JobScope;RecompPercentageComplete=;MultipleRunsAffected=False;ActiveRunAffected=True;ActiveRunInProgress=True;RunCount=1;Run0Change0=Parameter;Run0Guid=2E0EDA66-B4A6-4489-A0DD-051EAFFEF685
43194.1748760417,WLAcquisition,Computation / Recomputation,ProcessRecomputeState,,,,UIAutomatic,JobGuid=27D9F5EA-FD1E-411C-BC8C-F0031635AC50;State=UIS_RECOMPUTATION_STATE_STARTING;Scope=JobScope;RecompPercentageComplete=;MultipleRunsAffected=False;ActiveRunAffected=True;ActiveRunInProgress=True;RunCount=1;Run0Change0=Parameter;Run0Guid=2E0EDA66-B4A6-4489-A0DD-051EAFFEF685
43194.1748756366,WLAcquisition,Computation / Recomputation,Start Recomputation During Acquisition,Click,ToolbarButton,Recompute All Pending Runs,UIInteraction,FeatureName=Framework.RTOOP
43194.1749590509,Setup,Computation / Recomputation,ProcessRecomputeState,,,,UIAutomatic,JobGuid=27D9F5EA-FD1E-411C-BC8C-F0031635AC50;State=UIS_RECOMPUTATION_STATE_IN_PROGRESS;Scope=JobScope;RecompPercentageComplete=;MultipleRunsAffected=False;ActiveRunAffected=True;ActiveRunInProgress=True;RunCount=1;Run0Change0=Parameter;Run0Guid=2E0EDA66-B4A6-4489-A0DD-051EAFFEF685
43194.1749590509,WLAcquisition,Computation / Recomputation,ProcessRecomputeState,,,,UIAutomatic,JobGuid=27D9F5EA-FD1E-411C-BC8C-F0031635AC50;State=UIS_RECOMPUTATION_STATE_IN_PROGRESS;Scope=JobScope;RecompPercentageComplete=;MultipleRunsAffected=False;ActiveRunAffected=True;ActiveRunInProgress=True;RunCount=1;Run0Change0=Parameter;Run0Guid=2E0EDA66-B4A6-4489-A0DD-051EAFFEF685
43194.1749590741,DeliverablesSetup,Computation / Recomputation,ProcessRecomputeState,,,,UIAutomatic,JobGuid=27D9F5EA-FD1E-411C-BC8C-F0031635AC50;State=UIS_RECOMPUTATION_STATE_IN_PROGRESS;Scope=JobScope;RecompPercentageComplete=;MultipleRunsAffected=False;ActiveRunAffected=True;ActiveRunInProgress=True;RunCount=1;Run0Change0=Parameter;Run0Guid=2E0EDA66-B4A6-4489-A0DD-051EAFFEF685
43194.1750360417,DeliverablesSetup,Computation / Recomputation,ProcessRecomputeState,,,,UIAutomatic,JobGuid=27D9F5EA-FD1E-411C-BC8C-F0031635AC50;State=UIS_RECOMPUTATION_STATE_SUCCEEDED;Scope=JobScope;RecompPercentageComplete=;MultipleRunsAffected=False;ActiveRunAffected=True;ActiveRunInProgress=True;RunCount=1;Run0Change0=Parameter;Run0Guid=2E0EDA66-B4A6-4489-A0DD-051EAFFEF685
43194.1750360185,Setup,Computation / Recomputation,ProcessRecomputeState,,,,UIAutomatic,JobGuid=27D9F5EA-FD1E-411C-BC8C-F0031635AC50;State=UIS_RECOMPUTATION_STATE_SUCCEEDED;Scope=JobScope;RecompPercentageComplete=;MultipleRunsAffected=False;ActiveRunAffected=True;ActiveRunInProgress=True;RunCount=1;Run0Change0=Parameter;Run0Guid=2E0EDA66-B4A6-4489-A0DD-051EAFFEF685
43194.1750362037,WLAcquisition,Computation / Recomputation,ProcessRecomputeState,,,,UIAutomatic,JobGuid=27D9F5EA-FD1E-411C-BC8C-F0031635AC50;State=UIS_RECOMPUTATION_STATE_SUCCEEDED;Scope=JobScope;RecompPercentageComplete=;MultipleRunsAffected=False;ActiveRunAffected=True;ActiveRunInProgress=True;RunCount=1;Run0Change0=Parameter;Run0Guid=2E0EDA66-B4A6-4489-A0DD-051EAFFEF685
43194.1752593634,WLAcquisition,Properties & Parameters,Change Parameter Value,Update,GridCell,2,UIInteraction,OSDD=GR_MULTIPLIER;EnsemblePath=UPCT-A:UPCC-A:UPCC-A
43194.1752600231,DeliverablesSetup,Computation / Recomputation,ProcessRecomputeState,,,,UIAutomatic,JobGuid=27D9F5EA-FD1E-411C-BC8C-F0031635AC50;State=UIS_RECOMPUTATION_STATE_PENDING;Scope=JobScope;RecompPercentageComplete=;MultipleRunsAffected=False;ActiveRunAffected=True;ActiveRunInProgress=True;RunCount=1;Run0Change0=Parameter;Run0Guid=2E0EDA66-B4A6-4489-A0DD-051EAFFEF685
43194.1752600347,Setup,Computation / Recomputation,ProcessRecomputeState,,,,UIAutomatic,JobGuid=27D9F5EA-FD1E-411C-BC8C-F0031635AC50;State=UIS_RECOMPUTATION_STATE_PENDING;Scope=JobScope;RecompPercentageComplete=;MultipleRunsAffected=False;ActiveRunAffected=True;ActiveRunInProgress=True;RunCount=1;Run0Change0=Parameter;Run0Guid=2E0EDA66-B4A6-4489-A0DD-051EAFFEF685
43194.1752867824,WLAcquisition,Computation / Recomputation,Recompute All Pending Runs,Click,ToolbarButton,Recompute All Pending Runs,UIInteraction,
43194.1752868056,WLAcquisition,Computation / Recomputation,Start Recomputation During Acquisition,Click,ToolbarButton,Recompute All Pending Runs,UIInteraction,FeatureName=Framework.RTOOP
43194.1752868519,DeliverablesSetup,Computation / Recomputation,ProcessRecomputeState,,,,UIAutomatic,JobGuid=27D9F5EA-FD1E-411C-BC8C-F0031635AC50;State=UIS_RECOMPUTATION_STATE_STARTING;Scope=JobScope;RecompPercentageComplete=;MultipleRunsAffected=False;ActiveRunAffected=True;ActiveRunInProgress=True;RunCount=1;Run0Change0=Parameter;Run0Guid=2E0EDA66-B4A6-4489-A0DD-051EAFFEF685
43194.1752869213,Setup,Computation / Recomputation,ProcessRecomputeState,,,,UIAutomatic,JobGuid=27D9F5EA-FD1E-411C-BC8C-F0031635AC50;State=UIS_RECOMPUTATION_STATE_STARTING;Scope=JobScope;RecompPercentageComplete=;MultipleRunsAffected=False;ActiveRunAffected=True;ActiveRunInProgress=True;RunCount=1;Run0Change0=Parameter;Run0Guid=2E0EDA66-B4A6-4489-A0DD-051EAFFEF685
43194.1752870949,WLAcquisition,Computation / Recomputation,ProcessRecomputeState,,,,UIAutomatic,JobGuid=27D9F5EA-FD1E-411C-BC8C-F0031635AC50;State=UIS_RECOMPUTATION_STATE_STARTING;Scope=JobScope;RecompPercentageComplete=;MultipleRunsAffected=False;ActiveRunAffected=True;ActiveRunInProgress=True;RunCount=1;Run0Change0=Parameter;Run0Guid=2E0EDA66-B4A6-4489-A0DD-051EAFFEF685
43194.1752891898,WLAcquisition,Computation / Recomputation,ProcessRecomputeState,,,,UIAutomatic,JobGuid=27D9F5EA-FD1E-411C-BC8C-F0031635AC50;State=UIS_RECOMPUTATION_STATE_IN_PROGRESS;Scope=JobScope;RecompPercentageComplete=;MultipleRunsAffected=False;ActiveRunAffected=True;ActiveRunInProgress=True;RunCount=1;Run0Change0=Parameter;Run0Guid=2E0EDA66-B4A6-4489-A0DD-051EAFFEF685
43194.1752891898,Setup,Computation / Recomputation,ProcessRecomputeState,,,,UIAutomatic,JobGuid=27D9F5EA-FD1E-411C-BC8C-F0031635AC50;State=UIS_RECOMPUTATION_STATE_IN_PROGRESS;Scope=JobScope;RecompPercentageComplete=;MultipleRunsAffected=False;ActiveRunAffected=True;ActiveRunInProgress=True;RunCount=1;Run0Change0=Parameter;Run0Guid=2E0EDA66-B4A6-4489-A0DD-051EAFFEF685
43194.175289213,DeliverablesSetup,Computation / Recomputation,ProcessRecomputeState,,,,UIAutomatic,JobGuid=27D9F5EA-FD1E-411C-BC8C-F0031635AC50;State=UIS_RECOMPUTATION_STATE_IN_PROGRESS;Scope=JobScope;RecompPercentageComplete=;MultipleRunsAffected=False;ActiveRunAffected=True;ActiveRunInProgress=True;RunCount=1;Run0Change0=Parameter;Run0Guid=2E0EDA66-B4A6-4489-A0DD-051EAFFEF685
43194.1752600347,WLAcquisition,Computation / Recomputation,ProcessRecomputeState,,,,UIAutomatic,JobGuid=27D9F5EA-FD1E-411C-BC8C-F0031635AC50;State=UIS_RECOMPUTATION_STATE_PENDING;Scope=JobScope;RecompPercentageComplete=;MultipleRunsAffected=False;ActiveRunAffected=True;ActiveRunInProgress=True;RunCount=1;Run0Change0=Parameter;Run0Guid=2E0EDA66-B4A6-4489-A0DD-051EAFFEF685
43194.1753655093,DeliverablesSetup,Computation / Recomputation,ProcessRecomputeState,,,,UIAutomatic,JobGuid=27D9F5EA-FD1E-411C-BC8C-F0031635AC50;State=UIS_RECOMPUTATION_STATE_SUCCEEDED;Scope=JobScope;RecompPercentageComplete=;MultipleRunsAffected=False;ActiveRunAffected=True;ActiveRunInProgress=True;RunCount=1;Run0Change0=Parameter;Run0Guid=2E0EDA66-B4A6-4489-A0DD-051EAFFEF685
43194.1753655208,Setup,Computation / Recomputation,ProcessRecomputeState,,,,UIAutomatic,JobGuid=27D9F5EA-FD1E-411C-BC8C-F0031635AC50;State=UIS_RECOMPUTATION_STATE_SUCCEEDED;Scope=JobScope;RecompPercentageComplete=;MultipleRunsAffected=False;ActiveRunAffected=True;ActiveRunInProgress=True;RunCount=1;Run0Change0=Parameter;Run0Guid=2E0EDA66-B4A6-4489-A0DD-051EAFFEF685
43194.1753655208,WLAcquisition,Computation / Recomputation,ProcessRecomputeState,,,,UIAutomatic,JobGuid=27D9F5EA-FD1E-411C-BC8C-F0031635AC50;State=UIS_RECOMPUTATION_STATE_SUCCEEDED;Scope=JobScope;RecompPercentageComplete=;MultipleRunsAffected=False;ActiveRunAffected=True;ActiveRunInProgress=True;RunCount=1;Run0Change0=Parameter;Run0Guid=2E0EDA66-B4A6-4489-A0DD-051EAFFEF685
43194.1755626968,WLAcquisition,Properties & Parameters,Change Parameter Value,Update,GridCell,1,UIInteraction,OSDD=GR_MULTIPLIER;EnsemblePath=UPCT-A:UPCC-A:UPCC-A
43194.1755635069,DeliverablesSetup,Computation / Recomputation,ProcessRecomputeState,,,,UIAutomatic,JobGuid=27D9F5EA-FD1E-411C-BC8C-F0031635AC50;State=UIS_RECOMPUTATION_STATE_PENDING;Scope=JobScope;RecompPercentageComplete=;MultipleRunsAffected=False;ActiveRunAffected=True;ActiveRunInProgress=True;RunCount=1;Run0Change0=Parameter;Run0Guid=2E0EDA66-B4A6-4489-A0DD-051EAFFEF685
43194.1755635069,WLAcquisition,Computation / Recomputation,ProcessRecomputeState,,,,UIAutomatic,JobGuid=27D9F5EA-FD1E-411C-BC8C-F0031635AC50;State=UIS_RECOMPUTATION_STATE_PENDING;Scope=JobScope;RecompPercentageComplete=;MultipleRunsAffected=False;ActiveRunAffected=True;ActiveRunInProgress=True;RunCount=1;Run0Change0=Parameter;Run0Guid=2E0EDA66-B4A6-4489-A0DD-051EAFFEF685
43194.1755635069,Setup,Computation / Recomputation,ProcessRecomputeState,,,,UIAutomatic,JobGuid=27D9F5EA-FD1E-411C-BC8C-F0031635AC50;State=UIS_RECOMPUTATION_STATE_PENDING;Scope=JobScope;RecompPercentageComplete=;MultipleRunsAffected=False;ActiveRunAffected=True;ActiveRunInProgress=True;RunCount=1;Run0Change0=Parameter;Run0Guid=2E0EDA66-B4A6-4489-A0DD-051EAFFEF685
43194.1757894097,WLAcquisition,Properties & Parameters,Change Parameter Value,Update,GridCell,1,UIInteraction,OSDD=CCL_MULTIPLIER;EnsemblePath=UPCT-A:UPCC-A:UPCC-A
43194.1757894907,Setup,Computation / Recomputation,ProcessRecomputeState,,,,UIAutomatic,JobGuid=27D9F5EA-FD1E-411C-BC8C-F0031635AC50;State=UIS_RECOMPUTATION_STATE_PENDING;Scope=JobScope;RecompPercentageComplete=;MultipleRunsAffected=False;ActiveRunAffected=True;ActiveRunInProgress=True;RunCount=1;Run0Change0=Parameter;Run0Guid=2E0EDA66-B4A6-4489-A0DD-051EAFFEF685
43194.1757894907,DeliverablesSetup,Computation / Recomputation,ProcessRecomputeState,,,,UIAutomatic,JobGuid=27D9F5EA-FD1E-411C-BC8C-F0031635AC50;State=UIS_RECOMPUTATION_STATE_PENDING;Scope=JobScope;RecompPercentageComplete=;MultipleRunsAffected=False;ActiveRunAffected=True;ActiveRunInProgress=True;RunCount=1;Run0Change0=Parameter;Run0Guid=2E0EDA66-B4A6-4489-A0DD-051EAFFEF685
43194.1757896065,WLAcquisition,Computation / Recomputation,ProcessRecomputeState,,,,UIAutomatic,JobGuid=27D9F5EA-FD1E-411C-BC8C-F0031635AC50;State=UIS_RECOMPUTATION_STATE_PENDING;Scope=JobScope;RecompPercentageComplete=;MultipleRunsAffected=False;ActiveRunAffected=True;ActiveRunInProgress=True;RunCount=1;Run0Change0=Parameter;Run0Guid=2E0EDA66-B4A6-4489-A0DD-051EAFFEF685
43194.1758168866,WLAcquisition,Computation / Recomputation,Recompute All Pending Runs,Click,ToolbarButton,Recompute All Pending Runs,UIInteraction,
43194.1758168981,WLAcquisition,Computation / Recomputation,Start Recomputation During Acquisition,Click,ToolbarButton,Recompute All Pending Runs,UIInteraction,FeatureName=Framework.RTOOP
43194.1758169676,DeliverablesSetup,Computation / Recomputation,ProcessRecomputeState,,,,UIAutomatic,JobGuid=27D9F5EA-FD1E-411C-BC8C-F0031635AC50;State=UIS_RECOMPUTATION_STATE_STARTING;Scope=JobScope;RecompPercentageComplete=;MultipleRunsAffected=False;ActiveRunAffected=True;ActiveRunInProgress=True;RunCount=1;Run0Change0=Parameter;Run0Guid=2E0EDA66-B4A6-4489-A0DD-051EAFFEF685
43194.1758170139,Setup,Computation / Recomputation,ProcessRecomputeState,,,,UIAutomatic,JobGuid=27D9F5EA-FD1E-411C-BC8C-F0031635AC50;State=UIS_RECOMPUTATION_STATE_STARTING;Scope=JobScope;RecompPercentageComplete=;MultipleRunsAffected=False;ActiveRunAffected=True;ActiveRunInProgress=True;RunCount=1;Run0Change0=Parameter;Run0Guid=2E0EDA66-B4A6-4489-A0DD-051EAFFEF685
43194.1758172106,WLAcquisition,Computation / Recomputation,ProcessRecomputeState,,,,UIAutomatic,JobGuid=27D9F5EA-FD1E-411C-BC8C-F0031635AC50;State=UIS_RECOMPUTATION_STATE_STARTING;Scope=JobScope;RecompPercentageComplete=;MultipleRunsAffected=False;ActiveRunAffected=True;ActiveRunInProgress=True;RunCount=1;Run0Change0=Parameter;Run0Guid=2E0EDA66-B4A6-4489-A0DD-051EAFFEF685
43194.1758193403,DeliverablesSetup,Computation / Recomputation,ProcessRecomputeState,,,,UIAutomatic,JobGuid=27D9F5EA-FD1E-411C-BC8C-F0031635AC50;State=UIS_RECOMPUTATION_STATE_IN_PROGRESS;Scope=JobScope;RecompPercentageComplete=;MultipleRunsAffected=False;ActiveRunAffected=True;ActiveRunInProgress=True;RunCount=1;Run0Change0=Parameter;Run0Guid=2E0EDA66-B4A6-4489-A0DD-051EAFFEF685
43194.1758193403,WLAcquisition,Computation / Recomputation,ProcessRecomputeState,,,,UIAutomatic,JobGuid=27D9F5EA-FD1E-411C-BC8C-F0031635AC50;State=UIS_RECOMPUTATION_STATE_IN_PROGRESS;Scope=JobScope;RecompPercentageComplete=;MultipleRunsAffected=False;ActiveRunAffected=True;ActiveRunInProgress=True;RunCount=1;Run0Change0=Parameter;Run0Guid=2E0EDA66-B4A6-4489-A0DD-051EAFFEF685
43194.1758193634,Setup,Computation / Recomputation,ProcessRecomputeState,,,,UIAutomatic,JobGuid=27D9F5EA-FD1E-411C-BC8C-F0031635AC50;State=UIS_RECOMPUTATION_STATE_IN_PROGRESS;Scope=JobScope;RecompPercentageComplete=;MultipleRunsAffected=False;ActiveRunAffected=True;ActiveRunInProgress=True;RunCount=1;Run0Change0=Parameter;Run0Guid=2E0EDA66-B4A6-4489-A0DD-051EAFFEF685
43194.1758966782,DeliverablesSetup,Computation / Recomputation,ProcessRecomputeState,,,,UIAutomatic,JobGuid=27D9F5EA-FD1E-411C-BC8C-F0031635AC50;State=UIS_RECOMPUTATION_STATE_SUCCEEDED;Scope=JobScope;RecompPercentageComplete=;MultipleRunsAffected=False;ActiveRunAffected=True;ActiveRunInProgress=True;RunCount=1;Run0Change0=Parameter;Run0Guid=2E0EDA66-B4A6-4489-A0DD-051EAFFEF685
43194.1758966782,Setup,Computation / Recomputation,ProcessRecomputeState,,,,UIAutomatic,JobGuid=27D9F5EA-FD1E-411C-BC8C-F0031635AC50;State=UIS_RECOMPUTATION_STATE_SUCCEEDED;Scope=JobScope;RecompPercentageComplete=;MultipleRunsAffected=False;ActiveRunAffected=True;ActiveRunInProgress=True;RunCount=1;Run0Change0=Parameter;Run0Guid=2E0EDA66-B4A6-4489-A0DD-051EAFFEF685
43194.175896713,WLAcquisition,Computation / Recomputation,ProcessRecomputeState,,,,UIAutomatic,JobGuid=27D9F5EA-FD1E-411C-BC8C-F0031635AC50;State=UIS_RECOMPUTATION_STATE_SUCCEEDED;Scope=JobScope;RecompPercentageComplete=;MultipleRunsAffected=False;ActiveRunAffected=True;ActiveRunInProgress=True;RunCount=1;Run0Change0=Parameter;Run0Guid=2E0EDA66-B4A6-4489-A0DD-051EAFFEF685
43194.1760177199,DeliverablesSetup,Deliverables - Graphical,Add Catalog Format to Component,Click,ToolbarButton,Add to Component,UIInteraction,ComponentName=UPCT Correlation;ComponentCode=Component_Log
43194.1761704514,DeliverablesSetup,Deliverables - Digital,Create New Template,Click,ContextMenu,New Template,UIInteraction,
43194.1762058102,DeliverablesSetup,Deliverables - Digital,Add Component to Template,Click,ContextMenu,New Template,UIInteraction,ComponentCode=Component_Log
43194.1764435417,DeliverablesSetup,Deliverables - Digital,Add Template to Deliverable,Click,ContextMenu,Run 1,UIInteraction,ComponentName=New Template;ComponentCode=Component_None
43194.1766588889,DeliverablesSetup,Data Explorer,Click OK Button,Click,Button,OK,UIInteraction,Selection=Log[1]:Down____300.00 (ft)__downlog pass2
43194.1766677083,DeliverablesSetup,UI Framework,Switch View,Click,ToolbarButton,Deliverables Display View,UIInteraction,
43194.1769719329,DeliverablesSetup,Deliverables - Graphical,View Graphical Component,Click,ContextMenu,View,UIInteraction,ComponentName=Log ( UPCT Correlation );TemplateName=New Template;DelivTemplateGuid=78AABAE3-E225-4C4B-94F3-DF3F964F6132
43194.1773483102,Setup,Units,Show Unit System Manager,Click,MenuItem,Unit System Manager,UIInteraction,
43194.1773925926,Setup,Units,Change unit type,Click,ContextMenu,ft/h,UIInteraction,OldValue=ft/h;UnitQuantity=CableSpeed
43194.1773972569,Setup,Units,Close Unit System Manager,Click,Button,Close,UIInteraction,
43194.1776558333,WLAcquisition,Properties & Parameters,Show Infrequent Properties/Parameters,Click,ToolbarButton,Show Infrequent Parameters,UIInteraction,
43194.1777592361,WLAcquisition,Properties & Parameters,Change Parameter Value,Update,GridCell,40,UIInteraction,OSDD=MFST;EnsemblePath=Borehole
43194.1779505324,WLAcquisition,Properties & Parameters,Change Parameter Value,Update,GridCell,101,UIInteraction,OSDD=BHT;EnsemblePath=Borehole
43194.1779513194,Setup,Computation / Recomputation,ProcessRecomputeState,,,,UIAutomatic,JobGuid=27D9F5EA-FD1E-411C-BC8C-F0031635AC50;State=UIS_RECOMPUTATION_STATE_PENDING;Scope=JobScope;RecompPercentageComplete=;MultipleRunsAffected=False;ActiveRunAffected=True;ActiveRunInProgress=True;RunCount=1;Run0Change0=Parameter;Run0Guid=2E0EDA66-B4A6-4489-A0DD-051EAFFEF685
43194.1779513194,DeliverablesSetup,Computation / Recomputation,ProcessRecomputeState,,,,UIAutomatic,JobGuid=27D9F5EA-FD1E-411C-BC8C-F0031635AC50;State=UIS_RECOMPUTATION_STATE_PENDING;Scope=JobScope;RecompPercentageComplete=;MultipleRunsAffected=False;ActiveRunAffected=True;ActiveRunInProgress=True;RunCount=1;Run0Change0=Parameter;Run0Guid=2E0EDA66-B4A6-4489-A0DD-051EAFFEF685
43194.1779515046,WLAcquisition,Computation / Recomputation,ProcessRecomputeState,,,,UIAutomatic,JobGuid=27D9F5EA-FD1E-411C-BC8C-F0031635AC50;State=UIS_RECOMPUTATION_STATE_PENDING;Scope=JobScope;RecompPercentageComplete=;MultipleRunsAffected=False;ActiveRunAffected=True;ActiveRunInProgress=True;RunCount=1;Run0Change0=Parameter;Run0Guid=2E0EDA66-B4A6-4489-A0DD-051EAFFEF685
43194.1780478009,WLAcquisition,Computation / Recomputation,Recompute All Pending Runs,Click,ToolbarButton,Recompute All Pending Runs,UIInteraction,
43194.1780478241,WLAcquisition,Computation / Recomputation,Start Recomputation During Acquisition,Click,ToolbarButton,Recompute All Pending Runs,UIInteraction,FeatureName=Framework.RTOOP
43194.1780478704,DeliverablesSetup,Computation / Recomputation,ProcessRecomputeState,,,,UIAutomatic,JobGuid=27D9F5EA-FD1E-411C-BC8C-F0031635AC50;State=UIS_RECOMPUTATION_STATE_STARTING;Scope=JobScope;RecompPercentageComplete=;MultipleRunsAffected=False;ActiveRunAffected=True;ActiveRunInProgress=True;RunCount=1;Run0Change0=Parameter;Run0Guid=2E0EDA66-B4A6-4489-A0DD-051EAFFEF685
43194.1780478704,Setup,Computation / Recomputation,ProcessRecomputeState,,,,UIAutomatic,JobGuid=27D9F5EA-FD1E-411C-BC8C-F0031635AC50;State=UIS_RECOMPUTATION_STATE_STARTING;Scope=JobScope;RecompPercentageComplete=;MultipleRunsAffected=False;ActiveRunAffected=True;ActiveRunInProgress=True;RunCount=1;Run0Change0=Parameter;Run0Guid=2E0EDA66-B4A6-4489-A0DD-051EAFFEF685
43194.1780483565,WLAcquisition,Computation / Recomputation,ProcessRecomputeState,,,,UIAutomatic,JobGuid=27D9F5EA-FD1E-411C-BC8C-F0031635AC50;State=UIS_RECOMPUTATION_STATE_STARTING;Scope=JobScope;RecompPercentageComplete=;MultipleRunsAffected=False;ActiveRunAffected=True;ActiveRunInProgress=True;RunCount=1;Run0Change0=Parameter;Run0Guid=2E0EDA66-B4A6-4489-A0DD-051EAFFEF685
43194.1780503588,DeliverablesSetup,Computation / Recomputation,ProcessRecomputeState,,,,UIAutomatic,JobGuid=27D9F5EA-FD1E-411C-BC8C-F0031635AC50;State=UIS_RECOMPUTATION_STATE_IN_PROGRESS;Scope=JobScope;RecompPercentageComplete=;MultipleRunsAffected=False;ActiveRunAffected=True;ActiveRunInProgress=True;RunCount=1;Run0Change0=Parameter;Run0Guid=2E0EDA66-B4A6-4489-A0DD-051EAFFEF685
43194.1780503588,Setup,Computation / Recomputation,ProcessRecomputeState,,,,UIAutomatic,JobGuid=27D9F5EA-FD1E-411C-BC8C-F0031635AC50;State=UIS_RECOMPUTATION_STATE_IN_PROGRESS;Scope=JobScope;RecompPercentageComplete=;MultipleRunsAffected=False;ActiveRunAffected=True;ActiveRunInProgress=True;RunCount=1;Run0Change0=Parameter;Run0Guid=2E0EDA66-B4A6-4489-A0DD-051EAFFEF685
43194.1780504167,WLAcquisition,Computation / Recomputation,ProcessRecomputeState,,,,UIAutomatic,JobGuid=27D9F5EA-FD1E-411C-BC8C-F0031635AC50;State=UIS_RECOMPUTATION_STATE_IN_PROGRESS;Scope=JobScope;RecompPercentageComplete=;MultipleRunsAffected=False;ActiveRunAffected=True;ActiveRunInProgress=True;RunCount=1;Run0Change0=Parameter;Run0Guid=2E0EDA66-B4A6-4489-A0DD-051EAFFEF685
43194.1781090509,WLAcquisition,Computation / Recomputation,ProcessRecomputeState,,,,UIAutomatic,JobGuid=27D9F5EA-FD1E-411C-BC8C-F0031635AC50;State=UIS_RECOMPUTATION_STATE_SUCCEEDED;Scope=JobScope;RecompPercentageComplete=;MultipleRunsAffected=False;ActiveRunAffected=True;ActiveRunInProgress=True;RunCount=1;Run0Change0=Parameter;Run0Guid=2E0EDA66-B4A6-4489-A0DD-051EAFFEF685
43194.1781097454,DeliverablesSetup,Computation / Recomputation,ProcessRecomputeState,,,,UIAutomatic,JobGuid=27D9F5EA-FD1E-411C-BC8C-F0031635AC50;State=UIS_RECOMPUTATION_STATE_SUCCEEDED;Scope=JobScope;RecompPercentageComplete=;MultipleRunsAffected=False;ActiveRunAffected=True;ActiveRunInProgress=True;RunCount=1;Run0Change0=Parameter;Run0Guid=2E0EDA66-B4A6-4489-A0DD-051EAFFEF685
43194.1781093981,Setup,Computation / Recomputation,ProcessRecomputeState,,,,UIAutomatic,JobGuid=27D9F5EA-FD1E-411C-BC8C-F0031635AC50;State=UIS_RECOMPUTATION_STATE_SUCCEEDED;Scope=JobScope;RecompPercentageComplete=;MultipleRunsAffected=False;ActiveRunAffected=True;ActiveRunInProgress=True;RunCount=1;Run0Change0=Parameter;Run0Guid=2E0EDA66-B4A6-4489-A0DD-051EAFFEF685
43194.1783423843,WLAcquisition,Data Acquiring - WL,Unlock Pass,Click,ToolbarButton,Click to Unlock Stop Button,UIInteraction,
43194.1784422801,WLAcquisition,Data Acquiring - WL,Stop Depth Pass,Click,Button,Stop,UIInteraction,PassGuid=42B60BCF-FF09-410E-B18F-1F223B01B0E2;Depth=121.91746
43194.1787190509,WLAcquisition,Depth Log/Station Planning,Perform Logging Task,RightClick,TreeView,Depth Log,UIInteraction,TaskName=Depth Log
43194.1787334028,WLAcquisition,Depth Log/Station Planning,Perform Logging Task,Click,ContextMenu,Perform,UIInteraction,TaskName=Depth Log
43194.1792022917,WLAcquisition,Data Acquiring - WL,Start Depth Pass,Click,Button,Start,UIInteraction,PassGuid=41DE4560-2F32-4A71-A031-22F95038CEC6;Objective=Correlation;Direction=Up;Depth=121.91746
43194.1806314005,WLAcquisition,Data Acquiring - WL,Unlock Pass,Click,ToolbarButton,Click to Unlock Stop Button,UIInteraction,
43194.1807258449,WLAcquisition,Data Acquiring - WL,Stop Depth Pass,Click,Button,Stop,UIInteraction,PassGuid=41DE4560-2F32-4A71-A031-22F95038CEC6;Depth=91.43746
43194.1808328125,WLAcquisition,Data Acquiring - WL,Unlock 3 Buttons,Click,ToolbarButton,Unlock,UIInteraction,
43194.1808349306,WLAcquisition,Data Acquiring - WL,Disable Tool Power,Click,ToolbarButton,Disable Tool Power,UIInteraction,
43194.1809331829,WLAcquisition,Data Acquiring - WL,Stop Dataflow,Click,ToolbarButton,Stop Data Flow,UIInteraction,
43194.1810518287,WLAcquisition,Data Acquiring - WL,Disconnect Hardware,Click,ToolbarButton,Disconnect From Hardware,UIInteraction,
43194.1811700231,Setup,Run Manager (Internal),Stop Run,Click,Button,Stop,UIInteraction,RunGuid=2E0EDA66-B4A6-4489-A0DD-051EAFFEF685
43194.1812209838,Setup,Run Manager (Internal),Confirm to Stop Run,Click,Button,OK,UIInteraction,RunGuid=2E0EDA66-B4A6-4489-A0DD-051EAFFEF685
43194.1812903819,Simulation,UI Framework,Close Console,Click,Button,,UIInteraction,JobGuid=27D9F5EA-FD1E-411C-BC8C-F0031635AC50
43194.1813749884,DeliverablesSetup,Deliverables - Digital,Create Job Archive,Click,ContextMenu,Create,UIInteraction,ArchiveGuid=27D9F5EA-FD1E-411C-BC8C-F0031635AC50;JobArchiveType=3.0
43194.1815567477,DeliverablesSetup,UI Framework,Close Console,Click,Button,,UIInteraction,JobGuid=27D9F5EA-FD1E-411C-BC8C-F0031635AC50
43194.181593206,DeliverablesSetup,UI Framework,OK to Close Deliverables - Display Console,Click,Button,OK,UIInteraction,
43194.1816723264,,Console/Job Manager,Stop Setup Console,Click,Button,Stop,UIInteraction,JobGuid=27D9F5EA-FD1E-411C-BC8C-F0031635AC50
43194.1817532176,,Console/Job Manager,Stop Job,Click,Button,Stop,UIInteraction,JobGuid=27D9F5EA-FD1E-411C-BC8C-F0031635AC50
