Time,Process,Component,Operation,Action,Control,ControlText,Category,Context
43193.6880353356,,Console/Job Manager,Start Job,Click,Button,Start,UIInteraction,JobName=09IOC0042-B;WellName=1-OGX-1_RJS;ClientName=BGCAT;StartDate=4/3/2018 4:30 PM;Workflow=D&M;Simulator=False;UnitSystem=Metric;RTBackupDir=C:\AutoBackup;JobSize=0;State=Available;SideTrackId=0;SessionID=A4B1FCC6-53C2-4120-BDD1-2F95C9B30550;SortOrder=1;JobGUID=9E30FC46-CE06-45F1-A210-3F3B31FB4192;WellGUID=759DDA6E-2ADE-4DEE-AEB6-3FAF88CC3599;BoreholeGUID=57995A4A-0FF4-42E6-AD50-3D2A696D3E23;MachineName=HPV02-015;UserName=Engineer;UserDomainName=HPV02-015;OS=Microsoft Windows NT 6.1.7601 Service Pack 1;StartedJobCount=0;TimeZone=00:00:00;IPAddress_1=192.168.78.150;IPAddress_2=::1;MWVersion=9.0.100732.3100
43193.6884875,,Console/Job Manager,Start Setup Console,Click,Button,Start...,UIInteraction,JobGuid=9E30FC46-CE06-45F1-A210-3F3B31FB4192
43193.68865125,Setup,UI Framework,Start Console,,,Setup - Job 09IOC0042-B,UIAutomatic,
43193.6904087963,Setup,Units,Select unit system,Click,ComboBox,Metric,UIInteraction,
43193.690434294,Setup,UI Framework,Switch Tab,Click,Tab,DnI Initializations Run - 1,UIInteraction,
43193.6904433449,Setup,DnI/Survey,Select DMS,Click,RadioButton,DMS,UIInteraction,
43193.6904635301,Setup,DnI/Survey,Enter Latitude,Input,TextBox, 23 : 38 : 28.070 S,UIInteraction,
43193.69047125,Setup,DnI/Survey,Enter Longitude,Input,TextBox, 41 : 28 : 29.059 E,UIInteraction,
43193.6904821759,Setup,UI Framework,Switch Tab,Click,Tab,Equipment,UIInteraction,
43193.6905333449,Setup,DnI/Survey,Select Permanent Datum,Click,ComboBox,Mean Sea Level,UIInteraction,
43193.6905382292,Setup,DnI/Survey,Select Log Measured From,Click,ComboBox,Drill Floor,UIInteraction,
43193.6905447222,Setup,DnI/Survey,Enter Elevation of 'Log Measured From',Input,TextBox,25,UIInteraction,LogMeasuredFrom=Drill Floor
43193.6905573264,Setup,UI Framework,Switch Tab,Click,Tab,DnI Initializations Run - 1,UIInteraction,
43193.6905793866,Setup,UI Framework,Switch Tab,Click,Tab,Equipment,UIInteraction,
43193.6905970139,Setup,DnI/Survey,Select Permanent Datum,Click,ComboBox,Mean Sea Level,UIInteraction,
43193.690602419,Setup,DnI/Survey,Select Log Measured From,Click,ComboBox,Drill Floor,UIInteraction,
43193.6906093403,Setup,DnI/Survey,Select Add Reference to Ground Level,Click,ComboBox,Yes,UIInteraction,
43193.690621169,Setup,UI Framework,Switch Tab,Click,Tab,DnI Initializations Run - 1,UIInteraction,
43193.6906422569,Setup,UI Framework,Switch Tab,Click,Tab,Equipment,UIInteraction,
43193.6906590625,Setup,DnI/Survey,Select Permanent Datum,Click,ComboBox,Mean Sea Level,UIInteraction,
43193.6906644444,Setup,DnI/Survey,Select Log Measured From,Click,ComboBox,Drill Floor,UIInteraction,
43193.6906713079,Setup,DnI/Survey,Enter Elevation of ground level,Input,TextBox,-140,UIInteraction,
43193.6906829282,Setup,UI Framework,Switch Tab,Click,Tab,DnI Initializations Run - 1,UIInteraction,
43193.6907015278,Setup,UI Framework,Switch Tab,Click,Tab,Equipment,UIInteraction,
43193.6907181134,Setup,DnI/Survey,Enter MD,Input,TextBox,165,UIInteraction,
43193.6907222106,Setup,DnI/Survey,Enter INCL,Input,TextBox,0,UIInteraction,
43193.6907266782,Setup,DnI/Survey,Enter AZIM,Input,TextBox,0,UIInteraction,
43193.6907308218,Setup,DnI/Survey,Enter TVD,Input,TextBox,165,UIInteraction,
43193.6907355671,Setup,DnI/Survey,Enter N/-S,Input,TextBox,0,UIInteraction,
43193.6907397106,Setup,DnI/Survey,Enter E/-W,Input,TextBox,0,UIInteraction,
43193.690763588,Setup,UI Framework,Switch Tab,Click,Tab,DnI Initializations Run - 1,UIInteraction,
43193.6907838657,Setup,UI Framework,Switch Tab,Click,Tab,Equipment,UIInteraction,
43193.690806956,Setup,DnI/Survey,Select Grid North,Click,RadioButton,Grid North,UIInteraction,
43193.6908125694,Setup,DnI/Survey,Select Coordinate System,Click,RadioButton,Select a Coordinate System: UTM84-37S,UIInteraction,
43193.6908174884,Setup,DnI/Survey,Select Coordinate System,Click,RadioButton,Select a Coordinate System: UTM84-37S,UIInteraction,
43193.690831713,Setup,UI Framework,Switch Tab,Click,Tab,DnI Initializations Run - 1,UIInteraction,
43193.6908600926,Setup,DnI/Survey,Compute DnI/Elevation,Click,Button,Compute,UIInteraction,
43193.6915036921,Setup,UI Framework,Switch Tab,Click,Tab,Well Properties,UIInteraction,
43193.6915129051,Setup,Well Setup (Internal),Select Header Type,Click,ComboBox,BRZ Offshore,UIInteraction,
43193.6915304745,Setup,Well Setup (Internal),Change Property Value,Update,GridCell,74281024181,UIInteraction,OSDD=APIN
43193.6915811111,Setup,Well Setup (Internal),Select Header Type,Click,ComboBox,BRZ Offshore,UIInteraction,
43193.6915948264,Setup,Well Setup (Internal),Change Property Value,Update,GridCell,Campos,UIInteraction,OSDD=BASI
43193.6916424653,Setup,Well Setup (Internal),Select Header Type,Click,ComboBox,BRZ Offshore,UIInteraction,
43193.6916579861,Setup,Well Setup (Internal),Change Property Value,Update,GridCell,09-Oct-2001,UIInteraction,OSDD=CASN
43193.6917055671,Setup,Well Setup (Internal),Select Header Type,Click,ComboBox,BRZ Offshore,UIInteraction,
43193.6917277315,Setup,Well Setup (Internal),Change Property Value,Update,GridCell,S. America,UIInteraction,OSDD=CONT_REGION
43193.6917721181,Setup,Well Setup (Internal),Select Header Type,Click,ComboBox,BRZ Offshore,UIInteraction,
43193.6917929514,Setup,Well Setup (Internal),Change Property Value,Update,GridCell,Geolograph ns:1414612,UIInteraction,OSDD=DSSN
43193.6918399421,Setup,Well Setup (Internal),Select Header Type,Click,ComboBox,BRZ Offshore,UIInteraction,
43193.6918587269,Setup,Well Setup (Internal),Change Property Value,Update,GridCell,SAD69MC=-24,UIInteraction,OSDD=FL
43193.6919062153,Setup,Well Setup (Internal),Select Header Type,Click,ComboBox,BRZ Offshore,UIInteraction,
43193.6919248032,Setup,Well Setup (Internal),Change Property Value,Update,GridCell,N:7383308.097,UIInteraction,OSDD=FL1
43193.6919721412,Setup,Well Setup (Internal),Select Header Type,Click,ComboBox,BRZ Offshore,UIInteraction,
43193.6919906134,Setup,Well Setup (Internal),Change Property Value,Update,GridCell,E:247544.069,UIInteraction,OSDD=FL2
43193.6920382986,Setup,Well Setup (Internal),Select Header Type,Click,ComboBox,BRZ Offshore,UIInteraction,
43193.6920556481,Setup,Well Setup (Internal),Change Property Value,Update,GridCell,BM-C-43,UIInteraction,OSDD=FN
43193.6921031944,Setup,Well Setup (Internal),Select Header Type,Click,ComboBox,BRZ Offshore,UIInteraction,
43193.6921209375,Setup,Well Setup (Internal),Change Property Value,Update,GridCell,SeCao,UIInteraction,OSDD=LNAM
43193.6921686574,Setup,Well Setup (Internal),Select Header Type,Click,ComboBox,BRZ Offshore,UIInteraction,
43193.6921948264,Setup,Well Setup (Internal),Change Property Value,Update,GridCell,ARC/ADN/SonicVision,UIInteraction,OSDD=LUL
43193.6922420602,Setup,Well Setup (Internal),Select Header Type,Click,ComboBox,BRZ Offshore,UIInteraction,
43193.6922602083,Setup,Well Setup (Internal),Change Property Value,Update,GridCell,Macae,UIInteraction,OSDD=LUN
43193.6923074074,Setup,Well Setup (Internal),Select Header Type,Click,ComboBox,BRZ Offshore,UIInteraction,
43193.6923263079,Setup,Well Setup (Internal),Change Property Value,Update,GridCell,Brazil,UIInteraction,OSDD=NATI
43193.6923773264,Setup,Well Setup (Internal),Select Header Type,Click,ComboBox,BRZ Offshore,UIInteraction,
43193.6923972917,Setup,Well Setup (Internal),Change Property Value,Update,GridCell,CM6-621,UIInteraction,OSDD=OFFSHORE_BLOCK_NUMBER
43193.6924444907,Setup,Well Setup (Internal),Select Header Type,Click,ComboBox,BRZ Offshore,UIInteraction,
43193.692468588,Setup,Well Setup (Internal),Change Property Value,Update,GridCell,Ocean Ambassador,UIInteraction,OSDD=RIGN
43193.6925160069,Setup,Well Setup (Internal),Select Header Type,Click,ComboBox,BRZ Offshore,UIInteraction,
43193.6925353472,Setup,Well Setup (Internal),Change Property Value,Update,GridCell,Semi,UIInteraction,OSDD=RIGTYP
43193.6925828241,Setup,Well Setup (Internal),Select Header Type,Click,ComboBox,BRZ Offshore,UIInteraction,
43193.6926010764,Setup,Well Setup (Internal),Change Property Value,Update,GridCell,8.5,UIInteraction,OSDD=SECT
43193.6926484259,Setup,Well Setup (Internal),Select Header Type,Click,ComboBox,BRZ Offshore,UIInteraction,
43193.6926710301,Setup,Well Setup (Internal),Change Property Value,Update,GridCell,ESTADO:,UIInteraction,OSDD=SLAB
43193.6927186574,Setup,Well Setup (Internal),Select Header Type,Click,ComboBox,BRZ Offshore,UIInteraction,
43193.6927413773,Setup,Well Setup (Internal),Change Property Value,Update,GridCell,09IOC0042,UIInteraction,OSDD=SON
43193.6927888657,Setup,Well Setup (Internal),Select Header Type,Click,ComboBox,BRZ Offshore,UIInteraction,
43193.6928117593,Setup,Well Setup (Internal),Change Property Value,Update,GridCell,17-Sep-2009,UIInteraction,OSDD=SPUD_DATE
43193.6928590972,Setup,Well Setup (Internal),Select Header Type,Click,ComboBox,BRZ Offshore,UIInteraction,
43193.6928844444,Setup,Well Setup (Internal),Change Property Value,Update,GridCell,Rio de Janeiro,UIInteraction,OSDD=STAT
43193.6929313194,Setup,Well Setup (Internal),Select Header Type,Click,ComboBox,BRZ Offshore,UIInteraction,
43193.6929558102,Setup,Well Setup (Internal),Change Property Value,Update,GridCell,74281024181,UIInteraction,OSDD=UWID
43193.6930078125,Setup,Well Setup (Internal),Select Header Type,Click,ComboBox,BRZ Offshore,UIInteraction,
43193.6930270718,Setup,Well Setup (Internal),Change Property Value,Update,GridCell,Custom,UIInteraction,OSDD=UWID_OPTIONS
43193.6930717477,Setup,Well Setup (Internal),Select Header Type,Click,ComboBox,BRZ Offshore,UIInteraction,
43193.6930980671,Setup,Well Setup (Internal),Change Property Value,Update,GridCell,1-OGX-1-RJS,UIInteraction,OSDD=WN
43193.6931683796,Setup,Well Setup (Internal),Select Run Number,Click,ComboBox,1,UIInteraction,RunGuid=D550F011-A626-4C8A-886A-5862346947F9
43193.6931639699,Setup,UI Framework,Switch Tab,Click,Tab,Wellbore,UIInteraction,
43193.6931777083,Setup,Well Setup (Internal),Enter Size for Bit Size,Update,GridCell,36,UIInteraction,Row=1;Column=Size (in);RunGuid=D550F011-A626-4C8A-886A-5862346947F9
43193.6932194097,Setup,Well Setup (Internal),Enter Driller Top for Bit Size,Update,GridCell,165,UIInteraction,Row=1;Column=Driller Top (m);RunGuid=D550F011-A626-4C8A-886A-5862346947F9
43193.6932602431,Setup,Well Setup (Internal),Enter Driller Bottom for Bit Size,Update,GridCell,226,UIInteraction,Row=1;Column=Driller Bottom (m);RunGuid=D550F011-A626-4C8A-886A-5862346947F9
43193.693303588,Setup,Well Setup (Internal),Select Run Number,Click,ComboBox,1,UIInteraction,RunGuid=D550F011-A626-4C8A-886A-5862346947F9
43193.6933095139,Setup,Well Setup (Internal),Add Row for Bit Size,Click,ToolbarButton,Add Row,UIInteraction,Row=2;RunGuid=D550F011-A626-4C8A-886A-5862346947F9
43193.6933162616,Setup,Well Setup (Internal),Enter Size for Bit Size,Update,GridCell,17.5,UIInteraction,Row=2;Column=Size (in);RunGuid=D550F011-A626-4C8A-886A-5862346947F9
43193.6933577083,Setup,Well Setup (Internal),Enter Driller Bottom for Bit Size,Update,GridCell,910,UIInteraction,Row=2;Column=Driller Bottom (m);RunGuid=D550F011-A626-4C8A-886A-5862346947F9
43193.6933997454,Setup,Well Setup (Internal),Select Run Number,Click,ComboBox,1,UIInteraction,RunGuid=D550F011-A626-4C8A-886A-5862346947F9
43193.6934052315,Setup,Well Setup (Internal),Add Row for Bit Size,Click,ToolbarButton,Add Row,UIInteraction,Row=3;RunGuid=D550F011-A626-4C8A-886A-5862346947F9
43193.6934124769,Setup,Well Setup (Internal),Enter Size for Bit Size,Update,GridCell,12.25,UIInteraction,Row=3;Column=Size (in);RunGuid=D550F011-A626-4C8A-886A-5862346947F9
43193.6934538773,Setup,Well Setup (Internal),Enter Driller Bottom for Bit Size,Update,GridCell,1880,UIInteraction,Row=3;Column=Driller Bottom (m);RunGuid=D550F011-A626-4C8A-886A-5862346947F9
43193.6934960417,Setup,Well Setup (Internal),Select Run Number,Click,ComboBox,1,UIInteraction,RunGuid=D550F011-A626-4C8A-886A-5862346947F9
43193.6935056134,Setup,Well Setup (Internal),Enter Size for Casings,Update,GridCell,30,UIInteraction,Row=1;Column=Size (in);RunGuid=D550F011-A626-4C8A-886A-5862346947F9
43193.6935467824,Setup,Well Setup (Internal),Enter Driller Top for Casings,Update,GridCell,165,UIInteraction,Row=1;Column=Driller Top (m);RunGuid=D550F011-A626-4C8A-886A-5862346947F9
43193.6935884722,Setup,Well Setup (Internal),Enter Driller Bottom for Casings,Update,GridCell,226,UIInteraction,Row=1;Column=Driller Bottom (m);RunGuid=D550F011-A626-4C8A-886A-5862346947F9
43193.6936309491,Setup,Well Setup (Internal),Enter Weight for Casings,Update,GridCell,465.4,UIInteraction,Row=1;Column=Weight (kg/m);RunGuid=D550F011-A626-4C8A-886A-5862346947F9
43193.6936753009,Setup,Well Setup (Internal),Select Run Number,Click,ComboBox,1,UIInteraction,RunGuid=D550F011-A626-4C8A-886A-5862346947F9
43193.6936811227,Setup,Well Setup (Internal),Add Row for Casings,Click,ToolbarButton,Add Row,UIInteraction,Row=2;RunGuid=D550F011-A626-4C8A-886A-5862346947F9
43193.6936875926,Setup,Well Setup (Internal),Enter Size for Casings,Update,GridCell,20,UIInteraction,Row=2;Column=Size (in);RunGuid=D550F011-A626-4C8A-886A-5862346947F9
43193.6937289468,Setup,Well Setup (Internal),Enter Driller Top for Casings,Update,GridCell,165,UIInteraction,Row=2;Column=Driller Top (m);RunGuid=D550F011-A626-4C8A-886A-5862346947F9
43193.6937703356,Setup,Well Setup (Internal),Enter Driller Bottom for Casings,Update,GridCell,185,UIInteraction,Row=2;Column=Driller Bottom (m);RunGuid=D550F011-A626-4C8A-886A-5862346947F9
43193.6938130903,Setup,Well Setup (Internal),Enter Weight for Casings,Update,GridCell,133.93,UIInteraction,Row=2;Column=Weight (kg/m);RunGuid=D550F011-A626-4C8A-886A-5862346947F9
43193.6938961343,Setup,Well Setup (Internal),Enter Grade for Casings,Update,GridCell,H50,UIInteraction,Row=2;Column=Grade;RunGuid=D550F011-A626-4C8A-886A-5862346947F9
43193.6939396644,Setup,Well Setup (Internal),Select Run Number,Click,ComboBox,1,UIInteraction,RunGuid=D550F011-A626-4C8A-886A-5862346947F9
43193.693945706,Setup,Well Setup (Internal),Add Row for Casings,Click,ToolbarButton,Add Row,UIInteraction,Row=3;RunGuid=D550F011-A626-4C8A-886A-5862346947F9
43193.6939532176,Setup,Well Setup (Internal),Enter Size for Casings,Update,GridCell,13.375,UIInteraction,Row=3;Column=Size (in);RunGuid=D550F011-A626-4C8A-886A-5862346947F9
43193.6939947222,Setup,Well Setup (Internal),Enter Driller Top for Casings,Update,GridCell,185,UIInteraction,Row=3;Column=Driller Top (m);RunGuid=D550F011-A626-4C8A-886A-5862346947F9
43193.6940362153,Setup,Well Setup (Internal),Enter Driller Bottom for Casings,Update,GridCell,901,UIInteraction,Row=3;Column=Driller Bottom (m);RunGuid=D550F011-A626-4C8A-886A-5862346947F9
43193.6940784259,Setup,Well Setup (Internal),Enter Weight for Casings,Update,GridCell,61.76,UIInteraction,Row=3;Column=Weight (kg/m);RunGuid=D550F011-A626-4C8A-886A-5862346947F9
43193.6941519444,Setup,Well Setup (Internal),Enter Grade for Casings,Update,GridCell,K55,UIInteraction,Row=3;Column=Grade;RunGuid=D550F011-A626-4C8A-886A-5862346947F9
43193.6941935301,Setup,Well Setup (Internal),Select Run Number,Click,ComboBox,1,UIInteraction,RunGuid=D550F011-A626-4C8A-886A-5862346947F9
43193.6941990625,Setup,Well Setup (Internal),Add Row for Casings,Click,ToolbarButton,Add Row,UIInteraction,Row=4;RunGuid=D550F011-A626-4C8A-886A-5862346947F9
43193.6942065509,Setup,Well Setup (Internal),Enter Size for Casings,Update,GridCell,9.625,UIInteraction,Row=4;Column=Size (in);RunGuid=D550F011-A626-4C8A-886A-5862346947F9
43193.6942478241,Setup,Well Setup (Internal),Enter Driller Top for Casings,Update,GridCell,165,UIInteraction,Row=4;Column=Driller Top (m);RunGuid=D550F011-A626-4C8A-886A-5862346947F9
43193.6942897454,Setup,Well Setup (Internal),Enter Driller Bottom for Casings,Update,GridCell,1871,UIInteraction,Row=4;Column=Driller Bottom (m);RunGuid=D550F011-A626-4C8A-886A-5862346947F9
43193.6943306134,Setup,Well Setup (Internal),Enter Weight for Casings,Update,GridCell,47.62,UIInteraction,Row=4;Column=Weight (kg/m);RunGuid=D550F011-A626-4C8A-886A-5862346947F9
43193.6944070486,Setup,Well Setup (Internal),Enter Grade for Casings,Update,GridCell,P110,UIInteraction,Row=4;Column=Grade;RunGuid=D550F011-A626-4C8A-886A-5862346947F9
43193.6944440856,Setup,UI Framework,Switch Tab,Click,Tab,Equipment,UIInteraction,
43193.694580706,Setup,Properties & Parameters,Change Property Value,Update,GridCell,V12.0,UIInteraction,OSDD=EP_DH_SOFT_VERSION;EnsemblePath=TELE675:TELE675:PMEA
43193.6947620718,Setup,UI Framework,Switch Tab,Click,Tab,Parameters,UIInteraction,
43193.6948076273,Setup,Properties & Parameters,Change Parameter Value,Update,GridCell,0,UIInteraction,OSDD=TFO;EnsemblePath=TELE675:TELE675
43193.694953044,Setup,Properties & Parameters,Change Parameter Value,Update,GridCell,70,UIInteraction,OSDD=COLL;EnsemblePath=SONICVISION6:SONICVISION6
43193.6950943982,Setup,Properties & Parameters,Change Parameter Value,Update,GridCell,130,UIInteraction,OSDD=COUL;EnsemblePath=SONICVISION6:SONICVISION6
43193.695235,Setup,Properties & Parameters,Change Parameter Value,Update,GridCell,130,UIInteraction,OSDD=SHLL;EnsemblePath=SONICVISION6:SONICVISION6
43193.6953798727,Setup,Properties & Parameters,Change Parameter Value,Update,GridCell,200,UIInteraction,OSDD=SHUL;EnsemblePath=SONICVISION6:SONICVISION6
43193.6954084954,Setup,UI Framework,Switch Tab,Click,Tab,Runs,UIInteraction,
43193.6954402662,Setup,Run Manager (Internal),Associate toolstring to run,Update,GridCell,Run01,UIInteraction,RunGuid=D550F011-A626-4C8A-886A-5862346947F9;ToolstringGuid=274B24E0-4895-4DF5-AE0A-21F76FDC7B2E;DownholeEquipments=PDXTRA_675ARC6TELE675SONICVISION6ADN6CBit: 8 1/2"StabilizerNMDC: 6 3/4"Stab: 6 3/4"NMDC: 6 3/4"Stab: 6 3/4"Stab: 6 3/4";TSLevelActiveSurfaceEquips=DRILLING_SURFACE
43193.6955772685,Setup,Run Manager (Internal),Enter run name,Input,TextBox,Run1,UIInteraction,RunGuid=D550F011-A626-4C8A-886A-5862346947F9
43193.6956251157,Setup,Run Manager (Internal),Enter engineer name,Input,TextBox,Craig Roise,UIInteraction,RunGuid=D550F011-A626-4C8A-886A-5862346947F9
43193.6956414931,Setup,Equipment,Close Toolstring Validation UI,Click,Button,Close,UIInteraction,ToolstringGuid=274B24E0-4895-4DF5-AE0A-21F76FDC7B2E
43193.6956515046,,Console/Job Manager,Start Deliverables Console,Click,Button,Start...,UIInteraction,JobGuid=9E30FC46-CE06-45F1-A210-3F3B31FB4192
43193.6958726968,DeliverablesSetup,Tier Manager,Tier Template Created for Tools in My Equipment,,,SONICVISION6 Tier Created,Deliverables Console,
43193.6958731829,DeliverablesSetup,Tier Manager,Tier Template Created for Tools in My Equipment,,,ADN6C Tier Created,Deliverables Console,
43193.695873287,DeliverablesSetup,Tier Manager,Tier Template Created for Tools in My Equipment,,,ARC6 Tier Created,Deliverables Console,
43193.6958740162,DeliverablesSetup,Tier Manager,Tier Template Created for Tools in My Equipment,,,TELE675 Tier Created,Deliverables Console,
43193.6958741435,DeliverablesSetup,Tier Manager,Tier Template Created for Tools in My Equipment,,,PDXTRA_675 Tier Created,Deliverables Console,
43193.6960560069,DeliverablesSetup,UI Framework,Start Console,,,Deliverables Console Setup - Job 09IOC0042-B,UIAutomatic,
43193.6960920023,DeliverablesSetup,UI Framework,Switch View,Click,ToolbarButton,Deliverables Display View,UIInteraction,
43193.696168831,DeliverablesSetup,Deliverables - Digital,Create Job Archive,Click,ContextMenu,Create,UIInteraction,ArchiveGuid=9E30FC46-CE06-45F1-A210-3F3B31FB4192;JobArchiveType=3.0
43193.6965897338,DeliverablesSetup,UI Framework,Close Console,Click,Button,,UIInteraction,JobGuid=9E30FC46-CE06-45F1-A210-3F3B31FB4192
43193.6966289352,DeliverablesSetup,UI Framework,OK to Close Deliverables - Display Console,Click,Button,OK,UIInteraction,
43193.6967087384,,Console/Job Manager,Stop Setup Console,Click,Button,Stop,UIInteraction,JobGuid=9E30FC46-CE06-45F1-A210-3F3B31FB4192
43193.6968490856,,Console/Job Manager,Stop Job,Click,Button,Stop,UIInteraction,JobGuid=9E30FC46-CE06-45F1-A210-3F3B31FB4192
