Time,Process,Component,Operation,Action,Control,ControlText,Category,Context
43194.136838206,,Console/Job Manager,Start Job,Click,Button,Start,UIInteraction,JobName=SDS;StartDate=4/4/2018 3:17 AM;Workflow=Wireline;Simulator=True;UnitSystem=Metric;JobSize=0;State=Available;SideTrackId=0;SessionID=73067A4D-B406-4EC8-AC18-2C4507A27C79;SortOrder=1;JobGUID=3604DE26-82FB-48ED-A5A7-2AAF186950DA;WellGUID=855F0C0D-3E3F-4664-A0A3-5E7E2FE6AE33;BoreholeGUID=EA1E20E3-017A-4562-8525-8164747BA5AA;MachineName=HPV02-009;UserName=Engineer;UserDomainName=HPV02-009;OS=Microsoft Windows NT 6.1.7601 Service Pack 1;StartedJobCount=0;TimeZone=00:00:00;IPAddress_1=192.168.78.170;IPAddress_2=::1;MWVersion=9.0.100745.3100
43194.1378698843,,Console/Job Manager,Stop Job,Click,Button,Stop,UIInteraction,JobGuid=3604DE26-82FB-48ED-A5A7-2AAF186950DA
43194.1380646991,,Console/Job Manager,Start Job,Click,Button,Start,UIInteraction,JobName=SDS;StartDate=4/4/2018 3:17 AM;Workflow=Wireline;Simulator=True;UnitSystem=Metric;RTBackupDir=C:\Autobackup;JobSize=18.8;State=Available;SideTrackId=0;SessionID=73067A4D-B406-4EC8-AC18-2C4507A27C79;SortOrder=1;JobGUID=3604DE26-82FB-48ED-A5A7-2AAF186950DA;WellGUID=855F0C0D-3E3F-4664-A0A3-5E7E2FE6AE33;BoreholeGUID=EA1E20E3-017A-4562-8525-8164747BA5AA;MachineName=HPV02-009;UserName=Engineer;UserDomainName=HPV02-009;OS=Microsoft Windows NT 6.1.7601 Service Pack 1;StartedJobCount=0;TimeZone=00:00:00;IPAddress_1=192.168.78.170;IPAddress_2=::1;MWVersion=9.0.100745.3100
43194.1389000463,,Console/Job Manager,Start Data Central Console,Click,Button,Start...,UIInteraction,JobGuid=3604DE26-82FB-48ED-A5A7-2AAF186950DA
43194.1389905208,DataCentral,UI Framework,Start Console,,,Data Central - Recompute - Job SDS,UIAutomatic,
43194.1390202662,,Console/Job Manager,Start Deliverables Console,Click,Button,Start...,UIInteraction,JobGuid=3604DE26-82FB-48ED-A5A7-2AAF186950DA
43194.1390841319,DeliverablesSetup,Tier Manager,Tier Template Created for Tools in My Equipment,,,PEQL Tier Created,Deliverables Console,
43194.1390845139,DeliverablesSetup,Tier Manager,Tier Template Created for Tools in My Equipment,,,HGNS-B Tier Created,Deliverables Console,
43194.1390845949,DeliverablesSetup,Tier Manager,Tier Template Created for Tools in My Equipment,,,HENVIR Tier Created,Deliverables Console,
43194.1390846875,DeliverablesSetup,Tier Manager,Tier Template Created for Tools in My Equipment,,,HDRS-B Tier Created,Deliverables Console,
43194.1390847917,DeliverablesSetup,Tier Manager,Tier Template Created for Tools in My Equipment,,,AIT-M Tier Created,Deliverables Console,
43194.1390984144,DeliverablesSetup,UI Framework,Start Console,,,Deliverables Console Setup - Job SDS,UIAutomatic,
43194.1392771065,DataCentral,UI Framework,Switch View,Click,ToolbarButton,Depth Shift,UIInteraction,
43194.1393334144,DeliverablesSetup,UI Framework,Switch View,Click,ToolbarButton,Deliverables Display View,UIInteraction,
43194.1395249653,DeliverablesSetup,Deliverables - Graphical,Print/Create PDF for Template,Click,ContextMenu,Print/PDF...,UIInteraction,ComponentName=New Template
43194.1397609028,,UI Framework,Start Console,,,PDF Printer,UIAutomatic,
43194.1399401389,,UI Framework,Close Console,Click,Button,,UIInteraction,JobGuid=3604DE26-82FB-48ED-A5A7-2AAF186950DA
43194.1401592245,DeliverablesSetup,Deliverables - Graphical,Print/Create PDF for Template,Click,ContextMenu,Print/PDF...,UIInteraction,ComponentName=New Template
43194.1403840509,,UI Framework,Start Console,,,PDF Printer,UIAutomatic,
43194.1405871181,,UI Framework,Close Console,Click,Button,,UIInteraction,JobGuid=3604DE26-82FB-48ED-A5A7-2AAF186950DA
43194.1406224421,DataCentral,Time/Depth Edit/Shift,DepthShift/Select Pass,Click,CheckBox,Select Pass,UIInteraction,CheckState=True;RunName=Run 1;PassName=Run 1 : Log[1]:Down;RunGuid=74BEBD37-8248-4010-A909-F6DB5E8FDBF3;PassGuid=6AE0A76F-5556-4DCD-AC26-0F2E5D45230F
43194.1406410764,DataCentral,Time/Depth Edit/Shift,DepthShift/Select Pass,Click,CheckBox,Select Pass,UIInteraction,CheckState=True;RunName=Run 2;PassName=Run 2 : Log[1]:Up;RunGuid=CC55DECD-DB67-4C78-B31D-5E44B86031DD;PassGuid=D01FB8E1-71CB-410A-A99E-1804980EE65F
43194.1406868403,DataCentral,Time/Depth Edit/Shift,DepthShift/Check Datum,Click,CheckBox,Datum,UIInteraction,CheckState=True
43194.1408206366,DataCentral,Time/Depth Edit/Shift,DepthShift/Input ShiftBy,Input,TextBox,0.15,UIInteraction,PassName=Run 1 : Log[1]:Down;PassGuid=6AE0A76F-5556-4DCD-AC26-0F2E5D45230F
43194.1408759606,DataCentral,Time/Depth Edit/Shift,DepthShift/Shift,Click,Button,Shift,UIInteraction,
43194.1408759954,DataCentral,Time/Depth Edit/Shift,DepthShift/Shift,Click,Button,ApplyShift,UIInteraction,ShiftSelectedPasses() Shift Value=0.149999999999999
43194.1408760764,DataCentral,Time/Depth Edit/Shift,DepthShift/Shift,Click,Button,ApplyShift,UIInteraction,AddTimeDepthModification() Shift Value=0.149999999999999
43194.1408761111,DataCentral,Time/Depth Edit/Shift,DepthShift/Shift,Click,Button,ApplyShift,UIInteraction,ApplyBlockShift() Shift Value=0.149999999999999
43194.1408811921,DeliverablesSetup,Computation / Recomputation,ProcessRecomputeState,,,,UIAutomatic,JobGuid=3604DE26-82FB-48ED-A5A7-2AAF186950DA;State=UIS_RECOMPUTATION_STATE_PENDING;Scope=JobScope;RecompPercentageComplete=;MultipleRunsAffected=False;ActiveRunAffected=False;ActiveRunInProgress=False;RunCount=1;Run0Change0=TimeDepthEdit;Run0Guid=74BEBD37-8248-4010-A909-F6DB5E8FDBF3
43194.14088125,DataCentral,Computation / Recomputation,ProcessRecomputeState,,,,UIAutomatic,JobGuid=3604DE26-82FB-48ED-A5A7-2AAF186950DA;State=UIS_RECOMPUTATION_STATE_PENDING;Scope=JobScope;RecompPercentageComplete=;MultipleRunsAffected=False;ActiveRunAffected=False;ActiveRunInProgress=False;RunCount=1;Run0Change0=TimeDepthEdit;Run0Guid=74BEBD37-8248-4010-A909-F6DB5E8FDBF3
43194.1409593403,DataCentral,Time/Depth Edit/Shift,DepthShift/Input ShiftBy,Input,TextBox,-0.08,UIInteraction,PassName=Run 2 : Log[1]:Up;PassGuid=D01FB8E1-71CB-410A-A99E-1804980EE65F
43194.1410211458,DataCentral,Time/Depth Edit/Shift,DepthShift/Shift,Click,Button,Shift,UIInteraction,
43194.141021169,DataCentral,Time/Depth Edit/Shift,DepthShift/Shift,Click,Button,ApplyShift,UIInteraction,ShiftSelectedPasses() Shift Value=-0.0799999999999983
43194.1410211921,DataCentral,Time/Depth Edit/Shift,DepthShift/Shift,Click,Button,ApplyShift,UIInteraction,AddTimeDepthModification() Shift Value=-0.0799999999999983
43194.1410212037,DataCentral,Time/Depth Edit/Shift,DepthShift/Shift,Click,Button,ApplyShift,UIInteraction,ApplyBlockShift() Shift Value=-0.0799999999999983
43194.1410268866,DeliverablesSetup,Computation / Recomputation,ProcessRecomputeState,,,,UIAutomatic,JobGuid=3604DE26-82FB-48ED-A5A7-2AAF186950DA;State=UIS_RECOMPUTATION_STATE_PENDING;Scope=JobScope;RecompPercentageComplete=;MultipleRunsAffected=False;ActiveRunAffected=False;ActiveRunInProgress=False;RunCount=2;Run0Change0=TimeDepthEdit;Run0Guid=74BEBD37-8248-4010-A909-F6DB5E8FDBF3;Run1Change0=TimeDepthEdit;Run1Guid=CC55DECD-DB67-4C78-B31D-5E44B86031DD
43194.1410269676,DataCentral,Computation / Recomputation,ProcessRecomputeState,,,,UIAutomatic,JobGuid=3604DE26-82FB-48ED-A5A7-2AAF186950DA;State=UIS_RECOMPUTATION_STATE_PENDING;Scope=JobScope;RecompPercentageComplete=;MultipleRunsAffected=False;ActiveRunAffected=False;ActiveRunInProgress=False;RunCount=2;Run0Change0=TimeDepthEdit;Run0Guid=74BEBD37-8248-4010-A909-F6DB5E8FDBF3;Run1Change0=TimeDepthEdit;Run1Guid=CC55DECD-DB67-4C78-B31D-5E44B86031DD
43194.1410505093,DataCentral,Computation / Recomputation,Recompute All Pending Runs,Click,ToolbarButton,Recompute All Pending Runs,UIInteraction,
43194.1410514352,DeliverablesSetup,Computation / Recomputation,ProcessRecomputeState,,,,UIAutomatic,JobGuid=3604DE26-82FB-48ED-A5A7-2AAF186950DA;State=UIS_RECOMPUTATION_STATE_STARTING;Scope=JobScope;RecompPercentageComplete=;MultipleRunsAffected=False;ActiveRunAffected=False;ActiveRunInProgress=False;RunCount=2;Run0Change0=TimeDepthEdit;Run0Guid=74BEBD37-8248-4010-A909-F6DB5E8FDBF3;Run1Change0=TimeDepthEdit;Run1Guid=CC55DECD-DB67-4C78-B31D-5E44B86031DD
43194.1410548611,DataCentral,Computation / Recomputation,ProcessRecomputeState,,,,UIAutomatic,JobGuid=3604DE26-82FB-48ED-A5A7-2AAF186950DA;State=UIS_RECOMPUTATION_STATE_STARTING;Scope=JobScope;RecompPercentageComplete=;MultipleRunsAffected=False;ActiveRunAffected=False;ActiveRunInProgress=False;RunCount=2;Run0Change0=TimeDepthEdit;Run0Guid=74BEBD37-8248-4010-A909-F6DB5E8FDBF3;Run1Change0=TimeDepthEdit;Run1Guid=CC55DECD-DB67-4C78-B31D-5E44B86031DD
43194.1411241782,DataCentral,Computation / Recomputation,ProcessRecomputeState,,,,UIAutomatic,JobGuid=3604DE26-82FB-48ED-A5A7-2AAF186950DA;State=UIS_RECOMPUTATION_STATE_SUCCEEDED;Scope=JobScope;RecompPercentageComplete=;MultipleRunsAffected=False;ActiveRunAffected=False;ActiveRunInProgress=False;RunCount=2;Run0Change0=TimeDepthEdit;Run0Guid=74BEBD37-8248-4010-A909-F6DB5E8FDBF3;Run1Change0=TimeDepthEdit;Run1Guid=CC55DECD-DB67-4C78-B31D-5E44B86031DD
43194.1411241782,DeliverablesSetup,Computation / Recomputation,ProcessRecomputeState,,,,UIAutomatic,JobGuid=3604DE26-82FB-48ED-A5A7-2AAF186950DA;State=UIS_RECOMPUTATION_STATE_SUCCEEDED;Scope=JobScope;RecompPercentageComplete=;MultipleRunsAffected=False;ActiveRunAffected=False;ActiveRunInProgress=False;RunCount=2;Run0Change0=TimeDepthEdit;Run0Guid=74BEBD37-8248-4010-A909-F6DB5E8FDBF3;Run1Change0=TimeDepthEdit;Run1Guid=CC55DECD-DB67-4C78-B31D-5E44B86031DD
43194.141312419,DeliverablesSetup,Deliverables - Graphical,Print/Create PDF for Template,Click,ContextMenu,Print/PDF...,UIInteraction,ComponentName=New Template
43194.1415331366,,UI Framework,Start Console,,,PDF Printer,UIAutomatic,
43194.141643588,,UI Framework,Close Console,Click,Button,,UIInteraction,JobGuid=3604DE26-82FB-48ED-A5A7-2AAF186950DA
43194.1419338194,DeliverablesSetup,Deliverables - Graphical,Print/Create PDF for Template,Click,ContextMenu,Print/PDF...,UIInteraction,ComponentName=New Template
43194.1421546644,,UI Framework,Start Console,,,PDF Printer,UIAutomatic,
43194.1423498495,,UI Framework,Close Console,Click,Button,,UIInteraction,JobGuid=3604DE26-82FB-48ED-A5A7-2AAF186950DA
43194.1424482986,DataCentral,Time/Depth Edit/Shift,DepthShift/Input ShiftBy,Input,TextBox,-0.15,UIInteraction,PassName=Run 1 : Log[1]:Down;PassGuid=6AE0A76F-5556-4DCD-AC26-0F2E5D45230F
43194.1425039699,DataCentral,Time/Depth Edit/Shift,DepthShift/Shift,Click,Button,ApplyShift,UIInteraction,ShiftSelectedPasses() Shift Value=-0.149999999999999
43194.1425039815,DataCentral,Time/Depth Edit/Shift,DepthShift/Shift,Click,Button,ApplyShift,UIInteraction,AddTimeDepthModification() Shift Value=0
43194.1425038889,DataCentral,Time/Depth Edit/Shift,DepthShift/Shift,Click,Button,Shift,UIInteraction,
43194.1425040046,DataCentral,Time/Depth Edit/Shift,DepthShift/Shift,Click,Button,ApplyShift,UIInteraction,ApplyBlockShift() Shift Value=0
43194.1425095139,DataCentral,Computation / Recomputation,ProcessRecomputeState,,,,UIAutomatic,JobGuid=3604DE26-82FB-48ED-A5A7-2AAF186950DA;State=UIS_RECOMPUTATION_STATE_PENDING;Scope=JobScope;RecompPercentageComplete=;MultipleRunsAffected=False;ActiveRunAffected=False;ActiveRunInProgress=False;RunCount=1;Run0Change0=TimeDepthEdit;Run0Guid=74BEBD37-8248-4010-A909-F6DB5E8FDBF3
43194.1425095255,DeliverablesSetup,Computation / Recomputation,ProcessRecomputeState,,,,UIAutomatic,JobGuid=3604DE26-82FB-48ED-A5A7-2AAF186950DA;State=UIS_RECOMPUTATION_STATE_PENDING;Scope=JobScope;RecompPercentageComplete=;MultipleRunsAffected=False;ActiveRunAffected=False;ActiveRunInProgress=False;RunCount=1;Run0Change0=TimeDepthEdit;Run0Guid=74BEBD37-8248-4010-A909-F6DB5E8FDBF3
43194.1425831134,DataCentral,Time/Depth Edit/Shift,DepthShift/Input ShiftBy,Input,TextBox,0.08,UIInteraction,PassName=Run 2 : Log[1]:Up;PassGuid=D01FB8E1-71CB-410A-A99E-1804980EE65F
43194.1426452662,DataCentral,Time/Depth Edit/Shift,DepthShift/Shift,Click,Button,Shift,UIInteraction,
43194.1426453472,DataCentral,Time/Depth Edit/Shift,DepthShift/Shift,Click,Button,ApplyShift,UIInteraction,ShiftSelectedPasses() Shift Value=0.0799999999999983
43194.1426453588,DataCentral,Time/Depth Edit/Shift,DepthShift/Shift,Click,Button,ApplyShift,UIInteraction,AddTimeDepthModification() Shift Value=0
43194.1426453819,DataCentral,Time/Depth Edit/Shift,DepthShift/Shift,Click,Button,ApplyShift,UIInteraction,ApplyBlockShift() Shift Value=0
43194.1426510069,DataCentral,Computation / Recomputation,ProcessRecomputeState,,,,UIAutomatic,JobGuid=3604DE26-82FB-48ED-A5A7-2AAF186950DA;State=UIS_RECOMPUTATION_STATE_PENDING;Scope=JobScope;RecompPercentageComplete=;MultipleRunsAffected=False;ActiveRunAffected=False;ActiveRunInProgress=False;RunCount=2;Run0Change0=TimeDepthEdit;Run0Guid=74BEBD37-8248-4010-A909-F6DB5E8FDBF3;Run1Change0=TimeDepthEdit;Run1Guid=CC55DECD-DB67-4C78-B31D-5E44B86031DD
43194.142651088,DeliverablesSetup,Computation / Recomputation,ProcessRecomputeState,,,,UIAutomatic,JobGuid=3604DE26-82FB-48ED-A5A7-2AAF186950DA;State=UIS_RECOMPUTATION_STATE_PENDING;Scope=JobScope;RecompPercentageComplete=;MultipleRunsAffected=False;ActiveRunAffected=False;ActiveRunInProgress=False;RunCount=2;Run0Change0=TimeDepthEdit;Run0Guid=74BEBD37-8248-4010-A909-F6DB5E8FDBF3;Run1Change0=TimeDepthEdit;Run1Guid=CC55DECD-DB67-4C78-B31D-5E44B86031DD
43194.1426693981,DataCentral,Computation / Recomputation,Recompute All Pending Runs,Click,ToolbarButton,Recompute All Pending Runs,UIInteraction,
43194.142669537,DeliverablesSetup,Computation / Recomputation,ProcessRecomputeState,,,,UIAutomatic,JobGuid=3604DE26-82FB-48ED-A5A7-2AAF186950DA;State=UIS_RECOMPUTATION_STATE_STARTING;Scope=JobScope;RecompPercentageComplete=;MultipleRunsAffected=False;ActiveRunAffected=False;ActiveRunInProgress=False;RunCount=2;Run0Change0=TimeDepthEdit;Run0Guid=74BEBD37-8248-4010-A909-F6DB5E8FDBF3;Run1Change0=TimeDepthEdit;Run1Guid=CC55DECD-DB67-4C78-B31D-5E44B86031DD
43194.1426733218,DataCentral,Computation / Recomputation,ProcessRecomputeState,,,,UIAutomatic,JobGuid=3604DE26-82FB-48ED-A5A7-2AAF186950DA;State=UIS_RECOMPUTATION_STATE_STARTING;Scope=JobScope;RecompPercentageComplete=;MultipleRunsAffected=False;ActiveRunAffected=False;ActiveRunInProgress=False;RunCount=2;Run0Change0=TimeDepthEdit;Run0Guid=74BEBD37-8248-4010-A909-F6DB5E8FDBF3;Run1Change0=TimeDepthEdit;Run1Guid=CC55DECD-DB67-4C78-B31D-5E44B86031DD
43194.1427438657,DeliverablesSetup,Computation / Recomputation,ProcessRecomputeState,,,,UIAutomatic,JobGuid=3604DE26-82FB-48ED-A5A7-2AAF186950DA;State=UIS_RECOMPUTATION_STATE_SUCCEEDED;Scope=JobScope;RecompPercentageComplete=;MultipleRunsAffected=False;ActiveRunAffected=False;ActiveRunInProgress=False;RunCount=2;Run0Change0=TimeDepthEdit;Run0Guid=74BEBD37-8248-4010-A909-F6DB5E8FDBF3;Run1Change0=TimeDepthEdit;Run1Guid=CC55DECD-DB67-4C78-B31D-5E44B86031DD
43194.142743912,DataCentral,Computation / Recomputation,ProcessRecomputeState,,,,UIAutomatic,JobGuid=3604DE26-82FB-48ED-A5A7-2AAF186950DA;State=UIS_RECOMPUTATION_STATE_SUCCEEDED;Scope=JobScope;RecompPercentageComplete=;MultipleRunsAffected=False;ActiveRunAffected=False;ActiveRunInProgress=False;RunCount=2;Run0Change0=TimeDepthEdit;Run0Guid=74BEBD37-8248-4010-A909-F6DB5E8FDBF3;Run1Change0=TimeDepthEdit;Run1Guid=CC55DECD-DB67-4C78-B31D-5E44B86031DD
43194.1429398958,DeliverablesSetup,Deliverables - Graphical,Print/Create PDF for Template,Click,ContextMenu,Print/PDF...,UIInteraction,ComponentName=New Template
43194.1431605324,,UI Framework,Start Console,,,PDF Printer,UIAutomatic,
43194.1432723611,,UI Framework,Close Console,Click,Button,,UIInteraction,JobGuid=3604DE26-82FB-48ED-A5A7-2AAF186950DA
43194.1435628935,DeliverablesSetup,Deliverables - Graphical,Print/Create PDF for Template,Click,ContextMenu,Print/PDF...,UIInteraction,ComponentName=New Template
43194.1437839699,,UI Framework,Start Console,,,PDF Printer,UIAutomatic,
43194.1439797454,,UI Framework,Close Console,Click,Button,,UIInteraction,JobGuid=3604DE26-82FB-48ED-A5A7-2AAF186950DA
43194.1440748843,DataCentral,Time/Depth Edit/Shift,DepthShift/Input ShiftBy,Input,TextBox,0.08,UIInteraction,PassName=Run 1 : Log[1]:Down;PassGuid=6AE0A76F-5556-4DCD-AC26-0F2E5D45230F
43194.1441292014,DataCentral,Time/Depth Edit/Shift,DepthShift/Shift,Click,Button,Shift,UIInteraction,
43194.1441292245,DataCentral,Time/Depth Edit/Shift,DepthShift/Shift,Click,Button,ApplyShift,UIInteraction,AddTimeDepthModification() Shift Value=0.0799999999999983
43194.1441292477,DataCentral,Time/Depth Edit/Shift,DepthShift/Shift,Click,Button,ApplyShift,UIInteraction,ApplyBlockShift() Shift Value=0.0799999999999983
43194.144129213,DataCentral,Time/Depth Edit/Shift,DepthShift/Shift,Click,Button,ApplyShift,UIInteraction,ShiftSelectedPasses() Shift Value=0.0799999999999983
43194.1441340394,DataCentral,Computation / Recomputation,ProcessRecomputeState,,,,UIAutomatic,JobGuid=3604DE26-82FB-48ED-A5A7-2AAF186950DA;State=UIS_RECOMPUTATION_STATE_PENDING;Scope=JobScope;RecompPercentageComplete=;MultipleRunsAffected=False;ActiveRunAffected=False;ActiveRunInProgress=False;RunCount=1;Run0Change0=TimeDepthEdit;Run0Guid=74BEBD37-8248-4010-A909-F6DB5E8FDBF3
43194.1441340394,DeliverablesSetup,Computation / Recomputation,ProcessRecomputeState,,,,UIAutomatic,JobGuid=3604DE26-82FB-48ED-A5A7-2AAF186950DA;State=UIS_RECOMPUTATION_STATE_PENDING;Scope=JobScope;RecompPercentageComplete=;MultipleRunsAffected=False;ActiveRunAffected=False;ActiveRunInProgress=False;RunCount=1;Run0Change0=TimeDepthEdit;Run0Guid=74BEBD37-8248-4010-A909-F6DB5E8FDBF3
43194.1442102546,DataCentral,Time/Depth Edit/Shift,DepthShift/Input ShiftBy,Input,TextBox,-0.04,UIInteraction,PassName=Run 2 : Log[1]:Up;PassGuid=D01FB8E1-71CB-410A-A99E-1804980EE65F
43194.1442720602,DataCentral,Time/Depth Edit/Shift,DepthShift/Shift,Click,Button,Shift,UIInteraction,
43194.1442721296,DataCentral,Time/Depth Edit/Shift,DepthShift/Shift,Click,Button,ApplyShift,UIInteraction,ShiftSelectedPasses() Shift Value=-0.0399999999999991
43194.1442721528,DataCentral,Time/Depth Edit/Shift,DepthShift/Shift,Click,Button,ApplyShift,UIInteraction,AddTimeDepthModification() Shift Value=-0.0399999999999991
43194.1442721644,DataCentral,Time/Depth Edit/Shift,DepthShift/Shift,Click,Button,ApplyShift,UIInteraction,ApplyBlockShift() Shift Value=-0.0399999999999991
43194.144277419,DataCentral,Computation / Recomputation,ProcessRecomputeState,,,,UIAutomatic,JobGuid=3604DE26-82FB-48ED-A5A7-2AAF186950DA;State=UIS_RECOMPUTATION_STATE_PENDING;Scope=JobScope;RecompPercentageComplete=;MultipleRunsAffected=False;ActiveRunAffected=False;ActiveRunInProgress=False;RunCount=2;Run0Change0=TimeDepthEdit;Run0Guid=74BEBD37-8248-4010-A909-F6DB5E8FDBF3;Run1Change0=TimeDepthEdit;Run1Guid=CC55DECD-DB67-4C78-B31D-5E44B86031DD
43194.144277419,DeliverablesSetup,Computation / Recomputation,ProcessRecomputeState,,,,UIAutomatic,JobGuid=3604DE26-82FB-48ED-A5A7-2AAF186950DA;State=UIS_RECOMPUTATION_STATE_PENDING;Scope=JobScope;RecompPercentageComplete=;MultipleRunsAffected=False;ActiveRunAffected=False;ActiveRunInProgress=False;RunCount=2;Run0Change0=TimeDepthEdit;Run0Guid=74BEBD37-8248-4010-A909-F6DB5E8FDBF3;Run1Change0=TimeDepthEdit;Run1Guid=CC55DECD-DB67-4C78-B31D-5E44B86031DD
43194.1442940625,DataCentral,Computation / Recomputation,Recompute All Pending Runs,Click,ToolbarButton,Recompute All Pending Runs,UIInteraction,
43194.1442942245,DeliverablesSetup,Computation / Recomputation,ProcessRecomputeState,,,,UIAutomatic,JobGuid=3604DE26-82FB-48ED-A5A7-2AAF186950DA;State=UIS_RECOMPUTATION_STATE_STARTING;Scope=JobScope;RecompPercentageComplete=;MultipleRunsAffected=False;ActiveRunAffected=False;ActiveRunInProgress=False;RunCount=2;Run0Change0=TimeDepthEdit;Run0Guid=74BEBD37-8248-4010-A909-F6DB5E8FDBF3;Run1Change0=TimeDepthEdit;Run1Guid=CC55DECD-DB67-4C78-B31D-5E44B86031DD
43194.1442975,DataCentral,Computation / Recomputation,ProcessRecomputeState,,,,UIAutomatic,JobGuid=3604DE26-82FB-48ED-A5A7-2AAF186950DA;State=UIS_RECOMPUTATION_STATE_STARTING;Scope=JobScope;RecompPercentageComplete=;MultipleRunsAffected=False;ActiveRunAffected=False;ActiveRunInProgress=False;RunCount=2;Run0Change0=TimeDepthEdit;Run0Guid=74BEBD37-8248-4010-A909-F6DB5E8FDBF3;Run1Change0=TimeDepthEdit;Run1Guid=CC55DECD-DB67-4C78-B31D-5E44B86031DD
43194.1443665857,DeliverablesSetup,Computation / Recomputation,ProcessRecomputeState,,,,UIAutomatic,JobGuid=3604DE26-82FB-48ED-A5A7-2AAF186950DA;State=UIS_RECOMPUTATION_STATE_SUCCEEDED;Scope=JobScope;RecompPercentageComplete=;MultipleRunsAffected=False;ActiveRunAffected=False;ActiveRunInProgress=False;RunCount=2;Run0Change0=TimeDepthEdit;Run0Guid=74BEBD37-8248-4010-A909-F6DB5E8FDBF3;Run1Change0=TimeDepthEdit;Run1Guid=CC55DECD-DB67-4C78-B31D-5E44B86031DD
43194.1443666204,DataCentral,Computation / Recomputation,ProcessRecomputeState,,,,UIAutomatic,JobGuid=3604DE26-82FB-48ED-A5A7-2AAF186950DA;State=UIS_RECOMPUTATION_STATE_SUCCEEDED;Scope=JobScope;RecompPercentageComplete=;MultipleRunsAffected=False;ActiveRunAffected=False;ActiveRunInProgress=False;RunCount=2;Run0Change0=TimeDepthEdit;Run0Guid=74BEBD37-8248-4010-A909-F6DB5E8FDBF3;Run1Change0=TimeDepthEdit;Run1Guid=CC55DECD-DB67-4C78-B31D-5E44B86031DD
43194.1443898032,DataCentral,Time/Depth Edit/Shift,DepthShift/Shift,Click,Button,ApplyShift,UIInteraction,AddTimeDepthModification() Shift Value=0.0799999999999983
43194.14439375,DataCentral,Time/Depth Edit/Shift,DepthShift/Shift,Click,Button,ApplyShift,UIInteraction,ApplyBlockShift() Shift Value=0.0799999999999983
43194.1443942824,DataCentral,Computation / Recomputation,ProcessRecomputeState,,,,UIAutomatic,JobGuid=3604DE26-82FB-48ED-A5A7-2AAF186950DA;State=UIS_RECOMPUTATION_STATE_PENDING;Scope=JobScope;RecompPercentageComplete=;MultipleRunsAffected=False;ActiveRunAffected=False;ActiveRunInProgress=False;RunCount=1;Run0Change0=TimeDepthEdit;Run0Guid=74BEBD37-8248-4010-A909-F6DB5E8FDBF3
43194.1443942824,DeliverablesSetup,Computation / Recomputation,ProcessRecomputeState,,,,UIAutomatic,JobGuid=3604DE26-82FB-48ED-A5A7-2AAF186950DA;State=UIS_RECOMPUTATION_STATE_PENDING;Scope=JobScope;RecompPercentageComplete=;MultipleRunsAffected=False;ActiveRunAffected=False;ActiveRunInProgress=False;RunCount=1;Run0Change0=TimeDepthEdit;Run0Guid=74BEBD37-8248-4010-A909-F6DB5E8FDBF3
43194.1444585301,DataCentral,Time/Depth Edit/Shift,DepthShift/Shift,Click,Button,ApplyShift,UIInteraction,AddTimeDepthModification() Shift Value=-0.0399999999999991
43194.1444635648,DataCentral,Time/Depth Edit/Shift,DepthShift/Shift,Click,Button,ApplyShift,UIInteraction,ApplyBlockShift() Shift Value=-0.0399999999999991
43194.1444638079,DataCentral,Computation / Recomputation,ProcessRecomputeState,,,,UIAutomatic,JobGuid=3604DE26-82FB-48ED-A5A7-2AAF186950DA;State=UIS_RECOMPUTATION_STATE_PENDING;Scope=JobScope;RecompPercentageComplete=;MultipleRunsAffected=False;ActiveRunAffected=False;ActiveRunInProgress=False;RunCount=2;Run0Change0=TimeDepthEdit;Run0Guid=74BEBD37-8248-4010-A909-F6DB5E8FDBF3;Run1Change0=TimeDepthEdit;Run1Guid=CC55DECD-DB67-4C78-B31D-5E44B86031DD
43194.1444638079,DeliverablesSetup,Computation / Recomputation,ProcessRecomputeState,,,,UIAutomatic,JobGuid=3604DE26-82FB-48ED-A5A7-2AAF186950DA;State=UIS_RECOMPUTATION_STATE_PENDING;Scope=JobScope;RecompPercentageComplete=;MultipleRunsAffected=False;ActiveRunAffected=False;ActiveRunInProgress=False;RunCount=2;Run0Change0=TimeDepthEdit;Run0Guid=74BEBD37-8248-4010-A909-F6DB5E8FDBF3;Run1Change0=TimeDepthEdit;Run1Guid=CC55DECD-DB67-4C78-B31D-5E44B86031DD
43194.1444805903,DeliverablesSetup,Computation / Recomputation,ProcessRecomputeState,,,,UIAutomatic,JobGuid=3604DE26-82FB-48ED-A5A7-2AAF186950DA;State=UIS_RECOMPUTATION_STATE_STARTING;Scope=JobScope;RecompPercentageComplete=;MultipleRunsAffected=False;ActiveRunAffected=False;ActiveRunInProgress=False;RunCount=2;Run0Change0=TimeDepthEdit;Run0Guid=74BEBD37-8248-4010-A909-F6DB5E8FDBF3;Run1Change0=TimeDepthEdit;Run1Guid=CC55DECD-DB67-4C78-B31D-5E44B86031DD
43194.1444838773,DataCentral,Computation / Recomputation,ProcessRecomputeState,,,,UIAutomatic,JobGuid=3604DE26-82FB-48ED-A5A7-2AAF186950DA;State=UIS_RECOMPUTATION_STATE_STARTING;Scope=JobScope;RecompPercentageComplete=;MultipleRunsAffected=False;ActiveRunAffected=False;ActiveRunInProgress=False;RunCount=2;Run0Change0=TimeDepthEdit;Run0Guid=74BEBD37-8248-4010-A909-F6DB5E8FDBF3;Run1Change0=TimeDepthEdit;Run1Guid=CC55DECD-DB67-4C78-B31D-5E44B86031DD
43194.1444804514,DataCentral,Computation / Recomputation,Recompute All Pending Runs,Click,ToolbarButton,Recompute All Pending Runs,UIInteraction,
43194.1445521991,DataCentral,Computation / Recomputation,ProcessRecomputeState,,,,UIAutomatic,JobGuid=3604DE26-82FB-48ED-A5A7-2AAF186950DA;State=UIS_RECOMPUTATION_STATE_SUCCEEDED;Scope=JobScope;RecompPercentageComplete=;MultipleRunsAffected=False;ActiveRunAffected=False;ActiveRunInProgress=False;RunCount=2;Run0Change0=TimeDepthEdit;Run0Guid=74BEBD37-8248-4010-A909-F6DB5E8FDBF3;Run1Change0=TimeDepthEdit;Run1Guid=CC55DECD-DB67-4C78-B31D-5E44B86031DD
43194.1445521991,DeliverablesSetup,Computation / Recomputation,ProcessRecomputeState,,,,UIAutomatic,JobGuid=3604DE26-82FB-48ED-A5A7-2AAF186950DA;State=UIS_RECOMPUTATION_STATE_SUCCEEDED;Scope=JobScope;RecompPercentageComplete=;MultipleRunsAffected=False;ActiveRunAffected=False;ActiveRunInProgress=False;RunCount=2;Run0Change0=TimeDepthEdit;Run0Guid=74BEBD37-8248-4010-A909-F6DB5E8FDBF3;Run1Change0=TimeDepthEdit;Run1Guid=CC55DECD-DB67-4C78-B31D-5E44B86031DD
43194.1447368056,DeliverablesSetup,Deliverables - Graphical,Print/Create PDF for Template,Click,ContextMenu,Print/PDF...,UIInteraction,ComponentName=New Template
43194.1449632523,,UI Framework,Start Console,,,PDF Printer,UIAutomatic,
43194.1450731134,,UI Framework,Close Console,Click,Button,,UIInteraction,JobGuid=3604DE26-82FB-48ED-A5A7-2AAF186950DA
43194.1453666088,DeliverablesSetup,Deliverables - Graphical,Print/Create PDF for Template,Click,ContextMenu,Print/PDF...,UIInteraction,ComponentName=New Template
43194.1455882639,,UI Framework,Start Console,,,PDF Printer,UIAutomatic,
43194.145781088,,UI Framework,Close Console,Click,Button,,UIInteraction,JobGuid=3604DE26-82FB-48ED-A5A7-2AAF186950DA
43194.1458819676,DataCentral,Time/Depth Edit/Shift,DepthShift/Input ShiftBy,Input,TextBox,-0.08,UIInteraction,PassName=Run 1 : Log[1]:Down;PassGuid=6AE0A76F-5556-4DCD-AC26-0F2E5D45230F
43194.1459361806,DataCentral,Time/Depth Edit/Shift,DepthShift/Shift,Click,Button,Shift,UIInteraction,
43194.1459362153,DataCentral,Time/Depth Edit/Shift,DepthShift/Shift,Click,Button,ApplyShift,UIInteraction,AddTimeDepthModification() Shift Value=0
43194.1459362037,DataCentral,Time/Depth Edit/Shift,DepthShift/Shift,Click,Button,ApplyShift,UIInteraction,ShiftSelectedPasses() Shift Value=-0.0799999999999983
43194.1459362963,DataCentral,Time/Depth Edit/Shift,DepthShift/Shift,Click,Button,ApplyShift,UIInteraction,ApplyBlockShift() Shift Value=0
43194.1459415509,DeliverablesSetup,Computation / Recomputation,ProcessRecomputeState,,,,UIAutomatic,JobGuid=3604DE26-82FB-48ED-A5A7-2AAF186950DA;State=UIS_RECOMPUTATION_STATE_PENDING;Scope=JobScope;RecompPercentageComplete=;MultipleRunsAffected=False;ActiveRunAffected=False;ActiveRunInProgress=False;RunCount=1;Run0Change0=TimeDepthEdit;Run0Guid=74BEBD37-8248-4010-A909-F6DB5E8FDBF3
43194.1459415509,DataCentral,Computation / Recomputation,ProcessRecomputeState,,,,UIAutomatic,JobGuid=3604DE26-82FB-48ED-A5A7-2AAF186950DA;State=UIS_RECOMPUTATION_STATE_PENDING;Scope=JobScope;RecompPercentageComplete=;MultipleRunsAffected=False;ActiveRunAffected=False;ActiveRunInProgress=False;RunCount=1;Run0Change0=TimeDepthEdit;Run0Guid=74BEBD37-8248-4010-A909-F6DB5E8FDBF3
43194.1460181366,DataCentral,Time/Depth Edit/Shift,DepthShift/Input ShiftBy,Input,TextBox,0.04,UIInteraction,PassName=Run 2 : Log[1]:Up;PassGuid=D01FB8E1-71CB-410A-A99E-1804980EE65F
43194.1460743519,DataCentral,Time/Depth Edit/Shift,DepthShift/Shift,Click,Button,Shift,UIInteraction,
43194.146074375,DataCentral,Time/Depth Edit/Shift,DepthShift/Shift,Click,Button,ApplyShift,UIInteraction,ShiftSelectedPasses() Shift Value=0.0399999999999991
43194.1460743982,DataCentral,Time/Depth Edit/Shift,DepthShift/Shift,Click,Button,ApplyShift,UIInteraction,AddTimeDepthModification() Shift Value=0
43194.1460744097,DataCentral,Time/Depth Edit/Shift,DepthShift/Shift,Click,Button,ApplyShift,UIInteraction,ApplyBlockShift() Shift Value=0
43194.1460802431,DeliverablesSetup,Computation / Recomputation,ProcessRecomputeState,,,,UIAutomatic,JobGuid=3604DE26-82FB-48ED-A5A7-2AAF186950DA;State=UIS_RECOMPUTATION_STATE_PENDING;Scope=JobScope;RecompPercentageComplete=;MultipleRunsAffected=False;ActiveRunAffected=False;ActiveRunInProgress=False;RunCount=2;Run0Change0=TimeDepthEdit;Run0Guid=74BEBD37-8248-4010-A909-F6DB5E8FDBF3;Run1Change0=TimeDepthEdit;Run1Guid=CC55DECD-DB67-4C78-B31D-5E44B86031DD
43194.1460802431,DataCentral,Computation / Recomputation,ProcessRecomputeState,,,,UIAutomatic,JobGuid=3604DE26-82FB-48ED-A5A7-2AAF186950DA;State=UIS_RECOMPUTATION_STATE_PENDING;Scope=JobScope;RecompPercentageComplete=;MultipleRunsAffected=False;ActiveRunAffected=False;ActiveRunInProgress=False;RunCount=2;Run0Change0=TimeDepthEdit;Run0Guid=74BEBD37-8248-4010-A909-F6DB5E8FDBF3;Run1Change0=TimeDepthEdit;Run1Guid=CC55DECD-DB67-4C78-B31D-5E44B86031DD
43194.1461050231,DataCentral,Computation / Recomputation,Recompute All Pending Runs,Click,ToolbarButton,Recompute All Pending Runs,UIInteraction,
43194.1461051273,DeliverablesSetup,Computation / Recomputation,ProcessRecomputeState,,,,UIAutomatic,JobGuid=3604DE26-82FB-48ED-A5A7-2AAF186950DA;State=UIS_RECOMPUTATION_STATE_STARTING;Scope=JobScope;RecompPercentageComplete=;MultipleRunsAffected=False;ActiveRunAffected=False;ActiveRunInProgress=False;RunCount=2;Run0Change0=TimeDepthEdit;Run0Guid=74BEBD37-8248-4010-A909-F6DB5E8FDBF3;Run1Change0=TimeDepthEdit;Run1Guid=CC55DECD-DB67-4C78-B31D-5E44B86031DD
43194.1461085417,DataCentral,Computation / Recomputation,ProcessRecomputeState,,,,UIAutomatic,JobGuid=3604DE26-82FB-48ED-A5A7-2AAF186950DA;State=UIS_RECOMPUTATION_STATE_STARTING;Scope=JobScope;RecompPercentageComplete=;MultipleRunsAffected=False;ActiveRunAffected=False;ActiveRunInProgress=False;RunCount=2;Run0Change0=TimeDepthEdit;Run0Guid=74BEBD37-8248-4010-A909-F6DB5E8FDBF3;Run1Change0=TimeDepthEdit;Run1Guid=CC55DECD-DB67-4C78-B31D-5E44B86031DD
43194.1461785069,DeliverablesSetup,Computation / Recomputation,ProcessRecomputeState,,,,UIAutomatic,JobGuid=3604DE26-82FB-48ED-A5A7-2AAF186950DA;State=UIS_RECOMPUTATION_STATE_SUCCEEDED;Scope=JobScope;RecompPercentageComplete=;MultipleRunsAffected=False;ActiveRunAffected=False;ActiveRunInProgress=False;RunCount=2;Run0Change0=TimeDepthEdit;Run0Guid=74BEBD37-8248-4010-A909-F6DB5E8FDBF3;Run1Change0=TimeDepthEdit;Run1Guid=CC55DECD-DB67-4C78-B31D-5E44B86031DD
43194.1461785069,DataCentral,Computation / Recomputation,ProcessRecomputeState,,,,UIAutomatic,JobGuid=3604DE26-82FB-48ED-A5A7-2AAF186950DA;State=UIS_RECOMPUTATION_STATE_SUCCEEDED;Scope=JobScope;RecompPercentageComplete=;MultipleRunsAffected=False;ActiveRunAffected=False;ActiveRunInProgress=False;RunCount=2;Run0Change0=TimeDepthEdit;Run0Guid=74BEBD37-8248-4010-A909-F6DB5E8FDBF3;Run1Change0=TimeDepthEdit;Run1Guid=CC55DECD-DB67-4C78-B31D-5E44B86031DD
43194.1463635648,DeliverablesSetup,Deliverables - Graphical,Print/Create PDF for Template,Click,ContextMenu,Print/PDF...,UIInteraction,ComponentName=New Template
43194.1465873958,,UI Framework,Start Console,,,PDF Printer,UIAutomatic,
43194.1466959259,,UI Framework,Close Console,Click,Button,,UIInteraction,JobGuid=3604DE26-82FB-48ED-A5A7-2AAF186950DA
43194.1469901157,DeliverablesSetup,Deliverables - Graphical,Print/Create PDF for Template,Click,ContextMenu,Print/PDF...,UIInteraction,ComponentName=New Template
43194.1472131713,,UI Framework,Start Console,,,PDF Printer,UIAutomatic,
43194.1474100116,,UI Framework,Close Console,Click,Button,,UIInteraction,JobGuid=3604DE26-82FB-48ED-A5A7-2AAF186950DA
43194.147447662,DataCentral,UI Framework,Switch View,Click,ToolbarButton,Recompute,UIInteraction,
43194.1474969676,DataCentral,Computation / Recomputation,Recompute/Select Run,Click,Button,Select Run...,UIInteraction,
43194.1475620139,DataCentral,Data Explorer,Click OK Button,Click,Button,OK,UIInteraction,Selection=Run 2____09:31:53 07-Aug-2013_09:36:44 07-Aug-2013_
43194.1475641204,DataCentral,Computation / Recomputation,Recompute/Confirm to Select Run,,,,UIAutomatic,RunNo=2;RunGuid=CC55DECD-DB67-4C78-B31D-5E44B86031DD
43194.1483450694,DataCentral,Properties & Parameters,Show Infrequent Properties/Parameters,Click,ToolbarButton,Show Infrequent Parameters,UIInteraction,
43194.1483757755,DataCentral,Properties & Parameters,Change Parameter Value,Update,GridCell,Yes,UIInteraction,OSDD=BARI;EnsemblePath=Borehole
43194.1483763773,DeliverablesSetup,Computation / Recomputation,ProcessRecomputeState,,,,UIAutomatic,JobGuid=3604DE26-82FB-48ED-A5A7-2AAF186950DA;State=UIS_RECOMPUTATION_STATE_PENDING;Scope=JobScope;RecompPercentageComplete=;MultipleRunsAffected=False;ActiveRunAffected=False;ActiveRunInProgress=False;RunCount=1;Run0Change0=Parameter;Run0Guid=CC55DECD-DB67-4C78-B31D-5E44B86031DD
43194.1483763773,DataCentral,Computation / Recomputation,ProcessRecomputeState,,,,UIAutomatic,JobGuid=3604DE26-82FB-48ED-A5A7-2AAF186950DA;State=UIS_RECOMPUTATION_STATE_PENDING;Scope=JobScope;RecompPercentageComplete=;MultipleRunsAffected=False;ActiveRunAffected=False;ActiveRunInProgress=False;RunCount=1;Run0Change0=Parameter;Run0Guid=CC55DECD-DB67-4C78-B31D-5E44B86031DD
43194.148453287,DataCentral,UI Framework,Switch View,Click,ToolbarButton,Depth Shift,UIInteraction,
43194.1485515625,DataCentral,Time/Depth Edit/Shift,DepthShift/Input ShiftBy,Input,TextBox,0.08,UIInteraction,PassName=Run 1 : Log[1]:Down;PassGuid=6AE0A76F-5556-4DCD-AC26-0F2E5D45230F
43194.1486070833,DataCentral,Time/Depth Edit/Shift,DepthShift/Shift,Click,Button,Shift,UIInteraction,
43194.1486070949,DataCentral,Time/Depth Edit/Shift,DepthShift/Shift,Click,Button,ApplyShift,UIInteraction,ShiftSelectedPasses() Shift Value=0.0799999999999983
43194.1486071181,DataCentral,Time/Depth Edit/Shift,DepthShift/Shift,Click,Button,ApplyShift,UIInteraction,AddTimeDepthModification() Shift Value=0.0799999999999983
43194.1486071296,DataCentral,Time/Depth Edit/Shift,DepthShift/Shift,Click,Button,ApplyShift,UIInteraction,ApplyBlockShift() Shift Value=0.0799999999999983
43194.1486121181,DataCentral,Computation / Recomputation,ProcessRecomputeState,,,,UIAutomatic,JobGuid=3604DE26-82FB-48ED-A5A7-2AAF186950DA;State=UIS_RECOMPUTATION_STATE_PENDING;Scope=JobScope;RecompPercentageComplete=;MultipleRunsAffected=False;ActiveRunAffected=False;ActiveRunInProgress=False;RunCount=2;Run0Change0=Parameter;Run0Guid=CC55DECD-DB67-4C78-B31D-5E44B86031DD;Run1Change0=TimeDepthEdit;Run1Guid=74BEBD37-8248-4010-A909-F6DB5E8FDBF3
43194.1486121296,DeliverablesSetup,Computation / Recomputation,ProcessRecomputeState,,,,UIAutomatic,JobGuid=3604DE26-82FB-48ED-A5A7-2AAF186950DA;State=UIS_RECOMPUTATION_STATE_PENDING;Scope=JobScope;RecompPercentageComplete=;MultipleRunsAffected=False;ActiveRunAffected=False;ActiveRunInProgress=False;RunCount=2;Run0Change0=Parameter;Run0Guid=CC55DECD-DB67-4C78-B31D-5E44B86031DD;Run1Change0=TimeDepthEdit;Run1Guid=74BEBD37-8248-4010-A909-F6DB5E8FDBF3
43194.1486866204,DataCentral,Time/Depth Edit/Shift,DepthShift/Input ShiftBy,Input,TextBox,-0.04,UIInteraction,PassName=Run 2 : Log[1]:Up;PassGuid=D01FB8E1-71CB-410A-A99E-1804980EE65F
43194.148749375,DataCentral,Time/Depth Edit/Shift,DepthShift/Shift,Click,Button,Shift,UIInteraction,
43194.1487493981,DataCentral,Time/Depth Edit/Shift,DepthShift/Shift,Click,Button,ApplyShift,UIInteraction,ShiftSelectedPasses() Shift Value=-0.0399999999999991
43194.1487494097,DataCentral,Time/Depth Edit/Shift,DepthShift/Shift,Click,Button,ApplyShift,UIInteraction,AddTimeDepthModification() Shift Value=-0.0399999999999991
43194.1487494213,DataCentral,Time/Depth Edit/Shift,DepthShift/Shift,Click,Button,ApplyShift,UIInteraction,ApplyBlockShift() Shift Value=-0.0399999999999991
43194.1487506944,DeliverablesSetup,Computation / Recomputation,ProcessRecomputeState,,,,UIAutomatic,JobGuid=3604DE26-82FB-48ED-A5A7-2AAF186950DA;State=UIS_RECOMPUTATION_STATE_PENDING;Scope=JobScope;RecompPercentageComplete=;MultipleRunsAffected=False;ActiveRunAffected=False;ActiveRunInProgress=False;RunCount=2;Run0Change0=Parameter;Run0Change1=TimeDepthEdit;Run0Guid=CC55DECD-DB67-4C78-B31D-5E44B86031DD;Run1Change0=TimeDepthEdit;Run1Guid=74BEBD37-8248-4010-A909-F6DB5E8FDBF3
43194.148750706,DataCentral,Computation / Recomputation,ProcessRecomputeState,,,,UIAutomatic,JobGuid=3604DE26-82FB-48ED-A5A7-2AAF186950DA;State=UIS_RECOMPUTATION_STATE_PENDING;Scope=JobScope;RecompPercentageComplete=;MultipleRunsAffected=False;ActiveRunAffected=False;ActiveRunInProgress=False;RunCount=2;Run0Change0=Parameter;Run0Change1=TimeDepthEdit;Run0Guid=CC55DECD-DB67-4C78-B31D-5E44B86031DD;Run1Change0=TimeDepthEdit;Run1Guid=74BEBD37-8248-4010-A909-F6DB5E8FDBF3
43194.1487690625,DataCentral,Computation / Recomputation,Recompute All Pending Runs,Click,ToolbarButton,Recompute All Pending Runs,UIInteraction,
43194.1487692593,DeliverablesSetup,Computation / Recomputation,ProcessRecomputeState,,,,UIAutomatic,JobGuid=3604DE26-82FB-48ED-A5A7-2AAF186950DA;State=UIS_RECOMPUTATION_STATE_STARTING;Scope=JobScope;RecompPercentageComplete=;MultipleRunsAffected=False;ActiveRunAffected=False;ActiveRunInProgress=False;RunCount=2;Run0Change0=Parameter;Run0Change1=TimeDepthEdit;Run0Guid=CC55DECD-DB67-4C78-B31D-5E44B86031DD;Run1Change0=TimeDepthEdit;Run1Guid=74BEBD37-8248-4010-A909-F6DB5E8FDBF3
43194.148770787,DataCentral,Computation / Recomputation,ProcessRecomputeState,,,,UIAutomatic,JobGuid=3604DE26-82FB-48ED-A5A7-2AAF186950DA;State=UIS_RECOMPUTATION_STATE_STARTING;Scope=JobScope;RecompPercentageComplete=;MultipleRunsAffected=False;ActiveRunAffected=False;ActiveRunInProgress=False;RunCount=2;Run0Change0=Parameter;Run0Change1=TimeDepthEdit;Run0Guid=CC55DECD-DB67-4C78-B31D-5E44B86031DD;Run1Change0=TimeDepthEdit;Run1Guid=74BEBD37-8248-4010-A909-F6DB5E8FDBF3
43194.1487750463,DeliverablesSetup,Computation / Recomputation,ProcessRecomputeState,,,,UIAutomatic,JobGuid=3604DE26-82FB-48ED-A5A7-2AAF186950DA;State=UIS_RECOMPUTATION_STATE_IN_PROGRESS;Scope=JobScope;RecompPercentageComplete=;MultipleRunsAffected=False;ActiveRunAffected=False;ActiveRunInProgress=False;RunCount=2;Run0Change0=Parameter;Run0Change1=TimeDepthEdit;Run0Guid=CC55DECD-DB67-4C78-B31D-5E44B86031DD;Run1Change0=TimeDepthEdit;Run1Guid=74BEBD37-8248-4010-A909-F6DB5E8FDBF3
43194.1487750926,DataCentral,Computation / Recomputation,ProcessRecomputeState,,,,UIAutomatic,JobGuid=3604DE26-82FB-48ED-A5A7-2AAF186950DA;State=UIS_RECOMPUTATION_STATE_IN_PROGRESS;Scope=JobScope;RecompPercentageComplete=;MultipleRunsAffected=False;ActiveRunAffected=False;ActiveRunInProgress=False;RunCount=2;Run0Change0=Parameter;Run0Change1=TimeDepthEdit;Run0Guid=CC55DECD-DB67-4C78-B31D-5E44B86031DD;Run1Change0=TimeDepthEdit;Run1Guid=74BEBD37-8248-4010-A909-F6DB5E8FDBF3
43194.1489510185,DeliverablesSetup,Computation / Recomputation,ProcessRecomputeState,,,,UIAutomatic,JobGuid=3604DE26-82FB-48ED-A5A7-2AAF186950DA;State=UIS_RECOMPUTATION_STATE_SUCCEEDED;Scope=JobScope;RecompPercentageComplete=;MultipleRunsAffected=False;ActiveRunAffected=False;ActiveRunInProgress=False;RunCount=2;Run0Change0=Parameter;Run0Change1=TimeDepthEdit;Run0Guid=CC55DECD-DB67-4C78-B31D-5E44B86031DD;Run1Change0=TimeDepthEdit;Run1Guid=74BEBD37-8248-4010-A909-F6DB5E8FDBF3
43194.1489512963,DataCentral,Computation / Recomputation,ProcessRecomputeState,,,,UIAutomatic,JobGuid=3604DE26-82FB-48ED-A5A7-2AAF186950DA;State=UIS_RECOMPUTATION_STATE_SUCCEEDED;Scope=JobScope;RecompPercentageComplete=;MultipleRunsAffected=False;ActiveRunAffected=False;ActiveRunInProgress=False;RunCount=2;Run0Change0=Parameter;Run0Change1=TimeDepthEdit;Run0Guid=CC55DECD-DB67-4C78-B31D-5E44B86031DD;Run1Change0=TimeDepthEdit;Run1Guid=74BEBD37-8248-4010-A909-F6DB5E8FDBF3
43194.1491331019,DeliverablesSetup,Deliverables - Graphical,Print/Create PDF for Template,Click,ContextMenu,Print/PDF...,UIInteraction,ComponentName=New Template
43194.1493575579,,UI Framework,Start Console,,,PDF Printer,UIAutomatic,
43194.1494691088,,UI Framework,Close Console,Click,Button,,UIInteraction,JobGuid=3604DE26-82FB-48ED-A5A7-2AAF186950DA
43194.149763206,DeliverablesSetup,Deliverables - Graphical,Print/Create PDF for Template,Click,ContextMenu,Print/PDF...,UIInteraction,ComponentName=New Template
43194.1499865278,,UI Framework,Start Console,,,PDF Printer,UIAutomatic,
43194.1501839699,,UI Framework,Close Console,Click,Button,,UIInteraction,JobGuid=3604DE26-82FB-48ED-A5A7-2AAF186950DA
43194.1502224074,DataCentral,UI Framework,Switch View,Click,ToolbarButton,Recompute,UIInteraction,
43194.15036,DataCentral,Properties & Parameters,Change Parameter Value,Update,GridCell,No,UIInteraction,OSDD=BARI;EnsemblePath=Borehole
43194.1503606019,DeliverablesSetup,Computation / Recomputation,ProcessRecomputeState,,,,UIAutomatic,JobGuid=3604DE26-82FB-48ED-A5A7-2AAF186950DA;State=UIS_RECOMPUTATION_STATE_PENDING;Scope=JobScope;RecompPercentageComplete=;MultipleRunsAffected=False;ActiveRunAffected=False;ActiveRunInProgress=False;RunCount=1;Run0Change0=Parameter;Run0Guid=CC55DECD-DB67-4C78-B31D-5E44B86031DD
43194.1503608218,DataCentral,Computation / Recomputation,ProcessRecomputeState,,,,UIAutomatic,JobGuid=3604DE26-82FB-48ED-A5A7-2AAF186950DA;State=UIS_RECOMPUTATION_STATE_PENDING;Scope=JobScope;RecompPercentageComplete=;MultipleRunsAffected=False;ActiveRunAffected=False;ActiveRunInProgress=False;RunCount=1;Run0Change0=Parameter;Run0Guid=CC55DECD-DB67-4C78-B31D-5E44B86031DD
43194.1504454167,DataCentral,UI Framework,Switch View,Click,ToolbarButton,Depth Shift,UIInteraction,
43194.1505350347,DataCentral,Time/Depth Edit/Shift,DepthShift/Input ShiftBy,Input,TextBox,-0.08,UIInteraction,PassName=Run 1 : Log[1]:Down;PassGuid=6AE0A76F-5556-4DCD-AC26-0F2E5D45230F
43194.1505915741,DataCentral,Time/Depth Edit/Shift,DepthShift/Shift,Click,Button,Shift,UIInteraction,
43194.1505915856,DataCentral,Time/Depth Edit/Shift,DepthShift/Shift,Click,Button,ApplyShift,UIInteraction,ShiftSelectedPasses() Shift Value=-0.0799999999999983
43194.1505916204,DataCentral,Time/Depth Edit/Shift,DepthShift/Shift,Click,Button,ApplyShift,UIInteraction,AddTimeDepthModification() Shift Value=0
43194.1505916435,DataCentral,Time/Depth Edit/Shift,DepthShift/Shift,Click,Button,ApplyShift,UIInteraction,ApplyBlockShift() Shift Value=0
43194.1505970833,DataCentral,Computation / Recomputation,ProcessRecomputeState,,,,UIAutomatic,JobGuid=3604DE26-82FB-48ED-A5A7-2AAF186950DA;State=UIS_RECOMPUTATION_STATE_PENDING;Scope=JobScope;RecompPercentageComplete=;MultipleRunsAffected=False;ActiveRunAffected=False;ActiveRunInProgress=False;RunCount=2;Run0Change0=Parameter;Run0Guid=CC55DECD-DB67-4C78-B31D-5E44B86031DD;Run1Change0=TimeDepthEdit;Run1Guid=74BEBD37-8248-4010-A909-F6DB5E8FDBF3
43194.1505970833,DeliverablesSetup,Computation / Recomputation,ProcessRecomputeState,,,,UIAutomatic,JobGuid=3604DE26-82FB-48ED-A5A7-2AAF186950DA;State=UIS_RECOMPUTATION_STATE_PENDING;Scope=JobScope;RecompPercentageComplete=;MultipleRunsAffected=False;ActiveRunAffected=False;ActiveRunInProgress=False;RunCount=2;Run0Change0=Parameter;Run0Guid=CC55DECD-DB67-4C78-B31D-5E44B86031DD;Run1Change0=TimeDepthEdit;Run1Guid=74BEBD37-8248-4010-A909-F6DB5E8FDBF3
43194.150669456,DataCentral,Time/Depth Edit/Shift,DepthShift/Input ShiftBy,Input,TextBox,0.04,UIInteraction,PassName=Run 2 : Log[1]:Up;PassGuid=D01FB8E1-71CB-410A-A99E-1804980EE65F
43194.1507272338,DataCentral,Time/Depth Edit/Shift,DepthShift/Shift,Click,Button,ApplyShift,UIInteraction,ShiftSelectedPasses() Shift Value=0.0399999999999991
43194.1507272569,DataCentral,Time/Depth Edit/Shift,DepthShift/Shift,Click,Button,ApplyShift,UIInteraction,AddTimeDepthModification() Shift Value=0
43194.1507272685,DataCentral,Time/Depth Edit/Shift,DepthShift/Shift,Click,Button,ApplyShift,UIInteraction,ApplyBlockShift() Shift Value=0
43194.1507284722,DeliverablesSetup,Computation / Recomputation,ProcessRecomputeState,,,,UIAutomatic,JobGuid=3604DE26-82FB-48ED-A5A7-2AAF186950DA;State=UIS_RECOMPUTATION_STATE_PENDING;Scope=JobScope;RecompPercentageComplete=;MultipleRunsAffected=False;ActiveRunAffected=False;ActiveRunInProgress=False;RunCount=2;Run0Change0=Parameter;Run0Change1=TimeDepthEdit;Run0Guid=CC55DECD-DB67-4C78-B31D-5E44B86031DD;Run1Change0=TimeDepthEdit;Run1Guid=74BEBD37-8248-4010-A909-F6DB5E8FDBF3
43194.1507284838,DataCentral,Computation / Recomputation,ProcessRecomputeState,,,,UIAutomatic,JobGuid=3604DE26-82FB-48ED-A5A7-2AAF186950DA;State=UIS_RECOMPUTATION_STATE_PENDING;Scope=JobScope;RecompPercentageComplete=;MultipleRunsAffected=False;ActiveRunAffected=False;ActiveRunInProgress=False;RunCount=2;Run0Change0=Parameter;Run0Change1=TimeDepthEdit;Run0Guid=CC55DECD-DB67-4C78-B31D-5E44B86031DD;Run1Change0=TimeDepthEdit;Run1Guid=74BEBD37-8248-4010-A909-F6DB5E8FDBF3
43194.1507271644,DataCentral,Time/Depth Edit/Shift,DepthShift/Shift,Click,Button,Shift,UIInteraction,
43194.1507462847,DeliverablesSetup,Computation / Recomputation,ProcessRecomputeState,,,,UIAutomatic,JobGuid=3604DE26-82FB-48ED-A5A7-2AAF186950DA;State=UIS_RECOMPUTATION_STATE_STARTING;Scope=JobScope;RecompPercentageComplete=;MultipleRunsAffected=False;ActiveRunAffected=False;ActiveRunInProgress=False;RunCount=2;Run0Change0=Parameter;Run0Change1=TimeDepthEdit;Run0Guid=CC55DECD-DB67-4C78-B31D-5E44B86031DD;Run1Change0=TimeDepthEdit;Run1Guid=74BEBD37-8248-4010-A909-F6DB5E8FDBF3
43194.1507480208,DataCentral,Computation / Recomputation,ProcessRecomputeState,,,,UIAutomatic,JobGuid=3604DE26-82FB-48ED-A5A7-2AAF186950DA;State=UIS_RECOMPUTATION_STATE_STARTING;Scope=JobScope;RecompPercentageComplete=;MultipleRunsAffected=False;ActiveRunAffected=False;ActiveRunInProgress=False;RunCount=2;Run0Change0=Parameter;Run0Change1=TimeDepthEdit;Run0Guid=CC55DECD-DB67-4C78-B31D-5E44B86031DD;Run1Change0=TimeDepthEdit;Run1Guid=74BEBD37-8248-4010-A909-F6DB5E8FDBF3
43194.1507521759,DataCentral,Computation / Recomputation,ProcessRecomputeState,,,,UIAutomatic,JobGuid=3604DE26-82FB-48ED-A5A7-2AAF186950DA;State=UIS_RECOMPUTATION_STATE_IN_PROGRESS;Scope=JobScope;RecompPercentageComplete=;MultipleRunsAffected=False;ActiveRunAffected=False;ActiveRunInProgress=False;RunCount=2;Run0Change0=Parameter;Run0Change1=TimeDepthEdit;Run0Guid=CC55DECD-DB67-4C78-B31D-5E44B86031DD;Run1Change0=TimeDepthEdit;Run1Guid=74BEBD37-8248-4010-A909-F6DB5E8FDBF3
43194.1507460995,DataCentral,Computation / Recomputation,Recompute All Pending Runs,Click,ToolbarButton,Recompute All Pending Runs,UIInteraction,
43194.1507521991,DeliverablesSetup,Computation / Recomputation,ProcessRecomputeState,,,,UIAutomatic,JobGuid=3604DE26-82FB-48ED-A5A7-2AAF186950DA;State=UIS_RECOMPUTATION_STATE_IN_PROGRESS;Scope=JobScope;RecompPercentageComplete=;MultipleRunsAffected=False;ActiveRunAffected=False;ActiveRunInProgress=False;RunCount=2;Run0Change0=Parameter;Run0Change1=TimeDepthEdit;Run0Guid=CC55DECD-DB67-4C78-B31D-5E44B86031DD;Run1Change0=TimeDepthEdit;Run1Guid=74BEBD37-8248-4010-A909-F6DB5E8FDBF3
43194.1508619097,DeliverablesSetup,Computation / Recomputation,ProcessRecomputeState,,,,UIAutomatic,JobGuid=3604DE26-82FB-48ED-A5A7-2AAF186950DA;State=UIS_RECOMPUTATION_STATE_SUCCEEDED;Scope=JobScope;RecompPercentageComplete=;MultipleRunsAffected=False;ActiveRunAffected=False;ActiveRunInProgress=False;RunCount=2;Run0Change0=Parameter;Run0Change1=TimeDepthEdit;Run0Guid=CC55DECD-DB67-4C78-B31D-5E44B86031DD;Run1Change0=TimeDepthEdit;Run1Guid=74BEBD37-8248-4010-A909-F6DB5E8FDBF3
43194.1508622338,DataCentral,Computation / Recomputation,ProcessRecomputeState,,,,UIAutomatic,JobGuid=3604DE26-82FB-48ED-A5A7-2AAF186950DA;State=UIS_RECOMPUTATION_STATE_SUCCEEDED;Scope=JobScope;RecompPercentageComplete=;MultipleRunsAffected=False;ActiveRunAffected=False;ActiveRunInProgress=False;RunCount=2;Run0Change0=Parameter;Run0Change1=TimeDepthEdit;Run0Guid=CC55DECD-DB67-4C78-B31D-5E44B86031DD;Run1Change0=TimeDepthEdit;Run1Guid=74BEBD37-8248-4010-A909-F6DB5E8FDBF3
43194.1510379861,DeliverablesSetup,Deliverables - Graphical,Print/Create PDF for Template,Click,ContextMenu,Print/PDF...,UIInteraction,ComponentName=New Template
43194.151266875,,UI Framework,Start Console,,,PDF Printer,UIAutomatic,
43194.1513793519,,UI Framework,Close Console,Click,Button,,UIInteraction,JobGuid=3604DE26-82FB-48ED-A5A7-2AAF186950DA
43194.151668669,DeliverablesSetup,Deliverables - Graphical,Print/Create PDF for Template,Click,ContextMenu,Print/PDF...,UIInteraction,ComponentName=New Template
43194.1518894907,,UI Framework,Start Console,,,PDF Printer,UIAutomatic,
43194.1520891435,,UI Framework,Close Console,Click,Button,,UIInteraction,JobGuid=3604DE26-82FB-48ED-A5A7-2AAF186950DA
43194.1521599421,,Console/Job Manager,Stop Data Central Console,Click,Button,Stop,UIInteraction,JobGuid=3604DE26-82FB-48ED-A5A7-2AAF186950DA
43194.1522894907,DeliverablesSetup,UI Framework,Close Console,Click,Button,,UIInteraction,JobGuid=3604DE26-82FB-48ED-A5A7-2AAF186950DA
43194.1523277199,DeliverablesSetup,UI Framework,OK to Close Deliverables - Display Console,Click,Button,OK,UIInteraction,
43194.1523808102,,Console/Job Manager,Stop Job,Click,Button,Stop,UIInteraction,JobGuid=3604DE26-82FB-48ED-A5A7-2AAF186950DA
