Time,Process,Component,Operation,Action,Control,ControlText,Category,Context
43194.0168020486,,Console/Job Manager,Start Job,Click,Button,Start,UIInteraction,JobName=ADN6;WellName=1-OGX-1-RJS;ClientName=OGX PETROLEO & GASLTDA.;StartDate=4/4/2018 12:24 AM;Workflow=D&M;Simulator=False;UnitSystem=Metric;JobSize=0;State=Available;SideTrackId=0;SessionID=99629C5B-3FF2-43A6-B4AA-6215654105FE;SortOrder=1;JobGUID=A133431A-B91D-42E1-AEDF-33D58C62C786;WellGUID=03BDF582-93AA-4BD8-A8B7-0E7ABFE14D6F;BoreholeGUID=B85A6798-C214-4225-8A34-5E239C9CB61E;MachineName=HPV02-004;UserName=Engineer;UserDomainName=HPV02-004;OS=Microsoft Windows NT 6.1.7601 Service Pack 1;StartedJobCount=0;TimeZone=00:00:00;IPAddress_1=192.168.78.178;IPAddress_2=::1;MWVersion=9.0.100745.3100
43194.0174870023,,Console/Job Manager,Stop Job,Click,Button,Stop,UIInteraction,JobGuid=A133431A-B91D-42E1-AEDF-33D58C62C786
43194.0183308449,,Console/Job Manager,Start Job,Click,Button,Start,UIInteraction,JobName=ADN6;WellName=1-OGX-1-RJS;ClientName=OGX PETROLEO & GASLTDA.;StartDate=4/4/2018 12:24 AM;Workflow=D&M;Simulator=False;UnitSystem=Metric;RTBackupDir=C:\AutoBackup;JobSize=0;State=Available;SideTrackId=0;SessionID=99629C5B-3FF2-43A6-B4AA-6215654105FE;SortOrder=1;JobGUID=A133431A-B91D-42E1-AEDF-33D58C62C786;WellGUID=03BDF582-93AA-4BD8-A8B7-0E7ABFE14D6F;BoreholeGUID=B85A6798-C214-4225-8A34-5E239C9CB61E;MachineName=HPV02-004;UserName=Engineer;UserDomainName=HPV02-004;OS=Microsoft Windows NT 6.1.7601 Service Pack 1;StartedJobCount=0;TimeZone=00:00:00;IPAddress_1=192.168.78.178;IPAddress_2=::1;MWVersion=9.0.100745.3100
43194.0183998495,,Console/Job Manager,Start Setup Console,Click,Button,Start...,UIInteraction,JobGuid=A133431A-B91D-42E1-AEDF-33D58C62C786
43194.0185548495,Setup,UI Framework,Start Console,,,Setup - Job ADN6,UIAutomatic,
43194.0186067593,Setup,Run Manager (Internal),Start Run,Click,Button,Start,UIInteraction,RunGuid=A1A032FF-E2E2-4927-A693-A20A64022F53;ToolstringGuid=8715E756-2EDC-4B65-B249-ABBA9E45174F;DownholeEquipments=Bit: 8 1/2":Stabilizer:PDXTRA_675:NMDC: 6 3/4":Stab: 6 3/4":NMDC: 6 3/4":Stab: 6 3/4":ARC6:TELE675:Stab: 6 3/4":SONICVISION6:ADN6C;TSLevelActiveSurfaceEquips=DRILLING_SURFACE
43194.0187140857,Setup,Equipment,Activate Run,Click,Button,Activate,UIInteraction,ToolstringGuid=8715E756-2EDC-4B65-B249-ABBA9E45174F;DownholeEquipments=Bit: 8 1/2":Stabilizer:PDXTRA_675:NMDC: 6 3/4":Stab: 6 3/4":NMDC: 6 3/4":Stab: 6 3/4":ARC6:TELE675:Stab: 6 3/4":SONICVISION6:ADN6C;TSLevelActiveSurfaceEquips=DRILLING_SURFACE
43194.0189005787,DnMAcquisition,Data Acquiring - D&M,HSPM Control/Set Location,Click,ComboBox,LOCAL,UIInteraction,
43194.0189005903,DnMAcquisition,Data Acquiring - D&M,HSPM Control/Set Recover Buffer,Click,ComboBox,No,UIInteraction,
43194.0189300232,DnMAcquisition,UI Framework,Start Console,,,Acquisition Console - Job ADN6 - Run 1,UIAutomatic,
43194.0197922222,DnMAcquisition,Manage Tasks,HSPM Control,DoubleClick,TreeView,HSPM Control,UIInteraction,TaskName=HSPM Control
43194.0198093287,DnMAcquisition,Data Acquiring - D&M,HSPM Control/Set Recover Buffer,Click,ComboBox,No,UIInteraction,
43194.0198211458,DnMAcquisition,Data Acquiring - D&M,HSPM Control/Connect HSPM,Click,Button,Connect,UIInteraction,
43194.019859537,DnMAcquisition,Data Acquiring - D&M,HSPM Control/Buffer Recovery Warning/OK,Click,Button,OK,UIInteraction,
43194.020433831,DnMAcquisition,UI Framework,Switch Tab,Click,Tab,Data Gauges,UIInteraction,
43194.0204934144,DnMAcquisition,UI Framework,Switch Tab,Click,Tab,Time,UIInteraction,
43194.0205712037,DnMAcquisition,Data Gauge / Alerts,Delete DataGauge,Click,ToolbarButton,Delete Selected Gauge,UIInteraction,Channel OSDD= TSTA
43194.0206236574,DnMAcquisition,UI Framework,Switch Tab,Click,Tab,Data Gauges,UIInteraction,
43194.0207321875,DnMAcquisition,Data Gauge / Alerts,Add Data Gauge,Click,ToolbarButton,Add Data Gauges...,UIInteraction,
43194.0208650232,DnMAcquisition,Data Explorer,Change Focused Item to Up-Level,Click,ToolbarButton,Level Up,UIInteraction,
43194.0208650463,DnMAcquisition,Data Explorer,Change Current Focused Item,,,,UIAutomatic,EntityName=Run 1;EntityType=16;EntityGuid=A1A032FF-E2E2-4927-A693-A20A64022F53
43194.0209424074,DnMAcquisition,Data Explorer,Change Focused Item to Up-Level,Click,ToolbarButton,Level Up,UIInteraction,
43194.0209424306,DnMAcquisition,Data Explorer,Change Current Focused Item,,,,UIAutomatic,EntityName=1-OGX-1-RJS;EntityType=8;EntityGuid=B85A6798-C214-4225-8A34-5E239C9CB61E
43194.0210183681,DnMAcquisition,Data Explorer,Change Focused Item to Up-Level,Click,ToolbarButton,Level Up,UIInteraction,
43194.0210183796,DnMAcquisition,Data Explorer,Change Current Focused Item,,,,UIAutomatic,EntityName=1-OGX-1-RJS;EntityType=4;EntityGuid=03BDF582-93AA-4BD8-A8B7-0E7ABFE14D6F
43194.0210930324,DnMAcquisition,Data Explorer,Change Focused Item to Up-Level,Click,ToolbarButton,Level Up,UIInteraction,
43194.021093044,DnMAcquisition,Data Explorer,Change Current Focused Item,,,,UIAutomatic,EntityName=ADN6;EntityType=2;EntityGuid=A133431A-B91D-42E1-AEDF-33D58C62C786
43194.0211991782,DnMAcquisition,Data Explorer,Change Current Focused Item,,,,UIAutomatic,EntityName=1-OGX-1-RJS;EntityType=4;EntityGuid=03BDF582-93AA-4BD8-A8B7-0E7ABFE14D6F
43194.0212511921,DnMAcquisition,Data Explorer,Change Current Focused Item,,,,UIAutomatic,EntityName=1-OGX-1-RJS;EntityType=8;EntityGuid=B85A6798-C214-4225-8A34-5E239C9CB61E
43194.0213084954,DnMAcquisition,Data Explorer,Change Current Focused Item,,,,UIAutomatic,EntityName=Run 1;EntityType=16;EntityGuid=A1A032FF-E2E2-4927-A693-A20A64022F53
43194.0213655787,DnMAcquisition,Data Explorer,Change Current Focused Item,,,,UIAutomatic,EntityName=TimeLogicalAcq;EntityType=32;EntityGuid=119380C2-DC0D-4D19-8A86-F54EBC9A8FB5
43194.0214421759,DnMAcquisition,Data Explorer,Click OK Button,Click,Button,OK,UIInteraction,Selection=STICK_STICK_RT_Stick Slip Indicator_TELE675_1___
43194.0214423148,DnMAcquisition,Data Gauge / Alerts,Select Channel in Channel Selection Dialog,Click,Button,OK,UIInteraction,Channel OSDD=STICK
43194.0215188889,Setup,Units,Show Unit System Manager,Click,MenuItem,Unit System Manager,UIInteraction,
43194.0216043519,Setup,Units,Change unit type,Click,ContextMenu,gal/min,UIInteraction,OldValue=L/min;UnitQuantity=MudFlowrate
43194.0216129514,Setup,Units,Save unit change to a different file,Click,Button,Save As...,UIInteraction,UnitSystem=OGXPETROLEO3
43194.0216137153,Setup,Units,Select unit system,Click,ComboBox,OGXPETROLEO3,UIInteraction,
43194.0216232986,Setup,Units,Select unit system,Click,ComboBox,OGXPETROLEO3,UIInteraction,
43194.0216502199,Setup,Units,Close Unit System Manager,Click,Button,Close,UIInteraction,
43194.0216840856,DnMAcquisition,Data Gauge / Alerts,Add Data Gauge,Click,ToolbarButton,Add Data Gauges...,UIInteraction,
43194.0218143634,DnMAcquisition,Data Explorer,Change Focused Item to Up-Level,Click,ToolbarButton,Level Up,UIInteraction,
43194.021814375,DnMAcquisition,Data Explorer,Change Current Focused Item,,,,UIAutomatic,EntityName=Run 1;EntityType=16;EntityGuid=A1A032FF-E2E2-4927-A693-A20A64022F53
43194.0218913657,DnMAcquisition,Data Explorer,Change Focused Item to Up-Level,Click,ToolbarButton,Level Up,UIInteraction,
43194.0218913773,DnMAcquisition,Data Explorer,Change Current Focused Item,,,,UIAutomatic,EntityName=1-OGX-1-RJS;EntityType=8;EntityGuid=B85A6798-C214-4225-8A34-5E239C9CB61E
43194.0219656944,DnMAcquisition,Data Explorer,Change Focused Item to Up-Level,Click,ToolbarButton,Level Up,UIInteraction,
43194.021965706,DnMAcquisition,Data Explorer,Change Current Focused Item,,,,UIAutomatic,EntityName=1-OGX-1-RJS;EntityType=4;EntityGuid=03BDF582-93AA-4BD8-A8B7-0E7ABFE14D6F
43194.0220405671,DnMAcquisition,Data Explorer,Change Focused Item to Up-Level,Click,ToolbarButton,Level Up,UIInteraction,
43194.0220405787,DnMAcquisition,Data Explorer,Change Current Focused Item,,,,UIAutomatic,EntityName=ADN6;EntityType=2;EntityGuid=A133431A-B91D-42E1-AEDF-33D58C62C786
43194.0221415162,DnMAcquisition,Data Explorer,Change Current Focused Item,,,,UIAutomatic,EntityName=1-OGX-1-RJS;EntityType=4;EntityGuid=03BDF582-93AA-4BD8-A8B7-0E7ABFE14D6F
43194.0221995139,DnMAcquisition,Data Explorer,Change Current Focused Item,,,,UIAutomatic,EntityName=1-OGX-1-RJS;EntityType=8;EntityGuid=B85A6798-C214-4225-8A34-5E239C9CB61E
43194.0222529282,DnMAcquisition,Data Explorer,Change Current Focused Item,,,,UIAutomatic,EntityName=Run 1;EntityType=16;EntityGuid=A1A032FF-E2E2-4927-A693-A20A64022F53
43194.0223062847,DnMAcquisition,Data Explorer,Change Current Focused Item,,,,UIAutomatic,EntityName=TimeLogicalAcq;EntityType=32;EntityGuid=119380C2-DC0D-4D19-8A86-F54EBC9A8FB5
43194.0223711458,DnMAcquisition,Data Explorer,Click OK Button,Click,Button,OK,UIInteraction,Selection=DATP_4304_DATP_4304_RT_Sonic Generic Data Point 3_SONICVISION6_1___
43194.0223711921,DnMAcquisition,Data Gauge / Alerts,Select Channel in Channel Selection Dialog,Click,Button,OK,UIInteraction,Channel OSDD=DATP_4304
43194.0224648727,DnMAcquisition,Data Gauge / Alerts,Add Data Gauge,Click,ToolbarButton,Add Data Gauges...,UIInteraction,
43194.0225887732,DnMAcquisition,Data Explorer,Change Focused Item to Up-Level,Click,ToolbarButton,Level Up,UIInteraction,
43194.0225887847,DnMAcquisition,Data Explorer,Change Current Focused Item,,,,UIAutomatic,EntityName=Run 1;EntityType=16;EntityGuid=A1A032FF-E2E2-4927-A693-A20A64022F53
43194.022666169,DnMAcquisition,Data Explorer,Change Focused Item to Up-Level,Click,ToolbarButton,Level Up,UIInteraction,
43194.0226661806,DnMAcquisition,Data Explorer,Change Current Focused Item,,,,UIAutomatic,EntityName=1-OGX-1-RJS;EntityType=8;EntityGuid=B85A6798-C214-4225-8A34-5E239C9CB61E
43194.0227402778,DnMAcquisition,Data Explorer,Change Focused Item to Up-Level,Click,ToolbarButton,Level Up,UIInteraction,
43194.0227402894,DnMAcquisition,Data Explorer,Change Current Focused Item,,,,UIAutomatic,EntityName=1-OGX-1-RJS;EntityType=4;EntityGuid=03BDF582-93AA-4BD8-A8B7-0E7ABFE14D6F
43194.0228156366,DnMAcquisition,Data Explorer,Change Focused Item to Up-Level,Click,ToolbarButton,Level Up,UIInteraction,
43194.0228156366,DnMAcquisition,Data Explorer,Change Current Focused Item,,,,UIAutomatic,EntityName=ADN6;EntityType=2;EntityGuid=A133431A-B91D-42E1-AEDF-33D58C62C786
43194.022915706,DnMAcquisition,Data Explorer,Change Current Focused Item,,,,UIAutomatic,EntityName=1-OGX-1-RJS;EntityType=4;EntityGuid=03BDF582-93AA-4BD8-A8B7-0E7ABFE14D6F
43194.0229744329,DnMAcquisition,Data Explorer,Change Current Focused Item,,,,UIAutomatic,EntityName=1-OGX-1-RJS;EntityType=8;EntityGuid=B85A6798-C214-4225-8A34-5E239C9CB61E
43194.0230271296,DnMAcquisition,Data Explorer,Change Current Focused Item,,,,UIAutomatic,EntityName=Run 1;EntityType=16;EntityGuid=A1A032FF-E2E2-4927-A693-A20A64022F53
43194.0230802662,DnMAcquisition,Data Explorer,Change Current Focused Item,,,,UIAutomatic,EntityName=TimeLogicalAcq;EntityType=32;EntityGuid=119380C2-DC0D-4D19-8A86-F54EBC9A8FB5
43194.0231497685,DnMAcquisition,Data Explorer,Click OK Button,Click,Button,OK,UIInteraction,Selection=ORION_RP34B_ORION_RP34B_Orion-compressed Flag Phase Shift Res 34 in Blended_ARC6_1___
43194.0231498148,DnMAcquisition,Data Gauge / Alerts,Select Channel in Channel Selection Dialog,Click,Button,OK,UIInteraction,Channel OSDD=ORION_RP34B
43194.0232439005,DnMAcquisition,Data Gauge / Alerts,Add Data Gauge,Click,ToolbarButton,Add Data Gauges...,UIInteraction,
43194.0233662963,DnMAcquisition,Data Explorer,Change Focused Item to Up-Level,Click,ToolbarButton,Level Up,UIInteraction,
43194.0233662963,DnMAcquisition,Data Explorer,Change Current Focused Item,,,,UIAutomatic,EntityName=Run 1;EntityType=16;EntityGuid=A1A032FF-E2E2-4927-A693-A20A64022F53
43194.0234430903,DnMAcquisition,Data Explorer,Change Focused Item to Up-Level,Click,ToolbarButton,Level Up,UIInteraction,
43194.0234431019,DnMAcquisition,Data Explorer,Change Current Focused Item,,,,UIAutomatic,EntityName=1-OGX-1-RJS;EntityType=8;EntityGuid=B85A6798-C214-4225-8A34-5E239C9CB61E
43194.0235180093,DnMAcquisition,Data Explorer,Change Focused Item to Up-Level,Click,ToolbarButton,Level Up,UIInteraction,
43194.0235180093,DnMAcquisition,Data Explorer,Change Current Focused Item,,,,UIAutomatic,EntityName=1-OGX-1-RJS;EntityType=4;EntityGuid=03BDF582-93AA-4BD8-A8B7-0E7ABFE14D6F
43194.0235919444,DnMAcquisition,Data Explorer,Change Focused Item to Up-Level,Click,ToolbarButton,Level Up,UIInteraction,
43194.023591956,DnMAcquisition,Data Explorer,Change Current Focused Item,,,,UIAutomatic,EntityName=ADN6;EntityType=2;EntityGuid=A133431A-B91D-42E1-AEDF-33D58C62C786
43194.0236947569,DnMAcquisition,Data Explorer,Change Current Focused Item,,,,UIAutomatic,EntityName=1-OGX-1-RJS;EntityType=4;EntityGuid=03BDF582-93AA-4BD8-A8B7-0E7ABFE14D6F
43194.0237537847,DnMAcquisition,Data Explorer,Change Current Focused Item,,,,UIAutomatic,EntityName=1-OGX-1-RJS;EntityType=8;EntityGuid=B85A6798-C214-4225-8A34-5E239C9CB61E
43194.0238120023,DnMAcquisition,Data Explorer,Change Current Focused Item,,,,UIAutomatic,EntityName=Run 1;EntityType=16;EntityGuid=A1A032FF-E2E2-4927-A693-A20A64022F53
43194.0238645718,DnMAcquisition,Data Explorer,Change Current Focused Item,,,,UIAutomatic,EntityName=TimeLogicalAcq;EntityType=32;EntityGuid=119380C2-DC0D-4D19-8A86-F54EBC9A8FB5
43194.0239303472,DnMAcquisition,Data Explorer,Click OK Button,Click,Button,OK,UIInteraction,Selection=FAR_A_FAR_A_Unfiltered Average Far Total Count Rate_ADN6C_1___
43194.0239303935,DnMAcquisition,Data Gauge / Alerts,Select Channel in Channel Selection Dialog,Click,Button,OK,UIInteraction,Channel OSDD=FAR_A
43194.0240862269,DnMAcquisition,UI Framework,Switch Tab,Click,Tab,Time,UIInteraction,
43194.0241362037,DnMAcquisition,UI Framework,Switch Tab,Click,Tab,Alarms,UIInteraction,
43194.0241771875,DnMAcquisition,UI Framework,Switch Tab,Click,Tab,Time,UIInteraction,
43194.0241777894,DnMAcquisition,UI Framework,Switch Tab,Click,Tab,Data Gauges,UIInteraction,
43194.0242503472,DnMAcquisition,UI Framework,Switch Tab,Click,Tab,Alarms,UIInteraction,
43194.0242503009,DnMAcquisition,Data Gauge / Alerts,Launch Alarm Manager,Click,ToolbarButton,Launch Alarms Manager...,UIInteraction,
43194.0244756597,DnMAcquisition,Data Gauge / Alerts,Enable/Disable Alarm,Click,CheckBox,DHAP,UIInteraction,CheckState=True
43194.0244788079,DnMAcquisition,Data Gauge / Alerts,Enable/Disable Beep,Click,CheckBox,DHAP,UIInteraction,CheckState=True
43194.024482963,DnMAcquisition,Data Gauge / Alerts,Enable/Disable Display Gauge,Click,CheckBox,DHAP,UIInteraction,CheckState=True
43194.0244972917,DnMAcquisition,UI Framework,Switch Tab,Click,Tab,Data Gauges,UIInteraction,
43194.0245384838,DnMAcquisition,Data Gauge / Alerts,Launch Alarm Manager,Click,ToolbarButton,Launch Alarms Manager...,UIInteraction,
43194.0245385417,DnMAcquisition,UI Framework,Switch Tab,Click,Tab,Alarms,UIInteraction,
43194.0245815394,DnMAcquisition,Data Explorer,Change Current Focused Item,,,,UIAutomatic,EntityName=TimeLogicalAcq;EntityType=32;EntityGuid=119380C2-DC0D-4D19-8A86-F54EBC9A8FB5
43194.0246126273,DnMAcquisition,Data Explorer,Click OK Button,Click,Button,OK,UIInteraction,Selection=TRPM_TRPM_RT_MWD Turbine Rotation Speed_TELE675_1___
43194.0246763194,DnMAcquisition,UI Framework,Switch Tab,Click,Tab,Data Gauges,UIInteraction,
43194.0248130208,DnMAcquisition,Viewers,HSPM Telemetry Monitor,DoubleClick,TreeView,HSPM Telemetry Monitor,UIInteraction,TaskName=HSPM Telemetry Monitor
43194.0248600926,DnMAcquisition,Data Tasks,Parameters,DoubleClick,TreeView,Parameters,UIInteraction,TaskName=Parameters
43194.025045081,DnMAcquisition,Properties & Parameters,Change Parameter Value,Update,GridCell,62079.93,UIInteraction,OSDD=BSAL;EnsemblePath=Borehole
43194.0250456713,Setup,Computation / Recomputation,ProcessRecomputeState,,,,UIAutomatic,JobGuid=A133431A-B91D-42E1-AEDF-33D58C62C786;State=UIS_RECOMPUTATION_STATE_PENDING;Scope=JobScope;RecompPercentageComplete=;MultipleRunsAffected=False;ActiveRunAffected=True;ActiveRunInProgress=False;RunCount=1;Run0Change0=Parameter;Run0Guid=A1A032FF-E2E2-4927-A693-A20A64022F53
43194.0250459259,DnMAcquisition,Computation / Recomputation,ProcessRecomputeState,,,,UIAutomatic,JobGuid=A133431A-B91D-42E1-AEDF-33D58C62C786;State=UIS_RECOMPUTATION_STATE_PENDING;Scope=JobScope;RecompPercentageComplete=;MultipleRunsAffected=False;ActiveRunAffected=True;ActiveRunInProgress=False;RunCount=1;Run0Change0=Parameter;Run0Guid=A1A032FF-E2E2-4927-A693-A20A64022F53
43194.0251946065,DnMAcquisition,Properties & Parameters,Change Parameter Value,Update,GridCell,1.3,UIInteraction,OSDD=DFD;EnsemblePath=Borehole
43194.0251948032,Setup,Computation / Recomputation,ProcessRecomputeState,,,,UIAutomatic,JobGuid=A133431A-B91D-42E1-AEDF-33D58C62C786;State=UIS_RECOMPUTATION_STATE_PENDING;Scope=JobScope;RecompPercentageComplete=;MultipleRunsAffected=False;ActiveRunAffected=True;ActiveRunInProgress=False;RunCount=1;Run0Change0=Parameter;Run0Guid=A1A032FF-E2E2-4927-A693-A20A64022F53
43194.0251956019,DnMAcquisition,Computation / Recomputation,ProcessRecomputeState,,,,UIAutomatic,JobGuid=A133431A-B91D-42E1-AEDF-33D58C62C786;State=UIS_RECOMPUTATION_STATE_PENDING;Scope=JobScope;RecompPercentageComplete=;MultipleRunsAffected=False;ActiveRunAffected=True;ActiveRunInProgress=False;RunCount=1;Run0Change0=Parameter;Run0Guid=A1A032FF-E2E2-4927-A693-A20A64022F53
43194.0253497685,DnMAcquisition,Properties & Parameters,Change Parameter Value,Update,GridCell,1.4,UIInteraction,OSDD=FLEV;EnsemblePath=Borehole
43194.0253498495,Setup,Computation / Recomputation,ProcessRecomputeState,,,,UIAutomatic,JobGuid=A133431A-B91D-42E1-AEDF-33D58C62C786;State=UIS_RECOMPUTATION_STATE_PENDING;Scope=JobScope;RecompPercentageComplete=;MultipleRunsAffected=False;ActiveRunAffected=True;ActiveRunInProgress=False;RunCount=1;Run0Change0=Parameter;Run0Guid=A1A032FF-E2E2-4927-A693-A20A64022F53
43194.0253506134,DnMAcquisition,Computation / Recomputation,ProcessRecomputeState,,,,UIAutomatic,JobGuid=A133431A-B91D-42E1-AEDF-33D58C62C786;State=UIS_RECOMPUTATION_STATE_PENDING;Scope=JobScope;RecompPercentageComplete=;MultipleRunsAffected=False;ActiveRunAffected=True;ActiveRunInProgress=False;RunCount=1;Run0Change0=Parameter;Run0Guid=A1A032FF-E2E2-4927-A693-A20A64022F53
43194.025384294,,Console/Job Manager,Start Rig Floor Console,Click,Button,Start...,UIInteraction,JobGuid=A133431A-B91D-42E1-AEDF-33D58C62C786
43194.025411169,RigFloor,UI Framework,Start Console,,,Rig Floor Console - Job ADN6,UIAutomatic,
43194.0254321528,,Console/Job Manager,Start Witness Console Console,Click,Button,Start...,UIInteraction,JobGuid=A133431A-B91D-42E1-AEDF-33D58C62C786
43194.0254435995,Witness,UI Framework,Start Console,,,Witness Console - Job ADN6,UIAutomatic,
43194.0255403241,WitnessDisplay,UI Framework,Start Console,,,Witness Display Console - Drilling View - Job ADN6,UIAutomatic,
43194.0327585532,RigFloor,Data Explorer,Click OK Button,Click,Button,OK,UIInteraction,Selection=ECD_ECD_RT_Equivalent Circulating Density_ARC6_1___
43194.0328256134,RigFloor,Data Explorer,Click OK Button,Click,Button,OK,UIInteraction,Selection=ESD_ESD_Equivalent Static Density_ARC6_1___
43194.0328823264,RigFloor,Data Explorer,Click OK Button,Click,Button,OK,UIInteraction,Selection=SHKR_SHKR_Shock Rate_PDXTRA_675_1___
43194.0329456481,RigFloor,Data Explorer,Click OK Button,Click,Button,OK,UIInteraction,Selection=TRPM_TRPM_RT_MWD Turbine Rotation Speed_TELE675_1___
43194.0330125463,RigFloor,Data Explorer,Click OK Button,Click,Button,OK,UIInteraction,Selection=AZIM_AZIM_Measured Azimuth_DnMWorkflow_1___
43194.0330787616,RigFloor,Data Explorer,Click OK Button,Click,Button,OK,UIInteraction,Selection=INCL_INCL_Hole inclination_DnMWorkflow_1___
43194.033305463,DnMAcquisition,Manage Tasks,Survey Manager,DoubleClick,TreeView,Survey Manager,UIInteraction,TaskName=Survey Manager
43194.0731373148,DnMAcquisition,Data Acquiring - D&M,Survey Manager/Export ASCII Survey,Click,ContextMenu,Export ASCII Survey Listing,UIInteraction,
43194.0731475463,DnMAcquisition,Data Acquiring - D&M,Survey Manager/Export Survey,Click,Button,Export Survey,UIInteraction,Surveys path=C:\TestComplete;Surveys name=PrintSurveyList.csv
43194.073182037,DnMAcquisition,Data Acquiring - D&M,Survey Manager/Calculate TVD from MD,Click,ToolbarButton,Calculate TVD from MD,UIInteraction,
43194.0732738889,DnMAcquisition,Computation / Recomputation,Recompute All Pending Runs,Click,ToolbarButton,Recompute All Pending Runs,UIInteraction,
43194.073273912,DnMAcquisition,Computation / Recomputation,Start Recomputation During Acquisition,Click,ToolbarButton,Recompute All Pending Runs,UIInteraction,FeatureName=Framework.RTOOP
43194.0732740394,Setup,Computation / Recomputation,ProcessRecomputeState,,,,UIAutomatic,JobGuid=A133431A-B91D-42E1-AEDF-33D58C62C786;State=UIS_RECOMPUTATION_STATE_STARTING;Scope=JobScope;RecompPercentageComplete=;MultipleRunsAffected=False;ActiveRunAffected=True;ActiveRunInProgress=True;RunCount=1;Run0Change0=Parameter;Run0Guid=A1A032FF-E2E2-4927-A693-A20A64022F53
43194.0732742824,DnMAcquisition,Computation / Recomputation,ProcessRecomputeState,,,,UIAutomatic,JobGuid=A133431A-B91D-42E1-AEDF-33D58C62C786;State=UIS_RECOMPUTATION_STATE_STARTING;Scope=JobScope;RecompPercentageComplete=;MultipleRunsAffected=False;ActiveRunAffected=True;ActiveRunInProgress=True;RunCount=1;Run0Change0=Parameter;Run0Guid=A1A032FF-E2E2-4927-A693-A20A64022F53
43194.0732749074,DnMAcquisition,Computation / Recomputation,ProcessRecomputeState,,,,UIAutomatic,JobGuid=A133431A-B91D-42E1-AEDF-33D58C62C786;State=UIS_RECOMPUTATION_STATE_IN_PROGRESS;Scope=JobScope;RecompPercentageComplete=;MultipleRunsAffected=False;ActiveRunAffected=True;ActiveRunInProgress=True;RunCount=1;Run0Change0=Parameter;Run0Guid=A1A032FF-E2E2-4927-A693-A20A64022F53
43194.0732749074,Setup,Computation / Recomputation,ProcessRecomputeState,,,,UIAutomatic,JobGuid=A133431A-B91D-42E1-AEDF-33D58C62C786;State=UIS_RECOMPUTATION_STATE_IN_PROGRESS;Scope=JobScope;RecompPercentageComplete=;MultipleRunsAffected=False;ActiveRunAffected=True;ActiveRunInProgress=True;RunCount=1;Run0Change0=Parameter;Run0Guid=A1A032FF-E2E2-4927-A693-A20A64022F53
43194.0734900231,Setup,Computation / Recomputation,ProcessRecomputeState,,,,UIAutomatic,JobGuid=A133431A-B91D-42E1-AEDF-33D58C62C786;State=UIS_RECOMPUTATION_STATE_SUCCEEDED;Scope=JobScope;RecompPercentageComplete=;MultipleRunsAffected=False;ActiveRunAffected=True;ActiveRunInProgress=True;RunCount=1;Run0Change0=Parameter;Run0Guid=A1A032FF-E2E2-4927-A693-A20A64022F53
43194.0734913426,DnMAcquisition,Computation / Recomputation,ProcessRecomputeState,,,,UIAutomatic,JobGuid=A133431A-B91D-42E1-AEDF-33D58C62C786;State=UIS_RECOMPUTATION_STATE_SUCCEEDED;Scope=JobScope;RecompPercentageComplete=;MultipleRunsAffected=False;ActiveRunAffected=True;ActiveRunInProgress=True;RunCount=1;Run0Change0=Parameter;Run0Guid=A1A032FF-E2E2-4927-A693-A20A64022F53
43194.0735574306,DnMAcquisition,Manage Tasks,Survey Manager,DoubleClick,TreeView,Survey Manager,UIInteraction,TaskName=Survey Manager
43194.0737255556,DnMAcquisition,Data Acquiring - D&M,Survey Manager/Accept survey,Click,Button,Accept,UIInteraction,
43194.0737356713,DnMAcquisition,Computation / Recomputation,ProcessRecomputeState,,,,UIAutomatic,JobGuid=A133431A-B91D-42E1-AEDF-33D58C62C786;State=UIS_RECOMPUTATION_STATE_STARTING;Scope=JobScope;RecompPercentageComplete=;MultipleRunsAffected=False;ActiveRunAffected=True;ActiveRunInProgress=True;RunCount=1;Run0Change0=LastSurvey;Run0Guid=A1A032FF-E2E2-4927-A693-A20A64022F53
43194.0737356713,Setup,Computation / Recomputation,ProcessRecomputeState,,,,UIAutomatic,JobGuid=A133431A-B91D-42E1-AEDF-33D58C62C786;State=UIS_RECOMPUTATION_STATE_STARTING;Scope=JobScope;RecompPercentageComplete=;MultipleRunsAffected=False;ActiveRunAffected=True;ActiveRunInProgress=True;RunCount=1;Run0Change0=LastSurvey;Run0Guid=A1A032FF-E2E2-4927-A693-A20A64022F53
43194.0737384491,Setup,Computation / Recomputation,ProcessRecomputeState,,,,UIAutomatic,JobGuid=A133431A-B91D-42E1-AEDF-33D58C62C786;State=UIS_RECOMPUTATION_STATE_IN_PROGRESS;Scope=JobScope;RecompPercentageComplete=;MultipleRunsAffected=False;ActiveRunAffected=True;ActiveRunInProgress=True;RunCount=1;Run0Change0=LastSurvey;Run0Guid=A1A032FF-E2E2-4927-A693-A20A64022F53
43194.0737384491,DnMAcquisition,Computation / Recomputation,ProcessRecomputeState,,,,UIAutomatic,JobGuid=A133431A-B91D-42E1-AEDF-33D58C62C786;State=UIS_RECOMPUTATION_STATE_IN_PROGRESS;Scope=JobScope;RecompPercentageComplete=;MultipleRunsAffected=False;ActiveRunAffected=True;ActiveRunInProgress=True;RunCount=1;Run0Change0=LastSurvey;Run0Guid=A1A032FF-E2E2-4927-A693-A20A64022F53
43194.0752018634,Setup,Computation / Recomputation,ProcessRecomputeState,,,,UIAutomatic,JobGuid=A133431A-B91D-42E1-AEDF-33D58C62C786;State=UIS_RECOMPUTATION_STATE_SUCCEEDED;Scope=JobScope;RecompPercentageComplete=;MultipleRunsAffected=False;ActiveRunAffected=True;ActiveRunInProgress=True;RunCount=1;Run0Change0=LastSurvey;Run0Guid=A1A032FF-E2E2-4927-A693-A20A64022F53
43194.0752036343,DnMAcquisition,Computation / Recomputation,ProcessRecomputeState,,,,UIAutomatic,JobGuid=A133431A-B91D-42E1-AEDF-33D58C62C786;State=UIS_RECOMPUTATION_STATE_SUCCEEDED;Scope=JobScope;RecompPercentageComplete=;MultipleRunsAffected=False;ActiveRunAffected=True;ActiveRunInProgress=True;RunCount=1;Run0Change0=LastSurvey;Run0Guid=A1A032FF-E2E2-4927-A693-A20A64022F53
43194.0752770486,DnMAcquisition,Manage Tasks,HSPM Control,DoubleClick,TreeView,HSPM Control,UIInteraction,TaskName=HSPM Control
43194.0752771296,DnMAcquisition,Data Acquiring - D&M,HSPM Control/Set Location,Click,ComboBox,LOCAL,UIInteraction,
43194.0752772107,DnMAcquisition,Data Acquiring - D&M,HSPM Control/Set Recover Buffer,Click,ComboBox,No,UIInteraction,
43194.0753073495,DnMAcquisition,Data Acquiring - D&M,HSPM Control/Disconnect,Click,Button,Disconnect,UIInteraction,
43194.0756953009,,Console/Job Manager,Stop Acquisition Console,Click,Button,Stop,UIInteraction,JobGuid=A133431A-B91D-42E1-AEDF-33D58C62C786
43194.0757571296,,Console/Job Manager,Stop Rig Floor Console,Click,Button,Stop,UIInteraction,JobGuid=A133431A-B91D-42E1-AEDF-33D58C62C786
43194.0758212963,Setup,Run Manager (Internal),Stop Run,Click,Button,Stop,UIInteraction,RunGuid=A1A032FF-E2E2-4927-A693-A20A64022F53
43194.0758635417,Setup,Run Manager (Internal),Confirm to Stop Run,Click,Button,OK,UIInteraction,RunGuid=A1A032FF-E2E2-4927-A693-A20A64022F53
43194.076069213,,Console/Job Manager,Stop Setup Console,Click,Button,Stop,UIInteraction,JobGuid=A133431A-B91D-42E1-AEDF-33D58C62C786
43194.0761481944,,Console/Job Manager,Start Deliverables Console,Click,Button,Start...,UIInteraction,JobGuid=A133431A-B91D-42E1-AEDF-33D58C62C786
43194.0762262616,DeliverablesSetup,Tier Manager,Tier Template Created for Tools in My Equipment,,,TELE675 Tier Created,Deliverables Console,
43194.0762268287,DeliverablesSetup,Tier Manager,Tier Template Created for Tools in My Equipment,,,ADN6C Tier Created,Deliverables Console,
43194.0762267361,DeliverablesSetup,Tier Manager,Tier Template Created for Tools in My Equipment,,,SONICVISION6 Tier Created,Deliverables Console,
43194.0762269213,DeliverablesSetup,Tier Manager,Tier Template Created for Tools in My Equipment,,,ARC6 Tier Created,Deliverables Console,
43194.0762272569,DeliverablesSetup,Tier Manager,Tier Template Created for Tools in My Equipment,,,PDXTRA_675 Tier Created,Deliverables Console,
43194.0762525,DeliverablesSetup,UI Framework,Start Console,,,Deliverables Console Setup - Job ADN6,UIAutomatic,
43194.0762760764,DeliverablesSetup,UI Framework,Switch View,Click,ToolbarButton,Deliverables Display View,UIInteraction,
43194.0763512616,DeliverablesSetup,Deliverables - Digital,Create Job Archive,Click,ContextMenu,Create,UIInteraction,ArchiveGuid=A133431A-B91D-42E1-AEDF-33D58C62C786;JobArchiveType=3.0
43194.0767570139,DeliverablesSetup,UI Framework,Close Console,Click,Button,,UIInteraction,JobGuid=A133431A-B91D-42E1-AEDF-33D58C62C786
43194.0767901042,DeliverablesSetup,UI Framework,OK to Close Deliverables - Display Console,Click,Button,OK,UIInteraction,
43194.0768421759,,Console/Job Manager,Stop Job,Click,Button,Stop,UIInteraction,JobGuid=A133431A-B91D-42E1-AEDF-33D58C62C786
