Time,Process,Component,Operation,Action,Control,ControlText,Category,Context
43194.1333949306,,Console/Job Manager,Start Job,Click,Button,Start,UIInteraction,JobName=PerfoAdressDemo;WellName=bgc;ClientName=slb;StartDate=4/4/2018 3:12 AM;Workflow=PerfoExpress;Simulator=True;UnitSystem=English;JobSize=0;State=Available;SideTrackId=0;SessionID=1EC4E191-E0C8-406E-BB9E-1485D7F5E8EB;SortOrder=1;JobGUID=E589377A-0B3D-41A9-82E6-EA786258BE71;WellGUID=41C8EF9C-E328-437B-890B-F32C9F94E2EE;BoreholeGUID=7F49EFE2-6057-48C1-B6EC-4DAEE8BEF7CE;MachineName=HPV04-009;UserName=Engineer;UserDomainName=HPV04-009;OS=Microsoft Windows NT 6.1.7601 Service Pack 1;StartedJobCount=0;TimeZone=00:00:00;IPAddress_1=192.168.178.67;IPAddress_2=::1;MWVersion=9.0.100745.3100
43194.1336769097,,Console/Job Manager,Stop Job,Click,Button,Stop,UIInteraction,JobGuid=E589377A-0B3D-41A9-82E6-EA786258BE71
43194.133872037,,Console/Job Manager,Start Job,Click,Button,Start,UIInteraction,JobName=PerfoAdressDemo;WellName=bgc;ClientName=slb;StartDate=4/4/2018 3:12 AM;Workflow=PerfoExpress;Simulator=True;UnitSystem=English;RTBackupDir=C:\Autobackup;JobSize=0;State=Available;SideTrackId=0;SessionID=1EC4E191-E0C8-406E-BB9E-1485D7F5E8EB;SortOrder=1;JobGUID=E589377A-0B3D-41A9-82E6-EA786258BE71;WellGUID=41C8EF9C-E328-437B-890B-F32C9F94E2EE;BoreholeGUID=7F49EFE2-6057-48C1-B6EC-4DAEE8BEF7CE;MachineName=HPV04-009;UserName=Engineer;UserDomainName=HPV04-009;OS=Microsoft Windows NT 6.1.7601 Service Pack 1;StartedJobCount=0;TimeZone=00:00:00;IPAddress_1=192.168.178.67;IPAddress_2=::1;MWVersion=9.0.100745.3100
43194.1346359491,,Console/Job Manager,Start Setup Console,Click,Button,Start...,UIInteraction,JobGuid=E589377A-0B3D-41A9-82E6-EA786258BE71
43194.1346733218,Setup,Calibration,Select Calibration Report Type,Click,ComboBox,Technical Concise,UIInteraction,
43194.1347522222,Setup,UI Framework,Start Console,,,Setup - Job PerfoAdressDemo,UIAutomatic,
43194.1347687847,,Console/Job Manager,Start Deliverables Console,Click,Button,Start...,UIInteraction,JobGuid=E589377A-0B3D-41A9-82E6-EA786258BE71
43194.1348225463,DeliverablesSetup,Tier Manager,Tier Template Created for Tools in My Equipment,,,HSD Tier Created,Deliverables Console,
43194.1348227315,DeliverablesSetup,Tier Manager,Tier Template Created for Tools in My Equipment,,,PGGT-CC Tier Created,Deliverables Console,
43194.1348296065,DeliverablesSetup,UI Framework,Start Console,,,Deliverables Console Setup - Job PerfoAdressDemo,UIAutomatic,
43194.1349941435,Setup,UI Framework,Switch Tab,Click,Tab,DnI Initializations,UIInteraction,
43194.1350552662,Setup,Run Manager (Internal),Start Run,Click,Button,Start,UIInteraction,RunGuid=45CED090-14D7-4479-BCA7-76B5F0DAE11A;ToolstringGuid=A91C0396-8B83-47FA-91F5-38AC93973569;DownholeEquipments=HSD:HSD:HSD:HSD:HSD:PGGT-CC:MH-28;TSLevelActiveSurfaceEquips=TENSION_DEVICE:DEPTH_DEVICE:WAFE:LOGGING_CABLE
43194.1351933681,Simulation,UI Framework,Start Console,,,Simulation Console - Job PerfoAdressDemo,UIAutomatic,
43194.1352695139,PerfoExpressAcquisition,Calibration,Select Calibration Report Type,Click,ComboBox,Technical Concise,UIInteraction,
43194.1352912616,PerfoExpressAcquisition,UI Framework,Start Console,,,Acquisition Console - Job PerfoAdressDemo - Run 1,UIAutomatic,
43194.1353863542,PerfoExpressAcquisition,Depth Log/Station Planning,Perform Logging Task,,,,UIAutomatic,TaskName=Depth Log
43194.1356826505,PerfoExpressAcquisition,Data Acquiring - WL,Unlock Pass,Click,ToolbarButton,Click to Unlock Stop Button,UIInteraction,
43194.1357768287,PerfoExpressAcquisition,Data Acquiring - WL,Stop Depth Pass,Click,Button,Stop,UIInteraction,PassGuid=0B2499AD-DEF7-4D4E-AD08-FFD8E7AD7D86;Depth=0
43194.1360143287,PerfoExpressAcquisition,Depth Log/Station Planning,Perform Logging Task,RightClick,TreeView,Surface Hot Check,UIInteraction,TaskName=Surface Hot Check
43194.1360281829,PerfoExpressAcquisition,Depth Log/Station Planning,Perform Logging Task,Click,ContextMenu,Perform,UIInteraction,TaskName=Surface Hot Check
43194.1362762037,PerfoExpressAcquisition,Depth Log/Station Planning,Perform Logging Task,RightClick,TreeView,Depth Log,UIInteraction,TaskName=Depth Log
43194.1362900347,PerfoExpressAcquisition,Depth Log/Station Planning,Perform Logging Task,Click,ContextMenu,Perform,UIInteraction,TaskName=Depth Log
43194.136355706,PerfoExpressAcquisition,Data Acquiring - WL,Unlock Pass,Click,ToolbarButton,Click to Unlock Stop Button,UIInteraction,
43194.1364484838,PerfoExpressAcquisition,Data Acquiring - WL,Stop Depth Pass,Click,Button,Stop,UIInteraction,PassGuid=0B2499AD-DEF7-4D4E-AD08-FFD8E7AD7D86;Depth=0
43194.1371190394,PerfoExpressAcquisition,Data Acquiring - WL,Start Depth Pass,Click,Button,Start,UIInteraction,PassGuid=0B2499AD-DEF7-4D4E-AD08-FFD8E7AD7D86;Objective=Log;Direction=Auto;Depth=76.19746
43194.1719194792,PerfoExpressAcquisition,Depth Log/Station Planning,Perform Logging Task,RightClick,TreeView,Perforate/Set/Activate,UIInteraction,TaskName=Perforate/Set/Activate
43194.1719335185,PerfoExpressAcquisition,Depth Log/Station Planning,Perform Logging Task,Click,ContextMenu,Perform,UIInteraction,TaskName=Perforate/Set/Activate
43194.1721181597,PerfoExpressAcquisition,Depth Log/Station Planning,Perform Logging Task,RightClick,TreeView,AS Inventory,UIInteraction,TaskName=AS Inventory
43194.1721320023,PerfoExpressAcquisition,Depth Log/Station Planning,Perform Logging Task,Click,ContextMenu,Perform,UIInteraction,TaskName=AS Inventory
43194.1723062963,PerfoExpressAcquisition,Depth Log/Station Planning,Perform Logging Task,RightClick,TreeView,AS Inventory,UIInteraction,TaskName=AS Inventory
43194.1726572801,PerfoExpressAcquisition,Depth Log/Station Planning,Perform Logging Task,RightClick,TreeView,Perforate/Set/Activate,UIInteraction,TaskName=Perforate/Set/Activate
43194.1726712731,PerfoExpressAcquisition,Depth Log/Station Planning,Perform Logging Task,Click,ContextMenu,Perform,UIInteraction,TaskName=Perforate/Set/Activate
43194.1729799421,PerfoExpressAcquisition,Depth Log/Station Planning,Perform Logging Task,RightClick,TreeView,Depth Log,UIInteraction,TaskName=Depth Log
43194.1765478472,PerfoExpressAcquisition,Depth Log/Station Planning,Perform Logging Task,RightClick,TreeView,Perforate/Set/Activate,UIInteraction,TaskName=Perforate/Set/Activate
43194.176562037,PerfoExpressAcquisition,Depth Log/Station Planning,Perform Logging Task,Click,ContextMenu,Perform,UIInteraction,TaskName=Perforate/Set/Activate
43194.1776195833,PerfoExpressAcquisition,Depth Log/Station Planning,Perform Logging Task,RightClick,TreeView,Perforate/Set/Activate,UIInteraction,TaskName=Perforate/Set/Activate
43194.1776335301,PerfoExpressAcquisition,Depth Log/Station Planning,Perform Logging Task,Click,ContextMenu,Perform,UIInteraction,TaskName=Perforate/Set/Activate
43194.1788909144,PerfoExpressAcquisition,Depth Log/Station Planning,Perform Logging Task,RightClick,TreeView,Perforate/Set/Activate,UIInteraction,TaskName=Perforate/Set/Activate
43194.1789048264,PerfoExpressAcquisition,Depth Log/Station Planning,Perform Logging Task,Click,ContextMenu,Perform,UIInteraction,TaskName=Perforate/Set/Activate
43194.1800295949,PerfoExpressAcquisition,Depth Log/Station Planning,Perform Logging Task,RightClick,TreeView,Perforate/Set/Activate,UIInteraction,TaskName=Perforate/Set/Activate
43194.1800435764,PerfoExpressAcquisition,Depth Log/Station Planning,Perform Logging Task,Click,ContextMenu,Perform,UIInteraction,TaskName=Perforate/Set/Activate
43194.1809073727,Setup,Run Manager (Internal),Next run,Click,Button,Next Run,UIInteraction,ToolstringName=Run1_5Runs
43194.1809074074,Setup,Run Manager (Internal),Cancel Stop Run,Click,Button,Cancel,UIInteraction,RunGuid=45CED090-14D7-4479-BCA7-76B5F0DAE11A
43194.1809073958,Setup,Run Manager (Internal),Stop Run,Click,Button,Stop,UIInteraction,RunGuid=45CED090-14D7-4479-BCA7-76B5F0DAE11A
43194.1809935995,Simulation,UI Framework,Close Console,Click,Button,,UIInteraction,JobGuid=E589377A-0B3D-41A9-82E6-EA786258BE71
43194.1809957755,Setup,Run Manager (Internal),Start Run,Click,Button,Start,UIInteraction,RunGuid=FF0144C1-0D13-4467-9182-4EA9FA3E46AE;ToolstringGuid=F7B9B017-2C6F-489A-9A17-348C3C8ED89B;DownholeEquipments=HSD:PGGT-CC:MH-28;TSLevelActiveSurfaceEquips=DEPTH_DEVICE:LOGGING_CABLE:WAFE:TENSION_DEVICE
43194.1813233333,Simulation,UI Framework,Start Console,,,Simulation Console - Job PerfoAdressDemo,UIAutomatic,
43194.1813610301,PerfoExpressAcquisition,Calibration,Select Calibration Report Type,Click,ComboBox,Technical Concise,UIInteraction,
43194.1813905324,PerfoExpressAcquisition,UI Framework,Start Console,,,Acquisition Console - Job PerfoAdressDemo - Run 2,UIAutomatic,
43194.1814189005,PerfoExpressAcquisition,Depth Log/Station Planning,Perform Logging Task,,,,UIAutomatic,TaskName=Depth Log
43194.1936378819,Setup,UI Framework,Switch Tab,Click,Tab,Client Requested Intervals,UIInteraction,
43194.1952470602,PerfoExpressAcquisition,Depth Log/Station Planning,Perform Logging Task,RightClick,TreeView,AS Inventory,UIInteraction,TaskName=AS Inventory
43194.1952611227,PerfoExpressAcquisition,Depth Log/Station Planning,Perform Logging Task,Click,ContextMenu,Perform,UIInteraction,TaskName=AS Inventory
43194.1961890856,PerfoExpressAcquisition,Depth Log/Station Planning,Perform Logging Task,RightClick,TreeView,Perforate/Set/Activate,UIInteraction,TaskName=Perforate/Set/Activate
43194.1962030093,PerfoExpressAcquisition,Depth Log/Station Planning,Perform Logging Task,Click,ContextMenu,Perform,UIInteraction,TaskName=Perforate/Set/Activate
43194.2177646181,Setup,Run Manager (Internal),Cancel Stop Run,Click,Button,Cancel,UIInteraction,RunGuid=FF0144C1-0D13-4467-9182-4EA9FA3E46AE
43194.2177646065,Setup,Run Manager (Internal),Stop Run,Click,Button,Stop,UIInteraction,RunGuid=FF0144C1-0D13-4467-9182-4EA9FA3E46AE
43194.2178439236,Simulation,UI Framework,Close Console,Click,Button,,UIInteraction,JobGuid=E589377A-0B3D-41A9-82E6-EA786258BE71
43194.2179493866,DeliverablesSetup,UI Framework,Switch View,Click,ToolbarButton,Deliverables Display View,UIInteraction,
43194.2180238773,DeliverablesSetup,Deliverables - Digital,Create Job Archive,Click,ContextMenu,Create,UIInteraction,ArchiveGuid=E589377A-0B3D-41A9-82E6-EA786258BE71;JobArchiveType=3.0
43194.2182162616,DeliverablesSetup,UI Framework,Close Console,Click,Button,,UIInteraction,JobGuid=E589377A-0B3D-41A9-82E6-EA786258BE71
43194.2182544213,DeliverablesSetup,UI Framework,OK to Close Deliverables - Display Console,Click,Button,OK,UIInteraction,
43194.2183351968,,Console/Job Manager,Stop Setup Console,Click,Button,Stop,UIInteraction,JobGuid=E589377A-0B3D-41A9-82E6-EA786258BE71
43194.2184182407,,Console/Job Manager,Stop Job,Click,Button,Stop,UIInteraction,JobGuid=E589377A-0B3D-41A9-82E6-EA786258BE71
