Time,Process,Component,Operation,Action,Control,ControlText,Category,Context
43194.0166978704,,UI Framework,Initialize Maxwell Manager Process Name,,,Initialize Maxwell Manager Process Name,,
43194.0167427083,,UI Framework,Start Console,,,Maxwell Manager,UIAutomatic,MachineName=HPV01-009;UserName=Engineer;UserDomainName=HPV01-009;OS=Microsoft Windows NT 6.1.7601 Service Pack 1;TimeZone=00:00:00;IPAddress_1=192.168.78.126;IPAddress_2=::1;MWVersion=9.0.100745.3100
43194.0167978704,,Console/Job Manager,New Job,Click,Button,New,UIInteraction,
43194.0168171644,,Console/Job Manager,Input Job Name,Input,TextBox,10MSA0091,UIInteraction,
43194.0168604745,,Console/Job Manager,Input Well Name,Input,TextBox,maderil,UIInteraction,
43194.0169046991,,Console/Job Manager,Input Client Name,Input,TextBox,BGCAT,UIInteraction,
43194.0170391667,,Console/Job Manager,Select Units,Click,ComboBox,Metric,UIInteraction,
43194.0172159722,,Console/Job Manager,Select Auto Backup Folder,Click,ComboBox,C:\AutoBackup,UIInteraction,
43194.0283773611,,UI Framework,Close Console,Click,Button,,UIInteraction,
43194.0310517361,,UI Framework,Initialize Maxwell Manager Process Name,,,Initialize Maxwell Manager Process Name,,
43194.0310688657,,UI Framework,Start Console,,,Maxwell Manager,UIAutomatic,MachineName=HPV01-009;UserName=Engineer;UserDomainName=HPV01-009;OS=Microsoft Windows NT 6.1.7601 Service Pack 1;TimeZone=00:00:00;IPAddress_1=192.168.78.126;IPAddress_2=::1;MWVersion=9.0.100745.3100
43194.0313123495,,Import/Export & Backup/Restore,Select file to import,Click,Button,...,UIInteraction,
43194.0313053357,,Console/Job Manager,Import Job Archive,Click,ContextMenu,Create Import,UIInteraction,
43194.031323831,,Import/Export & Backup/Restore,OK to select file,,,,UIAutomatic,FilePath=\\srv004bgc.dir.slb.com\MaxwellAT\TestData\TestData\Phase3\JobArchive\DnM_SWF_MP3_Setup.Dlis
43194.0313839583,,Import/Export & Backup/Restore,Start Import,Click,Button,Import,UIInteraction,FilePath=\\srv004bgc.dir.slb.com\MaxwellAT\TestData\TestData\Phase3\JobArchive\DnM_SWF_MP3_Setup.Dlis
43194.0316708565,,Import/Export & Backup/Restore,Close Import UI,Click,Button,Close,UIInteraction,
43194.0318019097,,Console/Job Manager,Select Auto Backup Folder,Click,ComboBox,C:\AutoBackup,UIInteraction,
43194.0844216551,,UI Framework,Close Console,Click,Button,,UIInteraction,
43194.0870144907,,UI Framework,Initialize Maxwell Manager Process Name,,,Initialize Maxwell Manager Process Name,,
43194.0870314236,,UI Framework,Start Console,,,Maxwell Manager,UIAutomatic,MachineName=HPV01-009;UserName=Engineer;UserDomainName=HPV01-009;OS=Microsoft Windows NT 6.1.7601 Service Pack 1;TimeZone=00:00:00;IPAddress_1=192.168.78.126;IPAddress_2=::1;MWVersion=9.0.100745.3100
43194.0872683218,,Console/Job Manager,Import Job Archive,Click,ContextMenu,Create Import,UIInteraction,
43194.0872748958,,Import/Export & Backup/Restore,Select file to import,Click,Button,...,UIInteraction,
43194.0872812731,,Import/Export & Backup/Restore,OK to select file,,,,UIAutomatic,FilePath=\\srv004bgc.dir.slb.com\MaxwellAT\TestData\TestData\Phase3\JobArchive\DnM_SWF_MP3_ACQ.Dlis
43194.0873329398,,Import/Export & Backup/Restore,Start Import,Click,Button,Import,UIInteraction,FilePath=\\srv004bgc.dir.slb.com\MaxwellAT\TestData\TestData\Phase3\JobArchive\DnM_SWF_MP3_ACQ.Dlis
43194.0879719097,,Import/Export & Backup/Restore,Close Import UI,Click,Button,Close,UIInteraction,
43194.088105706,,Console/Job Manager,Select Auto Backup Folder,Click,ComboBox,C:\AutoBackup,UIInteraction,
43194.1412064583,,UI Framework,Close Console,Click,Button,,UIInteraction,
