Time,Process,Component,Operation,Action,Control,ControlText,Category,Context
43193.9300361227,,UI Framework,Initialize Maxwell Manager Process Name,,,Initialize Maxwell Manager Process Name,,
43193.9300831481,,UI Framework,Start Console,,,Maxwell Manager,UIAutomatic,MachineName=HPV21-005;UserName=Engineer;UserDomainName=HPV21-005;OS=Microsoft Windows NT 6.1.7601 Service Pack 1;TimeZone=00:00:00;IPAddress_1=192.168.78.251;IPAddress_2=::1;MWVersion=9.0.100742.3100
43193.9301338426,,Console/Job Manager,New Job,Click,Button,New,UIInteraction,
43193.9301518634,,Console/Job Manager,Input Job Name,Input,TextBox,CMRT-DTC,UIInteraction,
