Time,Process,Component,Operation,Action,Control,ControlText,Category,Context
43193.9043396528,,Console/Job Manager,Start Job,Click,Button,Start,UIInteraction,JobName=10MSA0091;WellName=maderil;ClientName=PEMEX;StartDate=4/3/2018 9:42 PM;Workflow=D&M;Simulator=False;UnitSystem=PEMEX10MSA009109MAR14;JobSize=0;State=Available;SideTrackId=0;SessionID=7A9DC76D-D5F1-4D4A-BF57-B2399C5CCDE4;SortOrder=1;JobGUID=7D8883F1-97EB-4C1F-87A2-F546E0580F06;WellGUID=00EEF547-7DD5-4142-A1AC-BEAFEE83FD41;BoreholeGUID=0C8A662C-C33A-4F12-B3ED-92794F422CC0;MachineName=HPV04-012;UserName=Engineer;UserDomainName=HPV04-012;OS=Microsoft Windows NT 6.1.7601 Service Pack 1;StartedJobCount=0;TimeZone=00:00:00;IPAddress_1=192.168.78.217;IPAddress_2=::1;MWVersion=9.0.100733.3100
43193.9053000926,,Console/Job Manager,Stop Job,Click,Button,Stop,UIInteraction,JobGuid=7D8883F1-97EB-4C1F-87A2-F546E0580F06
43193.9055024769,,Console/Job Manager,Start Job,Click,Button,Start,UIInteraction,JobName=10MSA0091;WellName=maderil;ClientName=PEMEX;StartDate=4/3/2018 9:42 PM;Workflow=D&M;Simulator=False;UnitSystem=PEMEX10MSA009109MAR14;RTBackupDir=C:\AutoBackup;JobSize=1081.1;State=Available;SideTrackId=0;SessionID=7A9DC76D-D5F1-4D4A-BF57-B2399C5CCDE4;SortOrder=1;JobGUID=7D8883F1-97EB-4C1F-87A2-F546E0580F06;WellGUID=00EEF547-7DD5-4142-A1AC-BEAFEE83FD41;BoreholeGUID=0C8A662C-C33A-4F12-B3ED-92794F422CC0;MachineName=HPV04-012;UserName=Engineer;UserDomainName=HPV04-012;OS=Microsoft Windows NT 6.1.7601 Service Pack 1;StartedJobCount=0;TimeZone=00:00:00;IPAddress_1=192.168.78.217;IPAddress_2=::1;MWVersion=9.0.100733.3100
43193.9062770023,,Console/Job Manager,Start Deliverables Console,Click,Button,Start...,UIInteraction,JobGuid=7D8883F1-97EB-4C1F-87A2-F546E0580F06
43193.906347338,DeliverablesSetup,Tier Manager,Tier Template Created for Tools in My Equipment,,,SONICSCOPE4 Tier Created,Deliverables Console,
43193.9063474421,DeliverablesSetup,Tier Manager,Tier Template Created for Tools in My Equipment,,,ARC5 Tier Created,Deliverables Console,
43193.9063475463,DeliverablesSetup,Tier Manager,Tier Template Created for Tools in My Equipment,,,SHORT475 Tier Created,Deliverables Console,
43193.906347662,DeliverablesSetup,Tier Manager,Tier Template Created for Tools in My Equipment,,,ADN4 Tier Created,Deliverables Console,
43193.9063567708,DeliverablesSetup,Computation / Recomputation,ProcessRecomputeState,,,,UIAutomatic,JobGuid=7D8883F1-97EB-4C1F-87A2-F546E0580F06;State=UIS_RECOMPUTATION_STATE_IN_PROGRESS;Scope=JobScope;RecompPercentageComplete=19.5916490052860;MultipleRunsAffected=False;ActiveRunAffected=False;ActiveRunInProgress=False;RunCount=1;Run0Change0=DataImport;Run0Guid=2EF6EB5C-7F0F-4AEA-BDEB-9FDC80C4FC7D
43193.9063590393,DeliverablesSetup,UI Framework,Start Console,,,Deliverables Console Setup - Job 10MSA0091,UIAutomatic,
43193.9175827431,DeliverablesSetup,Computation / Recomputation,ProcessRecomputeState,,,,UIAutomatic,JobGuid=7D8883F1-97EB-4C1F-87A2-F546E0580F06;State=UIS_RECOMPUTATION_STATE_SUCCEEDED;Scope=JobScope;RecompPercentageComplete=;MultipleRunsAffected=False;ActiveRunAffected=False;ActiveRunInProgress=False;RunCount=1;Run0Change0=DataImport;Run0Guid=2EF6EB5C-7F0F-4AEA-BDEB-9FDC80C4FC7D
43193.9176231481,DeliverablesSetup,Deliverables - Graphical,Add Catalog Format to Component,Click,ToolbarButton,Add to Component,UIInteraction,ComponentName=DLIS Custom;ComponentCode=Component_CustomDlis_Format
43193.917798831,DeliverablesSetup,Deliverables - Graphical,Add Catalog Format to Component,Click,ToolbarButton,Add to Component,UIInteraction,ComponentName=DLIS Standard;ComponentCode=Component_StandardDlis_Format
43193.917936713,DeliverablesSetup,Deliverables - Graphical,Add Catalog Format to Component,Click,ToolbarButton,Add to Component,UIInteraction,ComponentName=LAS Custom;ComponentCode=Component_CustomLas_Format
43193.9180858912,DeliverablesSetup,Deliverables - Graphical,Add Catalog Format to Component,Click,ToolbarButton,Add to Component,UIInteraction,ComponentName=LAS Standard;ComponentCode=Component_StandardLas_Format
43193.9182243634,DeliverablesSetup,Deliverables - Graphical,Add Catalog Format to Component,Click,ToolbarButton,Add to Component,UIInteraction,ComponentName=WITS Record 07;ComponentCode=Component_StandardWits_Format
43193.9183675347,DeliverablesSetup,Deliverables - Graphical,Add Catalog Format to Component,Click,ToolbarButton,Add to Component,UIInteraction,ComponentName=WITS Record 08;ComponentCode=Component_StandardWits_Format
43193.9185115509,DeliverablesSetup,Deliverables - Graphical,Add Catalog Format to Component,Click,ToolbarButton,Add to Component,UIInteraction,ComponentName=WITSML Custom;ComponentCode=Component_CustomWitsml_Format
43193.9186557986,DeliverablesSetup,Deliverables - Graphical,Add Catalog Format to Component,Click,ToolbarButton,Add to Component,UIInteraction,ComponentName=WITSML Standard;ComponentCode=Component_StandardWitsml_Format
43193.9188183218,DeliverablesSetup,Deliverables - Graphical,Add Catalog Format to Component,Click,ToolbarButton,Add to Component,UIInteraction,ComponentName=ShortPulse Drilling Mechanics Depth RT;ComponentCode=Component_Log
43193.918971412,DeliverablesSetup,Deliverables - Graphical,Add Catalog Format to Component,Click,ToolbarButton,Add to Component,UIInteraction,ComponentName=SonicScope Monopole PnS Combo;ComponentCode=Component_Log
43193.9191232755,DeliverablesSetup,Deliverables - Graphical,Add Catalog Format to Component,Click,ToolbarButton,Add to Component,UIInteraction,ComponentName=ARC + VDN Detail;ComponentCode=Component_Log
43193.9192758102,DeliverablesSetup,Deliverables - Digital,Create New Template,Click,ContextMenu,New Template,UIInteraction,
43193.9193939583,DeliverablesSetup,Deliverables - Digital,Rename Component,Click,ContextMenu,Rename,UIInteraction,ComponentName=New Template;DelivTemplateGuid=B73BE80F-90FA-4EA6-B8B2-108243523335
43193.9194082639,DeliverablesSetup,Deliverables - Graphical,Rename Component,Input,TextBox,GR_RES_DeN_RM_Depth,UIInteraction,OldComponentName=New Template
43193.9194745486,DeliverablesSetup,Deliverables - Digital,Create New Template,Click,ContextMenu,New Template,UIInteraction,
43193.9195813889,DeliverablesSetup,Deliverables - Digital,Rename Component,Click,ContextMenu,Rename,UIInteraction,ComponentName=New Template;DelivTemplateGuid=FE90C478-E1A0-4139-92B6-664BE1382FDC
43193.9195908565,DeliverablesSetup,Deliverables - Graphical,Rename Component,Input,TextBox,Drilling Mechanics,UIInteraction,OldComponentName=New Template
43193.9196553935,DeliverablesSetup,Deliverables - Digital,Create New Template,Click,ContextMenu,New Template,UIInteraction,
43193.9197614468,DeliverablesSetup,Deliverables - Digital,Rename Component,Click,ContextMenu,Rename,UIInteraction,ComponentName=New Template;DelivTemplateGuid=EBCDCCA5-EE85-4571-898E-A2F54EB3BECE
43193.9197674769,DeliverablesSetup,Deliverables - Graphical,Rename Component,Input,TextBox,Sonic Log,UIInteraction,OldComponentName=New Template
43193.9198367361,DeliverablesSetup,Deliverables - Digital,Add Digital Template,Click,ContextMenu,LAS,UIInteraction,
43193.9199669676,DeliverablesSetup,Deliverables - Digital,Rename Component,Click,ContextMenu,Rename,UIInteraction,ComponentName=New Template;DelivTemplateGuid=C3F4C397-874A-4474-A091-FD8668A73389
43193.9199741667,DeliverablesSetup,Deliverables - Graphical,Rename Component,Input,TextBox,LAS Custom,UIInteraction,OldComponentName=New Template
43193.9200012384,DeliverablesSetup,Deliverables - Digital,Add Digital Template,Click,ContextMenu,LAS,UIInteraction,
43193.9201310995,DeliverablesSetup,Deliverables - Digital,Rename Component,Click,ContextMenu,Rename,UIInteraction,ComponentName=New Template;DelivTemplateGuid=BE27F36E-B30B-4706-9248-E76E6D2724BB
43193.9201390278,DeliverablesSetup,Deliverables - Graphical,Rename Component,Input,TextBox,LAS Standard,UIInteraction,OldComponentName=New Template
43193.9201660648,DeliverablesSetup,Deliverables - Digital,Add Digital Template,Click,ContextMenu,DLIS,UIInteraction,
43193.9202963426,DeliverablesSetup,Deliverables - Digital,Rename Component,Click,ContextMenu,Rename,UIInteraction,ComponentName=New Template;DelivTemplateGuid=5692BB5A-58A9-4078-B779-20B46B4CBB1A
43193.9203042593,DeliverablesSetup,Deliverables - Graphical,Rename Component,Input,TextBox,DLIS Custom,UIInteraction,OldComponentName=New Template
43193.920334375,DeliverablesSetup,Deliverables - Digital,Add Digital Template,Click,ContextMenu,DLIS,UIInteraction,
43193.9204646296,DeliverablesSetup,Deliverables - Digital,Rename Component,Click,ContextMenu,Rename,UIInteraction,ComponentName=New Template;DelivTemplateGuid=AAB8F9A2-A101-4800-98A2-DEB3559CDAD7
43193.9204733102,DeliverablesSetup,Deliverables - Graphical,Rename Component,Input,TextBox,DLIS Standard,UIInteraction,OldComponentName=New Template
43193.9204999421,DeliverablesSetup,Deliverables - Digital,Add Digital Template,Click,ContextMenu,WITS,UIInteraction,
43193.9206301157,DeliverablesSetup,Deliverables - Digital,Rename Component,Click,ContextMenu,Rename,UIInteraction,ComponentName=New Template;DelivTemplateGuid=95A27558-E612-46D7-9553-A7B8548A6A17
43193.9206387963,DeliverablesSetup,Deliverables - Graphical,Rename Component,Input,TextBox,WITS For Job,UIInteraction,OldComponentName=New Template
43193.9206653472,DeliverablesSetup,Deliverables - Digital,Add Digital Template,Click,ContextMenu,WITSML,UIInteraction,
43193.9207967477,DeliverablesSetup,Deliverables - Digital,Rename Component,Click,ContextMenu,Rename,UIInteraction,ComponentName=New Template;DelivTemplateGuid=7E511075-1C31-4072-8FC3-F225980AE993
43193.920806169,DeliverablesSetup,Deliverables - Graphical,Rename Component,Input,TextBox,WITSML Custom,UIInteraction,OldComponentName=New Template
43193.9208358449,DeliverablesSetup,Deliverables - Digital,Add Digital Template,Click,ContextMenu,WITSML,UIInteraction,
43193.920966875,DeliverablesSetup,Deliverables - Digital,Rename Component,Click,ContextMenu,Rename,UIInteraction,ComponentName=New Template;DelivTemplateGuid=26075E49-EC68-40DD-84B9-CD80D6843299
43193.9209770486,DeliverablesSetup,Deliverables - Graphical,Rename Component,Input,TextBox,WITSML Standard,UIInteraction,OldComponentName=New Template
43193.9210076736,DeliverablesSetup,Deliverables - Digital,Add to Template,Click,ContextMenu,LAS Custom,UIInteraction,ComponentName=LAS Custom;ComponentCode=Component_CustomLas_Format
43193.9212134954,DeliverablesSetup,Deliverables - Digital,Add to Template,Click,ContextMenu,LAS Standard,UIInteraction,ComponentName=LAS Standard;ComponentCode=Component_StandardLas_Format
43193.9214180556,DeliverablesSetup,Deliverables - Digital,Add to Template,Click,ContextMenu,WITSML Custom,UIInteraction,ComponentName=WITSML Custom;ComponentCode=Component_CustomWitsml_Format
43193.9216204745,DeliverablesSetup,Deliverables - Digital,Add to Template,Click,ContextMenu,WITSML Standard,UIInteraction,ComponentName=WITSML Standard;ComponentCode=Component_StandardWitsml_Format
43193.9218251968,DeliverablesSetup,Deliverables - Digital,Add to Template,Click,ContextMenu,WITS For Job,UIInteraction,ComponentName=WITS Record 07;ComponentCode=Component_StandardWits_Format
43193.9220309954,DeliverablesSetup,Deliverables - Digital,Add to Template,Click,ContextMenu,WITS For Job,UIInteraction,ComponentName=WITS Record 08;ComponentCode=Component_StandardWits_Format
43193.9222336574,DeliverablesSetup,Deliverables - Digital,Add to Template,Click,ContextMenu,DLIS Custom,UIInteraction,ComponentName=DLIS Custom;ComponentCode=Component_CustomDlis_Format
43193.9224345949,DeliverablesSetup,Deliverables - Digital,Add to Template,Click,ContextMenu,DLIS Standard,UIInteraction,ComponentName=DLIS Standard;ComponentCode=Component_StandardDlis_Format
43193.9226463773,DeliverablesSetup,Deliverables - Digital,Add Component to Template,Click,ContextMenu,Drilling Mechanics,UIInteraction,ComponentCode=Component_Log
43193.9228574884,DeliverablesSetup,Deliverables - Digital,Add Component to Template,Click,ContextMenu,Sonic Log,UIInteraction,ComponentCode=Component_Log
43193.9230674306,DeliverablesSetup,Deliverables - Digital,Add Component to Template,Click,ContextMenu,GR_RES_DeN_RM_Depth,UIInteraction,ComponentCode=Component_Log
43193.9232955903,DeliverablesSetup,Deliverables - Digital,Add Template to Deliverable,Click,ContextMenu,Job,UIInteraction,ComponentName=GR_RES_DeN_RM_Depth;ComponentCode=Component_None
43193.923349537,DeliverablesSetup,Deliverables - Digital,Add Template to Deliverable,Click,ContextMenu,Run 1,UIInteraction,ComponentName=GR_RES_DeN_RM_Depth;ComponentCode=Component_None
43193.9233999769,DeliverablesSetup,Deliverables - Digital,Add Template to Deliverable,Click,ContextMenu,Job,UIInteraction,ComponentName=Drilling Mechanics;ComponentCode=Component_None
43193.9234495023,DeliverablesSetup,Deliverables - Digital,Add Template to Deliverable,Click,ContextMenu,Run 1,UIInteraction,ComponentName=Drilling Mechanics;ComponentCode=Component_None
43193.9235005787,DeliverablesSetup,Deliverables - Digital,Add Template to Deliverable,Click,ContextMenu,Job,UIInteraction,ComponentName=Sonic Log;ComponentCode=Component_None
43193.923550625,DeliverablesSetup,Deliverables - Digital,Add Template to Deliverable,Click,ContextMenu,Run 1,UIInteraction,ComponentName=Sonic Log;ComponentCode=Component_None
43193.9236311227,DeliverablesSetup,Deliverables - Digital,Add Template to Deliverable,Click,ContextMenu,Job,UIInteraction,ComponentName=DLIS Custom;ComponentCode=Component_Template_Dlis
43193.9237050463,DeliverablesSetup,Deliverables - Digital,Add Template to Deliverable,Click,ContextMenu,Run 1,UIInteraction,ComponentName=DLIS Custom;ComponentCode=Component_Template_Dlis
43193.9237804861,DeliverablesSetup,Deliverables - Digital,Add Template to Deliverable,Click,ContextMenu,Job,UIInteraction,ComponentName=DLIS Standard (1);ComponentCode=Component_Template_Dlis
43193.923854456,DeliverablesSetup,Deliverables - Digital,Add Template to Deliverable,Click,ContextMenu,Run 1,UIInteraction,ComponentName=DLIS Standard (1);ComponentCode=Component_Template_Dlis
43193.923929294,DeliverablesSetup,Deliverables - Digital,Add Template to Deliverable,Click,ContextMenu,Run 1,UIInteraction,ComponentName=LAS Custom;ComponentCode=Component_Template_Las
43193.9240039815,DeliverablesSetup,Deliverables - Digital,Add Template to Deliverable,Click,ContextMenu,Run 1,UIInteraction,ComponentName=LAS Standard (1);ComponentCode=Component_Template_Las
43193.9240787037,DeliverablesSetup,Deliverables - Digital,Add Template to Deliverable,Click,ContextMenu,Job,UIInteraction,ComponentName=LAS Custom;ComponentCode=Component_Template_Las
43193.9241533333,DeliverablesSetup,Deliverables - Digital,Add Template to Deliverable,Click,ContextMenu,Job,UIInteraction,ComponentName=LAS Standard (1);ComponentCode=Component_Template_Las
43193.9242288079,DeliverablesSetup,Deliverables - Digital,Add Template to Deliverable,Click,ContextMenu,Run 1,UIInteraction,ComponentName=WITS For Job;ComponentCode=Component_Template_Wits
43193.9243027546,DeliverablesSetup,Deliverables - Digital,Add Template to Deliverable,Click,ContextMenu,Job,UIInteraction,ComponentName=WITS For Job;ComponentCode=Component_Template_Wits
43193.9243782755,DeliverablesSetup,Deliverables - Digital,Add Template to Deliverable,Click,ContextMenu,Job,UIInteraction,ComponentName=WITSML Custom;ComponentCode=Component_Template_Witsml
43193.9244522801,DeliverablesSetup,Deliverables - Digital,Add Template to Deliverable,Click,ContextMenu,Run 1,UIInteraction,ComponentName=WITSML Custom;ComponentCode=Component_Template_Witsml
43193.9245278819,DeliverablesSetup,Deliverables - Digital,Add Template to Deliverable,Click,ContextMenu,Job,UIInteraction,ComponentName=WITSML Standard (1);ComponentCode=Component_Template_Witsml
43193.9246023495,DeliverablesSetup,Deliverables - Digital,Add Template to Deliverable,Click,ContextMenu,Run 1,UIInteraction,ComponentName=WITSML Standard (1);ComponentCode=Component_Template_Witsml
43193.9274357755,DeliverablesSetup,Data Explorer,Change Current Focused Item,,,,UIAutomatic,EntityName=Composites;EntityType=512;EntityGuid=Composite_Root
43193.9274465278,DeliverablesSetup,Data Explorer,Click OK Button,Click,Button,OK,UIInteraction,Selection=Well Composite______
43193.9281602431,DeliverablesSetup,Data Explorer,Change Current Focused Item,,,,UIAutomatic,EntityName=Composites;EntityType=512;EntityGuid=Composite_Root
43193.9281734028,DeliverablesSetup,Data Explorer,Click OK Button,Click,Button,OK,UIInteraction,Selection=Well Composite______
43193.9281736806,DeliverablesSetup,Deliverables - Digital,Change Digital Properties,Click,ComboBox,Data_Assignment,UIInteraction,DeliverableType=LAS;ChangedProperty=Data_Assignment;OldValue={ Not Set };NewValue=Well Composite
43193.9281737037,DeliverablesSetup,Deliverables - Digital,Change Property,Click,TypeConverter,Data_Assignment,UIInteraction,NewValue=Well Composite;OldValue={ Not Set }
43193.9283753588,DeliverablesSetup,Deliverables - Digital,Change Digital Properties,Click,ComboBox,_Top,UIInteraction,DeliverableType=LAS;ChangedProperty=_Top;OldValue=;NewValue=6500.00
43193.9283753704,DeliverablesSetup,Deliverables - Digital,Change Property,Click,StringConverter,_Top,UIInteraction,NewValue=6500.00;OldValue=
43193.9285261921,DeliverablesSetup,Deliverables - Digital,Change Digital Properties,Click,ComboBox,Bottom,UIInteraction,DeliverableType=LAS;ChangedProperty=Bottom;OldValue=;NewValue=7000.00
43193.9285262037,DeliverablesSetup,Deliverables - Digital,Change Property,Click,StringConverter,Bottom,UIInteraction,NewValue=7000.00;OldValue=
43193.9286794097,DeliverablesSetup,Deliverables - Digital,Change Digital Properties,Click,ComboBox,Decimal_Length,UIInteraction,DeliverableType=LAS;ChangedProperty=Decimal_Length;OldValue=5;NewValue=2
43193.9286794213,DeliverablesSetup,Deliverables - Digital,Change Property,Click,DecimalLengthConverter,Decimal_Length,UIInteraction,NewValue=2;OldValue=5
43193.9289815162,DeliverablesSetup,Deliverables - Digital,Change Digital Properties,Click,ComboBox,Interpolation,UIInteraction,DeliverableType=LAS;ChangedProperty=Interpolation;OldValue=No;NewValue=Linear
43193.9289815278,DeliverablesSetup,Deliverables - Digital,Change Property,Click,InterpolationConverter,Interpolation,UIInteraction,NewValue=Linear;OldValue=No
43193.9290009838,DeliverablesSetup,Deliverables - Digital,Format Editor / Add Channels,Click,ToolbarButton,New Channel,UIInteraction,DeliverableType=LAS
43193.929070463,DeliverablesSetup,Data Explorer,Click OK Button,Click,Button,OK,UIInteraction,Selection=GR_GR_IMP_RT_Gamma Ray_IMPulse[1]_60___
43193.9290776273,DeliverablesSetup,Deliverables - Digital,Confirm Format Editor / Select Channels,Click,Button,OK,UIInteraction,DeliverableType=LAS;AddedChannel1=OSDD-GR
43193.9290892014,DeliverablesSetup,Deliverables - Digital,Format Editor / Add Channels,Click,ToolbarButton,New Channel,UIInteraction,DeliverableType=LAS
43193.9291440856,DeliverablesSetup,Data Explorer,Click OK Button,Click,Button,OK,UIInteraction,Selection=P112_P112_Phase R1 from T1 at 2 MHz_ARC[1]_60___
43193.929151412,DeliverablesSetup,Deliverables - Digital,Confirm Format Editor / Select Channels,Click,Button,OK,UIInteraction,DeliverableType=LAS;AddedChannel1=OSDD-P112
43193.9291681019,DeliverablesSetup,Deliverables - Digital,Format Editor / Add Channels,Click,ToolbarButton,New Channel,UIInteraction,DeliverableType=LAS
43193.9292265972,DeliverablesSetup,Data Explorer,Click OK Button,Click,Button,OK,UIInteraction,Selection=P114_P114_Phase R1 from T1 at 400 KHz_ARC[1]_60___
43193.9292342014,DeliverablesSetup,Deliverables - Digital,Confirm Format Editor / Select Channels,Click,Button,OK,UIInteraction,DeliverableType=LAS;AddedChannel1=OSDD-P114
43193.9292464931,DeliverablesSetup,Deliverables - Digital,Format Editor / Add Channels,Click,ToolbarButton,New Channel,UIInteraction,DeliverableType=LAS
43193.9293042245,DeliverablesSetup,Data Explorer,Click OK Button,Click,Button,OK,UIInteraction,Selection=P122_P122_Phase R1 from T2 at 2 MHz_ARC[1]_60___
43193.9293115046,DeliverablesSetup,Deliverables - Digital,Confirm Format Editor / Select Channels,Click,Button,OK,UIInteraction,DeliverableType=LAS;AddedChannel1=OSDD-P122
43193.9293238889,DeliverablesSetup,Deliverables - Digital,Format Editor / Add Channels,Click,ToolbarButton,New Channel,UIInteraction,DeliverableType=LAS
43193.9293784259,DeliverablesSetup,Data Explorer,Click OK Button,Click,Button,OK,UIInteraction,Selection=P124_P124_Phase R1 from T2 at 400 KHz_ARC[1]_60___
43193.9293854514,DeliverablesSetup,Deliverables - Digital,Confirm Format Editor / Select Channels,Click,Button,OK,UIInteraction,DeliverableType=LAS;AddedChannel1=OSDD-P124
43193.9293978241,DeliverablesSetup,Deliverables - Digital,Format Editor / Add Channels,Click,ToolbarButton,New Channel,UIInteraction,DeliverableType=LAS
43193.9294533912,DeliverablesSetup,Data Explorer,Click OK Button,Click,Button,OK,UIInteraction,Selection=P132_P132_Phase R1 from T3 at 2 MHz_ARC[1]_60___
43193.9294608796,DeliverablesSetup,Deliverables - Digital,Confirm Format Editor / Select Channels,Click,Button,OK,UIInteraction,DeliverableType=LAS;AddedChannel1=OSDD-P132
43193.9294775579,DeliverablesSetup,Deliverables - Digital,Format Editor / Add Channels,Click,ToolbarButton,New Channel,UIInteraction,DeliverableType=LAS
43193.9295323958,DeliverablesSetup,Data Explorer,Click OK Button,Click,Button,OK,UIInteraction,Selection=P134_P134_Phase R1 from T3 at 400 KHz_ARC[1]_60___
43193.9295397106,DeliverablesSetup,Deliverables - Digital,Confirm Format Editor / Select Channels,Click,Button,OK,UIInteraction,DeliverableType=LAS;AddedChannel1=OSDD-P134
43193.9295520486,DeliverablesSetup,Deliverables - Digital,Format Editor / Add Channels,Click,ToolbarButton,New Channel,UIInteraction,DeliverableType=LAS
43193.9296112037,DeliverablesSetup,Data Explorer,Click OK Button,Click,Button,OK,UIInteraction,Selection=P142_P142_Phase R1 from T4 at 2 MHz_ARC[1]_60___
43193.9296183218,DeliverablesSetup,Deliverables - Digital,Confirm Format Editor / Select Channels,Click,Button,OK,UIInteraction,DeliverableType=LAS;AddedChannel1=OSDD-P142
43193.9296303704,DeliverablesSetup,Deliverables - Digital,Format Editor / Add Channels,Click,ToolbarButton,New Channel,UIInteraction,DeliverableType=LAS
43193.9296848727,DeliverablesSetup,Data Explorer,Click OK Button,Click,Button,OK,UIInteraction,Selection=P144_P144_Phase R1 from T4 at 400 KHz_ARC[1]_60___
43193.9296923032,DeliverablesSetup,Deliverables - Digital,Confirm Format Editor / Select Channels,Click,Button,OK,UIInteraction,DeliverableType=LAS;AddedChannel1=OSDD-P144
43193.9297048264,DeliverablesSetup,Deliverables - Digital,Format Editor / Add Channels,Click,ToolbarButton,New Channel,UIInteraction,DeliverableType=LAS
43193.9297596528,DeliverablesSetup,Data Explorer,Click OK Button,Click,Button,OK,UIInteraction,Selection=P152_P152_Phase R1 from T5 at 2 MHz_ARC[1]_60___
43193.9297668866,DeliverablesSetup,Deliverables - Digital,Confirm Format Editor / Select Channels,Click,Button,OK,UIInteraction,DeliverableType=LAS;AddedChannel1=OSDD-P152
43193.9297798727,DeliverablesSetup,Deliverables - Digital,Format Editor / Add Channels,Click,ToolbarButton,New Channel,UIInteraction,DeliverableType=LAS
43193.9298342014,DeliverablesSetup,Data Explorer,Click OK Button,Click,Button,OK,UIInteraction,Selection=P154_P154_Phase R1 from T5 at 400 KHz_ARC[1]_60___
43193.9298419329,DeliverablesSetup,Deliverables - Digital,Confirm Format Editor / Select Channels,Click,Button,OK,UIInteraction,DeliverableType=LAS;AddedChannel1=OSDD-P154
43193.9300320255,DeliverablesSetup,Data Explorer,Change Current Focused Item,,,,UIAutomatic,EntityName=Run 1;EntityType=16;EntityGuid=2EF6EB5C-7F0F-4AEA-BDEB-9FDC80C4FC7D
43193.9300442245,DeliverablesSetup,Data Explorer,Click OK Button,Click,Button,OK,UIInteraction,Selection=Drilling____6450.03 (m)_7075.86 (m)_
43193.9300444329,DeliverablesSetup,Deliverables - Digital,Change Digital Properties,Click,ComboBox,Data_Assignment,UIInteraction,DeliverableType=LAS;ChangedProperty=Data_Assignment;OldValue={ Not Set };NewValue=Run 1: Drilling
43193.9300444444,DeliverablesSetup,Deliverables - Digital,Change Property,Click,TypeConverter,Data_Assignment,UIInteraction,NewValue=Run 1: Drilling;OldValue={ Not Set }
43193.9302453704,DeliverablesSetup,Deliverables - Digital,Change Digital Properties,Click,ComboBox,CDDI_Availability,UIInteraction,DeliverableType=LAS;ChangedProperty=CDDI_Availability;OldValue=Customer;NewValue=Producer
43193.9302453819,DeliverablesSetup,Deliverables - Digital,Change Property,Click,CDDIAvailabilityConverter,CDDI_Availability,UIInteraction,NewValue=Producer;OldValue=Customer
43193.9304491088,DeliverablesSetup,Deliverables - Digital,Change Digital Properties,Click,ComboBox,Decimal_Length,UIInteraction,DeliverableType=LAS;ChangedProperty=Decimal_Length;OldValue=5;NewValue=6
43193.9304491204,DeliverablesSetup,Deliverables - Digital,Change Property,Click,DecimalLengthConverter,Decimal_Length,UIInteraction,NewValue=6;OldValue=5
43193.9306518634,DeliverablesSetup,Deliverables - Digital,Change Digital Properties,Click,ComboBox,Depth_Step_Interval,UIInteraction,DeliverableType=LAS;ChangedProperty=Depth_Step_Interval;OldValue=0.1524 m;NewValue=0.05 m
43193.930651875,DeliverablesSetup,Deliverables - Digital,Change Property,Click,DepthStepConverter,Depth_Step_Interval,UIInteraction,NewValue=0.05 m;OldValue=0.1524 m
43193.9308594676,DeliverablesSetup,Deliverables - Digital,Change Digital Properties,Click,ComboBox,Survey_Type,UIInteraction,DeliverableType=LAS;ChangedProperty=Survey_Type;OldValue=None;NewValue=Detail
43193.9308594792,DeliverablesSetup,Deliverables - Digital,Change Property,Click,SurveyTypeConverter,Survey_Type,UIInteraction,NewValue=Detail;OldValue=None
43193.9310103125,DeliverablesSetup,Deliverables - Digital,Change Property,Click,SurveyTypeConverter,Survey_Type,UIInteraction,NewValue=None;OldValue=Detail
43193.9310103009,DeliverablesSetup,Deliverables - Digital,Change Digital Properties,Click,ComboBox,Survey_Type,UIInteraction,DeliverableType=LAS;ChangedProperty=Survey_Type;OldValue=Detail;NewValue=None
43193.9311984028,DeliverablesSetup,Data Explorer,Change Current Focused Item,,,,UIAutomatic,EntityName=Composites;EntityType=512;EntityGuid=Composite_Root
43193.9312115046,DeliverablesSetup,Data Explorer,Click OK Button,Click,Button,OK,UIInteraction,Selection=Well Composite______
43193.9312117708,DeliverablesSetup,Deliverables - Digital,Change Digital Properties,Click,ComboBox,Data_Assignment,UIInteraction,DeliverableType=DLIS;ChangedProperty=Data_Assignment;OldValue={ Not Set };NewValue=Well Composite
43193.9312117824,DeliverablesSetup,Deliverables - Digital,Change Property,Click,TypeConverter,Data_Assignment,UIInteraction,NewValue=Well Composite;OldValue={ Not Set }
43193.9314169676,DeliverablesSetup,Deliverables - Digital,Change Digital Properties,Click,ComboBox,CDDI_Availability,UIInteraction,DeliverableType=DLIS;ChangedProperty=CDDI_Availability;OldValue=Customer;NewValue=Producer
43193.9314169676,DeliverablesSetup,Deliverables - Digital,Change Property,Click,CDDIAvailabilityConverter,CDDI_Availability,UIInteraction,NewValue=Producer;OldValue=Customer
43193.9314365625,DeliverablesSetup,Deliverables - Digital,Format Editor / Add Channels,Click,ToolbarButton,New Channel,UIInteraction,DeliverableType=DLIS
43193.9315046412,DeliverablesSetup,Data Explorer,Click OK Button,Click,Button,OK,UIInteraction,Selection=GR_GR_IMP_RT_Gamma Ray_IMPulse[1]_60___
43193.9315118981,DeliverablesSetup,Deliverables - Digital,Confirm Format Editor / Select Channels,Click,Button,OK,UIInteraction,DeliverableType=DLIS;AddedChannel1=OSDD-GR
43193.9315242593,DeliverablesSetup,Deliverables - Digital,Format Editor / Add Channels,Click,ToolbarButton,New Channel,UIInteraction,DeliverableType=DLIS
43193.9315748495,DeliverablesSetup,Data Explorer,Click OK Button,Click,Button,OK,UIInteraction,Selection=A112_A112_Amplitude R1 from T1 at 2 MHz_ARC[1]_60___
43193.9315823611,DeliverablesSetup,Deliverables - Digital,Confirm Format Editor / Select Channels,Click,Button,OK,UIInteraction,DeliverableType=DLIS;AddedChannel1=OSDD-A112
43193.9315995139,DeliverablesSetup,Deliverables - Digital,Format Editor / Add Channels,Click,ToolbarButton,New Channel,UIInteraction,DeliverableType=DLIS
43193.9316552315,DeliverablesSetup,Data Explorer,Click OK Button,Click,Button,OK,UIInteraction,Selection=A114_A114_Amplitude R1 from T1 at 400 KHz_ARC[1]_60___
43193.9316626157,DeliverablesSetup,Deliverables - Digital,Confirm Format Editor / Select Channels,Click,Button,OK,UIInteraction,DeliverableType=DLIS;AddedChannel1=OSDD-A114
43193.9316753125,DeliverablesSetup,Deliverables - Digital,Format Editor / Add Channels,Click,ToolbarButton,New Channel,UIInteraction,DeliverableType=DLIS
43193.9317285069,DeliverablesSetup,Data Explorer,Click OK Button,Click,Button,OK,UIInteraction,Selection=A122_A122_Amplitude R1 from T2 at 2 MHz_ARC[1]_60___
43193.9317362616,DeliverablesSetup,Deliverables - Digital,Confirm Format Editor / Select Channels,Click,Button,OK,UIInteraction,DeliverableType=DLIS;AddedChannel1=OSDD-A122
43193.9317488426,DeliverablesSetup,Deliverables - Digital,Format Editor / Add Channels,Click,ToolbarButton,New Channel,UIInteraction,DeliverableType=DLIS
43193.9318002431,DeliverablesSetup,Data Explorer,Click OK Button,Click,Button,OK,UIInteraction,Selection=A124_A124_Amplitude R1 from T2 at 400 KHz_ARC[1]_60___
43193.9318077083,DeliverablesSetup,Deliverables - Digital,Confirm Format Editor / Select Channels,Click,Button,OK,UIInteraction,DeliverableType=DLIS;AddedChannel1=OSDD-A124
43193.9318200926,DeliverablesSetup,Deliverables - Digital,Format Editor / Add Channels,Click,ToolbarButton,New Channel,UIInteraction,DeliverableType=DLIS
43193.9318789931,DeliverablesSetup,Deliverables - Digital,Confirm Format Editor / Select Channels,Click,Button,OK,UIInteraction,DeliverableType=DLIS;AddedChannel1=OSDD-A132
43193.9318714468,DeliverablesSetup,Data Explorer,Click OK Button,Click,Button,OK,UIInteraction,Selection=A132_A132_Amplitude R1 from T3 at 2 MHz_ARC[1]_60___
43193.9318912384,DeliverablesSetup,Deliverables - Digital,Format Editor / Add Channels,Click,ToolbarButton,New Channel,UIInteraction,DeliverableType=DLIS
43193.9319495486,DeliverablesSetup,Deliverables - Digital,Confirm Format Editor / Select Channels,Click,Button,OK,UIInteraction,DeliverableType=DLIS;AddedChannel1=OSDD-A134
43193.9319418403,DeliverablesSetup,Data Explorer,Click OK Button,Click,Button,OK,UIInteraction,Selection=A134_A134_Amplitude R1 from T3 at 400 KHz_ARC[1]_60___
43193.9319665162,DeliverablesSetup,Deliverables - Digital,Format Editor / Add Channels,Click,ToolbarButton,New Channel,UIInteraction,DeliverableType=DLIS
43193.9320177083,DeliverablesSetup,Data Explorer,Click OK Button,Click,Button,OK,UIInteraction,Selection=A142_A142_Amplitude R1 from T4 at 2 MHz_ARC[1]_60___
43193.9320252662,DeliverablesSetup,Deliverables - Digital,Confirm Format Editor / Select Channels,Click,Button,OK,UIInteraction,DeliverableType=DLIS;AddedChannel1=OSDD-A142
43193.932038125,DeliverablesSetup,Deliverables - Digital,Format Editor / Add Channels,Click,ToolbarButton,New Channel,UIInteraction,DeliverableType=DLIS
43193.9320997917,DeliverablesSetup,Deliverables - Digital,Confirm Format Editor / Select Channels,Click,Button,OK,UIInteraction,DeliverableType=DLIS;AddedChannel1=OSDD-A144
43193.9320915741,DeliverablesSetup,Data Explorer,Click OK Button,Click,Button,OK,UIInteraction,Selection=A144_A144_Amplitude R1 from T4 at 400 KHz_ARC[1]_60___
43193.9321121181,DeliverablesSetup,Deliverables - Digital,Format Editor / Add Channels,Click,ToolbarButton,New Channel,UIInteraction,DeliverableType=DLIS
43193.9321652315,DeliverablesSetup,Data Explorer,Click OK Button,Click,Button,OK,UIInteraction,Selection=A152_A152_Amplitude R1 from T5 at 2 MHz_ARC[1]_60___
43193.9321725347,DeliverablesSetup,Deliverables - Digital,Confirm Format Editor / Select Channels,Click,Button,OK,UIInteraction,DeliverableType=DLIS;AddedChannel1=OSDD-A152
43193.9321852431,DeliverablesSetup,Deliverables - Digital,Format Editor / Add Channels,Click,ToolbarButton,New Channel,UIInteraction,DeliverableType=DLIS
43193.9322355787,DeliverablesSetup,Data Explorer,Click OK Button,Click,Button,OK,UIInteraction,Selection=A154_A154_Amplitude R1 from T5 at 400 KHz_ARC[1]_60___
43193.9322432755,DeliverablesSetup,Deliverables - Digital,Confirm Format Editor / Select Channels,Click,Button,OK,UIInteraction,DeliverableType=DLIS;AddedChannel1=OSDD-A154
43193.9322555093,DeliverablesSetup,Deliverables - Digital,Format Editor / Add Channels,Click,ToolbarButton,New Channel,UIInteraction,DeliverableType=DLIS
43193.9323065162,DeliverablesSetup,Data Explorer,Click OK Button,Click,Button,OK,UIInteraction,Selection=A212_A212_Amplitude R2 from T1 at 2 MHz_ARC[1]_60___
43193.932314213,DeliverablesSetup,Deliverables - Digital,Confirm Format Editor / Select Channels,Click,Button,OK,UIInteraction,DeliverableType=DLIS;AddedChannel1=OSDD-A212
43193.9323273264,DeliverablesSetup,Deliverables - Digital,Format Editor / Add Channels,Click,ToolbarButton,New Channel,UIInteraction,DeliverableType=DLIS
43193.9323790509,DeliverablesSetup,Data Explorer,Click OK Button,Click,Button,OK,UIInteraction,Selection=A214_A214_Amplitude R2 from T1 at 400 KHz_ARC[1]_60___
43193.9323865625,DeliverablesSetup,Deliverables - Digital,Confirm Format Editor / Select Channels,Click,Button,OK,UIInteraction,DeliverableType=DLIS;AddedChannel1=OSDD-A214
43193.9324028125,DeliverablesSetup,Deliverables - Digital,Format Editor / Add Channels,Click,ToolbarButton,New Channel,UIInteraction,DeliverableType=DLIS
43193.9324540972,DeliverablesSetup,Data Explorer,Click OK Button,Click,Button,OK,UIInteraction,Selection=A222_A222_Amplitude R2 from T2 at 2 MHz_ARC[1]_60___
43193.9324618519,DeliverablesSetup,Deliverables - Digital,Confirm Format Editor / Select Channels,Click,Button,OK,UIInteraction,DeliverableType=DLIS;AddedChannel1=OSDD-A222
43193.9324748495,DeliverablesSetup,Deliverables - Digital,Format Editor / Add Channels,Click,ToolbarButton,New Channel,UIInteraction,DeliverableType=DLIS
43193.9325278125,DeliverablesSetup,Data Explorer,Click OK Button,Click,Button,OK,UIInteraction,Selection=A224_A224_Amplitude R2 from T2 at 400 KHz_ARC[1]_60___
43193.9325362037,DeliverablesSetup,Deliverables - Digital,Confirm Format Editor / Select Channels,Click,Button,OK,UIInteraction,DeliverableType=DLIS;AddedChannel1=OSDD-A224
43193.9325489815,DeliverablesSetup,Deliverables - Digital,Format Editor / Add Channels,Click,ToolbarButton,New Channel,UIInteraction,DeliverableType=DLIS
43193.9326023727,DeliverablesSetup,Data Explorer,Click OK Button,Click,Button,OK,UIInteraction,Selection=A232_A232_Amplitude R2 from T3 at 2 MHz_ARC[1]_60___
43193.9326103588,DeliverablesSetup,Deliverables - Digital,Confirm Format Editor / Select Channels,Click,Button,OK,UIInteraction,DeliverableType=DLIS;AddedChannel1=OSDD-A232
43193.9326236227,DeliverablesSetup,Deliverables - Digital,Format Editor / Add Channels,Click,ToolbarButton,New Channel,UIInteraction,DeliverableType=DLIS
43193.9326746412,DeliverablesSetup,Data Explorer,Click OK Button,Click,Button,OK,UIInteraction,Selection=A234_A234_Amplitude R2 from T3 at 400 KHz_ARC[1]_60___
43193.9326829051,DeliverablesSetup,Deliverables - Digital,Confirm Format Editor / Select Channels,Click,Button,OK,UIInteraction,DeliverableType=DLIS;AddedChannel1=OSDD-A234
43193.9326959838,DeliverablesSetup,Deliverables - Digital,Format Editor / Add Channels,Click,ToolbarButton,New Channel,UIInteraction,DeliverableType=DLIS
43193.9327478357,DeliverablesSetup,Data Explorer,Click OK Button,Click,Button,OK,UIInteraction,Selection=A242_A242_Amplitude R2 from T4 at 2 MHz_ARC[1]_60___
43193.9327563426,DeliverablesSetup,Deliverables - Digital,Confirm Format Editor / Select Channels,Click,Button,OK,UIInteraction,DeliverableType=DLIS;AddedChannel1=OSDD-A242
43193.9327693634,DeliverablesSetup,Deliverables - Digital,Format Editor / Add Channels,Click,ToolbarButton,New Channel,UIInteraction,DeliverableType=DLIS
43193.9328212847,DeliverablesSetup,Data Explorer,Click OK Button,Click,Button,OK,UIInteraction,Selection=A244_A244_Amplitude R2 from T4 at 400 KHz_ARC[1]_60___
43193.9328298148,DeliverablesSetup,Deliverables - Digital,Confirm Format Editor / Select Channels,Click,Button,OK,UIInteraction,DeliverableType=DLIS;AddedChannel1=OSDD-A244
43193.9328468287,DeliverablesSetup,Deliverables - Digital,Format Editor / Add Channels,Click,ToolbarButton,New Channel,UIInteraction,DeliverableType=DLIS
43193.9329027315,DeliverablesSetup,Data Explorer,Click OK Button,Click,Button,OK,UIInteraction,Selection=A252_A252_Amplitude R2 from T5 at 2 MHz_ARC[1]_60___
43193.9329111343,DeliverablesSetup,Deliverables - Digital,Confirm Format Editor / Select Channels,Click,Button,OK,UIInteraction,DeliverableType=DLIS;AddedChannel1=OSDD-A252
43193.9329240625,DeliverablesSetup,Deliverables - Digital,Format Editor / Add Channels,Click,ToolbarButton,New Channel,UIInteraction,DeliverableType=DLIS
43193.9329769329,DeliverablesSetup,Data Explorer,Click OK Button,Click,Button,OK,UIInteraction,Selection=A254_A254_Amplitude R2 from T5 at 400 KHz_ARC[1]_60___
43193.9329853472,DeliverablesSetup,Deliverables - Digital,Confirm Format Editor / Select Channels,Click,Button,OK,UIInteraction,DeliverableType=DLIS;AddedChannel1=OSDD-A254
43193.9331748727,DeliverablesSetup,Data Explorer,Change Current Focused Item,,,,UIAutomatic,EntityName=Run 1;EntityType=16;EntityGuid=2EF6EB5C-7F0F-4AEA-BDEB-9FDC80C4FC7D
43193.9331875463,DeliverablesSetup,Data Explorer,Click OK Button,Click,Button,OK,UIInteraction,Selection=Drilling____6450.03 (m)_7075.86 (m)_
43193.9331877431,DeliverablesSetup,Deliverables - Digital,Change Digital Properties,Click,ComboBox,Data_Assignment,UIInteraction,DeliverableType=DLIS;ChangedProperty=Data_Assignment;OldValue={ Not Set };NewValue=Run 1: Drilling
43193.9331877546,DeliverablesSetup,Deliverables - Digital,Change Property,Click,TypeConverter,Data_Assignment,UIInteraction,NewValue=Run 1: Drilling;OldValue={ Not Set }
43193.9333899653,DeliverablesSetup,Deliverables - Digital,Change Digital Properties,Click,ComboBox,CDDI_Availability,UIInteraction,DeliverableType=DLIS;ChangedProperty=CDDI_Availability;OldValue=Customer;NewValue=Producer
43193.9333899769,DeliverablesSetup,Deliverables - Digital,Change Property,Click,CDDIAvailabilityConverter,CDDI_Availability,UIInteraction,NewValue=Producer;OldValue=Customer
43193.9335829977,DeliverablesSetup,Deliverables - Digital,Change Property,Click,ChannelPropertyConverter,Channel_Property,UIInteraction,NewValue=RT&RM;OldValue=RT&RM
43193.9335829861,DeliverablesSetup,Deliverables - Digital,Change Digital Properties,Click,ComboBox,Channel_Property,UIInteraction,DeliverableType=DLIS;ChangedProperty=Channel_Property;OldValue=RT&RM;NewValue=RT&RM
43193.9338175926,DeliverablesSetup,Data Explorer,Change Current Focused Item,,,,UIAutomatic,EntityName=Run 1;EntityType=16;EntityGuid=2EF6EB5C-7F0F-4AEA-BDEB-9FDC80C4FC7D
43193.9338401852,DeliverablesSetup,Data Explorer,Click OK Button,Click,Button,OK,UIInteraction,Selection=Drilling____6450.03 (m)_7075.86 (m)_
43193.9338404051,DeliverablesSetup,Deliverables - Digital,Change Digital Properties,Click,ComboBox,Data_Assignment,UIInteraction,DeliverableType=WITS;ChangedProperty=Data_Assignment;OldValue={ Not Set };NewValue=Run 1: Drilling
43193.9338404167,DeliverablesSetup,Deliverables - Digital,Change Property,Click,TypeConverter,Data_Assignment,UIInteraction,NewValue=Run 1: Drilling;OldValue={ Not Set }
43193.9340759954,DeliverablesSetup,Data Explorer,Change Current Focused Item,,,,UIAutomatic,EntityName=Composites;EntityType=512;EntityGuid=Composite_Root
43193.934091875,DeliverablesSetup,Data Explorer,Click OK Button,Click,Button,OK,UIInteraction,Selection=Well Composite______
43193.9340921065,DeliverablesSetup,Deliverables - Digital,Change Digital Properties,Click,ComboBox,Data_Assignment,UIInteraction,DeliverableType=WITSML;ChangedProperty=Data_Assignment;OldValue={ Not Set };NewValue=Well Composite
43193.9340922106,DeliverablesSetup,Deliverables - Digital,Change Property,Click,TypeConverter,Data_Assignment,UIInteraction,NewValue=Well Composite;OldValue={ Not Set }
43193.9342928125,DeliverablesSetup,Deliverables - Digital,Change Digital Properties,Click,ComboBox,Include_BHA,UIInteraction,DeliverableType=WITSML;ChangedProperty=Include_BHA;OldValue=No;NewValue=Yes
43193.9342928241,DeliverablesSetup,Deliverables - Digital,Change Property,Click,BooleanComboBoxConverter,Include_BHA,UIInteraction,NewValue=Yes;OldValue=No
43193.9343114468,DeliverablesSetup,Deliverables - Digital,Format Editor / Add Channels,Click,ToolbarButton,Add Channels...,UIInteraction,DeliverableType=WITSML
43193.9343588773,DeliverablesSetup,Data Explorer,Click OK Button,Click,Button,OK,UIInteraction,Selection=AZIM_AZIM_Measured Azimuth_DnMWorkflow_60___
43193.9343658333,DeliverablesSetup,Deliverables - Digital,Confirm Format Editor / Select Channels,Click,Button,OK,UIInteraction,DeliverableType=WITSML;AddedChannel1=OSDD-AZIM
43193.9343774653,DeliverablesSetup,Deliverables - Digital,Format Editor / Add Channels,Click,ToolbarButton,Add Channels...,UIInteraction,DeliverableType=WITSML
43193.9344249306,DeliverablesSetup,Data Explorer,Click OK Button,Click,Button,OK,UIInteraction,Selection=BHD_BHD_Borehole Depth_DRILLING_SURFACE_60___
43193.9344325694,DeliverablesSetup,Deliverables - Digital,Confirm Format Editor / Select Channels,Click,Button,OK,UIInteraction,DeliverableType=WITSML;AddedChannel1=OSDD-BHD
43193.9344452778,DeliverablesSetup,Deliverables - Digital,Format Editor / Add Channels,Click,ToolbarButton,Add Channels...,UIInteraction,DeliverableType=WITSML
43193.9344931019,DeliverablesSetup,Data Explorer,Click OK Button,Click,Button,OK,UIInteraction,Selection=BHPR_BHPR_Borehole Pressure_Borehole_60___
43193.9345006713,DeliverablesSetup,Deliverables - Digital,Confirm Format Editor / Select Channels,Click,Button,OK,UIInteraction,DeliverableType=WITSML;AddedChannel1=OSDD-BHPR
43193.9345127662,DeliverablesSetup,Deliverables - Digital,Format Editor / Add Channels,Click,ToolbarButton,Add Channels...,UIInteraction,DeliverableType=WITSML
43193.9345601968,DeliverablesSetup,Data Explorer,Click OK Button,Click,Button,OK,UIInteraction,Selection=BLKP_BPOS_Height of block above rig floor_DRILLING_SURFACE_60___
43193.9345678009,DeliverablesSetup,Deliverables - Digital,Confirm Format Editor / Select Channels,Click,Button,OK,UIInteraction,DeliverableType=WITSML;AddedChannel1=OSDD-BLKP
43193.9345798611,DeliverablesSetup,Deliverables - Digital,Format Editor / Add Channels,Click,ToolbarButton,Add Channels...,UIInteraction,DeliverableType=WITSML
43193.9346273727,DeliverablesSetup,Data Explorer,Click OK Button,Click,Button,OK,UIInteraction,Selection=DPHB_DPHB_RT_Density Porosity from ROBB_ADN[1]_60___
43193.9346351157,DeliverablesSetup,Deliverables - Digital,Confirm Format Editor / Select Channels,Click,Button,OK,UIInteraction,DeliverableType=WITSML;AddedChannel1=OSDD-DPHB
43193.9346499074,DeliverablesSetup,Deliverables - Digital,Format Editor / Add Channels,Click,ToolbarButton,Add Channels...,UIInteraction,DeliverableType=WITSML
43193.9347134259,DeliverablesSetup,Data Explorer,Click OK Button,Click,Button,OK,UIInteraction,Selection=GR_GR_IMP_RT_Gamma Ray_IMPulse[1]_60___
43193.9347212269,DeliverablesSetup,Deliverables - Digital,Confirm Format Editor / Select Channels,Click,Button,OK,UIInteraction,DeliverableType=WITSML;AddedChannel1=OSDD-GR
43193.9349134375,DeliverablesSetup,Data Explorer,Change Current Focused Item,,,,UIAutomatic,EntityName=Run 1;EntityType=16;EntityGuid=2EF6EB5C-7F0F-4AEA-BDEB-9FDC80C4FC7D
43193.9349318056,DeliverablesSetup,Data Explorer,Click OK Button,Click,Button,OK,UIInteraction,Selection=TimeLogicalAcq____21:01:23 02-Oct-2010_18:38:04 06-Oct-2010_
43193.9349320023,DeliverablesSetup,Deliverables - Digital,Change Digital Properties,Click,ComboBox,Data_Assignment,UIInteraction,DeliverableType=WITSML;ChangedProperty=Data_Assignment;OldValue={ Not Set };NewValue=Run 1: TimeLogicalAcq
43193.9349320139,DeliverablesSetup,Deliverables - Digital,Change Property,Click,TypeConverter,Data_Assignment,UIInteraction,NewValue=Run 1: TimeLogicalAcq;OldValue={ Not Set }
43193.9351339583,DeliverablesSetup,Deliverables - Digital,Change Digital Properties,Click,ComboBox,Include_BHA,UIInteraction,DeliverableType=WITSML;ChangedProperty=Include_BHA;OldValue=No;NewValue=Yes
43193.9351339699,DeliverablesSetup,Deliverables - Digital,Change Property,Click,BooleanComboBoxConverter,Include_BHA,UIInteraction,NewValue=Yes;OldValue=No
43193.9352918634,DeliverablesSetup,Deliverables - Digital,Change Digital Properties,Click,ComboBox,Time_Step_Interval,UIInteraction,DeliverableType=WITSML;ChangedProperty=Time_Step_Interval;OldValue=3 sec;NewValue=60 sec
43193.935291875,DeliverablesSetup,Deliverables - Digital,Change Property,Click,TimeStepConverter,Time_Step_Interval,UIInteraction,NewValue=60 sec;OldValue=3 sec
43193.9353112384,DeliverablesSetup,UI Framework,Switch View,Click,ToolbarButton,Deliverables Display View,UIInteraction,
43193.9356747338,DeliverablesSetup,Deliverables - Graphical,View Graphical Component,Click,ContextMenu,View,UIInteraction,ComponentName=Log ( ARC + VDN Detail );TemplateName=GR_RES_DeN_RM_Depth;DelivTemplateGuid=C6ED21F0-B72D-4F98-A7E0-DB91710A15C9
43193.9361384722,DeliverablesSetup,Deliverables - Digital,Create Publish Digital Deliverable,Click,ContextMenu,Create/Publish,UIInteraction,ComponentName=LAS Custom;ComponentCode=Component_Template_Las;DelivTemplateGuid=11B0E428-1A70-470A-9A8F-8A22BCC66F0C;DelivTemplatePropertyData=<gp:GraphicalFormat xmlns:gp="urn:horizon:GraphicalProductCatalogSchema"><gp:Name>Template</gp:Name><gp:Component_Code>Component_Template_Las</gp:Component_Code><gp:Component_Format_Ref></gp:Component_Format_Ref><gp:Properties><gp:Property><gp:Key>Type</gp:Key><gp:Value>Las</gp:Value></gp:Property><gp:Property><gp:Key>CDDI_Availability</gp:Key><gp:Value>Custom</gp:Value></gp:Property><gp:Property><gp:Key>Data_Assignment</gp:Key><gp:Value>FABE102E-DD25-4F0C-B34A-5DCD04A29F2F</gp:Value></gp:Property><gp:Property><gp:Key>File_Destination</gp:Key><gp:Value>C:\Schlumberger Horizon Data\10MSA0091\Deliverable\Digital\LAS\</gp:Value></gp:Property><gp:Property><gp:Key>File_Name</gp:Key><gp:Value>LAS_Custom.las</gp:Value></gp:Property><gp:Property><gp:Key>Index_Direction</gp:Key><gp:Value>UP</gp:Value></gp:Property><gp:Property><gp:Key>Index</gp:Key><gp:Value>Depth</gp:Value></gp:Property><gp:Property><gp:Key>Publish</gp:Key><gp:Value>No</gp:Value></gp:Property><gp:Property><gp:Key>Publisher</gp:Key><gp:Value /></gp:Property><gp:Property><gp:Key>Update_In_Real_Time</gp:Key><gp:Value>No</gp:Value></gp:Property><gp:Property><gp:Key>Survey_Type</gp:Key><gp:Value>None</gp:Value></gp:Property><gp:Property><gp:Key>_Top</gp:Key><gp:Value>6500</gp:Value></gp:Property><gp:Property><gp:Key>Bottom</gp:Key><gp:Value>7000</gp:Value></gp:Property><gp:Property><gp:Key>Start</gp:Key><gp:Value></gp:Value></gp:Property><gp:Property><gp:Key>Stop</gp:Key><gp:Value></gp:Value></gp:Property><gp:Property><gp:Key>Survey_Start</gp:Key><gp:Value></gp:Value></gp:Property><gp:Property><gp:Key>Survey_Stop</gp:Key><gp:Value></gp:Value></gp:Property><gp:Property><gp:Key>Depth_Step_Interval</gp:Key><gp:Value>0.15 m</gp:Value></gp:Property><gp:Property><gp:Key>Time_Step_Interval</gp:Key><gp:Value>10 sec</gp:Value></gp:Property><gp:Property><gp:Key>Unit_System</gp:Key><gp:Value>PEMEX10MSA009109MAR14</gp:Value></gp:Property><gp:Property><gp:Key>Output_Type</gp:Key><gp:Value>LAS Version 2.0</gp:Value></gp:Property><gp:Property><gp:Key>Index_Format</gp:Key><gp:Value>10.4</gp:Value></gp:Property><gp:Property><gp:Key>Style</gp:Key><gp:Value>SPACE</gp:Value></gp:Property><gp:Property><gp:Key>Wrap_Lines</gp:Key><gp:Value>No</gp:Value></gp:Property><gp:Property><gp:Key>Extra_Channel_Info</gp:Key><gp:Value>Yes</gp:Value></gp:Property><gp:Property><gp:Key>Interpolation</gp:Key><gp:Value>Linear</gp:Value></gp:Property><gp:Property><gp:Key>Null_Value</gp:Key><gp:Value>-999.25</gp:Value></gp:Property><gp:Property><gp:Key>Decimal_Length</gp:Key><gp:Value>2</gp:Value></gp:Property><gp:Property><gp:Key>Channel_Decimal_Length</gp:Key><gp:Value>Same As Decimal_Length</gp:Value></gp:Property><gp:Property><gp:Key>Index_Decimal_Length</gp:Key><gp:Value>Same As Decimal_Length</gp:Value></gp:Property><gp:PropertiesSnippetVersion>1.1</gp:PropertiesSnippetVersion></gp:Properties></gp:GraphicalFormat>
43193.9362435069,DeliverablesSetup,UI Framework,Switch View,Click,ToolbarButton,Deliverables Setup View,UIInteraction,
43193.9364859375,DeliverablesSetup,Data Explorer,Change Current Focused Item,,,,UIAutomatic,EntityName=Run 1;EntityType=16;EntityGuid=2EF6EB5C-7F0F-4AEA-BDEB-9FDC80C4FC7D
43193.9364981597,DeliverablesSetup,Data Explorer,Click OK Button,Click,Button,OK,UIInteraction,Selection=Drilling____6450.03 (m)_7075.86 (m)_
43193.9364983565,DeliverablesSetup,Deliverables - Digital,Change Digital Properties,Click,ComboBox,Data_Assignment,UIInteraction,DeliverableType=LAS;ChangedProperty=Data_Assignment;OldValue={ Not Set };NewValue=Run 1: Drilling
43193.9364983681,DeliverablesSetup,Deliverables - Digital,Change Property,Click,TypeConverter,Data_Assignment,UIInteraction,NewValue=Run 1: Drilling;OldValue={ Not Set }
43193.9365642593,DeliverablesSetup,UI Framework,Switch View,Click,ToolbarButton,Deliverables Display View,UIInteraction,
43193.9366751157,DeliverablesSetup,Deliverables - Digital,Create Publish Digital Deliverable,Click,ContextMenu,Create/Publish,UIInteraction,ComponentName=Run 1  Drilling [1];ComponentCode=Component_Template_Las;DelivTemplateGuid=C326EE6D-EEC0-4BDA-81E7-B2B16C0D3FFC;DelivTemplatePropertyData=<gp:GraphicalFormat xmlns:gp="urn:horizon:GraphicalProductCatalogSchema"><gp:Name>Template</gp:Name><gp:Component_Code>Component_Template_Las</gp:Component_Code><gp:Component_Format_Ref></gp:Component_Format_Ref><gp:Properties><gp:Property><gp:Key>Type</gp:Key><gp:Value>Las</gp:Value></gp:Property><gp:Property><gp:Key>CDDI_Availability</gp:Key><gp:Value>Producer</gp:Value></gp:Property><gp:Property><gp:Key>Data_Assignment</gp:Key><gp:Value>ED95E497-2F53-4D65-B8CC-56D9D392C254</gp:Value></gp:Property><gp:Property><gp:Key>File_Destination</gp:Key><gp:Value>C:\Schlumberger Horizon Data\10MSA0091\Deliverable\Digital\LAS\</gp:Value></gp:Property><gp:Property><gp:Key>File_Name</gp:Key><gp:Value>Run_1__Drilling_1_.las</gp:Value></gp:Property><gp:Property><gp:Key>Index_Direction</gp:Key><gp:Value>UP</gp:Value></gp:Property><gp:Property><gp:Key>Index</gp:Key><gp:Value>Depth</gp:Value></gp:Property><gp:Property><gp:Key>Publish</gp:Key><gp:Value>No</gp:Value></gp:Property><gp:Property><gp:Key>Publisher</gp:Key><gp:Value /></gp:Property><gp:Property><gp:Key>Update_In_Real_Time</gp:Key><gp:Value>No</gp:Value></gp:Property><gp:Property><gp:Key>Survey_Type</gp:Key><gp:Value>None</gp:Value></gp:Property><gp:Property><gp:Key>_Top</gp:Key><gp:Value></gp:Value></gp:Property><gp:Property><gp:Key>Bottom</gp:Key><gp:Value></gp:Value></gp:Property><gp:Property><gp:Key>Start</gp:Key><gp:Value></gp:Value></gp:Property><gp:Property><gp:Key>Stop</gp:Key><gp:Value></gp:Value></gp:Property><gp:Property><gp:Key>Survey_Start</gp:Key><gp:Value></gp:Value></gp:Property><gp:Property><gp:Key>Survey_Stop</gp:Key><gp:Value></gp:Value></gp:Property><gp:Property><gp:Key>Depth_Step_Interval</gp:Key><gp:Value>0.05 m</gp:Value></gp:Property><gp:Property><gp:Key>Time_Step_Interval</gp:Key><gp:Value>10 sec</gp:Value></gp:Property><gp:Property><gp:Key>Unit_System</gp:Key><gp:Value>PEMEX10MSA009109MAR14</gp:Value></gp:Property><gp:Property><gp:Key>Output_Type</gp:Key><gp:Value>LAS Version 2.0</gp:Value></gp:Property><gp:Property><gp:Key>Index_Format</gp:Key><gp:Value>10.4</gp:Value></gp:Property><gp:Property><gp:Key>Style</gp:Key><gp:Value>SPACE</gp:Value></gp:Property><gp:Property><gp:Key>Wrap_Lines</gp:Key><gp:Value>No</gp:Value></gp:Property><gp:Property><gp:Key>Extra_Channel_Info</gp:Key><gp:Value>Yes</gp:Value></gp:Property><gp:Property><gp:Key>Interpolation</gp:Key><gp:Value>No</gp:Value></gp:Property><gp:Property><gp:Key>Null_Value</gp:Key><gp:Value>-999.25</gp:Value></gp:Property><gp:Property><gp:Key>Decimal_Length</gp:Key><gp:Value>6</gp:Value></gp:Property><gp:Property><gp:Key>Channel_Decimal_Length</gp:Key><gp:Value>Same As Decimal_Length</gp:Value></gp:Property><gp:Property><gp:Key>Index_Decimal_Length</gp:Key><gp:Value>Same As Decimal_Length</gp:Value></gp:Property><gp:PropertiesSnippetVersion>1.1</gp:PropertiesSnippetVersion></gp:Properties></gp:GraphicalFormat>
43193.9377565972,DeliverablesSetup,Deliverables - Digital,Create Publish Digital Deliverable,Click,ContextMenu,Create/Publish,UIInteraction,ComponentName=DLIS Custom;ComponentCode=Component_Template_Dlis;DelivTemplateGuid=87AB0660-DD36-45C4-BD9E-CDDC879C12E6;DelivTemplatePropertyData=<gp:GraphicalFormat xmlns:gp="urn:horizon:GraphicalProductCatalogSchema"><gp:Name>Template</gp:Name><gp:Component_Code>Component_Template_Dlis</gp:Component_Code><gp:Component_Format_Ref></gp:Component_Format_Ref><gp:Properties><gp:Property><gp:Key>Type</gp:Key><gp:Value>Dlis</gp:Value></gp:Property><gp:Property><gp:Key>DataAssignment_Type</gp:Key><gp:Value>Single Pass</gp:Value></gp:Property><gp:Property><gp:Key>CDDI_Availability</gp:Key><gp:Value>Producer</gp:Value></gp:Property><gp:Property><gp:Key>Data_Assignment</gp:Key><gp:Value>FABE102E-DD25-4F0C-B34A-5DCD04A29F2F</gp:Value></gp:Property><gp:Property><gp:Key>Proxy_Data_Assignment</gp:Key><gp:Value /></gp:Property><gp:Property><gp:Key>File_Destination</gp:Key><gp:Value>C:\Schlumberger Horizon Data\10MSA0091\Deliverable\Digital\DLIS\</gp:Value></gp:Property><gp:Property><gp:Key>File_Name</gp:Key><gp:Value>ConPr_Well_Composite_DLIS_Custom_Custom.dlis</gp:Value></gp:Property><gp:Property><gp:Key>Index</gp:Key><gp:Value>Depth</gp:Value></gp:Property><gp:Property><gp:Key>Publish</gp:Key><gp:Value>No</gp:Value></gp:Property><gp:Property><gp:Key>Publisher</gp:Key><gp:Value /></gp:Property><gp:Property><gp:Key>LoadToRTDB</gp:Key><gp:Value>No</gp:Value></gp:Property><gp:Property><gp:Key>Update_In_Real_Time</gp:Key><gp:Value>No</gp:Value></gp:Property><gp:Property><gp:Key>_Top</gp:Key><gp:Value></gp:Value></gp:Property><gp:Property><gp:Key>Bottom</gp:Key><gp:Value></gp:Value></gp:Property><gp:Property><gp:Key>Start</gp:Key><gp:Value></gp:Value></gp:Property><gp:Property><gp:Key>Stop</gp:Key><gp:Value></gp:Value></gp:Property><gp:Property><gp:Key>Unit_System</gp:Key><gp:Value>PEMEX10MSA009109MAR14</gp:Value></gp:Property><gp:Property><gp:Key>DLIS_Compatibility</gp:Key><gp:Value>Hz Converted</gp:Value></gp:Property><gp:Property><gp:Key>Preferred_Source_Pass</gp:Key><gp:Value>ED95E497-2F53-4D65-B8CC-56D9D392C254</gp:Value></gp:Property><gp:Property><gp:Key>Reduced_DLIS</gp:Key><gp:Value>No</gp:Value></gp:Property><gp:Property><gp:Key>Channel_Property</gp:Key><gp:Value>RT&ampRM</gp:Value></gp:Property><gp:Property><gp:Key>Absent_Values_of_Pass_Start_End</gp:Key><gp:Value>Fill-up</gp:Value></gp:Property><gp:Property><gp:Key>ToolSpecificDLIS</gp:Key><gp:Value>No</gp:Value></gp:Property><gp:Property><gp:Key>Channel_Confliction</gp:Key><gp:Value>Include Duplicate Channel Names</gp:Value></gp:Property><gp:Property><gp:Key>HIDE</gp:Key><gp:Value></gp:Value></gp:Property><gp:Property><gp:Key>HID1</gp:Key><gp:Value></gp:Value></gp:Property><gp:Property><gp:Key>HID2</gp:Key><gp:Value></gp:Value></gp:Property><gp:Property><gp:Key>OS1</gp:Key><gp:Value></gp:Value></gp:Property><gp:Property><gp:Key>OS2</gp:Key><gp:Value /></gp:Property><gp:Property><gp:Key>OS3</gp:Key><gp:Value /></gp:Property><gp:Property><gp:Key>OS4</gp:Key><gp:Value /></gp:Property><gp:Property><gp:Key>OS5</gp:Key><gp:Value /></gp:Property><gp:Property><gp:Key>TDL</gp:Key><gp:Value>15240.0004413504 m</gp:Value></gp:Property><gp:Property><gp:Key>CBL</gp:Key><gp:Value></gp:Value></gp:Property><gp:Property><gp:Key>CBL1</gp:Key><gp:Value></gp:Value></gp:Property><gp:Property><gp:Key>CBL2</gp:Key><gp:Value></gp:Value></gp:Property><gp:Property><gp:Key>CBL3</gp:Key><gp:Value></gp:Value></gp:Property><gp:Property><gp:Key>CBL4</gp:Key><gp:Value></gp:Value></gp:Property><gp:Property><gp:Key>CBL5</gp:Key><gp:Value></gp:Value></gp:Property><gp:Property><gp:Key>CBL6</gp:Key><gp:Value></gp:Value></gp:Property><gp:Property><gp:Key>CBL7</gp:Key><gp:Value></gp:Value></gp:Property><gp:Property><gp:Key>CBL8</gp:Key><gp:Value></gp:Value></gp:Property><gp:Property><gp:Key>CBL9</gp:Key><gp:Value></gp:Value></gp:Property><gp:Property><gp:Key>CBL10</gp:Key><gp:Value></gp:Value></gp:Property><gp:Property><gp:Key>DATE</gp:Key><gp:Value>09/03/2014</gp:Value></gp:Property><gp:PropertiesSnippetVersion>1.6</gp:PropertiesSnippetVersion></gp:Properties></gp:GraphicalFormat>
43193.9381530208,DeliverablesSetup,Deliverables - Digital,Create Publish Digital Deliverable,Click,ContextMenu,Create/Publish,UIInteraction,ComponentName=Run 1  Drilling;ComponentCode=Component_Template_Dlis;DelivTemplateGuid=2563752D-B9D3-4986-AE58-0C032B12FF70;DelivTemplatePropertyData=<gp:GraphicalFormat xmlns:gp="urn:horizon:GraphicalProductCatalogSchema"><gp:Name>Template</gp:Name><gp:Component_Code>Component_Template_Dlis</gp:Component_Code><gp:Component_Format_Ref></gp:Component_Format_Ref><gp:Properties><gp:Property><gp:Key>Type</gp:Key><gp:Value>Dlis</gp:Value></gp:Property><gp:Property><gp:Key>DataAssignment_Type</gp:Key><gp:Value>Single Pass</gp:Value></gp:Property><gp:Property><gp:Key>CDDI_Availability</gp:Key><gp:Value>Producer</gp:Value></gp:Property><gp:Property><gp:Key>Data_Assignment</gp:Key><gp:Value>ED95E497-2F53-4D65-B8CC-56D9D392C254</gp:Value></gp:Property><gp:Property><gp:Key>Proxy_Data_Assignment</gp:Key><gp:Value /></gp:Property><gp:Property><gp:Key>File_Destination</gp:Key><gp:Value>C:\Schlumberger Horizon Data\10MSA0091\Deliverable\Digital\DLIS\</gp:Value></gp:Property><gp:Property><gp:Key>File_Name</gp:Key><gp:Value>ConPr_R01_Drill_ARC5_SHORT475_SONICSCOPE4_ADN4.dlis</gp:Value></gp:Property><gp:Property><gp:Key>Index</gp:Key><gp:Value>Depth</gp:Value></gp:Property><gp:Property><gp:Key>Publish</gp:Key><gp:Value>No</gp:Value></gp:Property><gp:Property><gp:Key>Publisher</gp:Key><gp:Value /></gp:Property><gp:Property><gp:Key>LoadToRTDB</gp:Key><gp:Value>No</gp:Value></gp:Property><gp:Property><gp:Key>Update_In_Real_Time</gp:Key><gp:Value>No</gp:Value></gp:Property><gp:Property><gp:Key>_Top</gp:Key><gp:Value></gp:Value></gp:Property><gp:Property><gp:Key>Bottom</gp:Key><gp:Value></gp:Value></gp:Property><gp:Property><gp:Key>Start</gp:Key><gp:Value></gp:Value></gp:Property><gp:Property><gp:Key>Stop</gp:Key><gp:Value></gp:Value></gp:Property><gp:Property><gp:Key>Unit_System</gp:Key><gp:Value>PEMEX10MSA009109MAR14</gp:Value></gp:Property><gp:Property><gp:Key>DLIS_Compatibility</gp:Key><gp:Value>Hz Converted</gp:Value></gp:Property><gp:Property><gp:Key>Preferred_Source_Pass</gp:Key><gp:Value></gp:Value></gp:Property><gp:Property><gp:Key>Reduced_DLIS</gp:Key><gp:Value>No</gp:Value></gp:Property><gp:Property><gp:Key>Channel_Property</gp:Key><gp:Value>RT&ampRM</gp:Value></gp:Property><gp:Property><gp:Key>Absent_Values_of_Pass_Start_End</gp:Key><gp:Value>Fill-up</gp:Value></gp:Property><gp:Property><gp:Key>ToolSpecificDLIS</gp:Key><gp:Value>No</gp:Value></gp:Property><gp:Property><gp:Key>Channel_Confliction</gp:Key><gp:Value>Include Duplicate Channel Names</gp:Value></gp:Property><gp:Property><gp:Key>HIDE</gp:Key><gp:Value></gp:Value></gp:Property><gp:Property><gp:Key>HID1</gp:Key><gp:Value></gp:Value></gp:Property><gp:Property><gp:Key>HID2</gp:Key><gp:Value></gp:Value></gp:Property><gp:Property><gp:Key>OS1</gp:Key><gp:Value></gp:Value></gp:Property><gp:Property><gp:Key>OS2</gp:Key><gp:Value /></gp:Property><gp:Property><gp:Key>OS3</gp:Key><gp:Value /></gp:Property><gp:Property><gp:Key>OS4</gp:Key><gp:Value /></gp:Property><gp:Property><gp:Key>OS5</gp:Key><gp:Value /></gp:Property><gp:Property><gp:Key>TDL</gp:Key><gp:Value>15240.0004413504 m</gp:Value></gp:Property><gp:Property><gp:Key>CBL</gp:Key><gp:Value></gp:Value></gp:Property><gp:Property><gp:Key>CBL1</gp:Key><gp:Value></gp:Value></gp:Property><gp:Property><gp:Key>CBL2</gp:Key><gp:Value></gp:Value></gp:Property><gp:Property><gp:Key>CBL3</gp:Key><gp:Value></gp:Value></gp:Property><gp:Property><gp:Key>CBL4</gp:Key><gp:Value></gp:Value></gp:Property><gp:Property><gp:Key>CBL5</gp:Key><gp:Value></gp:Value></gp:Property><gp:Property><gp:Key>CBL6</gp:Key><gp:Value></gp:Value></gp:Property><gp:Property><gp:Key>CBL7</gp:Key><gp:Value></gp:Value></gp:Property><gp:Property><gp:Key>CBL8</gp:Key><gp:Value></gp:Value></gp:Property><gp:Property><gp:Key>CBL9</gp:Key><gp:Value></gp:Value></gp:Property><gp:Property><gp:Key>CBL10</gp:Key><gp:Value></gp:Value></gp:Property><gp:Property><gp:Key>DATE</gp:Key><gp:Value>09/03/2014</gp:Value></gp:Property><gp:PropertiesSnippetVersion>1.6</gp:PropertiesSnippetVersion></gp:Properties></gp:GraphicalFormat>
43193.9387076042,DeliverablesSetup,Deliverables - Digital,Create Publish Digital Deliverable,Click,ContextMenu,Create/Publish,UIInteraction,ComponentName=WITS For Job;ComponentCode=Component_Template_Wits;DelivTemplateGuid=713856B4-255E-4649-8D7A-DF532137AFCC;DelivTemplatePropertyData=<gp:GraphicalFormat xmlns:gp="urn:horizon:GraphicalProductCatalogSchema"><gp:Name>Template</gp:Name><gp:Component_Code>Component_Template_Wits</gp:Component_Code><gp:Component_Format_Ref></gp:Component_Format_Ref><gp:Properties><gp:Property><gp:Key>Type</gp:Key><gp:Value>Wits</gp:Value></gp:Property><gp:Property><gp:Key>Data_Assignment</gp:Key><gp:Value>ED95E497-2F53-4D65-B8CC-56D9D392C254</gp:Value></gp:Property><gp:Property><gp:Key>File_Destination</gp:Key><gp:Value>C:\Schlumberger Horizon Data\10MSA0091\Deliverable\Digital\WITS\</gp:Value></gp:Property><gp:Property><gp:Key>File_Name</gp:Key><gp:Value>WITS_For_Job.wits</gp:Value></gp:Property><gp:Property><gp:Key>Index</gp:Key><gp:Value>Depth</gp:Value></gp:Property><gp:Property><gp:Key>Publish</gp:Key><gp:Value>No</gp:Value></gp:Property><gp:Property><gp:Key>Publisher</gp:Key><gp:Value /></gp:Property><gp:Property><gp:Key>Update_In_Real_Time</gp:Key><gp:Value>No</gp:Value></gp:Property><gp:Property><gp:Key>Allow_Historical_Data</gp:Key><gp:Value>Yes</gp:Value></gp:Property><gp:Property><gp:Key>_Top</gp:Key><gp:Value></gp:Value></gp:Property><gp:Property><gp:Key>Bottom</gp:Key><gp:Value></gp:Value></gp:Property><gp:Property><gp:Key>Start</gp:Key><gp:Value></gp:Value></gp:Property><gp:Property><gp:Key>Stop</gp:Key><gp:Value></gp:Value></gp:Property><gp:Property><gp:Key>Time_Step_Interval</gp:Key><gp:Value>30 sec</gp:Value></gp:Property><gp:Property><gp:Key>Unit_System</gp:Key><gp:Value>PEMEX10MSA009109MAR14</gp:Value></gp:Property><gp:PropertiesSnippetVersion>1.1</gp:PropertiesSnippetVersion></gp:Properties></gp:GraphicalFormat>
43193.9388690509,DeliverablesSetup,Deliverables - Digital,Create Publish Digital Deliverable,Click,ContextMenu,Create/Publish,UIInteraction,ComponentName=WITSML Custom;ComponentCode=Component_Template_Witsml;DelivTemplateGuid=6BB41839-1383-463D-BFE3-E231EFAD4EFD;DelivTemplatePropertyData=<gp:GraphicalFormat xmlns:gp="urn:horizon:GraphicalProductCatalogSchema"><gp:Name>Template</gp:Name><gp:Component_Code>Component_Template_Witsml</gp:Component_Code><gp:Component_Format_Ref></gp:Component_Format_Ref><gp:Properties><gp:Property><gp:Key>Type</gp:Key><gp:Value>Witsml</gp:Value></gp:Property><gp:Property><gp:Key>CDDI_Availability</gp:Key><gp:Value>Custom</gp:Value></gp:Property><gp:Property><gp:Key>Data_Assignment</gp:Key><gp:Value>FABE102E-DD25-4F0C-B34A-5DCD04A29F2F</gp:Value></gp:Property><gp:Property><gp:Key>File_Destination</gp:Key><gp:Value>C:\Schlumberger Horizon Data\10MSA0091\Deliverable\Digital\WITSML\</gp:Value></gp:Property><gp:Property><gp:Key>Index</gp:Key><gp:Value>Depth</gp:Value></gp:Property><gp:Property><gp:Key>Publish</gp:Key><gp:Value>No</gp:Value></gp:Property><gp:Property><gp:Key>Publisher</gp:Key><gp:Value /></gp:Property><gp:Property><gp:Key>Update_In_Real_Time</gp:Key><gp:Value>No</gp:Value></gp:Property><gp:Property><gp:Key>Survey_Type</gp:Key><gp:Value>Detail</gp:Value></gp:Property><gp:Property><gp:Key>_Top</gp:Key><gp:Value></gp:Value></gp:Property><gp:Property><gp:Key>Bottom</gp:Key><gp:Value></gp:Value></gp:Property><gp:Property><gp:Key>Start</gp:Key><gp:Value></gp:Value></gp:Property><gp:Property><gp:Key>Stop</gp:Key><gp:Value></gp:Value></gp:Property><gp:Property><gp:Key>Survey_Start</gp:Key><gp:Value /></gp:Property><gp:Property><gp:Key>Survey_Stop</gp:Key><gp:Value /></gp:Property><gp:Property><gp:Key>Depth_Step_Interval</gp:Key><gp:Value>0.5 ft</gp:Value></gp:Property><gp:Property><gp:Key>Time_Step_Interval</gp:Key><gp:Value>30 sec</gp:Value></gp:Property><gp:Property><gp:Key>Unit_System</gp:Key><gp:Value>English</gp:Value></gp:Property><gp:Property><gp:Key>Include_BHA</gp:Key><gp:Value>Yes</gp:Value></gp:Property><gp:PropertiesSnippetVersion>1.1</gp:PropertiesSnippetVersion></gp:Properties></gp:GraphicalFormat>
43193.9388690741,DeliverablesSetup,Deliverables - Digital,Create Publish Digital Deliverable,,,creating WITSML...,UIInteraction,ComponentName=WITSML Custom;ComponentCode=Component_Template_Witsml;Publisher=
43193.9390309722,DeliverablesSetup,Deliverables - Digital,Create Publish Digital Deliverable,Click,ContextMenu,Create/Publish,UIInteraction,ComponentName=WITSML Standard (1);ComponentCode=Component_Template_Witsml;DelivTemplateGuid=14462B09-50F7-4743-AA90-5C294D0A500B;DelivTemplatePropertyData=<gp:GraphicalFormat xmlns:gp="urn:horizon:GraphicalProductCatalogSchema"><gp:Name>Template</gp:Name><gp:Component_Code>Component_Template_Witsml</gp:Component_Code><gp:Component_Format_Ref></gp:Component_Format_Ref><gp:Properties><gp:Property><gp:Key>Type</gp:Key><gp:Value>Witsml</gp:Value></gp:Property><gp:Property><gp:Key>CDDI_Availability</gp:Key><gp:Value>Customer</gp:Value></gp:Property><gp:Property><gp:Key>Data_Assignment</gp:Key><gp:Value>B1887BA0-7276-4F1E-90F0-39725BC1E451</gp:Value></gp:Property><gp:Property><gp:Key>File_Destination</gp:Key><gp:Value>C:\Schlumberger Horizon Data\10MSA0091\Deliverable\Digital\WITSML\</gp:Value></gp:Property><gp:Property><gp:Key>Index</gp:Key><gp:Value>Time</gp:Value></gp:Property><gp:Property><gp:Key>Publish</gp:Key><gp:Value>No</gp:Value></gp:Property><gp:Property><gp:Key>Publisher</gp:Key><gp:Value /></gp:Property><gp:Property><gp:Key>Update_In_Real_Time</gp:Key><gp:Value>No</gp:Value></gp:Property><gp:Property><gp:Key>Survey_Type</gp:Key><gp:Value>None</gp:Value></gp:Property><gp:Property><gp:Key>_Top</gp:Key><gp:Value></gp:Value></gp:Property><gp:Property><gp:Key>Bottom</gp:Key><gp:Value></gp:Value></gp:Property><gp:Property><gp:Key>Start</gp:Key><gp:Value></gp:Value></gp:Property><gp:Property><gp:Key>Stop</gp:Key><gp:Value></gp:Value></gp:Property><gp:Property><gp:Key>Survey_Start</gp:Key><gp:Value></gp:Value></gp:Property><gp:Property><gp:Key>Survey_Stop</gp:Key><gp:Value></gp:Value></gp:Property><gp:Property><gp:Key>Depth_Step_Interval</gp:Key><gp:Value>0.5 ft</gp:Value></gp:Property><gp:Property><gp:Key>Time_Step_Interval</gp:Key><gp:Value>60 sec</gp:Value></gp:Property><gp:Property><gp:Key>Unit_System</gp:Key><gp:Value>English</gp:Value></gp:Property><gp:Property><gp:Key>Include_BHA</gp:Key><gp:Value>Yes</gp:Value></gp:Property><gp:PropertiesSnippetVersion>1.1</gp:PropertiesSnippetVersion></gp:Properties></gp:GraphicalFormat>
43193.9390309838,DeliverablesSetup,Deliverables - Digital,Create Publish Digital Deliverable,,,creating WITSML...,UIInteraction,ComponentName=WITSML Standard (1);ComponentCode=Component_Template_Witsml;Publisher=
43193.9422479167,DeliverablesSetup,Deliverables - Digital,Create Job Archive,Click,ContextMenu,Create,UIInteraction,ArchiveGuid=7D8883F1-97EB-4C1F-87A2-F546E0580F06;JobArchiveType=3.0
43193.9430681829,DeliverablesSetup,UI Framework,Close Console,Click,Button,,UIInteraction,JobGuid=7D8883F1-97EB-4C1F-87A2-F546E0580F06
43193.9431019444,DeliverablesSetup,UI Framework,OK to Close Deliverables - Display Console,Click,Button,OK,UIInteraction,
43193.9431545949,,Console/Job Manager,Stop Job,Click,Button,Stop,UIInteraction,JobGuid=7D8883F1-97EB-4C1F-87A2-F546E0580F06
