43194.1262206366,,UI Framework,Start Console,,,Maxwell Manager,UIAutomatic,MachineName=HPV05-012;UserName=Engineer;UserDomainName=HPV05-012;OS=Microsoft Windows NT 6.1.7601 Service Pack 1;TimeZone=00:00:00;IPAddress_1=192.168.78.184;IPAddress_2=::1;MWVersion=9.0.100745.3100
43194.1263008218,,Console/Job Manager,New Job,Click,Button,New,UIInteraction,
43194.1263422917,,Console/Job Manager,Input Job Name,Input,TextBox,MDT_ToolControl,UIInteraction,
43194.1263861806,,Console/Job Manager,Input Well Name,Input,TextBox,BGC,UIInteraction,
43194.1264307755,,Console/Job Manager,Input Client Name,Input,TextBox,BGCAT,UIInteraction,
43194.1265723264,,Console/Job Manager,Check Simulator,Click,CheckBox,Simulator,UIInteraction,CheckState=True
43194.1267571412,,Console/Job Manager,Select Auto Backup Folder,Click,ComboBox,C:\Acq_MDT_ToolControl,UIInteraction,
43194.1299055671,,UI Framework,Switch Tab,Click,Tab,Job: MDT_ToolControl,UIInteraction,
43194.1968084838,,UI Framework,Switch Tab,Click,Tab,Messages: Job Independent,UIInteraction,
43194.1968138773,,UI Framework,Close Console,Click,Button,,UIInteraction,
