43194.1498603819,,Console/Job Manager,New Job,Click,Button,New,UIInteraction,
43194.1498791667,,Console/Job Manager,Input Job Name,Input,TextBox,RT_DLIS_MDT,UIInteraction,
43194.1499222338,,Console/Job Manager,Input Well Name,Input,TextBox,BGC,UIInteraction,
43194.1499663657,,Console/Job Manager,Input Client Name,Input,TextBox,BGCAT,UIInteraction,
43194.1501007639,,Console/Job Manager,Check Simulator,Click,CheckBox,Simulator,UIInteraction,CheckState=True
43194.150103588,,Console/Job Manager,Select Units,Click,ComboBox,Metric,UIInteraction,
43194.1502793981,,Console/Job Manager,Select Auto Backup Folder,Click,ComboBox,C:\AutoBackup,UIInteraction,
43194.1502878125,,Console/Job Manager,Start Job Spec Manager,Click,ToolbarButton,Job Spec Manager,UIInteraction,
43194.1503238542,,Import/Export & Backup/Restore,Select Target,Click,ComboBox,RT_DLIS_MDT  WL Simulator  03:35:47 04-Apr-2018,UIInteraction,JobName=RT_DLIS_MDT;EntityGuid=DDBBEA2D-4FA1-4359-8E3B-E5DA9BBB6DDA
43194.1503612616,,Import/Export & Backup/Restore,Select Source,Click,Button,...,UIInteraction,
43194.1503750463,,Import/Export & Backup/Restore,OK to Select Source,,,,UIAutomatic,FilePath=\\srv004bgc.dir.slb.com\MaxwellAT\TestData\TestData\Phase3\Data2\DATA2_REMOVE1MINDELAY_RTDLIS\JobSpec_MDT.dlis
43194.1518903819,,Import/Export & Backup/Restore,Select/Deselect item,ByMouse,TreeView,MDT  WL Simulator  09:42:20 30-Sep-2013,UIInteraction,CheckState=True
43194.1519044213,,Import/Export & Backup/Restore,Restore Job Spec File,Click,Button,Restore,UIInteraction,
43194.1524334838,,Import/Export & Backup/Restore,Close Job Spec UI,Click,Button,Close,UIInteraction,
43194.153805162,,UI Framework,Switch Tab,Click,Tab,Job: RT_DLIS_MDT,UIInteraction,
43194.2123250231,,UI Framework,Switch Tab,Click,Tab,Messages: Job Independent,UIInteraction,
43194.2123314236,,UI Framework,Close Console,Click,Button,,UIInteraction,
