Time,Process,Component,Operation,Action,Control,ControlText,Category,Context
43193.6801300347,,UI Framework,Initialize Maxwell Manager Process Name,,,Initialize Maxwell Manager Process Name,,
43193.680192581,,UI Framework,Start Console,,,Maxwell Manager,UIAutomatic,MachineName=HPV21-013;UserName=Engineer;UserDomainName=HPV21-013;OS=Microsoft Windows NT 6.1.7601 Service Pack 1;TimeZone=00:00:00;IPAddress_1=192.168.178.122;IPAddress_2=::1;MWVersion=9.0.100732.3100
43193.6802352778,,Console/Job Manager,Import Job Archive,Click,ContextMenu,Create Import,UIInteraction,
43193.6802447685,,Import/Export & Backup/Restore,Select file to import,Click,Button,...,UIInteraction,
