Time,Process,Component,Operation,Action,Control,ControlText,Category,Context
43194.1576279977,,Console/Job Manager,Start Job,Click,Button,Start,UIInteraction,JobName=StreamPDS;WellName=BGC Automation;ClientName=BGC;StartDate=4/4/2018 3:46 AM;Workflow=Wireline;Simulator=True;UnitSystem=Automation_test_unit;JobSize=0;State=Available;SideTrackId=0;SessionID=AD4E21B7-FBBA-4192-8A95-0379FE38A39B;SortOrder=1;JobGUID=84DEE8B3-C9C6-4C5A-94AB-B00654085181;WellGUID=BE5F5997-70EF-4F3B-A4B9-871F694ED4FD;BoreholeGUID=44EDE6DE-211E-4E81-8263-63ED48A95056;MachineName=HPV02-009;UserName=Engineer;UserDomainName=HPV02-009;OS=Microsoft Windows NT 6.1.7601 Service Pack 1;StartedJobCount=0;TimeZone=00:00:00;IPAddress_1=192.168.78.170;IPAddress_2=::1;MWVersion=9.0.100745.3100
43194.1579475463,,Console/Job Manager,Stop Job,Click,Button,Stop,UIInteraction,JobGuid=84DEE8B3-C9C6-4C5A-94AB-B00654085181
43194.1580979861,,Console/Job Manager,Start Job,Click,Button,Start,UIInteraction,JobName=StreamPDS;WellName=BGC Automation;ClientName=BGC;StartDate=4/4/2018 3:46 AM;Workflow=Wireline;Simulator=True;UnitSystem=Automation_test_unit;RTBackupDir=C:\Autobackup;JobSize=0;State=Available;SideTrackId=0;SessionID=AD4E21B7-FBBA-4192-8A95-0379FE38A39B;SortOrder=1;JobGUID=84DEE8B3-C9C6-4C5A-94AB-B00654085181;WellGUID=BE5F5997-70EF-4F3B-A4B9-871F694ED4FD;BoreholeGUID=44EDE6DE-211E-4E81-8263-63ED48A95056;MachineName=HPV02-009;UserName=Engineer;UserDomainName=HPV02-009;OS=Microsoft Windows NT 6.1.7601 Service Pack 1;StartedJobCount=0;TimeZone=00:00:00;IPAddress_1=192.168.78.170;IPAddress_2=::1;MWVersion=9.0.100745.3100
43194.1581695023,,Console/Job Manager,Start Setup Console,Click,Button,Start...,UIInteraction,JobGuid=84DEE8B3-C9C6-4C5A-94AB-B00654085181
43194.1582315278,Setup,Calibration,Select Calibration Report Type,Click,ComboBox,Technical Concise,UIInteraction,
43194.1582778356,Setup,UI Framework,Start Console,,,Setup - Job StreamPDS,UIAutomatic,
43194.1583433681,Setup,Run Manager (Internal),Start Run,Click,Button,Start,UIInteraction,RunGuid=2B7FEF2B-89A0-4C66-AA8A-32F82333AC89;ToolstringGuid=7A8977C6-8058-42CC-8AD5-4FE21D0A7458;DownholeEquipments=AIT-C:HDRS-B:HGNS-B:AH-184:AH-184:HDRS-B:HTBC-A:DTC-H:LEH-QT;TSLevelActiveSurfaceEquips=WAFE:TENSION_DEVICE:LOGGING_CABLE:DEPTH_DEVICE
43194.1584539699,Setup,Equipment,Activate Run,Click,Button,Activate,UIInteraction,ToolstringGuid=7A8977C6-8058-42CC-8AD5-4FE21D0A7458;DownholeEquipments=AIT-C:HDRS-B:HGNS-B:AH-184:AH-184:HDRS-B:HTBC-A:DTC-H:LEH-QT;TSLevelActiveSurfaceEquips=WAFE:TENSION_DEVICE:LOGGING_CABLE:DEPTH_DEVICE
43194.1586071412,Simulation,UI Framework,Start Console,,,Simulation Console - Job StreamPDS,UIAutomatic,
43194.1586386227,WLAcquisition,Calibration,Select Calibration Report Type,Click,ComboBox,Technical Concise,UIInteraction,
43194.1586860648,WLAcquisition,UI Framework,Start Console,,,Acquisition Console - Job StreamPDS - Run 1,UIAutomatic,
43194.1589204861,WLAcquisition,Data Acquiring - WL,Connect Hardware,Click,ToolbarButton,Connect to Hardware,UIInteraction,
43194.1590485995,WLAcquisition,Data Acquiring - WL,Start Dataflow,Click,ToolbarButton,Start Data Flow,UIInteraction,
43194.1591338542,WLAcquisition,Data Acquiring - WL,Enable Tool Power,Click,ToolbarButton,Enable Tool Power,UIInteraction,
43194.1607901968,,Console/Job Manager,Start Deliverables Console,Click,Button,Start...,UIInteraction,JobGuid=84DEE8B3-C9C6-4C5A-94AB-B00654085181
43194.1608553588,DeliverablesSetup,Tier Manager,Tier Template Created for Tools in My Equipment,,,PEQL Tier Created,Deliverables Console,
43194.1608555093,DeliverablesSetup,Tier Manager,Tier Template Created for Tools in My Equipment,,,HDRS-B Tier Created,Deliverables Console,
43194.1608556134,DeliverablesSetup,Tier Manager,Tier Template Created for Tools in My Equipment,,,HTBC-A Tier Created,Deliverables Console,
43194.1608557639,DeliverablesSetup,Tier Manager,Tier Template Created for Tools in My Equipment,,,AIT-C Tier Created,Deliverables Console,
43194.1608559375,DeliverablesSetup,Tier Manager,Tier Template Created for Tools in My Equipment,,,HENVIR Tier Created,Deliverables Console,
43194.1608560069,DeliverablesSetup,Tier Manager,Tier Template Created for Tools in My Equipment,,,HGNS-B Tier Created,Deliverables Console,
43194.1608661574,DeliverablesSetup,UI Framework,Start Console,,,Deliverables Console Setup - Job StreamPDS,UIAutomatic,
43194.1609249421,DeliverablesSetup,Deliverables - Digital,Create New Template,Click,ContextMenu,New Template,UIInteraction,
43194.1610311111,DeliverablesSetup,Deliverables - Digital,Rename Component,Click,ContextMenu,Rename,UIInteraction,ComponentName=New Template;DelivTemplateGuid=52857789-FA89-4EEB-9995-684390498026
43194.1610382986,DeliverablesSetup,Deliverables - Graphical,Rename Component,Input,TextBox,StreamPDS,UIInteraction,OldComponentName=New Template
43194.1611414236,DeliverablesSetup,Deliverables - Graphical,Add Catalog Format to Component,Click,ToolbarButton,Add to Component,UIInteraction,ComponentName=AIT Water Saturation Image Four;ComponentCode=Component_Log
43194.1613060995,DeliverablesSetup,Deliverables - Digital,Add Component to Template,Click,ContextMenu,StreamPDS,UIInteraction,ComponentCode=Component_Log
43194.1615242824,DeliverablesSetup,Deliverables - Graphical,Add Catalog Format to Component,Click,ToolbarButton,Add to Component,UIInteraction,ComponentName=PEX LQC HGNS;ComponentCode=Component_Log
43194.1616868982,DeliverablesSetup,Deliverables - Digital,Add Component to Template,Click,ContextMenu,StreamPDS,UIInteraction,ComponentCode=Component_Log
43194.1619115625,DeliverablesSetup,Deliverables - Graphical,Add Catalog Format to Component,Click,ToolbarButton,Add to Component,UIInteraction,ComponentName=PEX Nuclear StdRes;ComponentCode=Component_Log
43194.1620701042,DeliverablesSetup,Deliverables - Digital,Add Component to Template,Click,ContextMenu,StreamPDS,UIInteraction,ComponentCode=Component_Log
43194.1622864815,DeliverablesSetup,Deliverables - Graphical,Add Catalog Format to Component,Click,ToolbarButton,Add to Component,UIInteraction,ComponentName=AIT LQC;ComponentCode=Component_Log
43194.1624459954,DeliverablesSetup,Deliverables - Digital,Add Component to Template,Click,ContextMenu,StreamPDS,UIInteraction,ComponentCode=Component_Log
43194.1626696644,DeliverablesSetup,Deliverables - Graphical,Add Catalog Format to Component,Click,ToolbarButton,Add to Component,UIInteraction,ComponentName=AIT Log;ComponentCode=Component_Log
43194.1628313079,DeliverablesSetup,Deliverables - Digital,Add Component to Template,Click,ContextMenu,StreamPDS,UIInteraction,ComponentCode=Component_Log
43194.1630536806,DeliverablesSetup,Deliverables - Graphical,Add Catalog Format to Component,Click,ToolbarButton,Add to Component,UIInteraction,ComponentName=AIT Resistivity Image Four;ComponentCode=Component_Log
43194.1632138426,DeliverablesSetup,Deliverables - Digital,Add Component to Template,Click,ContextMenu,StreamPDS,UIInteraction,ComponentCode=Component_Log
43194.163441956,DeliverablesSetup,Deliverables - Graphical,Add Catalog Format to Component,Click,ToolbarButton,Add to Component,UIInteraction,ComponentName=PEX+AIT LQC;ComponentCode=Component_Log
43194.1636064699,DeliverablesSetup,Deliverables - Digital,Add Component to Template,Click,ContextMenu,StreamPDS,UIInteraction,ComponentCode=Component_Log
43194.1638381018,DeliverablesSetup,Deliverables - Graphical,Add Catalog Format to Component,Click,ToolbarButton,Add to Component,UIInteraction,ComponentName=PEX+AIT Resistivity;ComponentCode=Component_Log
43194.1640034606,DeliverablesSetup,Deliverables - Digital,Add Component to Template,Click,ContextMenu,StreamPDS,UIInteraction,ComponentCode=Component_Log
43194.1642232639,DeliverablesSetup,Deliverables - Graphical,Add Catalog Format to Component,Click,ToolbarButton,Add to Component,UIInteraction,ComponentName=PEX LQC MCFL Hardware;ComponentCode=Component_Log
43194.1643835069,DeliverablesSetup,Deliverables - Digital,Add Component to Template,Click,ContextMenu,StreamPDS,UIInteraction,ComponentCode=Component_Log
43194.1646016204,DeliverablesSetup,Deliverables - Graphical,Add Catalog Format to Component,Click,ToolbarButton,Add to Component,UIInteraction,ComponentName=PEX LQC MCFL Processing;ComponentCode=Component_Log
43194.1647617824,DeliverablesSetup,Deliverables - Digital,Add Component to Template,Click,ContextMenu,StreamPDS,UIInteraction,ComponentCode=Component_Log
43194.1649788542,DeliverablesSetup,Deliverables - Graphical,Add Catalog Format to Component,Click,ToolbarButton,Add to Component,UIInteraction,ComponentName=PEX MCFL Processing;ComponentCode=Component_Log
43194.1651408102,DeliverablesSetup,Deliverables - Digital,Add Component to Template,Click,ContextMenu,StreamPDS,UIInteraction,ComponentCode=Component_Log
43194.1653590394,DeliverablesSetup,Deliverables - Graphical,Add Catalog Format to Component,Click,ToolbarButton,Add to Component,UIInteraction,ComponentName=AIT Hydrocarbon Saturation Image Four;ComponentCode=Component_Log
43194.1655218866,DeliverablesSetup,Deliverables - Digital,Add Component to Template,Click,ContextMenu,StreamPDS,UIInteraction,ComponentCode=Component_Log
43194.1657424768,DeliverablesSetup,Deliverables - Graphical,Add Catalog Format to Component,Click,ToolbarButton,Add to Component,UIInteraction,ComponentName=PEX LQC Density Hardware;ComponentCode=Component_Log
43194.1659077199,DeliverablesSetup,Deliverables - Digital,Add Component to Template,Click,ContextMenu,StreamPDS,UIInteraction,ComponentCode=Component_Log
43194.1661387269,DeliverablesSetup,Deliverables - Graphical,Add Catalog Format to Component,Click,ToolbarButton,Add to Component,UIInteraction,ComponentName=PEX LQC Density Processing;ComponentCode=Component_Log
43194.1663037269,DeliverablesSetup,Deliverables - Digital,Add Component to Template,Click,ContextMenu,StreamPDS,UIInteraction,ComponentCode=Component_Log
43194.1665389352,DeliverablesSetup,Deliverables - Digital,Add Template to Deliverable,Click,ContextMenu,Run 1,UIInteraction,ComponentName=StreamPDS;ComponentCode=Component_None
43194.1666835532,WLAcquisition,Depth Log/Station Planning,Perform Logging Task,RightClick,TreeView,Depth Log,UIInteraction,TaskName=Depth Log
43194.1666981829,WLAcquisition,Depth Log/Station Planning,Perform Logging Task,Click,ContextMenu,Perform,UIInteraction,TaskName=Depth Log
43194.1673723727,WLAcquisition,Data Acquiring - WL,Start Depth Pass,Click,Button,Start,UIInteraction,PassGuid=F2DA3C81-7541-4D55-9BBE-865CE277E5DB;Objective=Log;Direction=Up;Depth=1999.996
43194.1678451736,DeliverablesSetup,Data Explorer,Click OK Button,Click,Button,OK,UIInteraction,Selection=Log[1]:Up____1999.99 (m)__StreamPDS_Up1
43194.1680525579,DeliverablesSetup,Data Explorer,Click OK Button,Click,Button,OK,UIInteraction,Selection=Log[1]:Up____1999.99 (m)__StreamPDS_Up1
43194.1682633565,DeliverablesSetup,Data Explorer,Click OK Button,Click,Button,OK,UIInteraction,Selection=Log[1]:Up____1999.99 (m)__StreamPDS_Up1
43194.168471331,DeliverablesSetup,Data Explorer,Click OK Button,Click,Button,OK,UIInteraction,Selection=Log[1]:Up____1999.99 (m)__StreamPDS_Up1
43194.1686807523,DeliverablesSetup,Data Explorer,Click OK Button,Click,Button,OK,UIInteraction,Selection=Log[1]:Up____1999.99 (m)__StreamPDS_Up1
43194.1688961111,DeliverablesSetup,Data Explorer,Click OK Button,Click,Button,OK,UIInteraction,Selection=Log[1]:Up____1999.99 (m)__StreamPDS_Up1
43194.1691299537,DeliverablesSetup,Data Explorer,Click OK Button,Click,Button,OK,UIInteraction,Selection=Log[1]:Up____1999.99 (m)__StreamPDS_Up1
43194.1694060185,DeliverablesSetup,Data Explorer,Click OK Button,Click,Button,OK,UIInteraction,Selection=Log[1]:Up____1999.99 (m)__StreamPDS_Up1
43194.1696665741,DeliverablesSetup,Data Explorer,Click OK Button,Click,Button,OK,UIInteraction,Selection=Log[1]:Up____1999.99 (m)__StreamPDS_Up1
43194.1699337269,DeliverablesSetup,Data Explorer,Click OK Button,Click,Button,OK,UIInteraction,Selection=Log[1]:Up____1999.99 (m)__StreamPDS_Up1
43194.1701897685,DeliverablesSetup,Data Explorer,Click OK Button,Click,Button,OK,UIInteraction,Selection=Log[1]:Up____1999.99 (m)__StreamPDS_Up1
43194.1704247801,DeliverablesSetup,Data Explorer,Click OK Button,Click,Button,OK,UIInteraction,Selection=Log[1]:Up____1999.99 (m)__StreamPDS_Up1
43194.1706343634,DeliverablesSetup,Data Explorer,Click OK Button,Click,Button,OK,UIInteraction,Selection=Log[1]:Up____1999.99 (m)__StreamPDS_Up1
43194.1709284028,DeliverablesSetup,Data Explorer,Click OK Button,Click,Button,OK,UIInteraction,Selection=Log[1]:Up____1999.99 (m)__StreamPDS_Up1
43194.1709380093,DeliverablesSetup,UI Framework,Switch View,Click,ToolbarButton,Deliverables Display View,UIInteraction,
43194.1712391551,DeliverablesSetup,Deliverables - Graphical,Stream PDS,Click,ContextMenu,Stream PDS,UIInteraction,ComponentName=Log ( AIT Water Saturation Image Four );ParentCode=Component_None;DelivTemplateGuid=816B1DC1-C8FD-4E4A-9C65-A36272CF503F
43194.1716810417,DeliverablesSetup,Deliverables - Graphical,Stream PDS,Click,ContextMenu,Stream PDS,UIInteraction,ComponentName=Log ( PEX LQC HGNS );ParentCode=Component_None;DelivTemplateGuid=8C21D6B5-5485-432D-8C01-3266C6C58957
43194.1720996296,DeliverablesSetup,Deliverables - Graphical,Stream PDS,Click,ContextMenu,Stream PDS,UIInteraction,ComponentName=Log ( PEX Nuclear StdRes );ParentCode=Component_None;DelivTemplateGuid=F7E7DF95-0C7D-4428-8D13-0F26C7D12071
43194.1725283218,DeliverablesSetup,Deliverables - Graphical,Stream PDS,Click,ContextMenu,Stream PDS,UIInteraction,ComponentName=Log ( AIT LQC );ParentCode=Component_None;DelivTemplateGuid=9C8180D6-FC77-4928-8AA5-DB9043B58E5C
43194.1729473611,DeliverablesSetup,Deliverables - Graphical,Stream PDS,Click,ContextMenu,Stream PDS,UIInteraction,ComponentName=Log ( AIT Log );ParentCode=Component_None;DelivTemplateGuid=A9CFE8C7-0180-4386-8D90-98051819B782
43194.1733467593,DeliverablesSetup,Deliverables - Graphical,Stream PDS,Click,ContextMenu,Stream PDS,UIInteraction,ComponentName=Log ( AIT Resistivity Image Four );ParentCode=Component_None;DelivTemplateGuid=D93A5058-1258-4496-B6CE-CEB14FFBEF2E
43194.173739456,DeliverablesSetup,Deliverables - Graphical,Stream PDS,Click,ContextMenu,Stream PDS,UIInteraction,ComponentName=Log ( PEX+AIT LQC );ParentCode=Component_None;DelivTemplateGuid=484BE62B-99F4-4EBD-8C1A-691A5EDB9F3C
43194.1741909259,DeliverablesSetup,Deliverables - Graphical,Stream PDS,Click,ContextMenu,Stream PDS,UIInteraction,ComponentName=Log ( PEX+AIT Resistivity );ParentCode=Component_None;DelivTemplateGuid=1728BF65-DDDC-4D40-9890-9192234EC7B0
43194.1746304167,DeliverablesSetup,Deliverables - Graphical,Stream PDS,Click,ContextMenu,Stream PDS,UIInteraction,ComponentName=Log ( PEX LQC MCFL Hardware );ParentCode=Component_None;DelivTemplateGuid=2ECB31B1-8A1E-437C-B5AA-DEA037545B63
43194.1750320602,DeliverablesSetup,Deliverables - Graphical,Stream PDS,Click,ContextMenu,Stream PDS,UIInteraction,ComponentName=Log ( PEX LQC MCFL Processing );ParentCode=Component_None;DelivTemplateGuid=A8E27A54-9C33-45A8-AF63-0C86BAAE6D41
43194.1754778009,DeliverablesSetup,Deliverables - Graphical,Stream PDS,Click,ContextMenu,Stream PDS,UIInteraction,ComponentName=Log ( PEX MCFL Processing );ParentCode=Component_None;DelivTemplateGuid=77CE2EC5-73D4-4434-AFC1-06EA7836354E
43194.1759356829,DeliverablesSetup,Deliverables - Graphical,Stream PDS,Click,ContextMenu,Stream PDS,UIInteraction,ComponentName=Log ( AIT Hydrocarbon Saturation Image Four );ParentCode=Component_None;DelivTemplateGuid=188B5A6B-EFC0-407D-A66E-6C15A58A8FD3
43194.1763604282,DeliverablesSetup,Deliverables - Graphical,Stream PDS,Click,ContextMenu,Stream PDS,UIInteraction,ComponentName=Log ( PEX LQC Density Hardware );ParentCode=Component_None;DelivTemplateGuid=4C663882-0026-4560-A473-1BAD4DB9BF74
43194.1767968056,DeliverablesSetup,Deliverables - Graphical,Stream PDS,Click,ContextMenu,Stream PDS,UIInteraction,ComponentName=Log ( PEX LQC Density Processing );ParentCode=Component_None;DelivTemplateGuid=82326BE4-7F6B-47D0-A135-F8D3E8512FF6
43194.1777399653,WLAcquisition,Data Acquiring - WL,Unlock Pass,Click,ToolbarButton,Click to Unlock Stop Button,UIInteraction,
43194.1778591782,WLAcquisition,Data Acquiring - WL,Stop Depth Pass,Click,Button,Stop,UIInteraction,PassGuid=F2DA3C81-7541-4D55-9BBE-865CE277E5DB;Depth=1977.24268
43194.1779714583,WLAcquisition,Data Acquiring - WL,Unlock 3 Buttons,Click,ToolbarButton,Unlock,UIInteraction,
43194.1779739236,WLAcquisition,Data Acquiring - WL,Disable Tool Power,Click,ToolbarButton,Disable Tool Power,UIInteraction,
43194.1780937384,WLAcquisition,Data Acquiring - WL,Stop Dataflow,Click,ToolbarButton,Stop Data Flow,UIInteraction,
43194.1782288079,WLAcquisition,Data Acquiring - WL,Disconnect Hardware,Click,ToolbarButton,Disconnect From Hardware,UIInteraction,
43194.1783282407,Setup,Run Manager (Internal),Stop Run,Click,Button,Stop,UIInteraction,RunGuid=2B7FEF2B-89A0-4C66-AA8A-32F82333AC89
43194.1783722106,Setup,Run Manager (Internal),Confirm to Stop Run,Click,Button,OK,UIInteraction,RunGuid=2B7FEF2B-89A0-4C66-AA8A-32F82333AC89
43194.1784481944,Simulation,UI Framework,Close Console,Click,Button,,UIInteraction,JobGuid=84DEE8B3-C9C6-4C5A-94AB-B00654085181
43194.1785577431,DeliverablesSetup,UI Framework,Close Console,Click,Button,,UIInteraction,JobGuid=84DEE8B3-C9C6-4C5A-94AB-B00654085181
43194.17857375,DeliverablesSetup,UI Framework,OK to Close Deliverables - Display Console,Click,Button,OK,UIInteraction,
43194.1786553935,,Console/Job Manager,Stop Setup Console,Click,Button,Stop,UIInteraction,JobGuid=84DEE8B3-C9C6-4C5A-94AB-B00654085181
43194.1787187268,,Console/Job Manager,Stop Job,Click,Button,Stop,UIInteraction,JobGuid=84DEE8B3-C9C6-4C5A-94AB-B00654085181
