Time,Process,Component,Operation,Action,Control,ControlText,Category,Context
43194.0230552894,,Console/Job Manager,Start Job,Click,Button,Start,UIInteraction,JobName=CMRT-DTC;WellName=BGC;ClientName=BGC;StartDate=4/4/2018 12:33 AM;Workflow=Wireline;Simulator=True;UnitSystem=English;JobSize=0;State=Available;SideTrackId=0;SessionID=3EDB1E0D-FD0A-4FE2-912D-670B920EB5D5;SortOrder=1;JobGUID=2AB16F9E-408A-4AF5-90F5-A03DC1B9EFE2;WellGUID=1EE034B9-FD0A-4D77-A143-3938D806B1A3;BoreholeGUID=4A4611D9-510F-4D3C-964F-44F9C6AB80E7;MachineName=HPV01-011;UserName=Engineer;UserDomainName=HPV01-011;OS=Microsoft Windows NT 6.1.7601 Service Pack 1;StartedJobCount=0;TimeZone=00:00:00;IPAddress_1=192.168.78.169;IPAddress_2=::1;MWVersion=9.0.100745.3100
43194.0233079745,,Console/Job Manager,Stop Job,Click,Button,Stop,UIInteraction,JobGuid=2AB16F9E-408A-4AF5-90F5-A03DC1B9EFE2
43194.0234884375,,Console/Job Manager,Start Job,Click,Button,Start,UIInteraction,JobName=CMRT-DTC;WellName=BGC;ClientName=BGC;StartDate=4/4/2018 12:33 AM;Workflow=Wireline;Simulator=True;UnitSystem=English;RTBackupDir=C:\Autobackup;JobSize=0;State=Available;SideTrackId=0;SessionID=3EDB1E0D-FD0A-4FE2-912D-670B920EB5D5;SortOrder=1;JobGUID=2AB16F9E-408A-4AF5-90F5-A03DC1B9EFE2;WellGUID=1EE034B9-FD0A-4D77-A143-3938D806B1A3;BoreholeGUID=4A4611D9-510F-4D3C-964F-44F9C6AB80E7;MachineName=HPV01-011;UserName=Engineer;UserDomainName=HPV01-011;OS=Microsoft Windows NT 6.1.7601 Service Pack 1;StartedJobCount=0;TimeZone=00:00:00;IPAddress_1=192.168.78.169;IPAddress_2=::1;MWVersion=9.0.100745.3100
43194.0242483218,,Console/Job Manager,Start Setup Console,Click,Button,Start...,UIInteraction,JobGuid=2AB16F9E-408A-4AF5-90F5-A03DC1B9EFE2
43194.0243004514,Setup,Calibration,Select Calibration Report Type,Click,ComboBox,Technical Concise,UIInteraction,
43194.0243427083,Setup,UI Framework,Start Console,,,Setup - Job CMRT-DTC,UIAutomatic,
43194.0243556713,,Console/Job Manager,Start Deliverables Console,Click,Button,Start...,UIInteraction,JobGuid=2AB16F9E-408A-4AF5-90F5-A03DC1B9EFE2
43194.0244131019,DeliverablesSetup,Tier Manager,Tier Template Created for Tools in My Equipment,,,DTC-H Tier Created,Deliverables Console,
43194.0244129861,DeliverablesSetup,Tier Manager,Tier Template Created for Tools in My Equipment,,,LEH-QT Tier Created,Deliverables Console,
43194.0244131944,DeliverablesSetup,Tier Manager,Tier Template Created for Tools in My Equipment,,,CMRT-B Tier Created,Deliverables Console,
43194.0244219213,DeliverablesSetup,UI Framework,Start Console,,,Deliverables Console Setup - Job CMRT-DTC,UIAutomatic,
43194.0245860417,Setup,UI Framework,Switch Tab,Click,Tab,DnI Initializations,UIInteraction,
43194.0246433796,Setup,Run Manager (Internal),Start Run,Click,Button,Start,UIInteraction,RunGuid=E5FB38D3-842B-4E1B-9D20-719DEB3623B0;ToolstringGuid=91815B32-3423-450C-9CE0-E25A2D86CE4F;DownholeEquipments=CMRT-B:DTC-H:LEH-QT;TSLevelActiveSurfaceEquips=LOGGING_CABLE:TENSION_DEVICE:DEPTH_DEVICE:WAFE
43194.0247528009,Setup,Equipment,Activate Run,Click,Button,Activate,UIInteraction,ToolstringGuid=91815B32-3423-450C-9CE0-E25A2D86CE4F;DownholeEquipments=CMRT-B:DTC-H:LEH-QT;TSLevelActiveSurfaceEquips=LOGGING_CABLE:TENSION_DEVICE:DEPTH_DEVICE:WAFE
43194.0248897685,Simulation,UI Framework,Start Console,,,Simulation Console - Job CMRT-DTC,UIAutomatic,
43194.0249466435,WLAcquisition,Calibration,Select Calibration Report Type,Click,ComboBox,Technical Concise,UIInteraction,
43194.0249838426,WLAcquisition,UI Framework,Start Console,,,Acquisition Console - Job CMRT-DTC - Run 1,UIAutomatic,
43194.0249937037,WLAcquisition,Calibration,Select Tool in Calibration Report,Click,ComboBox,LEH-QT,UIInteraction,ToolName=LEH-QT
43194.0249936806,WLAcquisition,Calibration,Select Calibration in Calibration Report,Click,ComboBox,HTEN Before Calibration,UIInteraction,
43194.025252963,WLAcquisition,Data Acquiring - WL,Connect Hardware,Click,ToolbarButton,Connect to Hardware,UIInteraction,
43194.0253394676,WLAcquisition,Data Acquiring - WL,Start Dataflow,Click,ToolbarButton,Start Data Flow,UIInteraction,
43194.0254301852,WLAcquisition,Data Acquiring - WL,Enable Tool Power,Click,ToolbarButton,Enable Tool Power,UIInteraction,
43194.0254390278,WLAcquisition,UI Framework,Switch Tab,Click,Tab,Calibrations,UIInteraction,
43194.0254378009,WLAcquisition,CMRT-B,Read MCAL Data,,,,UIAutomatic,TaskName=CMRT-B: Read MCAL Data
43194.0255022454,WLAcquisition,CMRT-B,Read EEPROM Data,,,,UIAutomatic,TaskName=CMRT-B: Read EEPROM Data
43194.0255214931,Setup,Computation / Recomputation,ProcessRecomputeState,,,,UIAutomatic,JobGuid=2AB16F9E-408A-4AF5-90F5-A03DC1B9EFE2;State=UIS_RECOMPUTATION_STATE_PENDING;Scope=JobScope;RecompPercentageComplete=;MultipleRunsAffected=False;ActiveRunAffected=True;ActiveRunInProgress=False;RunCount=1;Run0Change0=Calibration;Run0Guid=E5FB38D3-842B-4E1B-9D20-719DEB3623B0
43194.0255215162,DeliverablesSetup,Computation / Recomputation,ProcessRecomputeState,,,,UIAutomatic,JobGuid=2AB16F9E-408A-4AF5-90F5-A03DC1B9EFE2;State=UIS_RECOMPUTATION_STATE_PENDING;Scope=JobScope;RecompPercentageComplete=;MultipleRunsAffected=False;ActiveRunAffected=True;ActiveRunInProgress=False;RunCount=1;Run0Change0=Calibration;Run0Guid=E5FB38D3-842B-4E1B-9D20-719DEB3623B0
43194.0255228588,WLAcquisition,Calibration,Choose Available Calibration,Click,ComboBox,12:30:00.000 08-Jun-2008,UIInteraction,
43194.0255230903,WLAcquisition,Calibration,Choose Available Calibration,Click,ComboBox,Nominal,UIInteraction,
43194.0255233102,WLAcquisition,Calibration,Choose Available Calibration,Click,ComboBox,Nominal,UIInteraction,
43194.0255265972,WLAcquisition,Calibration,Choose Available Calibration,Click,ComboBox,12:30:00.000 08-Jun-2008,UIInteraction,
43194.0255290857,WLAcquisition,Computation / Recomputation,ProcessRecomputeState,,,,UIAutomatic,JobGuid=2AB16F9E-408A-4AF5-90F5-A03DC1B9EFE2;State=UIS_RECOMPUTATION_STATE_PENDING;Scope=JobScope;RecompPercentageComplete=;MultipleRunsAffected=False;ActiveRunAffected=True;ActiveRunInProgress=False;RunCount=1;Run0Change0=Calibration;Run0Guid=E5FB38D3-842B-4E1B-9D20-719DEB3623B0
43194.0281354051,WLAcquisition,UI Framework,Switch Tab,Click,Tab,Tool Control,UIInteraction,
43194.0282328125,WLAcquisition,CMRT-B,Enable Sonde Power,RightClick,TreeView,Enable Sonde Power,UIInteraction,TaskName=Enable Sonde Power
43194.0282470949,WLAcquisition,CMRT-B,Enable Sonde Power,Click,ContextMenu,Perform,UIInteraction,TaskName=Enable Sonde Power
43194.0283742708,WLAcquisition,Tool Control,Perform Tool Control Task,Click,Button,Next,UIInteraction,TaskName=Enable Sonde Power
43194.0284310417,WLAcquisition,Tool Control,Perform Tool Control Task,Click,Button,Next,UIInteraction,TaskName=Enable Sonde Power
43194.0286053241,WLAcquisition,Tool Control,Perform Tool Control Task,Click,Button,Close,UIInteraction,TaskName=Enable Sonde Power
43194.0286479282,WLAcquisition,UI Framework,Switch Tab,Click,Tab,Operation,UIInteraction,
43194.0287238194,WLAcquisition,CMRT-B,Larmor Frequency Search,RightClick,TreeView,CMRT-B: Larmor Frequency Search,UIInteraction,TaskName=CMRT-B: Larmor Frequency Search
43194.0287383912,WLAcquisition,CMRT-B,Larmor Frequency Search,Click,ContextMenu,Perform,UIInteraction,TaskName=CMRT-B: Larmor Frequency Search
43194.0289054167,WLAcquisition,Calibration,Perform Calibration Task,Click,Button,Apply,UIInteraction,TaskName=CMRT-B: Larmor Frequency Search
43194.0289621759,WLAcquisition,Calibration,Perform Calibration Task,Click,Button,Apply,UIInteraction,TaskName=CMRT-B: Larmor Frequency Search
43194.0291339005,WLAcquisition,Calibration,Perform Calibration Task,Click,Button,Next,UIInteraction,TaskName=CMRT-B: Larmor Frequency Search
43194.0291590972,WLAcquisition,Calibration,Perform Calibration Task,Click,Button,OK,UIInteraction,TaskName=CMRT-B: Larmor Frequency Search
43194.0294317477,WLAcquisition,Calibration,Perform Calibration Task,Click,Button,OK,UIInteraction,TaskName=CMRT-B: Larmor Frequency Search
43194.0308139352,WLAcquisition,CMRT-B,Ringing Test,RightClick,TreeView,CMRT-B: Ringing Test,UIInteraction,TaskName=CMRT-B: Ringing Test
43194.0308281366,WLAcquisition,CMRT-B,Ringing Test,Click,ContextMenu,Perform,UIInteraction,TaskName=CMRT-B: Ringing Test
43194.0308913773,WLAcquisition,Calibration,Perform Calibration Task,Click,Button,Next,UIInteraction,TaskName=CMRT-B: Ringing Test
43194.0309358102,WLAcquisition,Calibration,Perform Calibration Task,Click,Button,Apply,UIInteraction,TaskName=CMRT-B: Ringing Test
43194.0309604861,WLAcquisition,Data Acquiring - WL,Unlock 3 Buttons,Click,ToolbarButton,Unlock,UIInteraction,
43194.0309627083,WLAcquisition,Data Acquiring - WL,Disable Tool Power,Click,ToolbarButton,Disable Tool Power,UIInteraction,
43194.031084919,WLAcquisition,Data Acquiring - WL,Stop Dataflow,Click,ToolbarButton,Stop Data Flow,UIInteraction,
43194.0312141782,WLAcquisition,Data Acquiring - WL,Disconnect Hardware,Click,ToolbarButton,Disconnect From Hardware,UIInteraction,
43194.0313339699,,Console/Job Manager,Stop Acquisition Console,Click,Button,Stop,UIInteraction,JobGuid=2AB16F9E-408A-4AF5-90F5-A03DC1B9EFE2
43194.0314161227,,Console/Job Manager,Start Acquisition Console,Click,Button,Start...,UIInteraction,JobGuid=2AB16F9E-408A-4AF5-90F5-A03DC1B9EFE2
43194.0314723843,WLAcquisition,Calibration,Select Calibration Report Type,Click,ComboBox,Technical Concise,UIInteraction,
43194.0314982292,WLAcquisition,Computation / Recomputation,ProcessRecomputeState,,,,UIAutomatic,JobGuid=2AB16F9E-408A-4AF5-90F5-A03DC1B9EFE2;State=UIS_RECOMPUTATION_STATE_PENDING;Scope=JobScope;RecompPercentageComplete=;MultipleRunsAffected=False;ActiveRunAffected=True;ActiveRunInProgress=False;RunCount=1;Run0Change0=Calibration;Run0Guid=E5FB38D3-842B-4E1B-9D20-719DEB3623B0
43194.0315109028,WLAcquisition,UI Framework,Start Console,,,Acquisition Console - Job CMRT-DTC - Run 1,UIAutomatic,
43194.0315177662,WLAcquisition,Calibration,Select Calibration in Calibration Report,Click,ComboBox,HTEN Before Calibration,UIInteraction,
43194.0315177778,WLAcquisition,Calibration,Select Tool in Calibration Report,Click,ComboBox,LEH-QT,UIInteraction,ToolName=LEH-QT
43194.0316199421,WLAcquisition,Data Acquiring - WL,Connect Hardware,Click,ToolbarButton,Connect to Hardware,UIInteraction,
43194.0316996181,WLAcquisition,Data Acquiring - WL,Start Dataflow,Click,ToolbarButton,Start Data Flow,UIInteraction,
43194.0318076968,WLAcquisition,Data Acquiring - WL,Enable Tool Power,Click,ToolbarButton,Enable Tool Power,UIInteraction,
43194.0318148264,WLAcquisition,CMRT-B,Read MCAL Data,,,,UIAutomatic,TaskName=CMRT-B: Read MCAL Data
43194.0318160301,WLAcquisition,UI Framework,Switch Tab,Click,Tab,Calibrations,UIInteraction,
43194.0318793519,WLAcquisition,CMRT-B,Read EEPROM Data,,,,UIAutomatic,TaskName=CMRT-B: Read EEPROM Data
43194.0318883333,WLAcquisition,Calibration,Choose Available Calibration,Click,ComboBox,Nominal,UIInteraction,
43194.0318881019,WLAcquisition,Calibration,Choose Available Calibration,Click,ComboBox,12:30:00.000 08-Jun-2008,UIInteraction,
43194.0318885648,WLAcquisition,Calibration,Choose Available Calibration,Click,ComboBox,Nominal,UIInteraction,
43194.0318925,WLAcquisition,Calibration,Choose Available Calibration,Click,ComboBox,12:30:00.000 08-Jun-2008,UIInteraction,
43194.0344102778,WLAcquisition,UI Framework,Switch Tab,Click,Tab,Tool Control,UIInteraction,
43194.0345067824,WLAcquisition,CMRT-B,Enable Sonde Power,RightClick,TreeView,Enable Sonde Power,UIInteraction,TaskName=Enable Sonde Power
43194.0345210995,WLAcquisition,CMRT-B,Enable Sonde Power,Click,ContextMenu,Perform,UIInteraction,TaskName=Enable Sonde Power
43194.0346449537,WLAcquisition,Tool Control,Perform Tool Control Task,Click,Button,Next,UIInteraction,TaskName=Enable Sonde Power
43194.0347102778,WLAcquisition,Tool Control,Perform Tool Control Task,Click,Button,Next,UIInteraction,TaskName=Enable Sonde Power
43194.0348716088,WLAcquisition,Tool Control,Perform Tool Control Task,Click,Button,Close,UIInteraction,TaskName=Enable Sonde Power
43194.0348913426,WLAcquisition,UI Framework,Switch Tab,Click,Tab,Operation,UIInteraction,
43194.0349415046,WLAcquisition,CMRT-B,Ringing Test,RightClick,TreeView,CMRT-B: Ringing Test,UIInteraction,TaskName=CMRT-B: Ringing Test
43194.0349558218,WLAcquisition,CMRT-B,Ringing Test,Click,ContextMenu,Perform,UIInteraction,TaskName=CMRT-B: Ringing Test
43194.0350270139,WLAcquisition,Calibration,Perform Calibration Task,Click,Button,Next,UIInteraction,TaskName=CMRT-B: Ringing Test
43194.0350790741,WLAcquisition,Calibration,Perform Calibration Task,Click,Button,Apply,UIInteraction,TaskName=CMRT-B: Ringing Test
43194.0444697454,WLAcquisition,Calibration,Perform Calibration Task,Click,Button,Close,UIInteraction,TaskName=CMRT-B: Ringing Test
43194.0454877778,WLAcquisition,CMRT-B,Read MCAL Data,RightClick,TreeView,CMRT-B: Read MCAL Data,UIInteraction,TaskName=CMRT-B: Read MCAL Data
43194.0455027431,WLAcquisition,CMRT-B,Read MCAL Data,Click,ContextMenu,Perform,UIInteraction,TaskName=CMRT-B: Read MCAL Data
43194.0455146759,WLAcquisition,CMRT-B,Read EEPROM Data,,,,UIAutomatic,TaskName=CMRT-B: Read EEPROM Data
43194.0455255671,WLAcquisition,Calibration,Choose Available Calibration,Click,ComboBox,12:30:00.000 08-Jun-2008,UIInteraction,
43194.0503365972,WLAcquisition,CMRT-B,Noise Test,RightClick,TreeView,CMRT-B: Noise Test,UIInteraction,TaskName=CMRT-B: Noise Test
43194.0503508218,WLAcquisition,CMRT-B,Noise Test,Click,ContextMenu,Perform,UIInteraction,TaskName=CMRT-B: Noise Test
43194.052199294,WLAcquisition,Calibration,Perform Calibration Task,Click,Button,Next,UIInteraction,TaskName=CMRT-B: Noise Test
43194.0536510764,WLAcquisition,Calibration,Perform Calibration Task,Click,Button,Apply,UIInteraction,TaskName=CMRT-B: Noise Test
43194.0552208218,WLAcquisition,Calibration,Perform Calibration Task,Click,Button,Close,UIInteraction,TaskName=CMRT-B: Noise Test
43194.0613699769,WLAcquisition,CMRT-B,Water Bottle Accumulation,RightClick,TreeView,Water Bottle Accumulation,UIInteraction,TaskName=Water Bottle Accumulation
43194.0613841667,WLAcquisition,CMRT-B,Water Bottle Accumulation,Click,ContextMenu,Perform,UIInteraction,TaskName=Water Bottle Accumulation
43194.0853879282,WLAcquisition,Calibration,Perform Calibration Task,Click,Button,Close,UIInteraction,TaskName=Water Bottle Accumulation
43194.0853907523,WLAcquisition,Calibration,Choose Available Calibration,Click,ComboBox,Nominal,UIInteraction,
43194.0863330208,WLAcquisition,Computation / Recomputation,Recompute All Pending Runs,Click,ToolbarButton,Recompute All Pending Runs,UIInteraction,
43194.0863331134,WLAcquisition,Computation / Recomputation,Start Recomputation During Acquisition,Click,ToolbarButton,Recompute All Pending Runs,UIInteraction,FeatureName=Framework.RTOOP
43194.0863332755,Setup,Computation / Recomputation,ProcessRecomputeState,,,,UIAutomatic,JobGuid=2AB16F9E-408A-4AF5-90F5-A03DC1B9EFE2;State=UIS_RECOMPUTATION_STATE_STARTING;Scope=JobScope;RecompPercentageComplete=;MultipleRunsAffected=False;ActiveRunAffected=True;ActiveRunInProgress=True;RunCount=1;Run0Change0=Calibration;Run0Guid=E5FB38D3-842B-4E1B-9D20-719DEB3623B0
43194.0863333218,DeliverablesSetup,Computation / Recomputation,ProcessRecomputeState,,,,UIAutomatic,JobGuid=2AB16F9E-408A-4AF5-90F5-A03DC1B9EFE2;State=UIS_RECOMPUTATION_STATE_STARTING;Scope=JobScope;RecompPercentageComplete=;MultipleRunsAffected=False;ActiveRunAffected=True;ActiveRunInProgress=True;RunCount=1;Run0Change0=Calibration;Run0Guid=E5FB38D3-842B-4E1B-9D20-719DEB3623B0
43194.0863336806,WLAcquisition,Computation / Recomputation,ProcessRecomputeState,,,,UIAutomatic,JobGuid=2AB16F9E-408A-4AF5-90F5-A03DC1B9EFE2;State=UIS_RECOMPUTATION_STATE_STARTING;Scope=JobScope;RecompPercentageComplete=;MultipleRunsAffected=False;ActiveRunAffected=True;ActiveRunInProgress=True;RunCount=1;Run0Change0=Calibration;Run0Guid=E5FB38D3-842B-4E1B-9D20-719DEB3623B0
43194.0864756829,WLAcquisition,Computation / Recomputation,ProcessRecomputeState,,,,UIAutomatic,JobGuid=2AB16F9E-408A-4AF5-90F5-A03DC1B9EFE2;State=UIS_RECOMPUTATION_STATE_IN_PROGRESS;Scope=JobScope;RecompPercentageComplete=;MultipleRunsAffected=False;ActiveRunAffected=True;ActiveRunInProgress=True;RunCount=1;Run0Change0=Calibration;Run0Guid=E5FB38D3-842B-4E1B-9D20-719DEB3623B0
43194.0864756597,DeliverablesSetup,Computation / Recomputation,ProcessRecomputeState,,,,UIAutomatic,JobGuid=2AB16F9E-408A-4AF5-90F5-A03DC1B9EFE2;State=UIS_RECOMPUTATION_STATE_IN_PROGRESS;Scope=JobScope;RecompPercentageComplete=;MultipleRunsAffected=False;ActiveRunAffected=True;ActiveRunInProgress=True;RunCount=1;Run0Change0=Calibration;Run0Guid=E5FB38D3-842B-4E1B-9D20-719DEB3623B0
43194.0864756829,Setup,Computation / Recomputation,ProcessRecomputeState,,,,UIAutomatic,JobGuid=2AB16F9E-408A-4AF5-90F5-A03DC1B9EFE2;State=UIS_RECOMPUTATION_STATE_IN_PROGRESS;Scope=JobScope;RecompPercentageComplete=;MultipleRunsAffected=False;ActiveRunAffected=True;ActiveRunInProgress=True;RunCount=1;Run0Change0=Calibration;Run0Guid=E5FB38D3-842B-4E1B-9D20-719DEB3623B0
43194.0866761111,Setup,Computation / Recomputation,ProcessRecomputeState,,,,UIAutomatic,JobGuid=2AB16F9E-408A-4AF5-90F5-A03DC1B9EFE2;State=UIS_RECOMPUTATION_STATE_SUCCEEDED;Scope=JobScope;RecompPercentageComplete=;MultipleRunsAffected=False;ActiveRunAffected=True;ActiveRunInProgress=True;RunCount=1;Run0Change0=Calibration;Run0Guid=E5FB38D3-842B-4E1B-9D20-719DEB3623B0
43194.0866761111,WLAcquisition,Computation / Recomputation,ProcessRecomputeState,,,,UIAutomatic,JobGuid=2AB16F9E-408A-4AF5-90F5-A03DC1B9EFE2;State=UIS_RECOMPUTATION_STATE_SUCCEEDED;Scope=JobScope;RecompPercentageComplete=;MultipleRunsAffected=False;ActiveRunAffected=True;ActiveRunInProgress=True;RunCount=1;Run0Change0=Calibration;Run0Guid=E5FB38D3-842B-4E1B-9D20-719DEB3623B0
43194.0866761227,DeliverablesSetup,Computation / Recomputation,ProcessRecomputeState,,,,UIAutomatic,JobGuid=2AB16F9E-408A-4AF5-90F5-A03DC1B9EFE2;State=UIS_RECOMPUTATION_STATE_SUCCEEDED;Scope=JobScope;RecompPercentageComplete=;MultipleRunsAffected=False;ActiveRunAffected=True;ActiveRunInProgress=True;RunCount=1;Run0Change0=Calibration;Run0Guid=E5FB38D3-842B-4E1B-9D20-719DEB3623B0
43194.0872349306,Simulation,UI Framework,Switch Tab,Click,Tab,CMRTB_SimUI : 2,UIInteraction,
43194.0889577546,Simulation,UI Framework,Switch Tab,Click,Tab,HWS_Simulator : 0,UIInteraction,
43194.0910876852,WLAcquisition,UI Framework,Switch Tab,Click,Tab,Tool Control,UIInteraction,
43194.0911787268,WLAcquisition,CMRT-B,Set Logging Mode,RightClick,TreeView,Set Logging Mode,UIInteraction,TaskName=Set Logging Mode
43194.0911936574,WLAcquisition,CMRT-B,Set Logging Mode,Click,ContextMenu,Perform,UIInteraction,TaskName=Set Logging Mode
43194.0914089236,WLAcquisition,UI Framework,Switch Tab,Click,Tab,MD,UIInteraction,
43194.0914109259,WLAcquisition,UI Framework,Switch Tab,Click,Tab,Calibrations,UIInteraction,
43194.0914414468,Simulation,UI Framework,Switch Tab,Click,Tab,CMRTB_SimUI : 2,UIInteraction,
43194.0914991319,Simulation,UI Framework,Switch Tab,Click,Tab,HWS_Simulator : 0,UIInteraction,
43194.091669838,WLAcquisition,CMRT-B,Enable Sonde Power,RightClick,TreeView,Enable Sonde Power,UIInteraction,TaskName=Enable Sonde Power
43194.0916841435,WLAcquisition,CMRT-B,Enable Sonde Power,Click,ContextMenu,Perform,UIInteraction,TaskName=Enable Sonde Power
43194.091762037,WLAcquisition,Tool Control,Perform Tool Control Task,Click,Button,Close,UIInteraction,TaskName=Enable Sonde Power
43194.0918107407,WLAcquisition,UI Framework,Switch Tab,Click,Tab,Operation,UIInteraction,
43194.091883206,WLAcquisition,Depth Log/Station Planning,Perform Logging Task,RightClick,TreeView,Depth Log,UIInteraction,TaskName=Depth Log
43194.0918979167,WLAcquisition,Depth Log/Station Planning,Perform Logging Task,Click,ContextMenu,Perform,UIInteraction,TaskName=Depth Log
43194.0923700926,WLAcquisition,Data Acquiring - WL,Start Depth Pass,Click,Button,Start,UIInteraction,PassGuid=4A91515A-BF16-4948-85F4-4FA314FECFE7;Objective=Log;Direction=Up;Depth=3047.99238
43194.0924465972,WLAcquisition,Data Acquiring - WL,Continue Depth Pass,Click,Button,Continue,UIInteraction,PassGuid=4A91515A-BF16-4948-85F4-4FA314FECFE7;Objective=Log;Direction=Up;Depth=3047.99238
43194.0924490162,WLAcquisition,UI Framework,Switch Tab,Click,Tab,MD,UIInteraction,
43194.0950346181,WLAcquisition,Data Acquiring - WL,Unlock Pass,Click,ToolbarButton,Click to Unlock Stop Button,UIInteraction,
43194.095129838,WLAcquisition,Data Acquiring - WL,Stop Depth Pass,Click,Button,Stop,UIInteraction,PassGuid=4A91515A-BF16-4948-85F4-4FA314FECFE7;Depth=3040.98198
43194.0952368287,WLAcquisition,UI Framework,Switch Tab,Click,Tab,Tool Control,UIInteraction,
43194.0953328588,WLAcquisition,CMRT-B,Set Logging Mode,RightClick,TreeView,Set Logging Mode,UIInteraction,TaskName=Set Logging Mode
43194.0953470718,WLAcquisition,CMRT-B,Set Logging Mode,Click,ContextMenu,Perform,UIInteraction,TaskName=Set Logging Mode
43194.0960525926,WLAcquisition,Data Acquiring - WL,Start Depth Pass,Click,Button,Start,UIInteraction,PassGuid=03C97337-A64A-4C4F-A179-7CF8165ABAAB;Objective=Log;Direction=Up;Depth=3040.98198
43194.0961236227,WLAcquisition,Data Acquiring - WL,Continue Depth Pass,Click,Button,Continue,UIInteraction,PassGuid=03C97337-A64A-4C4F-A179-7CF8165ABAAB;Objective=Log;Direction=Up;Depth=3040.98198
43194.0976034375,WLAcquisition,Data Acquiring - WL,Unlock Pass,Click,ToolbarButton,Click to Unlock Stop Button,UIInteraction,
43194.0977012616,WLAcquisition,Data Acquiring - WL,Stop Depth Pass,Click,Button,Stop,UIInteraction,PassGuid=03C97337-A64A-4C4F-A179-7CF8165ABAAB;Depth=3032.75238
43194.0979058565,WLAcquisition,CMRT-B,Set Logging Mode,RightClick,TreeView,Set Logging Mode,UIInteraction,TaskName=Set Logging Mode
43194.0979204745,WLAcquisition,CMRT-B,Set Logging Mode,Click,ContextMenu,Perform,UIInteraction,TaskName=Set Logging Mode
43194.0983822454,WLAcquisition,CMRT-B,Set Logging Mode,RightClick,TreeView,Set Logging Mode,UIInteraction,TaskName=Set Logging Mode
43194.0983973032,WLAcquisition,CMRT-B,Set Logging Mode,Click,ContextMenu,Perform,UIInteraction,TaskName=Set Logging Mode
43194.0990356829,WLAcquisition,Data Acquiring - WL,Start Depth Pass,Click,Button,Start,UIInteraction,PassGuid=6BDE06A1-0E2B-4029-8CD0-410C001B835E;Objective=Log;Direction=Up;Depth=3032.75238
43194.0991088079,WLAcquisition,Data Acquiring - WL,Continue Depth Pass,Click,Button,Continue,UIInteraction,PassGuid=6BDE06A1-0E2B-4029-8CD0-410C001B835E;Objective=Log;Direction=Up;Depth=3032.75238
43194.1014308102,WLAcquisition,Data Acquiring - WL,Unlock Pass,Click,ToolbarButton,Click to Unlock Stop Button,UIInteraction,
43194.1015272454,WLAcquisition,Data Acquiring - WL,Stop Depth Pass,Click,Button,Stop,UIInteraction,PassGuid=6BDE06A1-0E2B-4029-8CD0-410C001B835E;Depth=3017.51238
43194.1016695486,WLAcquisition,UI Framework,Switch Tab,Click,Tab,Operation,UIInteraction,
43194.1017418866,WLAcquisition,Depth Log/Station Planning,Perform Logging Task,RightClick,TreeView,Station Log,UIInteraction,TaskName=Station Log
43194.10175625,WLAcquisition,Depth Log/Station Planning,Perform Logging Task,Click,ContextMenu,Perform,UIInteraction,TaskName=Station Log
43194.1018433912,WLAcquisition,UI Framework,Switch Tab,Click,Tab,Tool Control,UIInteraction,
43194.1019450116,WLAcquisition,CMRT-B,Set Logging Mode,RightClick,TreeView,Set Logging Mode,UIInteraction,TaskName=Set Logging Mode
43194.1019591667,WLAcquisition,CMRT-B,Set Logging Mode,Click,ContextMenu,Perform,UIInteraction,TaskName=Set Logging Mode
43194.1023233333,WLAcquisition,Data Acquiring - WL,Start Station Pass,Click,Button,Start,UIInteraction,PassGuid=5DA8A741-170F-4555-8890-DDA7E1792281;Main Objective=CMRT Station Log
43194.1024152199,WLAcquisition,Data Acquiring - WL,Continue Station Pass,Click,Button,Continue,UIInteraction,PassGuid=5DA8A741-170F-4555-8890-DDA7E1792281;Main Objective=CMRT Station Log
43194.1024231482,WLAcquisition,UI Framework,Switch Tab,Click,Tab,Station,UIInteraction,
43194.1028095949,WLAcquisition,Data Acquiring - WL,Unlock Pass,Click,ToolbarButton,Click to Unlock Stop Button,UIInteraction,
43194.1028279051,WLAcquisition,Data Acquiring - WL,Stop Station Pass,Click,Button,Stop,UIInteraction,PassGuid=5DA8A741-170F-4555-8890-DDA7E1792281;Depth=3017.51238
43194.1030451273,WLAcquisition,CMRT-B,Set Logging Mode,RightClick,TreeView,Set Logging Mode,UIInteraction,TaskName=Set Logging Mode
43194.1030603241,WLAcquisition,CMRT-B,Set Logging Mode,Click,ContextMenu,Perform,UIInteraction,TaskName=Set Logging Mode
43194.1034196991,WLAcquisition,Data Acquiring - WL,Start Station Pass,Click,Button,Start,UIInteraction,PassGuid=8F7831BF-A433-46C6-AD2A-FEA7AC1DC9AB;Main Objective=CMRT Station Log
43194.1035106134,WLAcquisition,Data Acquiring - WL,Continue Station Pass,Click,Button,Continue,UIInteraction,PassGuid=8F7831BF-A433-46C6-AD2A-FEA7AC1DC9AB;Main Objective=CMRT Station Log
43194.1045913889,WLAcquisition,Data Acquiring - WL,Unlock Pass,Click,ToolbarButton,Click to Unlock Stop Button,UIInteraction,
43194.1046165856,WLAcquisition,Data Acquiring - WL,Stop Station Pass,Click,Button,Stop,UIInteraction,PassGuid=8F7831BF-A433-46C6-AD2A-FEA7AC1DC9AB;Depth=3017.51238
43194.1047273495,WLAcquisition,Data Acquiring - WL,Unlock 3 Buttons,Click,ToolbarButton,Unlock,UIInteraction,
43194.1047294792,WLAcquisition,Data Acquiring - WL,Disable Tool Power,Click,ToolbarButton,Disable Tool Power,UIInteraction,
43194.1048312963,WLAcquisition,Data Acquiring - WL,Stop Dataflow,Click,ToolbarButton,Stop Data Flow,UIInteraction,
43194.1049545602,WLAcquisition,Data Acquiring - WL,Disconnect Hardware,Click,ToolbarButton,Disconnect From Hardware,UIInteraction,
43194.1050506481,Setup,Run Manager (Internal),Stop Run,Click,Button,Stop,UIInteraction,RunGuid=E5FB38D3-842B-4E1B-9D20-719DEB3623B0
43194.105093206,Setup,Run Manager (Internal),Confirm to Stop Run,Click,Button,OK,UIInteraction,RunGuid=E5FB38D3-842B-4E1B-9D20-719DEB3623B0
43194.1051748148,Simulation,UI Framework,Close Console,Click,Button,,UIInteraction,JobGuid=2AB16F9E-408A-4AF5-90F5-A03DC1B9EFE2
43194.1052254861,DeliverablesSetup,UI Framework,Switch View,Click,ToolbarButton,Deliverables Display View,UIInteraction,
43194.1053003935,DeliverablesSetup,Deliverables - Digital,Create Job Archive,Click,ContextMenu,Create,UIInteraction,ArchiveGuid=2AB16F9E-408A-4AF5-90F5-A03DC1B9EFE2;JobArchiveType=3.0
43194.1054969792,DeliverablesSetup,UI Framework,Close Console,Click,Button,,UIInteraction,JobGuid=2AB16F9E-408A-4AF5-90F5-A03DC1B9EFE2
43194.1055348032,DeliverablesSetup,UI Framework,OK to Close Deliverables - Display Console,Click,Button,OK,UIInteraction,
43194.105615,,Console/Job Manager,Stop Setup Console,Click,Button,Stop,UIInteraction,JobGuid=2AB16F9E-408A-4AF5-90F5-A03DC1B9EFE2
43194.1056996991,,Console/Job Manager,Stop Job,Click,Button,Stop,UIInteraction,JobGuid=2AB16F9E-408A-4AF5-90F5-A03DC1B9EFE2
