43194.1499474306,,Console/Job Manager,New Job,Click,Button,New,UIInteraction,
43194.1499660069,,Console/Job Manager,Input Job Name,Input,TextBox,IFA-MasterCal,UIInteraction,
43194.1500104167,,Console/Job Manager,Input Well Name,Input,TextBox,Automation,UIInteraction,
43194.1500546528,,Console/Job Manager,Input Client Name,Input,TextBox,BGCAT,UIInteraction,
43194.1501915857,,Console/Job Manager,Check Simulator,Click,CheckBox,Simulator,UIInteraction,CheckState=True
43194.1503713657,,Console/Job Manager,Select Auto Backup Folder,Click,ComboBox,C:\RealTimeBU,UIInteraction,
43194.1557687153,,UI Framework,Switch Tab,Click,Tab,Job: IFA-MasterCal,UIInteraction,
43194.1965371181,,UI Framework,Switch Tab,Click,Tab,Messages: Job Independent,UIInteraction,
43194.1965428472,,UI Framework,Close Console,Click,Button,,UIInteraction,
