Time,Process,Component,Operation,Action,Control,ControlText,Category,Context
43193.7796038657,,Console/Job Manager,Start Job,Click,Button,Start,UIInteraction,JobName=CMRT-DTC;WellName=BGC;ClientName=BGCAT;StartDate=4/3/2018 6:42 PM;Workflow=Wireline;Simulator=True;UnitSystem=English;RTBackupDir=C:\Autobackup;JobSize=0;State=Available;SideTrackId=0;SessionID=6DFA2379-FA52-4403-824E-C6EAC60B047C;SortOrder=1;JobGUID=18C8A3AB-CA77-4946-9439-8F7C25A996B0;WellGUID=0420F613-C1B1-429E-AA38-66B2256378FB;BoreholeGUID=BA9CE5FA-5A9E-4822-885F-D82B6E97B82B;MachineName=HPV04-015;UserName=Engineer;UserDomainName=HPV04-015;OS=Microsoft Windows NT 6.1.7601 Service Pack 1;StartedJobCount=0;TimeZone=00:00:00;IPAddress_1=192.168.78.130;IPAddress_2=::1;MWVersion=9.0.100733.3100
43193.7800495602,,Console/Job Manager,Start Deliverables Console,Click,Button,Start...,UIInteraction,JobGuid=18C8A3AB-CA77-4946-9439-8F7C25A996B0
43193.7802372801,DeliverablesSetup,UI Framework,Start Console,,,Deliverables Console Setup - Job CMRT-DTC,UIAutomatic,
43193.7802557639,,Console/Job Manager,Start Setup Console,Click,Button,Start...,UIInteraction,JobGuid=18C8A3AB-CA77-4946-9439-8F7C25A996B0
43193.780327037,Setup,Calibration,Select Calibration Report Type,Click,ComboBox,Technical Concise,UIInteraction,
43193.7804232292,Setup,UI Framework,Start Console,,,Setup - Job CMRT-DTC,UIAutomatic,
43193.7804752431,Setup,Equipment,New ToolString,Click,ToolbarButton,New ToolString,UIInteraction,ToolstringName=New ToolString;ToolstringGuid=B01D26B2-8BA9-451E-B557-23F7983FFD09
43193.7805165509,Setup,Equipment,Rename ToolString,Input,TextBox,New ToolString,UIInteraction,ToolstringGuid=B01D26B2-8BA9-451E-B557-23F7983FFD09
43193.7805165741,Setup,Equipment,Rename ToolString,,,,UIAutomatic,State=Cancel
43193.7805271875,Setup,Equipment,Filter Equipment in Catalog,Input,TextBox,,UIInteraction,Text=CMRT-B
43193.7805274421,Setup,Equipment,Filter Equipment in Catalog,Input,TextBox,,UIInteraction,Text=CMRT-B
43193.7805302083,Setup,Equipment,Rename ToolString,Input,TextBox,New ToolString,UIInteraction,ToolstringGuid=B01D26B2-8BA9-451E-B557-23F7983FFD09
43193.7805320255,Setup,Equipment,Add Equipment from Catalog to ToolString,Click,ToolbarButton,Add to ToolString,UIInteraction,EquipmentName=CMRT-B
43193.7805445139,Setup,Equipment,Filter Equipment in Catalog,Input,TextBox,,UIInteraction,Text=DTC-H
43193.7805447454,Setup,Equipment,Filter Equipment in Catalog,Input,TextBox,,UIInteraction,Text=DTC-H
43193.7805447454,DeliverablesSetup,Tier Manager,Tier Template Created for Tools in My Equipment,,,CMRT-B Tier Created,Deliverables Console,
43193.7805490162,Setup,Equipment,Add Equipment from Catalog to ToolString,Click,ToolbarButton,Add to ToolString,UIInteraction,EquipmentName=DTC-H
43193.7805533681,Setup,Equipment,Filter Equipment in Catalog,Input,TextBox,,UIInteraction,Text=LEH-QT
43193.7805534722,Setup,Equipment,Filter Equipment in Catalog,Input,TextBox,,UIInteraction,Text=LEH-QT
43193.7805582407,Setup,Equipment,Add Equipment from Catalog to ToolString,Click,ToolbarButton,Add to ToolString,UIInteraction,EquipmentName=LEH-QT
43193.7806254398,Setup,Equipment,Rename ToolString,Click,ContextMenu,Rename,UIInteraction,
43193.7806330208,Setup,Equipment,Rename ToolString,Input,TextBox,CMRT-DTC,UIInteraction,ToolstringGuid=B01D26B2-8BA9-451E-B557-23F7983FFD09
43193.780765787,Setup,Properties & Parameters,Change Property Value,Update,GridCell,100,UIInteraction,OSDD=EP_SERIAL_NUMBER;EnsemblePath=CMRT-B:CMRC:CMRC
43193.7807847917,Setup,Properties & Parameters,Change Property Value,Update,GridCell,100,UIInteraction,OSDD=EP_SERIAL_NUMBER;EnsemblePath=CMRT-B:CMRC:CMRH
43193.7808042593,Setup,Properties & Parameters,Change Property Value,Update,GridCell,100,UIInteraction,OSDD=EP_SERIAL_NUMBER;EnsemblePath=CMRT-B:CMRS:CMRS
43193.7809449769,Setup,Properties & Parameters,Change Property Value,Update,GridCell,200,UIInteraction,OSDD=EP_SERIAL_NUMBER;EnsemblePath=CMRT-B:CMRC:CMRH
43193.7810777894,Setup,Properties & Parameters,Change Property Value,Update,GridCell,200,UIInteraction,OSDD=EP_SERIAL_NUMBER;EnsemblePath=CMRT-B:CMRC:CMRC
43193.7811039005,Setup,UI Framework,Switch Tab,Click,Tab,DnI Initializations,UIInteraction,
43193.7811175231,Setup,DnI/Survey,Select Decimal,Click,RadioButton,Decimal,UIInteraction,
43193.7811378588,Setup,DnI/Survey,Enter Latitude,Input,TextBox,39,UIInteraction,
43193.7811538194,Setup,DnI/Survey,Enter Longitude,Input,TextBox,116,UIInteraction,
43193.7811649074,Setup,UI Framework,Switch Tab,Click,Tab,Equipment,UIInteraction,
43193.7812124884,Setup,DnI/Survey,Select Log Measured From,Click,ComboBox,Drill Floor,UIInteraction,
43193.7812072917,Setup,DnI/Survey,Select Permanent Datum,Click,ComboBox,Mean Sea Level,UIInteraction,
43193.7812191667,Setup,DnI/Survey,Enter Elevation of 'Log Measured From',Input,TextBox,1000,UIInteraction,LogMeasuredFrom=Drill Floor
43193.781230463,Setup,UI Framework,Switch Tab,Click,Tab,DnI Initializations,UIInteraction,
43193.7812599769,Setup,DnI/Survey,Compute DnI/Elevation,Click,Button,Compute,UIInteraction,
43193.7813883218,Setup,UI Framework,Switch Tab,Click,Tab,Wellbore,UIInteraction,
43193.7813928819,Setup,Well Setup (Internal),Select Run Number,Click,ComboBox,1,UIInteraction,RunGuid=2D42A28A-4300-459C-868F-E6F4E9AD041D
43193.7814031713,Setup,Well Setup (Internal),Enter Size for Bit Size,Update,GridCell,17.5,UIInteraction,Row=1;Column=Size (in);RunGuid=2D42A28A-4300-459C-868F-E6F4E9AD041D
43193.7814212731,Setup,Well Setup (Internal),Enter Driller Top for Bit Size,Update,GridCell,0,UIInteraction,Row=1;Column=Driller Top (ft);RunGuid=2D42A28A-4300-459C-868F-E6F4E9AD041D
43193.7814397917,Setup,Well Setup (Internal),Enter Driller Bottom for Bit Size,Update,GridCell,10000,UIInteraction,Row=1;Column=Driller Bottom (ft);RunGuid=2D42A28A-4300-459C-868F-E6F4E9AD041D
43193.7814604167,Setup,Well Setup (Internal),Select Run Number,Click,ComboBox,1,UIInteraction,RunGuid=2D42A28A-4300-459C-868F-E6F4E9AD041D
43193.7814709606,Setup,Well Setup (Internal),Enter Size for Casings,Update,GridCell,10.75,UIInteraction,Row=1;Column=Size (in);RunGuid=2D42A28A-4300-459C-868F-E6F4E9AD041D
43193.7814886111,Setup,Well Setup (Internal),Enter Driller Top for Casings,Update,GridCell,0,UIInteraction,Row=1;Column=Driller Top (ft);RunGuid=2D42A28A-4300-459C-868F-E6F4E9AD041D
43193.781507419,Setup,Well Setup (Internal),Enter Driller Bottom for Casings,Update,GridCell,5000,UIInteraction,Row=1;Column=Driller Bottom (ft);RunGuid=2D42A28A-4300-459C-868F-E6F4E9AD041D
43193.7815256829,Setup,Well Setup (Internal),Enter Weight for Casings,Update,GridCell,109,UIInteraction,Row=1;Column=Weight (lbm/ft);RunGuid=2D42A28A-4300-459C-868F-E6F4E9AD041D
43193.7816177662,Setup,Well Setup (Internal),Enter Grade for Casings,Update,GridCell,K55,UIInteraction,Row=1;Column=Grade;RunGuid=2D42A28A-4300-459C-868F-E6F4E9AD041D
43193.7816354977,Setup,UI Framework,Switch Tab,Click,Tab,Runs,UIInteraction,
43193.7816683102,Setup,Run Manager (Internal),Associate toolstring to run,Update,GridCell,CMRT-DTC,UIInteraction,RunGuid=2D42A28A-4300-459C-868F-E6F4E9AD041D;ToolstringGuid=B01D26B2-8BA9-451E-B557-23F7983FFD09;DownholeEquipments=CMRT-BDTC-HLEH-QTEME-F;TSLevelActiveSurfaceEquips=DEPTH_DEVICETENSION_DEVICELOGGING_CABLEWAFEWITMDTM
43193.7818028009,Setup,Equipment,Close Toolstring Validation UI,Click,Button,Close,UIInteraction,ToolstringGuid=B01D26B2-8BA9-451E-B557-23F7983FFD09
43193.7818102662,DeliverablesSetup,UI Framework,Switch View,Click,ToolbarButton,Deliverables Display View,UIInteraction,
43193.7818854282,DeliverablesSetup,Deliverables - Digital,Create Job Archive,Click,ContextMenu,Create,UIInteraction,ArchiveGuid=18C8A3AB-CA77-4946-9439-8F7C25A996B0;JobArchiveType=3.0
43193.7822615972,DeliverablesSetup,UI Framework,Close Console,Click,Button,,UIInteraction,JobGuid=18C8A3AB-CA77-4946-9439-8F7C25A996B0
43193.7822958565,DeliverablesSetup,UI Framework,OK to Close Deliverables - Display Console,Click,Button,OK,UIInteraction,
43193.7823755903,,Console/Job Manager,Stop Setup Console,Click,Button,Stop,UIInteraction,JobGuid=18C8A3AB-CA77-4946-9439-8F7C25A996B0
43193.7824576389,,Console/Job Manager,Stop Job,Click,Button,Stop,UIInteraction,JobGuid=18C8A3AB-CA77-4946-9439-8F7C25A996B0
