43194.1631251968,,UI Framework,Start Console,,,Maxwell Manager,UIAutomatic,MachineName=HPV03-007;UserName=Engineer;UserDomainName=HPV03-007;OS=Microsoft Windows NT 6.1.7601 Service Pack 1;TimeZone=00:00:00;IPAddress_1=192.168.78.216;IPAddress_2=::1;MWVersion=9.0.100745.3100
43194.1631701852,,Console/Job Manager,Import Job Archive,Click,ContextMenu,Create Import,UIInteraction,
43194.1631813657,,Import/Export & Backup/Restore,Select file to import,Click,Button,...,UIInteraction,
43194.1632179514,,Import/Export & Backup/Restore,OK to select file,,,,UIAutomatic,FilePath=C:\DataValidation\ADT-C\ADT-C_Normal_4.0.8875_RA.Dlis
43194.1633423843,,Import/Export & Backup/Restore,Start Import,Click,Button,Import,UIInteraction,FilePath=C:\DataValidation\ADT-C\ADT-C_Normal_4.0.8875_RA.Dlis
43194.1657993171,,Import/Export & Backup/Restore,Close Import UI,Click,Button,Close,UIInteraction,
43194.1659539352,,Console/Job Manager,Select Auto Backup Folder,Click,ComboBox,C:\Autobackup,UIInteraction,
43194.1706078125,,UI Framework,Close Console,Click,Button,,UIInteraction,
43194.1740386574,,UI Framework,Initialize Maxwell Manager Process Name,,,Initialize Maxwell Manager Process Name,,
43194.1740598611,,UI Framework,Start Console,,,Maxwell Manager,UIAutomatic,MachineName=HPV03-007;UserName=Engineer;UserDomainName=HPV03-007;OS=Microsoft Windows NT 6.1.7601 Service Pack 1;TimeZone=00:00:00;IPAddress_1=192.168.78.216;IPAddress_2=::1;MWVersion=9.0.100745.3100
43194.174294537,,Console/Job Manager,Import Job Archive,Click,ContextMenu,Create Import,UIInteraction,
43194.1743022106,,Import/Export & Backup/Restore,Select file to import,Click,Button,...,UIInteraction,
43194.1743091898,,Import/Export & Backup/Restore,OK to select file,,,,UIAutomatic,FilePath=C:\DataValidation\ECS-A\ECS-A_Normal_3.0.9501.1001_JA.Dlis
43194.1743643866,,Import/Export & Backup/Restore,Start Import,Click,Button,Import,UIInteraction,FilePath=C:\DataValidation\ECS-A\ECS-A_Normal_3.0.9501.1001_JA.Dlis
43194.1752049306,,Import/Export & Backup/Restore,Close Import UI,Click,Button,Close,UIInteraction,
43194.1753410417,,Console/Job Manager,Select Auto Backup Folder,Click,ComboBox,C:\Autobackup,UIInteraction,
43194.1790754167,,UI Framework,Close Console,Click,Button,,UIInteraction,
43194.1824143287,,UI Framework,Initialize Maxwell Manager Process Name,,,Initialize Maxwell Manager Process Name,,
43194.1824335301,,UI Framework,Start Console,,,Maxwell Manager,UIAutomatic,MachineName=HPV03-007;UserName=Engineer;UserDomainName=HPV03-007;OS=Microsoft Windows NT 6.1.7601 Service Pack 1;TimeZone=00:00:00;IPAddress_1=192.168.78.216;IPAddress_2=::1;MWVersion=9.0.100745.3100
43194.1826597338,,Console/Job Manager,New Job,Click,Button,New,UIInteraction,
43194.1826767014,,Console/Job Manager,Input Job Name,Input,TextBox,MAST_EDTC,UIInteraction,
43194.1827204514,,Console/Job Manager,Input Well Name,Input,TextBox,BGC,UIInteraction,
43194.1827652199,,Console/Job Manager,Input Client Name,Input,TextBox,BGCAT,UIInteraction,
43194.1828587963,,Console/Job Manager,Check Simulator,Click,CheckBox,Simulator,UIInteraction,CheckState=True
43194.1830770833,,Console/Job Manager,Select Auto Backup Folder,Click,ComboBox,C:\Autobackup,UIInteraction,
43194.188859294,,UI Framework,Switch Tab,Click,Tab,Job: MAST_EDTC,UIInteraction,
43194.2139430208,,UI Framework,Switch Tab,Click,Tab,Messages: Job Independent,UIInteraction,
43194.2139556597,,UI Framework,Close Console,Click,Button,,UIInteraction,
