Time,Process,Component,Operation,Action,Control,ControlText,Category,Context
43194.2163927546,,Console/Job Manager,Start Job,Click,Button,Start,UIInteraction,JobName=WXT_CNTK;WellName=HFE;ClientName=BGCAT;StartDate=4/4/2018 5:10 AM;Workflow=Wireline;Simulator=True;UnitSystem=English;RTBackupDir=C:\Autobackup;JobSize=0;State=Available;SideTrackId=0;SessionID=228EAEB0-92EC-4E32-B5B3-B6889BC9EC58;SortOrder=1;JobGUID=217E57D7-6EDA-44C9-B0DA-6F7600875F7C;WellGUID=D7391D40-9050-4B2F-8FA7-BB3A0E6DC6DE;BoreholeGUID=9ADDBFDA-F43C-4292-8B2B-95E19D5B8C23;MachineName=HPV05-015;UserName=Engineer;UserDomainName=HPV05-015;OS=Microsoft Windows NT 6.1.7601 Service Pack 1;StartedJobCount=0;TimeZone=00:00:00;IPAddress_1=192.168.78.191;IPAddress_2=::1;MWVersion=9.0.100745.3100
43194.2164731134,,Console/Job Manager,Start Deliverables Console,Click,Button,Start...,UIInteraction,JobGuid=217E57D7-6EDA-44C9-B0DA-6F7600875F7C
43194.2165552083,DeliverablesSetup,UI Framework,Start Console,,,Deliverables Console Setup - Job WXT_CNTK,UIAutomatic,
43194.2165693519,,Console/Job Manager,Start Setup Console,Click,Button,Start...,UIInteraction,JobGuid=217E57D7-6EDA-44C9-B0DA-6F7600875F7C
43194.2167445139,Setup,Calibration,Select Calibration Report Type,Click,ComboBox,Technical Concise,UIInteraction,
43194.2167505671,Setup,UI Framework,Start Console,,,Setup - Job WXT_CNTK,UIAutomatic,
43194.2168042014,Setup,Equipment,New ToolString,Click,ToolbarButton,New ToolString,UIInteraction,ToolstringName=New ToolString;ToolstringGuid=B9DCF14E-96E6-414A-B9B9-5A0DE829E784
43194.2168433912,Setup,Equipment,Rename ToolString,Input,TextBox,New ToolString,UIInteraction,ToolstringGuid=B9DCF14E-96E6-414A-B9B9-5A0DE829E784
43194.2168434028,Setup,Equipment,Rename ToolString,,,,UIAutomatic,State=Cancel
43194.2168548264,Setup,Equipment,Filter Equipment in Catalog,Input,TextBox,,UIInteraction,Text=ZAIT-H
43194.2168551042,Setup,Equipment,Filter Equipment in Catalog,Input,TextBox,,UIInteraction,Text=ZAIT-H
43194.2168582176,Setup,Equipment,Rename ToolString,Input,TextBox,New ToolString,UIInteraction,ToolstringGuid=B9DCF14E-96E6-414A-B9B9-5A0DE829E784
43194.2168601157,Setup,Equipment,Add Equipment from Catalog to ToolString,Click,ToolbarButton,Add to ToolString,UIInteraction,EquipmentName=ZAIT-H
43194.2168852546,Setup,Equipment,Filter Equipment in Catalog,Input,TextBox,,UIInteraction,Text=WXT-A
43194.2168853819,Setup,Equipment,Filter Equipment in Catalog,Input,TextBox,,UIInteraction,Text=WXT-A
43194.2168857176,DeliverablesSetup,Tier Manager,Tier Template Created for Tools in My Equipment,,,ZAIT-H Tier Created,Deliverables Console,
43194.2168900231,Setup,Equipment,Add Equipment from Catalog to ToolString,Click,ToolbarButton,Add to ToolString,UIInteraction,EquipmentName=WXT-A
43194.2168937847,Setup,Equipment,Filter Equipment in Catalog,Input,TextBox,,UIInteraction,Text=MRX-C
43194.2168940278,Setup,Equipment,Filter Equipment in Catalog,Input,TextBox,,UIInteraction,Text=MRX-C
43194.2168984954,Setup,Equipment,Add Equipment from Catalog to ToolString,Click,ToolbarButton,Add to ToolString,UIInteraction,EquipmentName=MRX-C
43194.2169171065,DeliverablesSetup,Tier Manager,Tier Template Created for Tools in My Equipment,,,MRX-C Tier Created,Deliverables Console,
43194.2169179167,Setup,Equipment,Filter Equipment in Catalog,Input,TextBox,,UIInteraction,Text=GPIT-F
43194.2169181482,Setup,Equipment,Filter Equipment in Catalog,Input,TextBox,,UIInteraction,Text=GPIT-F
43194.216922581,Setup,Equipment,Add Equipment from Catalog to ToolString,Click,ToolbarButton,Add to ToolString,UIInteraction,EquipmentName=GPIT-F
43194.2169338657,Setup,Equipment,Filter Equipment in Catalog,Input,TextBox,,UIInteraction,Text=CNT-K
43194.2169340278,Setup,Equipment,Filter Equipment in Catalog,Input,TextBox,,UIInteraction,Text=CNT-K
43194.2169387384,Setup,Equipment,Add Equipment from Catalog to ToolString,Click,ToolbarButton,Add to ToolString,UIInteraction,EquipmentName=CNT-K
43194.2169452315,Setup,Equipment,Filter Equipment in Catalog,Input,TextBox,,UIInteraction,Text=EDTC-B
43194.2169456019,Setup,Equipment,Filter Equipment in Catalog,Input,TextBox,,UIInteraction,Text=EDTC-B
43194.2169501852,Setup,Equipment,Add Equipment from Catalog to ToolString,Click,ToolbarButton,Add to ToolString,UIInteraction,EquipmentName=EDTC-B
43194.2169539931,Setup,Equipment,Filter Equipment in Catalog,Input,TextBox,,UIInteraction,Text=AH-215
43194.2169542361,Setup,Equipment,Filter Equipment in Catalog,Input,TextBox,,UIInteraction,Text=AH-215
43194.2169597454,Setup,Equipment,Add Equipment from Catalog to ToolString,Click,ToolbarButton,Add to ToolString,UIInteraction,EquipmentName=AH-215
43194.2169623727,Setup,Equipment,Filter Equipment in Catalog,Input,TextBox,,UIInteraction,Text=LEH-Q
43194.2169627315,Setup,Equipment,Filter Equipment in Catalog,Input,TextBox,,UIInteraction,Text=LEH-Q
43194.216968287,Setup,Equipment,Add Equipment from Catalog to ToolString,Click,ToolbarButton,Add to ToolString,UIInteraction,EquipmentName=LEH-Q
43194.2170574537,Setup,Equipment,Rename ToolString,Click,ContextMenu,Rename,UIInteraction,
43194.2170617477,Setup,Equipment,Rename ToolString,Input,TextBox,WXT,UIInteraction,ToolstringGuid=B9DCF14E-96E6-414A-B9B9-5A0DE829E784
43194.2171413542,Setup,Properties & Parameters,Show Infrequent Properties/Parameters,Click,ToolbarButton,Show Infrequent Properties,UIInteraction,
43194.2171966319,Setup,Properties & Parameters,Change Property Value,Update,GridCell,4.3,UIInteraction,OSDD=EP_INNER_DIAMETER;EnsemblePath=ZAIT-H:StandOff_7Fin
43194.2173603125,Setup,Properties & Parameters,Change Property Value,Update,GridCell,1,UIInteraction,OSDD=EP_SERIAL_NUMBER;EnsemblePath=ZAIT-H:AZIS:AZIS
43194.2173796759,Setup,Properties & Parameters,Change Property Value,Update,GridCell,1,UIInteraction,OSDD=EP_SERIAL_NUMBER;EnsemblePath=ZAIT-H:AZRM:AZRM
43194.2175389236,Setup,Properties & Parameters,Change Property Value,Update,GridCell,3,UIInteraction,OSDD=EP_SERIAL_NUMBER;EnsemblePath=MRPP
43194.2175591204,Setup,Properties & Parameters,Change Property Value,Update,GridCell,3,UIInteraction,OSDD=EP_SERIAL_NUMBER;EnsemblePath=MRTM
43194.2175796875,Setup,Properties & Parameters,Change Property Value,Update,GridCell,3,UIInteraction,OSDD=EP_SERIAL_NUMBER;EnsemblePath=MRX-C:MRXC:MRXC
43194.2176002315,Setup,Properties & Parameters,Change Property Value,Update,GridCell,3,UIInteraction,OSDD=EP_SERIAL_NUMBER;EnsemblePath=MRX-C:MRXE-CA
43194.2176200926,Setup,Properties & Parameters,Change Property Value,Update,GridCell,3,UIInteraction,OSDD=EP_SERIAL_NUMBER;EnsemblePath=MRX-C:MRXP:MRXP
43194.2176406597,Setup,Properties & Parameters,Change Property Value,Update,GridCell,3,UIInteraction,OSDD=EP_SERIAL_NUMBER;EnsemblePath=MRX-C:MRXS:MRXS
43194.2176608796,Setup,Properties & Parameters,Change Property Value,Update,GridCell,3,UIInteraction,OSDD=EP_SERIAL_NUMBER;EnsemblePath=MRX-C:MRXS:SLEEVE
43194.2178060764,Setup,Properties & Parameters,Change Property Value,Update,GridCell,1,UIInteraction,OSDD=EP_SERIAL_NUMBER;EnsemblePath=CNT-K:CNT-K:CNC-KA
43194.2178260301,Setup,Properties & Parameters,Change Property Value,Update,GridCell,1,UIInteraction,OSDD=EP_SERIAL_NUMBER;EnsemblePath=CNT-K:CNT-K:CND-A
43194.2178460069,Setup,Properties & Parameters,Change Property Value,Update,GridCell,1,UIInteraction,OSDD=EP_SERIAL_NUMBER;EnsemblePath=CNT-K:CNT-K:CNH-A
43194.217865081,Setup,Properties & Parameters,Change Property Value,Update,GridCell,1,UIInteraction,OSDD=EP_SERIAL_NUMBER;EnsemblePath=CNT-K:CNT-K:NPV-N
43194.2178846991,Setup,Properties & Parameters,Change Property Value,Update,GridCell,1,UIInteraction,OSDD=EP_SERIAL_NUMBER;EnsemblePath=CNT-K:CNT-K:NSR-F
43194.2179721412,Setup,UI Framework,Switch Tab,Click,Tab,Wellbore,UIInteraction,
43194.217976875,Setup,Well Setup (Internal),Select Run Number,Click,ComboBox,1,UIInteraction,RunGuid=185D3F65-C6F2-4443-BDA7-2D7A33B62D1A
43194.2179879514,Setup,Well Setup (Internal),Enter Size for Bit Size,Update,GridCell,8.5,UIInteraction,Row=1;Column=Size (in);RunGuid=185D3F65-C6F2-4443-BDA7-2D7A33B62D1A
43194.2180067361,Setup,Well Setup (Internal),Enter Driller Bottom for Bit Size,Update,GridCell,500,UIInteraction,Row=1;Column=Driller Bottom (ft);RunGuid=185D3F65-C6F2-4443-BDA7-2D7A33B62D1A
43194.2180271181,Setup,Well Setup (Internal),Select Run Number,Click,ComboBox,1,UIInteraction,RunGuid=185D3F65-C6F2-4443-BDA7-2D7A33B62D1A
43194.2180340625,Setup,Well Setup (Internal),Add Row for Bit Size,Click,ToolbarButton,Add Row,UIInteraction,Row=2;RunGuid=185D3F65-C6F2-4443-BDA7-2D7A33B62D1A
43194.218039375,Setup,Well Setup (Internal),Enter Size for Bit Size,Update,GridCell,6,UIInteraction,Row=2;Column=Size (in);RunGuid=185D3F65-C6F2-4443-BDA7-2D7A33B62D1A
43194.2180578704,Setup,Well Setup (Internal),Enter Driller Bottom for Bit Size,Update,GridCell,1000,UIInteraction,Row=2;Column=Driller Bottom (ft);RunGuid=185D3F65-C6F2-4443-BDA7-2D7A33B62D1A
43194.2180775579,Setup,Well Setup (Internal),Select Run Number,Click,ComboBox,1,UIInteraction,RunGuid=185D3F65-C6F2-4443-BDA7-2D7A33B62D1A
43194.2180881481,Setup,Well Setup (Internal),Enter Size for Casings,Update,GridCell,7,UIInteraction,Row=1;Column=Size (in);RunGuid=185D3F65-C6F2-4443-BDA7-2D7A33B62D1A
43194.2181058102,Setup,Well Setup (Internal),Enter Driller Top for Casings,Update,GridCell,0,UIInteraction,Row=1;Column=Driller Top (ft);RunGuid=185D3F65-C6F2-4443-BDA7-2D7A33B62D1A
43194.2181244444,Setup,Well Setup (Internal),Enter Driller Bottom for Casings,Update,GridCell,500,UIInteraction,Row=1;Column=Driller Bottom (ft);RunGuid=185D3F65-C6F2-4443-BDA7-2D7A33B62D1A
43194.2181428009,Setup,Well Setup (Internal),Enter Weight for Casings,Update,GridCell,24,UIInteraction,Row=1;Column=Weight (lbm/ft);RunGuid=185D3F65-C6F2-4443-BDA7-2D7A33B62D1A
43194.2182302546,Setup,Well Setup (Internal),Enter Grade for Casings,Update,GridCell,H40,UIInteraction,Row=1;Column=Grade;RunGuid=185D3F65-C6F2-4443-BDA7-2D7A33B62D1A
43194.2182473495,Setup,UI Framework,Switch Tab,Click,Tab,Runs,UIInteraction,
43194.2182817014,Setup,Run Manager (Internal),Associate toolstring to run,Update,GridCell,WXT,UIInteraction,RunGuid=185D3F65-C6F2-4443-BDA7-2D7A33B62D1A;ToolstringGuid=B9DCF14E-96E6-414A-B9B9-5A0DE829E784;DownholeEquipments=ZAIT-HWXT-AMRX-CGPIT-FCNT-KEDTC-BStandOffMolded_9inStandOff_7FinWEAR-RINGWEAR-RINGMRXE-CAEME-LAH-215LEH-Q;TSLevelActiveSurfaceEquips=DEPTH_DEVICETENSION_DEVICELOGGING_CABLEWAFEMRPPMRTMWITM
43194.2184159028,Setup,Equipment,Close Toolstring Validation UI,Click,Button,Close,UIInteraction,ToolstringGuid=B9DCF14E-96E6-414A-B9B9-5A0DE829E784
43194.2184190394,Setup,UI Framework,Switch Tab,Click,Tab,DnI Initializations,UIInteraction,
43194.2184371875,Setup,DnI/Survey,Select DMS,Click,RadioButton,DMS,UIInteraction,
43194.2184579282,Setup,DnI/Survey,Enter Latitude,Input,TextBox, 40 : 00 : 00.000 S,UIInteraction,
43194.2184664815,Setup,DnI/Survey,Enter Longitude,Input,TextBox, 120 : 00 : 00.000 W,UIInteraction,
43194.2184768634,Setup,UI Framework,Switch Tab,Click,Tab,Equipment,UIInteraction,
43194.2185226157,Setup,DnI/Survey,Select Permanent Datum,Click,ComboBox,Mean Sea Level,UIInteraction,
43194.2185282407,Setup,DnI/Survey,Select Log Measured From,Click,ComboBox,Drill Floor,UIInteraction,
43194.2185358565,Setup,DnI/Survey,Enter Elevation of 'Log Measured From',Input,TextBox,100,UIInteraction,LogMeasuredFrom=Drill Floor
43194.2185473843,Setup,UI Framework,Switch Tab,Click,Tab,DnI Initializations,UIInteraction,
43194.2185758102,Setup,UI Framework,Switch Tab,Click,Tab,Equipment,UIInteraction,
43194.2185959259,Setup,DnI/Survey,Select Permanent Datum,Click,ComboBox,Mean Sea Level,UIInteraction,
43194.2186013426,Setup,DnI/Survey,Select Log Measured From,Click,ComboBox,Drill Floor,UIInteraction,
43194.2186093287,Setup,DnI/Survey,Select Add Reference to Ground Level,Click,ComboBox,Yes,UIInteraction,
43194.2186215856,Setup,UI Framework,Switch Tab,Click,Tab,DnI Initializations,UIInteraction,
43194.2186553588,Setup,UI Framework,Switch Tab,Click,Tab,Equipment,UIInteraction,
43194.2186758218,Setup,DnI/Survey,Select Permanent Datum,Click,ComboBox,Mean Sea Level,UIInteraction,
43194.2186821644,Setup,DnI/Survey,Select Log Measured From,Click,ComboBox,Drill Floor,UIInteraction,
43194.2186946643,Setup,UI Framework,Switch Tab,Click,Tab,DnI Initializations,UIInteraction,
43194.2187254282,Setup,DnI/Survey,Compute DnI/Elevation,Click,Button,Compute,UIInteraction,
43194.2188592593,Setup,UI Framework,Switch Tab,Click,Tab,Well Properties,UIInteraction,
43194.2188694676,Setup,Well Setup (Internal),Select Header Type,Click,ComboBox,OP Openhole,UIInteraction,
43194.2188865046,Setup,Well Setup (Internal),Change Property Value,Update,GridCell,432-598-4456,UIInteraction,OSDD=APIN
43194.2189127431,Setup,Well Setup (Internal),Select Header Type,Click,ComboBox,OP Openhole,UIInteraction,
43194.218928125,Setup,Well Setup (Internal),Change Property Value,Update,GridCell,110,UIInteraction,OSDD=BAP
43194.2189555324,Setup,Well Setup (Internal),Select Header Type,Click,ComboBox,OP Openhole,UIInteraction,
43194.218972662,Setup,Well Setup (Internal),Change Property Value,Update,GridCell,Parish,UIInteraction,OSDD=CLAB
43194.2189997338,Setup,Well Setup (Internal),Select Header Type,Click,ComboBox,OP Openhole,UIInteraction,
43194.2190165162,Setup,Well Setup (Internal),Change Property Value,Update,GridCell,BGC,UIInteraction,OSDD=CN
43194.2190432986,Setup,Well Setup (Internal),Select Header Type,Click,ComboBox,OP Openhole,UIInteraction,
43194.2190739005,Setup,Well Setup (Internal),Change Property Value,Update,GridCell,N. America,UIInteraction,OSDD=CONT_REGION
43194.2190974421,Setup,Well Setup (Internal),Select Header Type,Click,ComboBox,OP Openhole,UIInteraction,
43194.2191170833,Setup,Well Setup (Internal),Change Property Value,Update,GridCell,Layfeyyet,UIInteraction,OSDD=COUN
43194.2191439931,Setup,Well Setup (Internal),Select Header Type,Click,ComboBox,OP Openhole,UIInteraction,
43194.2191612963,Setup,Well Setup (Internal),Change Property Value,Update,GridCell,4820,UIInteraction,OSDD=DSSN
43194.2191885417,Setup,Well Setup (Internal),Select Header Type,Click,ComboBox,OP Openhole,UIInteraction,
43194.2192091319,Setup,Well Setup (Internal),Change Property Value,Update,GridCell,Wildcat,UIInteraction,OSDD=FL
43194.2192409144,Setup,Well Setup (Internal),Select Header Type,Click,ComboBox,OP Openhole,UIInteraction,
43194.2192624421,Setup,Well Setup (Internal),Change Property Value,Update,GridCell,X=487769.8m,UIInteraction,OSDD=FL1
43194.2192896412,Setup,Well Setup (Internal),Select Header Type,Click,ComboBox,OP Openhole,UIInteraction,
43194.2193130903,Setup,Well Setup (Internal),Change Property Value,Update,GridCell,Y=40986921.5m,UIInteraction,OSDD=FL2
43194.2193408102,Setup,Well Setup (Internal),Select Header Type,Click,ComboBox,OP Openhole,UIInteraction,
43194.2193652083,Setup,Well Setup (Internal),Change Property Value,Update,GridCell,Permian West,UIInteraction,OSDD=FN
43194.2193910301,Setup,Well Setup (Internal),Select Header Type,Click,ComboBox,OP Openhole,UIInteraction,
43194.2194173843,Setup,Well Setup (Internal),Change Property Value,Update,GridCell,Tyler.TX,UIInteraction,OSDD=LUL
43194.2194435185,Setup,Well Setup (Internal),Select Header Type,Click,ComboBox,OP Openhole,UIInteraction,
43194.2194655324,Setup,Well Setup (Internal),Change Property Value,Update,GridCell,2280,UIInteraction,OSDD=LUN
43194.2194933565,Setup,Well Setup (Internal),Select Header Type,Click,ComboBox,OP Openhole,UIInteraction,
43194.2195158218,Setup,Well Setup (Internal),Change Property Value,Update,GridCell,USA,UIInteraction,OSDD=NATI
43194.2195418634,Setup,Well Setup (Internal),Select Header Type,Click,ComboBox,OP Openhole,UIInteraction,
43194.2195666551,Setup,Well Setup (Internal),Change Property Value,Update,GridCell,GC,UIInteraction,OSDD=OFFSHORE_BLOCK_NUMBER
43194.2195941667,Setup,Well Setup (Internal),Select Header Type,Click,ComboBox,OP Openhole,UIInteraction,
43194.2196222917,Setup,Well Setup (Internal),Change Property Value,Update,GridCell,Greywolf 104,UIInteraction,OSDD=RIGN
43194.2196502199,Setup,Well Setup (Internal),Select Header Type,Click,ComboBox,OP Openhole,UIInteraction,
43194.2196747454,Setup,Well Setup (Internal),Change Property Value,Update,GridCell,Land,UIInteraction,OSDD=RIGTYP
43194.2197019444,Setup,Well Setup (Internal),Select Header Type,Click,ComboBox,OP Openhole,UIInteraction,
43194.2197326505,Setup,Well Setup (Internal),Change Property Value,Update,GridCell,BX10238890,UIInteraction,OSDD=SON
43194.2197651968,Setup,Well Setup (Internal),Select Header Type,Click,ComboBox,OP Openhole,UIInteraction,
43194.2197928009,Setup,Well Setup (Internal),Change Property Value,Update,GridCell,TX,UIInteraction,OSDD=STAT
43194.2198195255,Setup,Well Setup (Internal),Select Header Type,Click,ComboBox,OP Openhole,UIInteraction,
43194.2198515162,Setup,Well Setup (Internal),Change Property Value,Update,GridCell,QA 1,UIInteraction,OSDD=WN
43194.2198779167,DeliverablesSetup,UI Framework,Switch View,Click,ToolbarButton,Deliverables Display View,UIInteraction,
43194.2199532639,DeliverablesSetup,Deliverables - Digital,Create Job Archive,Click,ContextMenu,Create,UIInteraction,ArchiveGuid=217E57D7-6EDA-44C9-B0DA-6F7600875F7C;JobArchiveType=3.0
43194.2203449884,DeliverablesSetup,UI Framework,Close Console,Click,Button,,UIInteraction,JobGuid=217E57D7-6EDA-44C9-B0DA-6F7600875F7C
43194.2203821065,DeliverablesSetup,UI Framework,OK to Close Deliverables - Display Console,Click,Button,OK,UIInteraction,
43194.2204628935,,Console/Job Manager,Stop Setup Console,Click,Button,Stop,UIInteraction,JobGuid=217E57D7-6EDA-44C9-B0DA-6F7600875F7C
43194.2205520255,,Console/Job Manager,Stop Job,Click,Button,Stop,UIInteraction,JobGuid=217E57D7-6EDA-44C9-B0DA-6F7600875F7C
