Time,Process,Component,Operation,Action,Control,ControlText,Category,Context
43194.1997930093,,Console/Job Manager,Start Job,Click,Button,Start,UIInteraction,JobName=DynamicTC_WXT;WellName=Dynamic tool configuration;ClientName=BGCAT;StartDate=4/4/2018 4:47 AM;Workflow=Wireline;Simulator=True;UnitSystem=English;RTBackupDir=C:\Autobackup;JobSize=0;State=Available;SideTrackId=0;SessionID=574C14DB-C55E-466C-A9F2-D935A97F5A8D;SortOrder=1;JobGUID=5B003186-966F-48B9-9862-BC49E38BEF6D;WellGUID=FB8BAA68-C636-4F16-B6F2-ADD0F4F68357;BoreholeGUID=8CBAB391-E880-4FA4-A700-A8E1C1683767;MachineName=HPV26-010;UserName=Engineer;UserDomainName=HPV26-010;OS=Microsoft Windows NT 6.1.7601 Service Pack 1;StartedJobCount=0;TimeZone=00:00:00;IPAddress_1=192.168.78.60;IPAddress_2=::1;MWVersion=9.0.100745.3100
43194.2000549653,,Console/Job Manager,Start Setup Console,Click,Button,Start...,UIInteraction,JobGuid=5B003186-966F-48B9-9862-BC49E38BEF6D
43194.2001820949,Setup,Calibration,Select Calibration Report Type,Click,ComboBox,Technical Concise,UIInteraction,
43194.2001859028,Setup,UI Framework,Start Console,,,Setup - Job DynamicTC_WXT,UIAutomatic,
43194.2002242014,Setup,Equipment,New ToolString,Click,ToolbarButton,New ToolString,UIInteraction,ToolstringName=New ToolString;ToolstringGuid=E1633E07-8ABD-465C-A626-5853FD43F920
43194.2002641204,Setup,Equipment,Rename ToolString,Input,TextBox,WXT_TC3_Both,UIInteraction,ToolstringGuid=E1633E07-8ABD-465C-A626-5853FD43F920
43194.2002745023,Setup,Equipment,Filter Equipment in Catalog,Input,TextBox,,UIInteraction,Text=FBST-B
43194.2002742245,Setup,Equipment,Filter Equipment in Catalog,Input,TextBox,,UIInteraction,Text=FBST-B
43194.200278912,Setup,Equipment,Add Equipment from Catalog to ToolString,Click,ToolbarButton,Add to ToolString,UIInteraction,EquipmentName=FBST-B
43194.2002895139,Setup,Equipment,Filter Equipment in Catalog,Input,TextBox,,UIInteraction,Text=WXT-A
43194.2002896065,Setup,Equipment,Filter Equipment in Catalog,Input,TextBox,,UIInteraction,Text=WXT-A
43194.2002936458,Setup,Equipment,Add Equipment from Catalog to ToolString,Click,ToolbarButton,Add to ToolString,UIInteraction,EquipmentName=WXT-A
43194.2002966319,Setup,Equipment,Filter Equipment in Catalog,Input,TextBox,,UIInteraction,Text=SGT-N
43194.200296713,Setup,Equipment,Filter Equipment in Catalog,Input,TextBox,,UIInteraction,Text=SGT-N
43194.2003017824,Setup,Equipment,Add Equipment from Catalog to ToolString,Click,ToolbarButton,Add to ToolString,UIInteraction,EquipmentName=SGT-N
43194.2003052662,Setup,Equipment,Filter Equipment in Catalog,Input,TextBox,,UIInteraction,Text=CMRT-B
43194.2003053588,Setup,Equipment,Filter Equipment in Catalog,Input,TextBox,,UIInteraction,Text=CMRT-B
43194.200309919,Setup,Equipment,Add Equipment from Catalog to ToolString,Click,ToolbarButton,Add to ToolString,UIInteraction,EquipmentName=CMRT-B
43194.2003165509,Setup,Equipment,Filter Equipment in Catalog,Input,TextBox,,UIInteraction,Text=DTC-H
43194.2003166435,Setup,Equipment,Filter Equipment in Catalog,Input,TextBox,,UIInteraction,Text=DTC-H
43194.200320706,Setup,Equipment,Add Equipment from Catalog to ToolString,Click,ToolbarButton,Add to ToolString,UIInteraction,EquipmentName=DTC-H
43194.2003235648,Setup,Equipment,Filter Equipment in Catalog,Input,TextBox,,UIInteraction,Text=AH-215
43194.200323669,Setup,Equipment,Filter Equipment in Catalog,Input,TextBox,,UIInteraction,Text=AH-215
43194.2003287732,Setup,Equipment,Add Equipment from Catalog to ToolString,Click,ToolbarButton,Add to ToolString,UIInteraction,EquipmentName=AH-215
43194.2003307639,Setup,Equipment,Filter Equipment in Catalog,Input,TextBox,,UIInteraction,Text=LEH-QT
43194.2003306481,Setup,Equipment,Filter Equipment in Catalog,Input,TextBox,,UIInteraction,Text=LEH-QT
43194.2003371528,Setup,Equipment,Add Equipment from Catalog to ToolString,Click,ToolbarButton,Add to ToolString,UIInteraction,EquipmentName=LEH-QT
43194.2004272338,Setup,Properties & Parameters,Show Infrequent Properties/Parameters,Click,ToolbarButton,Show Infrequent Properties,UIInteraction,
43194.2004928704,Setup,Properties & Parameters,Change Property Value,Update,GridCell,H441408 - Rigid Molded Aflas - blue,UIInteraction,OSDD=EP_WEAKPOINT_CODE;EnsemblePath=LEH-QT
43194.2007041435,Setup,Properties & Parameters,Change Property Value,Update,GridCell,200,UIInteraction,OSDD=EP_SERIAL_NUMBER;EnsemblePath=CMRT-B:CMRC:CMRC
43194.2007231134,Setup,Properties & Parameters,Change Property Value,Update,GridCell,200,UIInteraction,OSDD=EP_SERIAL_NUMBER;EnsemblePath=CMRT-B:CMRC:CMRH
43194.2008772801,Setup,Properties & Parameters,Change Property Value,Update,GridCell,100,UIInteraction,OSDD=EP_SERIAL_NUMBER;EnsemblePath=CMRT-B:CMRS:CMRS
43194.2009019329,Setup,UI Framework,Switch Tab,Click,Tab,DnI Initializations,UIInteraction,
43194.2009130093,Setup,DnI/Survey,Select DMS,Click,RadioButton,DMS,UIInteraction,
43194.2009325116,Setup,DnI/Survey,Enter Latitude,Input,TextBox, 35 : 59 : 00.000 S,UIInteraction,
43194.2009390162,Setup,DnI/Survey,Enter Longitude,Input,TextBox, 116 : 00 : 00.000 W,UIInteraction,
43194.2009491667,Setup,UI Framework,Switch Tab,Click,Tab,Equipment,UIInteraction,
43194.2009901968,Setup,DnI/Survey,Select Permanent Datum,Click,ComboBox,Mean Sea Level,UIInteraction,
43194.2009955671,Setup,DnI/Survey,Select Log Measured From,Click,ComboBox,Drill Floor,UIInteraction,
43194.2010075116,Setup,UI Framework,Switch Tab,Click,Tab,DnI Initializations,UIInteraction,
43194.2010294444,Setup,UI Framework,Switch Tab,Click,Tab,Equipment,UIInteraction,
43194.2010491898,Setup,UI Framework,Switch Tab,Click,Tab,DnI Initializations,UIInteraction,
43194.2010793634,Setup,UI Framework,Switch Tab,Click,Tab,Equipment,UIInteraction,
43194.2010898958,Setup,Equipment,Copy ToolString,Click,ContextMenu,Create Copy,UIInteraction,Source TooStringGuid=E1633E07-8ABD-465C-A626-5853FD43F920;Source ToolString Name=WXT_TC3_Both
43194.2012735532,Setup,Equipment,Rename ToolString,Click,ContextMenu,Rename,UIInteraction,
43194.2012832407,Setup,Equipment,Rename ToolString,Input,TextBox,WXT_TC3_Upper,UIInteraction,ToolstringGuid=75FFF976-44D5-42F4-A58C-161047E2E7D9
43194.2015432986,Setup,Run Manager (Internal),Associate toolstring to run,Update,GridCell,WXT_TC3_Both,UIInteraction,RunGuid=A2F0C708-F9B6-4702-ABE6-CAC4292925A1;ToolstringGuid=E1633E07-8ABD-465C-A626-5853FD43F920;DownholeEquipments=FBST-BWXT-ASGT-NCMRT-BDTC-HLEH-QTAH-185STANDOFFEME-FAH-215;TSLevelActiveSurfaceEquips=DEPTH_DEVICETENSION_DEVICELOGGING_CABLEWAFEWITMDTM
43194.201677963,Setup,Run Manager (Internal),Enter run name,Input,TextBox,1,UIInteraction,RunGuid=A2F0C708-F9B6-4702-ABE6-CAC4292925A1
43194.2016945718,Setup,Equipment,Close Toolstring Validation UI,Click,Button,Close,UIInteraction,ToolstringGuid=E1633E07-8ABD-465C-A626-5853FD43F920
43194.2017149306,Setup,Run Manager (Internal),Start Run,Click,Button,Start,UIInteraction,RunGuid=A2F0C708-F9B6-4702-ABE6-CAC4292925A1;ToolstringGuid=E1633E07-8ABD-465C-A626-5853FD43F920;DownholeEquipments=FBST-B:WXT-A:SGT-N:CMRT-B:DTC-H:AH-215:LEH-QT;TSLevelActiveSurfaceEquips=DEPTH_DEVICE:TENSION_DEVICE:LOGGING_CABLE:WAFE
43194.201822338,Setup,Equipment,Activate Run,Click,Button,Activate,UIInteraction,ToolstringGuid=E1633E07-8ABD-465C-A626-5853FD43F920;DownholeEquipments=FBST-B:WXT-A:SGT-N:CMRT-B:DTC-H:AH-215:LEH-QT;TSLevelActiveSurfaceEquips=DEPTH_DEVICE:TENSION_DEVICE:LOGGING_CABLE:WAFE
43194.2019778356,Simulation,UI Framework,Start Console,,,Simulation Console - Job DynamicTC_WXT,UIAutomatic,
43194.2020093171,WLAcquisition,Calibration,Select Calibration Report Type,Click,ComboBox,Technical Concise,UIInteraction,
43194.202059375,WLAcquisition,UI Framework,Start Console,,,Acquisition Console - Job DynamicTC_WXT - Run 1,UIAutomatic,
43194.2020895486,WLAcquisition,Calibration,Select Calibration in Calibration Report,Click,ComboBox,HTEN Before Calibration,UIInteraction,
43194.2020895718,WLAcquisition,Calibration,Select Tool in Calibration Report,Click,ComboBox,LEH-QT,UIInteraction,ToolName=LEH-QT
43194.2023199884,WLAcquisition,Data Acquiring - WL,Connect Hardware,Click,ToolbarButton,Connect to Hardware,UIInteraction,
43194.2025193287,WLAcquisition,Data Acquiring - WL,Start Dataflow,Click,ToolbarButton,Start Data Flow,UIInteraction,
43194.2025258449,WLAcquisition,WXT-A,Control DC Power,,,,UIAutomatic,TaskName=WXT-A: Control DC Power
43194.2027254514,WLAcquisition,Tool Control,Perform Tool Control Task,Click,Button,Apply,UIInteraction,TaskName=WXT-A: Control DC Power
43194.2027854514,WLAcquisition,Tool Control,Perform Tool Control Task,Click,Button,OK,UIInteraction,TaskName=WXT-A: Control DC Power
43194.2028709143,WLAcquisition,Data Acquiring - WL,Enable Tool Power,Click,ToolbarButton,Enable Tool Power,UIInteraction,
43194.2028789005,WLAcquisition,CMRT-B,Read MCAL Data,,,,UIAutomatic,TaskName=CMRT-B: Read MCAL Data
43194.2028799653,WLAcquisition,UI Framework,Switch Tab,Click,Tab,Calibrations,UIInteraction,
43194.2029436343,WLAcquisition,CMRT-B,Read EEPROM Data,,,,UIAutomatic,TaskName=CMRT-B: Read EEPROM Data
43194.2029664699,Setup,Computation / Recomputation,ProcessRecomputeState,,,,UIAutomatic,JobGuid=5B003186-966F-48B9-9862-BC49E38BEF6D;State=UIS_RECOMPUTATION_STATE_PENDING;Scope=JobScope;RecompPercentageComplete=;MultipleRunsAffected=False;ActiveRunAffected=True;ActiveRunInProgress=False;RunCount=1;Run0Change0=Calibration;Run0Guid=A2F0C708-F9B6-4702-ABE6-CAC4292925A1
43194.2029682407,WLAcquisition,Calibration,Choose Available Calibration,Click,ComboBox,12:30:00.000 08-Jun-2008,UIInteraction,
43194.202968669,WLAcquisition,Calibration,Choose Available Calibration,Click,ComboBox,Nominal,UIInteraction,
43194.2029688426,WLAcquisition,Calibration,Choose Available Calibration,Click,ComboBox,Nominal,UIInteraction,
43194.2029717361,WLAcquisition,Calibration,Choose Available Calibration,Click,ComboBox,12:30:00.000 08-Jun-2008,UIInteraction,
43194.2029750231,WLAcquisition,Computation / Recomputation,ProcessRecomputeState,,,,UIAutomatic,JobGuid=5B003186-966F-48B9-9862-BC49E38BEF6D;State=UIS_RECOMPUTATION_STATE_PENDING;Scope=JobScope;RecompPercentageComplete=;MultipleRunsAffected=False;ActiveRunAffected=True;ActiveRunInProgress=False;RunCount=1;Run0Change0=Calibration;Run0Guid=A2F0C708-F9B6-4702-ABE6-CAC4292925A1
43194.2057149537,WLAcquisition,FBST-B,GPIC EEPROM Read,RightClick,TreeView,FBST-B: GPIC EEPROM Read,UIInteraction,TaskName=FBST-B: GPIC EEPROM Read
43194.2057289815,WLAcquisition,FBST-B,GPIC EEPROM Read,Click,ContextMenu,Perform,UIInteraction,TaskName=FBST-B: GPIC EEPROM Read
43194.2057433102,Setup,Computation / Recomputation,ProcessRecomputeState,,,,UIAutomatic,JobGuid=5B003186-966F-48B9-9862-BC49E38BEF6D;State=UIS_RECOMPUTATION_STATE_PENDING;Scope=JobScope;RecompPercentageComplete=;MultipleRunsAffected=False;ActiveRunAffected=True;ActiveRunInProgress=False;RunCount=1;Run0Change0=Calibration;Run0Guid=A2F0C708-F9B6-4702-ABE6-CAC4292925A1
43194.2057457755,WLAcquisition,Calibration,Choose Available Calibration,Click,ComboBox,00:00:00.000 15-Feb-1986,UIInteraction,
43194.2057448958,WLAcquisition,Calibration,Choose Available Calibration,Click,ComboBox,00:00:00.000 15-Feb-1986,UIInteraction,
43194.2057477546,WLAcquisition,Computation / Recomputation,ProcessRecomputeState,,,,UIAutomatic,JobGuid=5B003186-966F-48B9-9862-BC49E38BEF6D;State=UIS_RECOMPUTATION_STATE_PENDING;Scope=JobScope;RecompPercentageComplete=;MultipleRunsAffected=False;ActiveRunAffected=True;ActiveRunInProgress=False;RunCount=1;Run0Change0=Calibration;Run0Guid=A2F0C708-F9B6-4702-ABE6-CAC4292925A1
43194.2057567014,Setup,Computation / Recomputation,ProcessRecomputeState,,,,UIAutomatic,JobGuid=5B003186-966F-48B9-9862-BC49E38BEF6D;State=UIS_RECOMPUTATION_STATE_PENDING;Scope=JobScope;RecompPercentageComplete=;MultipleRunsAffected=False;ActiveRunAffected=True;ActiveRunInProgress=False;RunCount=1;Run0Change0=Calibration;Run0Guid=A2F0C708-F9B6-4702-ABE6-CAC4292925A1
43194.2057582523,WLAcquisition,Calibration,Choose Available Calibration,Click,ComboBox,00:00:00.000 15-Feb-1992,UIInteraction,
43194.205759294,WLAcquisition,Calibration,Choose Available Calibration,Click,ComboBox,00:00:00.000 15-Feb-1992,UIInteraction,
43194.2057606829,WLAcquisition,Computation / Recomputation,ProcessRecomputeState,,,,UIAutomatic,JobGuid=5B003186-966F-48B9-9862-BC49E38BEF6D;State=UIS_RECOMPUTATION_STATE_PENDING;Scope=JobScope;RecompPercentageComplete=;MultipleRunsAffected=False;ActiveRunAffected=True;ActiveRunInProgress=False;RunCount=1;Run0Change0=Calibration;Run0Guid=A2F0C708-F9B6-4702-ABE6-CAC4292925A1
43194.2058758102,WLAcquisition,Depth Log/Station Planning,Perform Logging Task,RightClick,TreeView,Depth Log,UIInteraction,TaskName=Depth Log
43194.205890081,WLAcquisition,Depth Log/Station Planning,Perform Logging Task,Click,ContextMenu,Perform,UIInteraction,TaskName=Depth Log
43194.2060891204,WLAcquisition,UI Framework,Switch Tab,Click,Tab,Tool Control,UIInteraction,
43194.2061933796,WLAcquisition,CMRT-B,Enable Sonde Power,RightClick,TreeView,Enable Sonde Power,UIInteraction,TaskName=Enable Sonde Power
43194.2062072569,WLAcquisition,CMRT-B,Enable Sonde Power,Click,ContextMenu,Perform,UIInteraction,TaskName=Enable Sonde Power
43194.2063309606,WLAcquisition,Tool Control,Perform Tool Control Task,Click,Button,Next,UIInteraction,TaskName=Enable Sonde Power
43194.2063887616,WLAcquisition,Tool Control,Perform Tool Control Task,Click,Button,Next,UIInteraction,TaskName=Enable Sonde Power
43194.2065578241,WLAcquisition,Tool Control,Perform Tool Control Task,Click,Button,Close,UIInteraction,TaskName=Enable Sonde Power
43194.2065727199,Simulation,UI Framework,Switch Tab,Click,Tab,CMRTB_SimUI : 2,UIInteraction,
43194.2066441204,Simulation,UI Framework,Switch Tab,Click,Tab,HWS_Simulator : 0,UIInteraction,
43194.2068281944,WLAcquisition,CMRT-B,Set Logging Mode,RightClick,TreeView,Set Logging Mode,UIInteraction,TaskName=Set Logging Mode
43194.2068420718,WLAcquisition,CMRT-B,Set Logging Mode,Click,ContextMenu,Perform,UIInteraction,TaskName=Set Logging Mode
43194.2070799537,WLAcquisition,UI Framework,Switch Tab,Click,Tab,MD,UIInteraction,
43194.2070831713,WLAcquisition,UI Framework,Switch Tab,Click,Tab,Calibrations,UIInteraction,
43194.2076600579,WLAcquisition,Data Acquiring - WL,Start Depth Pass,Click,Button,Start,UIInteraction,PassGuid=33F624BD-AC4F-4515-AE43-B75CA4515AA6;Objective=Log;Direction=Up;Depth=908.09318
43194.2077090509,WLAcquisition,Tool Control,Perform Tool Control Task,Click,Button,Next,UIInteraction,TaskName=FBST-B: Connect EMEX
43194.2080405556,WLAcquisition,Tool Control,Perform Tool Control Task,Click,Button,Close,UIInteraction,TaskName=FBST-B: Connect EMEX
43194.2081988079,WLAcquisition,Data Acquiring - WL,Continue Depth Pass,Click,Button,Continue,UIInteraction,PassGuid=33F624BD-AC4F-4515-AE43-B75CA4515AA6;Objective=Log;Direction=Up;Depth=901.00404
43194.208201956,WLAcquisition,UI Framework,Switch Tab,Click,Tab,MD,UIInteraction,
43194.2086412963,WLAcquisition,Data Acquiring - WL,Unlock Pass,Click,ToolbarButton,Click to Unlock Stop Button,UIInteraction,
43194.2087372338,WLAcquisition,Data Acquiring - WL,Stop Depth Pass,Click,Button,Stop,UIInteraction,PassGuid=33F624BD-AC4F-4515-AE43-B75CA4515AA6;Depth=899.15746
43194.208880787,WLAcquisition,Data Acquiring - WL,Unlock 3 Buttons,Click,ToolbarButton,Unlock,UIInteraction,
43194.208883206,WLAcquisition,Data Acquiring - WL,Disable Tool Power,Click,ToolbarButton,Disable Tool Power,UIInteraction,
43194.2091577431,WLAcquisition,Data Acquiring - WL,Stop Dataflow,Click,ToolbarButton,Stop Data Flow,UIInteraction,
43194.2094377315,WLAcquisition,Data Acquiring - WL,Disconnect Hardware,Click,ToolbarButton,Disconnect From Hardware,UIInteraction,
43194.2095329977,Setup,Run Manager (Internal),Stop Run,Click,Button,Stop,UIInteraction,RunGuid=A2F0C708-F9B6-4702-ABE6-CAC4292925A1
43194.2095773958,Setup,Run Manager (Internal),Confirm to Stop Run,Click,Button,OK,UIInteraction,RunGuid=A2F0C708-F9B6-4702-ABE6-CAC4292925A1
43194.2096528241,Simulation,UI Framework,Close Console,Click,Button,,UIInteraction,JobGuid=5B003186-966F-48B9-9862-BC49E38BEF6D
43194.2097211921,Setup,Run Manager (Internal),Create new run,Click,ToolbarButton,New Run,UIInteraction,JobGuid=5B003186-966F-48B9-9862-BC49E38BEF6D
43194.2098443981,Setup,Run Manager (Internal),Associate toolstring to run,Update,GridCell,WXT_TC3_Upper,UIInteraction,RunGuid=4B93ADB7-AE22-40B1-8EEB-8C6308283BE3;ToolstringGuid=75FFF976-44D5-42F4-A58C-161047E2E7D9;DownholeEquipments=FBST-BWXT-ASGT-NCMRT-BDTC-HLEH-QTAH-185STANDOFFEME-FAH-215;TSLevelActiveSurfaceEquips=DEPTH_DEVICETENSION_DEVICELOGGING_CABLEWAFEWITMDTM
43194.2099791782,Setup,Run Manager (Internal),Enter run name,Input,TextBox,2,UIInteraction,RunGuid=4B93ADB7-AE22-40B1-8EEB-8C6308283BE3
43194.2099958333,Setup,Equipment,Close Toolstring Validation UI,Click,Button,Close,UIInteraction,ToolstringGuid=75FFF976-44D5-42F4-A58C-161047E2E7D9
43194.2100197569,Setup,Run Manager (Internal),Start Run,Click,Button,Start,UIInteraction,RunGuid=4B93ADB7-AE22-40B1-8EEB-8C6308283BE3;ToolstringGuid=75FFF976-44D5-42F4-A58C-161047E2E7D9;DownholeEquipments=WXT-A:SGT-N:CMRT-B:DTC-H:AH-215:LEH-QT;TSLevelActiveSurfaceEquips=DEPTH_DEVICE:TENSION_DEVICE:LOGGING_CABLE:WAFE
43194.2101255324,Setup,Equipment,Activate Run,Click,Button,Activate,UIInteraction,ToolstringGuid=75FFF976-44D5-42F4-A58C-161047E2E7D9;DownholeEquipments=WXT-A:SGT-N:CMRT-B:DTC-H:AH-215:LEH-QT;TSLevelActiveSurfaceEquips=DEPTH_DEVICE:TENSION_DEVICE:LOGGING_CABLE:WAFE
43194.2102495023,Simulation,UI Framework,Start Console,,,Simulation Console - Job DynamicTC_WXT,UIAutomatic,
43194.210296169,WLAcquisition,Calibration,Select Calibration Report Type,Click,ComboBox,Technical Concise,UIInteraction,
43194.2103077199,WLAcquisition,Computation / Recomputation,ProcessRecomputeState,,,,UIAutomatic,JobGuid=5B003186-966F-48B9-9862-BC49E38BEF6D;State=UIS_RECOMPUTATION_STATE_PENDING;Scope=JobScope;RecompPercentageComplete=;MultipleRunsAffected=False;ActiveRunAffected=True;ActiveRunInProgress=False;RunCount=1;Run0Change0=Calibration;Run0Guid=A2F0C708-F9B6-4702-ABE6-CAC4292925A1
43194.2103239005,WLAcquisition,UI Framework,Start Console,,,Acquisition Console - Job DynamicTC_WXT - Run 2,UIAutomatic,
43194.2103316435,WLAcquisition,Calibration,Select Calibration in Calibration Report,Click,ComboBox,HTEN Before Calibration,UIInteraction,
43194.2103316551,WLAcquisition,Calibration,Select Tool in Calibration Report,Click,ComboBox,LEH-QT,UIInteraction,ToolName=LEH-QT
43194.2106100347,WLAcquisition,Data Acquiring - WL,Connect Hardware,Click,ToolbarButton,Connect to Hardware,UIInteraction,
43194.2107232176,WLAcquisition,Data Acquiring - WL,Start Dataflow,Click,ToolbarButton,Start Data Flow,UIInteraction,
43194.2107271644,WLAcquisition,WXT-A,Control DC Power,,,,UIAutomatic,TaskName=WXT-A: Control DC Power
43194.2111166319,WLAcquisition,Tool Control,Perform Tool Control Task,Click,Button,Apply,UIInteraction,TaskName=WXT-A: Control DC Power
43194.2111809838,WLAcquisition,Tool Control,Perform Tool Control Task,Click,Button,OK,UIInteraction,TaskName=WXT-A: Control DC Power
43194.2112658912,WLAcquisition,Data Acquiring - WL,Enable Tool Power,Click,ToolbarButton,Enable Tool Power,UIInteraction,
43194.2112740278,WLAcquisition,UI Framework,Switch Tab,Click,Tab,Calibrations,UIInteraction,
43194.211273912,WLAcquisition,CMRT-B,Read MCAL Data,,,,UIAutomatic,TaskName=CMRT-B: Read MCAL Data
43194.2113738889,WLAcquisition,CMRT-B,Read EEPROM Data,,,,UIAutomatic,TaskName=CMRT-B: Read EEPROM Data
43194.2114058333,Setup,Computation / Recomputation,ProcessRecomputeState,,,,UIAutomatic,JobGuid=5B003186-966F-48B9-9862-BC49E38BEF6D;State=UIS_RECOMPUTATION_STATE_PENDING;Scope=JobScope;RecompPercentageComplete=;MultipleRunsAffected=False;ActiveRunAffected=False;ActiveRunInProgress=False;RunCount=1;Run0Change0=Calibration;Run0Guid=A2F0C708-F9B6-4702-ABE6-CAC4292925A1
43194.2114073958,WLAcquisition,Calibration,Choose Available Calibration,Click,ComboBox,12:30:00.000 08-Jun-2008,UIInteraction,
43194.2114076389,WLAcquisition,Calibration,Choose Available Calibration,Click,ComboBox,Nominal,UIInteraction,
43194.2114078009,WLAcquisition,Calibration,Choose Available Calibration,Click,ComboBox,Nominal,UIInteraction,
43194.2114105671,WLAcquisition,Calibration,Choose Available Calibration,Click,ComboBox,12:30:00.000 08-Jun-2008,UIInteraction,
43194.2114215162,WLAcquisition,Computation / Recomputation,ProcessRecomputeState,,,,UIAutomatic,JobGuid=5B003186-966F-48B9-9862-BC49E38BEF6D;State=UIS_RECOMPUTATION_STATE_PENDING;Scope=JobScope;RecompPercentageComplete=;MultipleRunsAffected=False;ActiveRunAffected=False;ActiveRunInProgress=False;RunCount=1;Run0Change0=Calibration;Run0Guid=A2F0C708-F9B6-4702-ABE6-CAC4292925A1
43194.2139556944,WLAcquisition,Depth Log/Station Planning,Perform Logging Task,RightClick,TreeView,Station Log,UIInteraction,TaskName=Station Log
43194.2139697685,WLAcquisition,Depth Log/Station Planning,Perform Logging Task,Click,ContextMenu,Perform,UIInteraction,TaskName=Station Log
43194.2140573495,WLAcquisition,UI Framework,Switch Tab,Click,Tab,Tool Control,UIInteraction,
43194.2141550463,WLAcquisition,CMRT-B,Set Logging Mode,RightClick,TreeView,Set Logging Mode,UIInteraction,TaskName=Set Logging Mode
43194.2141690394,WLAcquisition,CMRT-B,Set Logging Mode,Click,ContextMenu,Perform,UIInteraction,TaskName=Set Logging Mode
43194.2146067593,WLAcquisition,Data Acquiring - WL,Start Station Pass,Click,Button,Start,UIInteraction,PassGuid=763239E2-B491-4418-BB44-B44D733E3E0C;Main Objective=CMRT Station Log
43194.2147065162,WLAcquisition,Data Acquiring - WL,Continue Station Pass,Click,Button,Continue,UIInteraction,PassGuid=763239E2-B491-4418-BB44-B44D733E3E0C;Main Objective=CMRT Station Log
43194.2147169676,WLAcquisition,UI Framework,Switch Tab,Click,Tab,Station,UIInteraction,
43194.2151912153,WLAcquisition,Data Acquiring - WL,Unlock Pass,Click,ToolbarButton,Click to Unlock Stop Button,UIInteraction,
43194.215220162,WLAcquisition,Data Acquiring - WL,Stop Station Pass,Click,Button,Stop,UIInteraction,PassGuid=763239E2-B491-4418-BB44-B44D733E3E0C;Depth=914.39746
43194.2153253356,WLAcquisition,Data Acquiring - WL,Unlock 3 Buttons,Click,ToolbarButton,Unlock,UIInteraction,
43194.2153276042,WLAcquisition,Data Acquiring - WL,Disable Tool Power,Click,ToolbarButton,Disable Tool Power,UIInteraction,
43194.2156159491,WLAcquisition,Data Acquiring - WL,Stop Dataflow,Click,ToolbarButton,Stop Data Flow,UIInteraction,
43194.2157853241,WLAcquisition,Data Acquiring - WL,Disconnect Hardware,Click,ToolbarButton,Disconnect From Hardware,UIInteraction,
43194.215903831,Setup,Run Manager (Internal),Stop Run,Click,Button,Stop,UIInteraction,RunGuid=4B93ADB7-AE22-40B1-8EEB-8C6308283BE3
43194.2159528704,Setup,Run Manager (Internal),Confirm to Stop Run,Click,Button,OK,UIInteraction,RunGuid=4B93ADB7-AE22-40B1-8EEB-8C6308283BE3
43194.2160408912,Simulation,UI Framework,Close Console,Click,Button,,UIInteraction,JobGuid=5B003186-966F-48B9-9862-BC49E38BEF6D
43194.2162403241,,Console/Job Manager,Stop Setup Console,Click,Button,Stop,UIInteraction,JobGuid=5B003186-966F-48B9-9862-BC49E38BEF6D
43194.2163235764,,Console/Job Manager,Stop Job,Click,Button,Stop,UIInteraction,JobGuid=5B003186-966F-48B9-9862-BC49E38BEF6D
