Time,Process,Component,Operation,Action,Control,ControlText,Category,Context
43193.695406875,,Console/Job Manager,Start Job,Click,Button,Start,UIInteraction,JobName=09IOC0042-B;WellName=1-OGX-1-RJS;ClientName=OGX PETROLEO & GASLTDA.;StartDate=4/3/2018 4:41 PM;Workflow=D&M;Simulator=False;UnitSystem=Metric;JobSize=0;State=Available;SideTrackId=0;SessionID=B4269BFD-755D-4931-91AD-3477BB721D99;SortOrder=1;JobGUID=D55DF80F-D550-4C6A-8727-1C5C2C9E2EE1;WellGUID=C7B8DD33-D222-4255-ACF0-443A128E5FF6;BoreholeGUID=43C2E7E3-F628-40F9-A83C-7141E6FE71DE;MachineName=HPV03-010;UserName=Engineer;UserDomainName=HPV03-010;OS=Microsoft Windows NT 6.1.7601 Service Pack 1;StartedJobCount=0;TimeZone=00:00:00;IPAddress_1=192.168.178.59;IPAddress_2=::1;MWVersion=9.0.100732.3100
43193.6958347454,,Console/Job Manager,Stop Job,Click,Button,Stop,UIInteraction,JobGuid=D55DF80F-D550-4C6A-8727-1C5C2C9E2EE1
43193.6960413079,,Console/Job Manager,Start Job,Click,Button,Start,UIInteraction,JobName=09IOC0042-B;WellName=1-OGX-1-RJS;ClientName=OGX PETROLEO & GASLTDA.;StartDate=4/3/2018 4:41 PM;Workflow=D&M;Simulator=False;UnitSystem=Metric;RTBackupDir=C:\Autobackup;JobSize=0;State=Available;SideTrackId=0;SessionID=B4269BFD-755D-4931-91AD-3477BB721D99;SortOrder=1;JobGUID=D55DF80F-D550-4C6A-8727-1C5C2C9E2EE1;WellGUID=C7B8DD33-D222-4255-ACF0-443A128E5FF6;BoreholeGUID=43C2E7E3-F628-40F9-A83C-7141E6FE71DE;MachineName=HPV03-010;UserName=Engineer;UserDomainName=HPV03-010;OS=Microsoft Windows NT 6.1.7601 Service Pack 1;StartedJobCount=0;TimeZone=00:00:00;IPAddress_1=192.168.178.59;IPAddress_2=::1;MWVersion=9.0.100732.3100
43193.6968303241,,Console/Job Manager,Start Setup Console,Click,Button,Start...,UIInteraction,JobGuid=D55DF80F-D550-4C6A-8727-1C5C2C9E2EE1
43193.6970066319,Setup,UI Framework,Start Console,,,Setup - Job 09IOC0042-B,UIAutomatic,
43193.6970370486,,Console/Job Manager,Start Deliverables Console,Click,Button,Start...,UIInteraction,JobGuid=D55DF80F-D550-4C6A-8727-1C5C2C9E2EE1
43193.6970933218,DeliverablesSetup,Tier Manager,Tier Template Created for Tools in My Equipment,,,PDXTRA_675 Tier Created,Deliverables Console,
43193.6970935069,DeliverablesSetup,Tier Manager,Tier Template Created for Tools in My Equipment,,,ARC6 Tier Created,Deliverables Console,
43193.6970936227,DeliverablesSetup,Tier Manager,Tier Template Created for Tools in My Equipment,,,ADN6C Tier Created,Deliverables Console,
43193.6970938079,DeliverablesSetup,Tier Manager,Tier Template Created for Tools in My Equipment,,,SONICVISION6 Tier Created,Deliverables Console,
43193.697104213,DeliverablesSetup,UI Framework,Start Console,,,Deliverables Console Setup - Job 09IOC0042-B,UIAutomatic,
43193.6970946759,DeliverablesSetup,Tier Manager,Tier Template Created for Tools in My Equipment,,,TELE675 Tier Created,Deliverables Console,
43193.6972704167,Setup,UI Framework,Switch Tab,Click,Tab,DnI Initializations Run - 1,UIInteraction,
43193.6973444676,Setup,Run Manager (Internal),Start Run,Click,Button,Start,UIInteraction,RunGuid=35300CF6-7F8E-448D-94D2-67AAA79F7D99;ToolstringGuid=A706ED0E-5D39-48B8-A57A-26CD41061AB1;DownholeEquipments=Bit: 8 1/2":Stabilizer:PDXTRA_675:NMDC: 6 3/4":Stab: 6 3/4":NMDC: 6 3/4":Stab: 6 3/4":ARC6:TELE675:Stab: 6 3/4":SONICVISION6:ADN6C;TSLevelActiveSurfaceEquips=DRILLING_SURFACE
43193.6974663194,Setup,Equipment,Activate Run,Click,Button,Activate,UIInteraction,ToolstringGuid=A706ED0E-5D39-48B8-A57A-26CD41061AB1;DownholeEquipments=Bit: 8 1/2":Stabilizer:PDXTRA_675:NMDC: 6 3/4":Stab: 6 3/4":NMDC: 6 3/4":Stab: 6 3/4":ARC6:TELE675:Stab: 6 3/4":SONICVISION6:ADN6C;TSLevelActiveSurfaceEquips=DRILLING_SURFACE
43193.6976477431,DnMAcquisition,Data Acquiring - D&M,HSPM Control/Set Location,Click,ComboBox,LOCAL,UIInteraction,
43193.6976477662,DnMAcquisition,Data Acquiring - D&M,HSPM Control/Set Recover Buffer,Click,ComboBox,No,UIInteraction,
43193.6976654282,DnMAcquisition,UI Framework,Start Console,,,Acquisition Console - Job 09IOC0042-B - Run 1,UIAutomatic,
43193.6985911806,DnMAcquisition,Manage Tasks,HSPM Control,DoubleClick,TreeView,HSPM Control,UIInteraction,TaskName=HSPM Control
43193.6986196875,DnMAcquisition,Data Acquiring - D&M,HSPM Control/Set Recover Buffer,Click,ComboBox,No,UIInteraction,
43193.6986462616,DnMAcquisition,Data Acquiring - D&M,HSPM Control/Connect HSPM,Click,Button,Connect,UIInteraction,
43193.6986838773,DnMAcquisition,Data Acquiring - D&M,HSPM Control/Buffer Recovery Warning/OK,Click,Button,OK,UIInteraction,
43193.6992212616,DnMAcquisition,UI Framework,Switch Tab,Click,Tab,Data Gauges,UIInteraction,
43193.6993088426,DnMAcquisition,UI Framework,Switch Tab,Click,Tab,Time,UIInteraction,
43193.6993954051,DnMAcquisition,Data Gauge / Alerts,Delete DataGauge,Click,ToolbarButton,Delete Selected Gauge,UIInteraction,Channel OSDD= TSTA
43193.6994501852,DnMAcquisition,UI Framework,Switch Tab,Click,Tab,Data Gauges,UIInteraction,
43193.6995849884,DnMAcquisition,Data Gauge / Alerts,Add Data Gauge,Click,ToolbarButton,Add Data Gauges...,UIInteraction,
43193.699725544,DnMAcquisition,Data Explorer,Change Focused Item to Up-Level,Click,ToolbarButton,Level Up,UIInteraction,
43193.6997255671,DnMAcquisition,Data Explorer,Change Current Focused Item,,,,UIAutomatic,EntityName=Run 1;EntityType=16;EntityGuid=35300CF6-7F8E-448D-94D2-67AAA79F7D99
43193.6998106019,DnMAcquisition,Data Explorer,Change Focused Item to Up-Level,Click,ToolbarButton,Level Up,UIInteraction,
43193.699810625,DnMAcquisition,Data Explorer,Change Current Focused Item,,,,UIAutomatic,EntityName=1-OGX-1-RJS;EntityType=8;EntityGuid=43C2E7E3-F628-40F9-A83C-7141E6FE71DE
43193.6999018866,DnMAcquisition,Data Explorer,Change Focused Item to Up-Level,Click,ToolbarButton,Level Up,UIInteraction,
43193.6999019213,DnMAcquisition,Data Explorer,Change Current Focused Item,,,,UIAutomatic,EntityName=1-OGX-1-RJS;EntityType=4;EntityGuid=C7B8DD33-D222-4255-ACF0-443A128E5FF6
43193.6999879861,DnMAcquisition,Data Explorer,Change Focused Item to Up-Level,Click,ToolbarButton,Level Up,UIInteraction,
43193.6999879977,DnMAcquisition,Data Explorer,Change Current Focused Item,,,,UIAutomatic,EntityName=09IOC0042-B;EntityType=2;EntityGuid=D55DF80F-D550-4C6A-8727-1C5C2C9E2EE1
43193.7001106366,DnMAcquisition,Data Explorer,Change Current Focused Item,,,,UIAutomatic,EntityName=1-OGX-1-RJS;EntityType=4;EntityGuid=C7B8DD33-D222-4255-ACF0-443A128E5FF6
43193.7001805787,DnMAcquisition,Data Explorer,Change Current Focused Item,,,,UIAutomatic,EntityName=1-OGX-1-RJS;EntityType=8;EntityGuid=43C2E7E3-F628-40F9-A83C-7141E6FE71DE
43193.7002509954,DnMAcquisition,Data Explorer,Change Current Focused Item,,,,UIAutomatic,EntityName=Run 1;EntityType=16;EntityGuid=35300CF6-7F8E-448D-94D2-67AAA79F7D99
43193.7003201852,DnMAcquisition,Data Explorer,Change Current Focused Item,,,,UIAutomatic,EntityName=TimeLogicalAcq;EntityType=32;EntityGuid=9D43BF6C-9E1B-4E6F-87FA-CC1AFCC528A0
43193.7004102778,DnMAcquisition,Data Explorer,Click OK Button,Click,Button,OK,UIInteraction,Selection=STICK_STICK_RT_Stick Slip Indicator_TELE675_1___
43193.7004104282,DnMAcquisition,Data Gauge / Alerts,Select Channel in Channel Selection Dialog,Click,Button,OK,UIInteraction,Channel OSDD=STICK
43193.7004829167,Setup,Units,Show Unit System Manager,Click,MenuItem,Unit System Manager,UIInteraction,
43193.7006228935,Setup,Units,Change unit type,Click,ContextMenu,gal/min,UIInteraction,OldValue=L/min;UnitQuantity=MudFlowrate
43193.7006351505,Setup,Units,Save unit change to a different file,Click,Button,Save As...,UIInteraction,UnitSystem=OGXPETROLEO3
43193.7006361458,Setup,Units,Select unit system,Click,ComboBox,OGXPETROLEO3,UIInteraction,
43193.7006494907,Setup,Units,Select unit system,Click,ComboBox,OGXPETROLEO3,UIInteraction,
43193.7006849421,Setup,Units,Close Unit System Manager,Click,Button,Close,UIInteraction,
43193.7007534259,DnMAcquisition,Data Gauge / Alerts,Add Data Gauge,Click,ToolbarButton,Add Data Gauges...,UIInteraction,
43193.7008878819,DnMAcquisition,Data Explorer,Change Focused Item to Up-Level,Click,ToolbarButton,Level Up,UIInteraction,
43193.7008878935,DnMAcquisition,Data Explorer,Change Current Focused Item,,,,UIAutomatic,EntityName=Run 1;EntityType=16;EntityGuid=35300CF6-7F8E-448D-94D2-67AAA79F7D99
43193.7009726273,DnMAcquisition,Data Explorer,Change Focused Item to Up-Level,Click,ToolbarButton,Level Up,UIInteraction,
43193.7009726389,DnMAcquisition,Data Explorer,Change Current Focused Item,,,,UIAutomatic,EntityName=1-OGX-1-RJS;EntityType=8;EntityGuid=43C2E7E3-F628-40F9-A83C-7141E6FE71DE
43193.701054375,DnMAcquisition,Data Explorer,Change Focused Item to Up-Level,Click,ToolbarButton,Level Up,UIInteraction,
43193.7010543866,DnMAcquisition,Data Explorer,Change Current Focused Item,,,,UIAutomatic,EntityName=1-OGX-1-RJS;EntityType=4;EntityGuid=C7B8DD33-D222-4255-ACF0-443A128E5FF6
43193.7011443634,DnMAcquisition,Data Explorer,Change Focused Item to Up-Level,Click,ToolbarButton,Level Up,UIInteraction,
43193.701144375,DnMAcquisition,Data Explorer,Change Current Focused Item,,,,UIAutomatic,EntityName=09IOC0042-B;EntityType=2;EntityGuid=D55DF80F-D550-4C6A-8727-1C5C2C9E2EE1
43193.701257037,DnMAcquisition,Data Explorer,Change Current Focused Item,,,,UIAutomatic,EntityName=1-OGX-1-RJS;EntityType=4;EntityGuid=C7B8DD33-D222-4255-ACF0-443A128E5FF6
43193.7013189815,DnMAcquisition,Data Explorer,Change Current Focused Item,,,,UIAutomatic,EntityName=1-OGX-1-RJS;EntityType=8;EntityGuid=43C2E7E3-F628-40F9-A83C-7141E6FE71DE
43193.7013791551,DnMAcquisition,Data Explorer,Change Current Focused Item,,,,UIAutomatic,EntityName=Run 1;EntityType=16;EntityGuid=35300CF6-7F8E-448D-94D2-67AAA79F7D99
43193.7014392245,DnMAcquisition,Data Explorer,Change Current Focused Item,,,,UIAutomatic,EntityName=TimeLogicalAcq;EntityType=32;EntityGuid=9D43BF6C-9E1B-4E6F-87FA-CC1AFCC528A0
43193.7015084491,DnMAcquisition,Data Gauge / Alerts,Select Channel in Channel Selection Dialog,Click,Button,OK,UIInteraction,Channel OSDD=DATP_4304
43193.7015083912,DnMAcquisition,Data Explorer,Click OK Button,Click,Button,OK,UIInteraction,Selection=DATP_4304_DATP_4304_RT_Sonic Generic Data Point 3_SONICVISION6_1___
43193.7016205787,DnMAcquisition,Data Gauge / Alerts,Add Data Gauge,Click,ToolbarButton,Add Data Gauges...,UIInteraction,
43193.7017613079,DnMAcquisition,Data Explorer,Change Focused Item to Up-Level,Click,ToolbarButton,Level Up,UIInteraction,
43193.7017613194,DnMAcquisition,Data Explorer,Change Current Focused Item,,,,UIAutomatic,EntityName=Run 1;EntityType=16;EntityGuid=35300CF6-7F8E-448D-94D2-67AAA79F7D99
43193.7018449769,DnMAcquisition,Data Explorer,Change Current Focused Item,,,,UIAutomatic,EntityName=1-OGX-1-RJS;EntityType=8;EntityGuid=43C2E7E3-F628-40F9-A83C-7141E6FE71DE
43193.7018449653,DnMAcquisition,Data Explorer,Change Focused Item to Up-Level,Click,ToolbarButton,Level Up,UIInteraction,
43193.7019278935,DnMAcquisition,Data Explorer,Change Focused Item to Up-Level,Click,ToolbarButton,Level Up,UIInteraction,
43193.7019279051,DnMAcquisition,Data Explorer,Change Current Focused Item,,,,UIAutomatic,EntityName=1-OGX-1-RJS;EntityType=4;EntityGuid=C7B8DD33-D222-4255-ACF0-443A128E5FF6
43193.7020112384,DnMAcquisition,Data Explorer,Change Focused Item to Up-Level,Click,ToolbarButton,Level Up,UIInteraction,
43193.70201125,DnMAcquisition,Data Explorer,Change Current Focused Item,,,,UIAutomatic,EntityName=09IOC0042-B;EntityType=2;EntityGuid=D55DF80F-D550-4C6A-8727-1C5C2C9E2EE1
43193.7021301852,DnMAcquisition,Data Explorer,Change Current Focused Item,,,,UIAutomatic,EntityName=1-OGX-1-RJS;EntityType=4;EntityGuid=C7B8DD33-D222-4255-ACF0-443A128E5FF6
43193.7021892708,DnMAcquisition,Data Explorer,Change Current Focused Item,,,,UIAutomatic,EntityName=1-OGX-1-RJS;EntityType=8;EntityGuid=43C2E7E3-F628-40F9-A83C-7141E6FE71DE
43193.7022541319,DnMAcquisition,Data Explorer,Change Current Focused Item,,,,UIAutomatic,EntityName=Run 1;EntityType=16;EntityGuid=35300CF6-7F8E-448D-94D2-67AAA79F7D99
43193.7023236921,DnMAcquisition,Data Explorer,Change Current Focused Item,,,,UIAutomatic,EntityName=TimeLogicalAcq;EntityType=32;EntityGuid=9D43BF6C-9E1B-4E6F-87FA-CC1AFCC528A0
43193.7024024074,DnMAcquisition,Data Explorer,Click OK Button,Click,Button,OK,UIInteraction,Selection=ORION_RP34B_ORION_RP34B_Orion-compressed Flag Phase Shift Res 34 in Blended_ARC6_1___
43193.7024024537,DnMAcquisition,Data Gauge / Alerts,Select Channel in Channel Selection Dialog,Click,Button,OK,UIInteraction,Channel OSDD=ORION_RP34B
43193.7025124421,DnMAcquisition,Data Gauge / Alerts,Add Data Gauge,Click,ToolbarButton,Add Data Gauges...,UIInteraction,
43193.7026442245,DnMAcquisition,Data Explorer,Change Focused Item to Up-Level,Click,ToolbarButton,Level Up,UIInteraction,
43193.7026442361,DnMAcquisition,Data Explorer,Change Current Focused Item,,,,UIAutomatic,EntityName=Run 1;EntityType=16;EntityGuid=35300CF6-7F8E-448D-94D2-67AAA79F7D99
43193.7027373148,DnMAcquisition,Data Explorer,Change Focused Item to Up-Level,Click,ToolbarButton,Level Up,UIInteraction,
43193.7027373264,DnMAcquisition,Data Explorer,Change Current Focused Item,,,,UIAutomatic,EntityName=1-OGX-1-RJS;EntityType=8;EntityGuid=43C2E7E3-F628-40F9-A83C-7141E6FE71DE
43193.702819838,DnMAcquisition,Data Explorer,Change Focused Item to Up-Level,Click,ToolbarButton,Level Up,UIInteraction,
43193.7028198495,DnMAcquisition,Data Explorer,Change Current Focused Item,,,,UIAutomatic,EntityName=1-OGX-1-RJS;EntityType=4;EntityGuid=C7B8DD33-D222-4255-ACF0-443A128E5FF6
43193.7029015278,DnMAcquisition,Data Explorer,Change Current Focused Item,,,,UIAutomatic,EntityName=09IOC0042-B;EntityType=2;EntityGuid=D55DF80F-D550-4C6A-8727-1C5C2C9E2EE1
43193.7029015162,DnMAcquisition,Data Explorer,Change Focused Item to Up-Level,Click,ToolbarButton,Level Up,UIInteraction,
43193.7030204514,DnMAcquisition,Data Explorer,Change Current Focused Item,,,,UIAutomatic,EntityName=1-OGX-1-RJS;EntityType=4;EntityGuid=C7B8DD33-D222-4255-ACF0-443A128E5FF6
43193.7030821528,DnMAcquisition,Data Explorer,Change Current Focused Item,,,,UIAutomatic,EntityName=1-OGX-1-RJS;EntityType=8;EntityGuid=43C2E7E3-F628-40F9-A83C-7141E6FE71DE
43193.7031520833,DnMAcquisition,Data Explorer,Change Current Focused Item,,,,UIAutomatic,EntityName=Run 1;EntityType=16;EntityGuid=35300CF6-7F8E-448D-94D2-67AAA79F7D99
43193.703221956,DnMAcquisition,Data Explorer,Change Current Focused Item,,,,UIAutomatic,EntityName=TimeLogicalAcq;EntityType=32;EntityGuid=9D43BF6C-9E1B-4E6F-87FA-CC1AFCC528A0
43193.7032958449,DnMAcquisition,Data Gauge / Alerts,Select Channel in Channel Selection Dialog,Click,Button,OK,UIInteraction,Channel OSDD=FAR_A
43193.703295787,DnMAcquisition,Data Explorer,Click OK Button,Click,Button,OK,UIInteraction,Selection=FAR_A_FAR_A_Unfiltered Average Far Total Count Rate_ADN6C_1___
43193.7034931713,DnMAcquisition,UI Framework,Switch Tab,Click,Tab,Time,UIInteraction,
43193.7035466782,DnMAcquisition,UI Framework,Switch Tab,Click,Tab,Alarms,UIInteraction,
43193.7035911227,DnMAcquisition,UI Framework,Switch Tab,Click,Tab,Data Gauges,UIInteraction,
43193.7035897454,DnMAcquisition,UI Framework,Switch Tab,Click,Tab,Time,UIInteraction,
43193.7037070023,DnMAcquisition,Data Gauge / Alerts,Launch Alarm Manager,Click,ToolbarButton,Launch Alarms Manager...,UIInteraction,
43193.7037070833,DnMAcquisition,UI Framework,Switch Tab,Click,Tab,Alarms,UIInteraction,
43193.7039657292,DnMAcquisition,Data Gauge / Alerts,Enable/Disable Alarm,Click,CheckBox,DHAP,UIInteraction,CheckState=True
43193.7039704745,DnMAcquisition,Data Gauge / Alerts,Enable/Disable Beep,Click,CheckBox,DHAP,UIInteraction,CheckState=True
43193.7039746644,DnMAcquisition,Data Gauge / Alerts,Enable/Disable Display Gauge,Click,CheckBox,DHAP,UIInteraction,CheckState=True
43193.7039967014,DnMAcquisition,UI Framework,Switch Tab,Click,Tab,Data Gauges,UIInteraction,
43193.7040608449,DnMAcquisition,Data Gauge / Alerts,Launch Alarm Manager,Click,ToolbarButton,Launch Alarms Manager...,UIInteraction,
43193.7040608912,DnMAcquisition,UI Framework,Switch Tab,Click,Tab,Alarms,UIInteraction,
43193.7041249884,DnMAcquisition,Data Explorer,Change Current Focused Item,,,,UIAutomatic,EntityName=TimeLogicalAcq;EntityType=32;EntityGuid=9D43BF6C-9E1B-4E6F-87FA-CC1AFCC528A0
43193.7041574537,DnMAcquisition,Data Explorer,Click OK Button,Click,Button,OK,UIInteraction,Selection=TRPM_TRPM_RT_MWD Turbine Rotation Speed_TELE675_1___
43193.7042465046,DnMAcquisition,UI Framework,Switch Tab,Click,Tab,Data Gauges,UIInteraction,
43193.7044083796,DnMAcquisition,Viewers,HSPM Telemetry Monitor,DoubleClick,TreeView,HSPM Telemetry Monitor,UIInteraction,TaskName=HSPM Telemetry Monitor
43193.7044758565,DnMAcquisition,Data Tasks,Parameters,DoubleClick,TreeView,Parameters,UIInteraction,TaskName=Parameters
43193.704721713,DnMAcquisition,Properties & Parameters,Change Parameter Value,Update,GridCell,62079.93,UIInteraction,OSDD=BSAL;EnsemblePath=Borehole
43193.7047223958,Setup,Computation / Recomputation,ProcessRecomputeState,,,,UIAutomatic,JobGuid=D55DF80F-D550-4C6A-8727-1C5C2C9E2EE1;State=UIS_RECOMPUTATION_STATE_PENDING;Scope=JobScope;RecompPercentageComplete=;MultipleRunsAffected=False;ActiveRunAffected=True;ActiveRunInProgress=False;RunCount=1;Run0Change0=Parameter;Run0Guid=35300CF6-7F8E-448D-94D2-67AAA79F7D99
43193.7047223958,DnMAcquisition,Computation / Recomputation,ProcessRecomputeState,,,,UIAutomatic,JobGuid=D55DF80F-D550-4C6A-8727-1C5C2C9E2EE1;State=UIS_RECOMPUTATION_STATE_PENDING;Scope=JobScope;RecompPercentageComplete=;MultipleRunsAffected=False;ActiveRunAffected=True;ActiveRunInProgress=False;RunCount=1;Run0Change0=Parameter;Run0Guid=35300CF6-7F8E-448D-94D2-67AAA79F7D99
43193.704722419,DeliverablesSetup,Computation / Recomputation,ProcessRecomputeState,,,,UIAutomatic,JobGuid=D55DF80F-D550-4C6A-8727-1C5C2C9E2EE1;State=UIS_RECOMPUTATION_STATE_PENDING;Scope=JobScope;RecompPercentageComplete=;MultipleRunsAffected=False;ActiveRunAffected=True;ActiveRunInProgress=False;RunCount=1;Run0Change0=Parameter;Run0Guid=35300CF6-7F8E-448D-94D2-67AAA79F7D99
43193.704910625,DnMAcquisition,Properties & Parameters,Change Parameter Value,Update,GridCell,1.3,UIInteraction,OSDD=DFD;EnsemblePath=Borehole
43193.704910787,DeliverablesSetup,Computation / Recomputation,ProcessRecomputeState,,,,UIAutomatic,JobGuid=D55DF80F-D550-4C6A-8727-1C5C2C9E2EE1;State=UIS_RECOMPUTATION_STATE_PENDING;Scope=JobScope;RecompPercentageComplete=;MultipleRunsAffected=False;ActiveRunAffected=True;ActiveRunInProgress=False;RunCount=1;Run0Change0=Parameter;Run0Guid=35300CF6-7F8E-448D-94D2-67AAA79F7D99
43193.7049107986,Setup,Computation / Recomputation,ProcessRecomputeState,,,,UIAutomatic,JobGuid=D55DF80F-D550-4C6A-8727-1C5C2C9E2EE1;State=UIS_RECOMPUTATION_STATE_PENDING;Scope=JobScope;RecompPercentageComplete=;MultipleRunsAffected=False;ActiveRunAffected=True;ActiveRunInProgress=False;RunCount=1;Run0Change0=Parameter;Run0Guid=35300CF6-7F8E-448D-94D2-67AAA79F7D99
43193.7049115509,DnMAcquisition,Computation / Recomputation,ProcessRecomputeState,,,,UIAutomatic,JobGuid=D55DF80F-D550-4C6A-8727-1C5C2C9E2EE1;State=UIS_RECOMPUTATION_STATE_PENDING;Scope=JobScope;RecompPercentageComplete=;MultipleRunsAffected=False;ActiveRunAffected=True;ActiveRunInProgress=False;RunCount=1;Run0Change0=Parameter;Run0Guid=35300CF6-7F8E-448D-94D2-67AAA79F7D99
43193.7051133912,DnMAcquisition,Properties & Parameters,Change Parameter Value,Update,GridCell,1.4,UIInteraction,OSDD=FLEV;EnsemblePath=Borehole
43193.7051134375,DeliverablesSetup,Computation / Recomputation,ProcessRecomputeState,,,,UIAutomatic,JobGuid=D55DF80F-D550-4C6A-8727-1C5C2C9E2EE1;State=UIS_RECOMPUTATION_STATE_PENDING;Scope=JobScope;RecompPercentageComplete=;MultipleRunsAffected=False;ActiveRunAffected=True;ActiveRunInProgress=False;RunCount=1;Run0Change0=Parameter;Run0Guid=35300CF6-7F8E-448D-94D2-67AAA79F7D99
43193.7051134375,Setup,Computation / Recomputation,ProcessRecomputeState,,,,UIAutomatic,JobGuid=D55DF80F-D550-4C6A-8727-1C5C2C9E2EE1;State=UIS_RECOMPUTATION_STATE_PENDING;Scope=JobScope;RecompPercentageComplete=;MultipleRunsAffected=False;ActiveRunAffected=True;ActiveRunInProgress=False;RunCount=1;Run0Change0=Parameter;Run0Guid=35300CF6-7F8E-448D-94D2-67AAA79F7D99
43193.7051140856,DnMAcquisition,Computation / Recomputation,ProcessRecomputeState,,,,UIAutomatic,JobGuid=D55DF80F-D550-4C6A-8727-1C5C2C9E2EE1;State=UIS_RECOMPUTATION_STATE_PENDING;Scope=JobScope;RecompPercentageComplete=;MultipleRunsAffected=False;ActiveRunAffected=True;ActiveRunInProgress=False;RunCount=1;Run0Change0=Parameter;Run0Guid=35300CF6-7F8E-448D-94D2-67AAA79F7D99
43193.7051526273,,Console/Job Manager,Start Rig Floor Console,Click,Button,Start...,UIInteraction,JobGuid=D55DF80F-D550-4C6A-8727-1C5C2C9E2EE1
43193.7051885648,RigFloor,UI Framework,Start Console,,,Rig Floor Console - Job 09IOC0042-B,UIAutomatic,
43193.7052148495,,Console/Job Manager,Start Witness Console Console,Click,Button,Start...,UIInteraction,JobGuid=D55DF80F-D550-4C6A-8727-1C5C2C9E2EE1
43193.7052298264,Witness,UI Framework,Start Console,,,Witness Console - Job 09IOC0042-B,UIAutomatic,
43193.7053625926,WitnessDisplay,UI Framework,Start Console,,,Witness Display Console - Drilling View - Job 09IOC0042-B,UIAutomatic,
43193.7127403357,RigFloor,Data Explorer,Click OK Button,Click,Button,OK,UIInteraction,Selection=ECD_ECD_RT_Equivalent Circulating Density_ARC6_1___
43193.7128323843,RigFloor,Data Explorer,Click OK Button,Click,Button,OK,UIInteraction,Selection=ESD_ESD_Equivalent Static Density_ARC6_1___
43193.7129613773,RigFloor,Data Explorer,Click OK Button,Click,Button,OK,UIInteraction,Selection=SHKR_SHKRATE_RT_Shock Rate_TELE675_1___
43193.7130547801,RigFloor,Data Explorer,Click OK Button,Click,Button,OK,UIInteraction,Selection=TRPM_TRPM_RT_MWD Turbine Rotation Speed_TELE675_1___
43193.7131550579,RigFloor,Data Explorer,Click OK Button,Click,Button,OK,UIInteraction,Selection=AZIM_AZIM_Measured Azimuth_DnMWorkflow_1___
43193.7132587616,RigFloor,Data Explorer,Click OK Button,Click,Button,OK,UIInteraction,Selection=INCL_INCL_Hole inclination_DnMWorkflow_1___
43193.7136029861,DnMAcquisition,Manage Tasks,Survey Manager,DoubleClick,TreeView,Survey Manager,UIInteraction,TaskName=Survey Manager
43193.7527674306,DnMAcquisition,Data Acquiring - D&M,Survey Manager/Export ASCII Survey,Click,ContextMenu,Export ASCII Survey Listing,UIInteraction,
43193.7527864468,DnMAcquisition,Data Acquiring - D&M,Survey Manager/Export Survey,Click,Button,Export Survey,UIInteraction,Surveys path=C:\TestComplete;Surveys name=PrintSurveyList.csv
43193.7528209375,DnMAcquisition,Data Acquiring - D&M,Survey Manager/Calculate TVD from MD,Click,ToolbarButton,Calculate TVD from MD,UIInteraction,
43193.7529527662,DnMAcquisition,Computation / Recomputation,Recompute All Pending Runs,Click,ToolbarButton,Recompute All Pending Runs,UIInteraction,
43193.7529527893,DnMAcquisition,Computation / Recomputation,Start Recomputation During Acquisition,Click,ToolbarButton,Recompute All Pending Runs,UIInteraction,FeatureName=Framework.RTOOP
43193.7529529282,Setup,Computation / Recomputation,ProcessRecomputeState,,,,UIAutomatic,JobGuid=D55DF80F-D550-4C6A-8727-1C5C2C9E2EE1;State=UIS_RECOMPUTATION_STATE_STARTING;Scope=JobScope;RecompPercentageComplete=;MultipleRunsAffected=False;ActiveRunAffected=True;ActiveRunInProgress=True;RunCount=1;Run0Change0=Parameter;Run0Guid=35300CF6-7F8E-448D-94D2-67AAA79F7D99
43193.7529529282,DeliverablesSetup,Computation / Recomputation,ProcessRecomputeState,,,,UIAutomatic,JobGuid=D55DF80F-D550-4C6A-8727-1C5C2C9E2EE1;State=UIS_RECOMPUTATION_STATE_STARTING;Scope=JobScope;RecompPercentageComplete=;MultipleRunsAffected=False;ActiveRunAffected=True;ActiveRunInProgress=True;RunCount=1;Run0Change0=Parameter;Run0Guid=35300CF6-7F8E-448D-94D2-67AAA79F7D99
43193.752953287,DnMAcquisition,Computation / Recomputation,ProcessRecomputeState,,,,UIAutomatic,JobGuid=D55DF80F-D550-4C6A-8727-1C5C2C9E2EE1;State=UIS_RECOMPUTATION_STATE_STARTING;Scope=JobScope;RecompPercentageComplete=;MultipleRunsAffected=False;ActiveRunAffected=True;ActiveRunInProgress=True;RunCount=1;Run0Change0=Parameter;Run0Guid=35300CF6-7F8E-448D-94D2-67AAA79F7D99
43193.7529578704,Setup,Computation / Recomputation,ProcessRecomputeState,,,,UIAutomatic,JobGuid=D55DF80F-D550-4C6A-8727-1C5C2C9E2EE1;State=UIS_RECOMPUTATION_STATE_IN_PROGRESS;Scope=JobScope;RecompPercentageComplete=;MultipleRunsAffected=False;ActiveRunAffected=True;ActiveRunInProgress=True;RunCount=1;Run0Change0=Parameter;Run0Guid=35300CF6-7F8E-448D-94D2-67AAA79F7D99
43193.7529578704,DeliverablesSetup,Computation / Recomputation,ProcessRecomputeState,,,,UIAutomatic,JobGuid=D55DF80F-D550-4C6A-8727-1C5C2C9E2EE1;State=UIS_RECOMPUTATION_STATE_IN_PROGRESS;Scope=JobScope;RecompPercentageComplete=;MultipleRunsAffected=False;ActiveRunAffected=True;ActiveRunInProgress=True;RunCount=1;Run0Change0=Parameter;Run0Guid=35300CF6-7F8E-448D-94D2-67AAA79F7D99
43193.7529578819,DnMAcquisition,Computation / Recomputation,ProcessRecomputeState,,,,UIAutomatic,JobGuid=D55DF80F-D550-4C6A-8727-1C5C2C9E2EE1;State=UIS_RECOMPUTATION_STATE_IN_PROGRESS;Scope=JobScope;RecompPercentageComplete=;MultipleRunsAffected=False;ActiveRunAffected=True;ActiveRunInProgress=True;RunCount=1;Run0Change0=Parameter;Run0Guid=35300CF6-7F8E-448D-94D2-67AAA79F7D99
43193.7530500347,DeliverablesSetup,Computation / Recomputation,ProcessRecomputeState,,,,UIAutomatic,JobGuid=D55DF80F-D550-4C6A-8727-1C5C2C9E2EE1;State=UIS_RECOMPUTATION_STATE_SUCCEEDED;Scope=JobScope;RecompPercentageComplete=;MultipleRunsAffected=False;ActiveRunAffected=True;ActiveRunInProgress=True;RunCount=1;Run0Change0=Parameter;Run0Guid=35300CF6-7F8E-448D-94D2-67AAA79F7D99
43193.7530500347,Setup,Computation / Recomputation,ProcessRecomputeState,,,,UIAutomatic,JobGuid=D55DF80F-D550-4C6A-8727-1C5C2C9E2EE1;State=UIS_RECOMPUTATION_STATE_SUCCEEDED;Scope=JobScope;RecompPercentageComplete=;MultipleRunsAffected=False;ActiveRunAffected=True;ActiveRunInProgress=True;RunCount=1;Run0Change0=Parameter;Run0Guid=35300CF6-7F8E-448D-94D2-67AAA79F7D99
43193.753050081,DnMAcquisition,Computation / Recomputation,ProcessRecomputeState,,,,UIAutomatic,JobGuid=D55DF80F-D550-4C6A-8727-1C5C2C9E2EE1;State=UIS_RECOMPUTATION_STATE_SUCCEEDED;Scope=JobScope;RecompPercentageComplete=;MultipleRunsAffected=False;ActiveRunAffected=True;ActiveRunInProgress=True;RunCount=1;Run0Change0=Parameter;Run0Guid=35300CF6-7F8E-448D-94D2-67AAA79F7D99
43193.7531433333,DnMAcquisition,Manage Tasks,Survey Manager,DoubleClick,TreeView,Survey Manager,UIInteraction,TaskName=Survey Manager
43193.7533884028,DnMAcquisition,Data Acquiring - D&M,Survey Manager/Accept survey,Click,Button,Accept,UIInteraction,
43193.7534000347,DnMAcquisition,Computation / Recomputation,ProcessRecomputeState,,,,UIAutomatic,JobGuid=D55DF80F-D550-4C6A-8727-1C5C2C9E2EE1;State=UIS_RECOMPUTATION_STATE_STARTING;Scope=JobScope;RecompPercentageComplete=;MultipleRunsAffected=False;ActiveRunAffected=True;ActiveRunInProgress=True;RunCount=1;Run0Change0=LastSurvey;Run0Guid=35300CF6-7F8E-448D-94D2-67AAA79F7D99
43193.7534000347,Setup,Computation / Recomputation,ProcessRecomputeState,,,,UIAutomatic,JobGuid=D55DF80F-D550-4C6A-8727-1C5C2C9E2EE1;State=UIS_RECOMPUTATION_STATE_STARTING;Scope=JobScope;RecompPercentageComplete=;MultipleRunsAffected=False;ActiveRunAffected=True;ActiveRunInProgress=True;RunCount=1;Run0Change0=LastSurvey;Run0Guid=35300CF6-7F8E-448D-94D2-67AAA79F7D99
43193.7534000347,DeliverablesSetup,Computation / Recomputation,ProcessRecomputeState,,,,UIAutomatic,JobGuid=D55DF80F-D550-4C6A-8727-1C5C2C9E2EE1;State=UIS_RECOMPUTATION_STATE_STARTING;Scope=JobScope;RecompPercentageComplete=;MultipleRunsAffected=False;ActiveRunAffected=True;ActiveRunInProgress=True;RunCount=1;Run0Change0=LastSurvey;Run0Guid=35300CF6-7F8E-448D-94D2-67AAA79F7D99
43193.7534032755,Setup,Computation / Recomputation,ProcessRecomputeState,,,,UIAutomatic,JobGuid=D55DF80F-D550-4C6A-8727-1C5C2C9E2EE1;State=UIS_RECOMPUTATION_STATE_IN_PROGRESS;Scope=JobScope;RecompPercentageComplete=;MultipleRunsAffected=False;ActiveRunAffected=True;ActiveRunInProgress=True;RunCount=1;Run0Change0=LastSurvey;Run0Guid=35300CF6-7F8E-448D-94D2-67AAA79F7D99
43193.753403287,DeliverablesSetup,Computation / Recomputation,ProcessRecomputeState,,,,UIAutomatic,JobGuid=D55DF80F-D550-4C6A-8727-1C5C2C9E2EE1;State=UIS_RECOMPUTATION_STATE_IN_PROGRESS;Scope=JobScope;RecompPercentageComplete=;MultipleRunsAffected=False;ActiveRunAffected=True;ActiveRunInProgress=True;RunCount=1;Run0Change0=LastSurvey;Run0Guid=35300CF6-7F8E-448D-94D2-67AAA79F7D99
43193.753403287,DnMAcquisition,Computation / Recomputation,ProcessRecomputeState,,,,UIAutomatic,JobGuid=D55DF80F-D550-4C6A-8727-1C5C2C9E2EE1;State=UIS_RECOMPUTATION_STATE_IN_PROGRESS;Scope=JobScope;RecompPercentageComplete=;MultipleRunsAffected=False;ActiveRunAffected=True;ActiveRunInProgress=True;RunCount=1;Run0Change0=LastSurvey;Run0Guid=35300CF6-7F8E-448D-94D2-67AAA79F7D99
43193.7552271065,DeliverablesSetup,Computation / Recomputation,ProcessRecomputeState,,,,UIAutomatic,JobGuid=D55DF80F-D550-4C6A-8727-1C5C2C9E2EE1;State=UIS_RECOMPUTATION_STATE_SUCCEEDED;Scope=JobScope;RecompPercentageComplete=;MultipleRunsAffected=False;ActiveRunAffected=True;ActiveRunInProgress=True;RunCount=1;Run0Change0=LastSurvey;Run0Guid=35300CF6-7F8E-448D-94D2-67AAA79F7D99
43193.7552298611,Setup,Computation / Recomputation,ProcessRecomputeState,,,,UIAutomatic,JobGuid=D55DF80F-D550-4C6A-8727-1C5C2C9E2EE1;State=UIS_RECOMPUTATION_STATE_SUCCEEDED;Scope=JobScope;RecompPercentageComplete=;MultipleRunsAffected=False;ActiveRunAffected=True;ActiveRunInProgress=True;RunCount=1;Run0Change0=LastSurvey;Run0Guid=35300CF6-7F8E-448D-94D2-67AAA79F7D99
43193.7552324074,DnMAcquisition,Computation / Recomputation,ProcessRecomputeState,,,,UIAutomatic,JobGuid=D55DF80F-D550-4C6A-8727-1C5C2C9E2EE1;State=UIS_RECOMPUTATION_STATE_SUCCEEDED;Scope=JobScope;RecompPercentageComplete=;MultipleRunsAffected=False;ActiveRunAffected=True;ActiveRunInProgress=True;RunCount=1;Run0Change0=LastSurvey;Run0Guid=35300CF6-7F8E-448D-94D2-67AAA79F7D99
43193.7553231829,DnMAcquisition,Manage Tasks,HSPM Control,DoubleClick,TreeView,HSPM Control,UIInteraction,TaskName=HSPM Control
43193.7553232639,DnMAcquisition,Data Acquiring - D&M,HSPM Control/Set Location,Click,ComboBox,LOCAL,UIInteraction,
43193.755323287,DnMAcquisition,Data Acquiring - D&M,HSPM Control/Set Recover Buffer,Click,ComboBox,No,UIInteraction,
43193.7553524074,DnMAcquisition,Data Acquiring - D&M,HSPM Control/Disconnect,Click,Button,Disconnect,UIInteraction,
43193.7558527199,,Console/Job Manager,Stop Acquisition Console,Click,Button,Stop,UIInteraction,JobGuid=D55DF80F-D550-4C6A-8727-1C5C2C9E2EE1
43193.7559795949,,Console/Job Manager,Stop Rig Floor Console,Click,Button,Stop,UIInteraction,JobGuid=D55DF80F-D550-4C6A-8727-1C5C2C9E2EE1
43193.7560171991,Setup,Run Manager (Internal),Stop Run,Click,Button,Stop,UIInteraction,RunGuid=35300CF6-7F8E-448D-94D2-67AAA79F7D99
43193.7560603704,Setup,Run Manager (Internal),Confirm to Stop Run,Click,Button,OK,UIInteraction,RunGuid=35300CF6-7F8E-448D-94D2-67AAA79F7D99
43193.756271169,,Console/Job Manager,Stop Setup Console,Click,Button,Stop,UIInteraction,JobGuid=D55DF80F-D550-4C6A-8727-1C5C2C9E2EE1
43193.756374294,DeliverablesSetup,UI Framework,Switch View,Click,ToolbarButton,Deliverables Display View,UIInteraction,
43193.7564498843,DeliverablesSetup,Deliverables - Digital,Create Job Archive,Click,ContextMenu,Create,UIInteraction,ArchiveGuid=D55DF80F-D550-4C6A-8727-1C5C2C9E2EE1;JobArchiveType=3.0
43193.7569019792,DeliverablesSetup,UI Framework,Close Console,Click,Button,,UIInteraction,JobGuid=D55DF80F-D550-4C6A-8727-1C5C2C9E2EE1
43193.7569377315,DeliverablesSetup,UI Framework,OK to Close Deliverables - Display Console,Click,Button,OK,UIInteraction,
43193.7569931597,,Console/Job Manager,Stop Job,Click,Button,Stop,UIInteraction,JobGuid=D55DF80F-D550-4C6A-8727-1C5C2C9E2EE1
