Time,Process,Component,Operation,Action,Control,ControlText,Category,Context
43194.2035260995,,Console/Job Manager,Start Job,Click,Button,Start,UIInteraction,JobName=MAST-B-Basic;WellName=BGC;ClientName=BGC;StartDate=4/4/2018 4:53 AM;Workflow=Wireline;Simulator=False;UnitSystem=KHA-E2-0224FEB11;JobSize=0;State=Available;SideTrackId=0;SessionID=4E00CA57-921A-4F7E-984E-3D43C0B1D285;SortOrder=1;JobGUID=05C2E884-089E-4EAB-ABF2-AFF24C6DE781;WellGUID=AC9B048E-EA78-499F-9234-296E6C5059DD;BoreholeGUID=F6BB7061-FE08-435C-8BE2-A7E0C2A8669D;MachineName=HPV04-010;UserName=Engineer;UserDomainName=HPV04-010;OS=Microsoft Windows NT 6.1.7601 Service Pack 1;StartedJobCount=0;TimeZone=00:00:00;IPAddress_1=192.168.78.223;IPAddress_2=::1;MWVersion=9.0.100745.3100
43194.2055873843,,Console/Job Manager,Stop Job,Click,Button,Stop,UIInteraction,JobGuid=05C2E884-089E-4EAB-ABF2-AFF24C6DE781
43194.205837581,,Console/Job Manager,Start Job,Click,Button,Start,UIInteraction,JobName=MAST-B-Basic;WellName=BGC;ClientName=BGC;StartDate=4/4/2018 4:53 AM;Workflow=Wireline;Simulator=False;UnitSystem=KHA-E2-0224FEB11;RTBackupDir=C:\Autobackup;JobSize=449.2;State=Available;SideTrackId=0;SessionID=4E00CA57-921A-4F7E-984E-3D43C0B1D285;SortOrder=1;JobGUID=05C2E884-089E-4EAB-ABF2-AFF24C6DE781;WellGUID=AC9B048E-EA78-499F-9234-296E6C5059DD;BoreholeGUID=F6BB7061-FE08-435C-8BE2-A7E0C2A8669D;MachineName=HPV04-010;UserName=Engineer;UserDomainName=HPV04-010;OS=Microsoft Windows NT 6.1.7601 Service Pack 1;StartedJobCount=0;TimeZone=00:00:00;IPAddress_1=192.168.78.223;IPAddress_2=::1;MWVersion=9.0.100745.3100
43194.2061039583,,Console/Job Manager,Start Deliverables Console,Click,Button,Start...,UIInteraction,JobGuid=05C2E884-089E-4EAB-ABF2-AFF24C6DE781
43194.2062315393,DeliverablesSetup,Tier Manager,Tier Template Created for Tools in My Equipment,,,PEQL Tier Created,Deliverables Console,
43194.2062316435,DeliverablesSetup,Tier Manager,Tier Template Created for Tools in My Equipment,,,HRLT-B Tier Created,Deliverables Console,
43194.2062318866,DeliverablesSetup,Tier Manager,Tier Template Created for Tools in My Equipment,,,MAST-B Tier Created,Deliverables Console,
43194.2062320139,DeliverablesSetup,Tier Manager,Tier Template Created for Tools in My Equipment,,,MRPQ-XD Tier Created,Deliverables Console,
43194.2062322107,DeliverablesSetup,Tier Manager,Tier Template Created for Tools in My Equipment,,,MRPQ-ND Tier Created,Deliverables Console,
43194.2062325579,DeliverablesSetup,Tier Manager,Tier Template Created for Tools in My Equipment,,,HDRS-B Tier Created,Deliverables Console,
43194.2062327662,DeliverablesSetup,Tier Manager,Tier Template Created for Tools in My Equipment,,,HENVIR Tier Created,Deliverables Console,
43194.2062330324,DeliverablesSetup,Tier Manager,Tier Template Created for Tools in My Equipment,,,HGNS-B Tier Created,Deliverables Console,
43194.2062337847,DeliverablesSetup,Tier Manager,Tier Template Created for Tools in My Equipment,,,HDRS-H Tier Created,Deliverables Console,
43194.2062429282,DeliverablesSetup,Computation / Recomputation,ProcessRecomputeState,,,,UIAutomatic,JobGuid=05C2E884-089E-4EAB-ABF2-AFF24C6DE781;State=UIS_RECOMPUTATION_STATE_IN_PROGRESS;Scope=JobScope;RecompPercentageComplete=;MultipleRunsAffected=False;ActiveRunAffected=False;ActiveRunInProgress=False;RunCount=1;Run0Change0=DataImport;Run0Guid=FB30A81F-529C-47A2-B84F-6BC0D9BF97BC
43194.2062458681,DeliverablesSetup,UI Framework,Start Console,,,Deliverables Console Setup - Job MAST-B-Basic,UIAutomatic,
43194.2069278935,DeliverablesSetup,Computation / Recomputation,ProcessRecomputeState,,,,UIAutomatic,JobGuid=05C2E884-089E-4EAB-ABF2-AFF24C6DE781;State=UIS_RECOMPUTATION_STATE_SUCCEEDED;Scope=JobScope;RecompPercentageComplete=;MultipleRunsAffected=False;ActiveRunAffected=False;ActiveRunInProgress=False;RunCount=1;Run0Change0=DataImport;Run0Guid=FB30A81F-529C-47A2-B84F-6BC0D9BF97BC
43194.2071933565,DeliverablesSetup,Deliverables - Digital,Delete Template,Click,ContextMenu,Delete,UIInteraction,ComponentName=DLIS Standard;ComponentCode=Component_Template_Dlis;DelivTemplateGuid=71C1A7FA-5BBA-4EA3-BAEC-B484A2679AA9
43194.2072429977,DeliverablesSetup,Deliverables - Digital,Add Digital Template,Click,ContextMenu,DLIS,UIInteraction,
43194.2072689352,DeliverablesSetup,Deliverables - Graphical,Add Catalog Format to Template,Click,ToolbarButton,Add to Template,UIInteraction,ComponentName=DLIS Standard;ComponentCode=Component_StandardDlis_Format
43194.2072759375,DeliverablesSetup,Deliverables - Graphical,Add Catalog Format to Template,Click,ContextMenu,New Template,UIInteraction,ComponentName=DLIS Standard;ComponentCode=Component_StandardDlis_Format
43194.207353125,DeliverablesSetup,Deliverables - Digital,Add Template to Deliverable,Click,ContextMenu,Job,UIInteraction,ComponentName=DLIS Standard;ComponentCode=Component_Template_Dlis
43194.207680081,DeliverablesSetup,Deliverables - Digital,Change Digital Properties,Click,ComboBox,CDDI_Availability,UIInteraction,DeliverableType=DLIS;ChangedProperty=CDDI_Availability;OldValue=Customer;NewValue=Producer
43194.2076800926,DeliverablesSetup,Deliverables - Digital,Change Property,Click,CDDIAvailabilityConverter,CDDI_Availability,UIInteraction,NewValue=Producer;OldValue=Customer
43194.2079936227,DeliverablesSetup,Data Explorer,Change Current Focused Item,,,,UIAutomatic,EntityName=Run 1;EntityType=16;EntityGuid=FB30A81F-529C-47A2-B84F-6BC0D9BF97BC
43194.2080064352,DeliverablesSetup,Data Explorer,Click OK Button,Click,Button,OK,UIInteraction,Selection=Log[1]:Up____3071.97 (m)_2927.65 (m)_
43194.2080072685,DeliverablesSetup,Deliverables - Digital,Change Digital Properties,Click,ComboBox,Data_Assignment,UIInteraction,DeliverableType=DLIS;ChangedProperty=Data_Assignment;OldValue={ Not Set };NewValue=2.1.2: Log[1]:Up
43194.2080072801,DeliverablesSetup,Deliverables - Digital,Change Property,Click,TypeConverter,Data_Assignment,UIInteraction,NewValue=2.1.2: Log[1]:Up;OldValue={ Not Set }
43194.2081339931,DeliverablesSetup,UI Framework,Switch View,Click,ToolbarButton,Deliverables Display View,UIInteraction,
43194.2082514005,DeliverablesSetup,Deliverables - Digital,Create Publish Digital Deliverable,Click,ContextMenu,Create/Publish...,UIInteraction,ComponentName=2.1.2  Log[1] Up [1];ComponentCode=Component_Template_Dlis;DelivTemplateGuid=6977542E-8DEF-4907-AA3F-AF7F8352A559;DelivTemplatePropertyData=<gp:GraphicalFormat xmlns:gp="urn:horizon:GraphicalProductCatalogSchema"><gp:Name>Template</gp:Name><gp:Component_Code>Component_Template_Dlis</gp:Component_Code><gp:Component_Format_Ref></gp:Component_Format_Ref><gp:Properties><gp:Property><gp:Key>Type</gp:Key><gp:Value>Dlis</gp:Value></gp:Property><gp:Property><gp:Key>DataAssignment_Type</gp:Key><gp:Value>Single Pass</gp:Value></gp:Property><gp:Property><gp:Key>CDDI_Availability</gp:Key><gp:Value>Producer</gp:Value></gp:Property><gp:Property><gp:Key>Data_Assignment</gp:Key><gp:Value>61C436AE-F7BC-4F94-B892-F14C98C4AE0E</gp:Value></gp:Property><gp:Property><gp:Key>Proxy_Data_Assignment</gp:Key><gp:Value /></gp:Property><gp:Property><gp:Key>File_Destination</gp:Key><gp:Value>C:\Schlumberger Horizon Data\MAST-B-Basic\Deliverable\Digital\DLIS\</gp:Value></gp:Property><gp:Property><gp:Key>File_Name</gp:Key><gp:Value>ConPr_R01_L001Up_MDT_DTA_SGT_MAST_HRLT_HDRS_HGNS_ACTS.dlis</gp:Value></gp:Property><gp:Property><gp:Key>Index</gp:Key><gp:Value>Depth</gp:Value></gp:Property><gp:Property><gp:Key>Publish</gp:Key><gp:Value>No</gp:Value></gp:Property><gp:Property><gp:Key>Publisher</gp:Key><gp:Value /></gp:Property><gp:Property><gp:Key>LoadToRTDB</gp:Key><gp:Value>No</gp:Value></gp:Property><gp:Property><gp:Key>Update_In_Real_Time</gp:Key><gp:Value>No</gp:Value></gp:Property><gp:Property><gp:Key>_Top</gp:Key><gp:Value></gp:Value></gp:Property><gp:Property><gp:Key>Bottom</gp:Key><gp:Value></gp:Value></gp:Property><gp:Property><gp:Key>Start</gp:Key><gp:Value></gp:Value></gp:Property><gp:Property><gp:Key>Stop</gp:Key><gp:Value></gp:Value></gp:Property><gp:Property><gp:Key>Unit_System</gp:Key><gp:Value>KHA-E2-0224FEB11</gp:Value></gp:Property><gp:Property><gp:Key>DLIS_Compatibility</gp:Key><gp:Value>Hz Converted</gp:Value></gp:Property><gp:Property><gp:Key>Preferred_Source_Pass</gp:Key><gp:Value></gp:Value></gp:Property><gp:Property><gp:Key>Reduced_DLIS</gp:Key><gp:Value>No</gp:Value></gp:Property><gp:Property><gp:Key>Channel_Property</gp:Key><gp:Value /></gp:Property><gp:Property><gp:Key>Channel_Confliction</gp:Key><gp:Value>Include Duplicate Channel Names</gp:Value></gp:Property><gp:Property><gp:Key>HIDE</gp:Key><gp:Value /></gp:Property><gp:Property><gp:Key>HID1</gp:Key><gp:Value></gp:Value></gp:Property><gp:Property><gp:Key>HID2</gp:Key><gp:Value></gp:Value></gp:Property><gp:Property><gp:Key>OS1</gp:Key><gp:Value /></gp:Property><gp:Property><gp:Key>OS2</gp:Key><gp:Value /></gp:Property><gp:Property><gp:Key>OS3</gp:Key><gp:Value /></gp:Property><gp:Property><gp:Key>OS4</gp:Key><gp:Value /></gp:Property><gp:Property><gp:Key>OS5</gp:Key><gp:Value /></gp:Property><gp:PropertiesSnippetVersion>1.5</gp:PropertiesSnippetVersion></gp:Properties></gp:GraphicalFormat>
43194.2083195255,DeliverablesSetup,Deliverables - Digital,Create Publish Digital Deliverable,Click,ContextMenu,Create/Publish...,UIInteraction,ComponentName=2.1.2  Log[1] Up [1];ComponentCode=Component_Template_Dlis;DelivTemplateGuid=6977542E-8DEF-4907-AA3F-AF7F8352A559;DelivTemplatePropertyData=<gp:GraphicalFormat xmlns:gp="urn:horizon:GraphicalProductCatalogSchema"><gp:Name>Template</gp:Name><gp:Component_Code>Component_Template_Dlis</gp:Component_Code><gp:Component_Format_Ref></gp:Component_Format_Ref><gp:Properties><gp:Property><gp:Key>Type</gp:Key><gp:Value>Dlis</gp:Value></gp:Property><gp:Property><gp:Key>DataAssignment_Type</gp:Key><gp:Value>Single Pass</gp:Value></gp:Property><gp:Property><gp:Key>CDDI_Availability</gp:Key><gp:Value>Producer</gp:Value></gp:Property><gp:Property><gp:Key>Data_Assignment</gp:Key><gp:Value>61C436AE-F7BC-4F94-B892-F14C98C4AE0E</gp:Value></gp:Property><gp:Property><gp:Key>Proxy_Data_Assignment</gp:Key><gp:Value /></gp:Property><gp:Property><gp:Key>File_Destination</gp:Key><gp:Value>C:\DataValidation\MAST-B-Basic\History_Data\Dlis_MAST-B-Basic_9.0.100745.3100\</gp:Value></gp:Property><gp:Property><gp:Key>File_Name</gp:Key><gp:Value>ConPr_R01_L001Up_MDT_DTA_SGT_MAST_HRLT_HDRS_HGNS_ACTS.dlis</gp:Value></gp:Property><gp:Property><gp:Key>Index</gp:Key><gp:Value>Depth</gp:Value></gp:Property><gp:Property><gp:Key>Publish</gp:Key><gp:Value>No</gp:Value></gp:Property><gp:Property><gp:Key>Publisher</gp:Key><gp:Value></gp:Value></gp:Property><gp:Property><gp:Key>LoadToRTDB</gp:Key><gp:Value>No</gp:Value></gp:Property><gp:Property><gp:Key>Update_In_Real_Time</gp:Key><gp:Value>No</gp:Value></gp:Property><gp:Property><gp:Key>_Top</gp:Key><gp:Value></gp:Value></gp:Property><gp:Property><gp:Key>Bottom</gp:Key><gp:Value></gp:Value></gp:Property><gp:Property><gp:Key>Start</gp:Key><gp:Value></gp:Value></gp:Property><gp:Property><gp:Key>Stop</gp:Key><gp:Value></gp:Value></gp:Property><gp:Property><gp:Key>Unit_System</gp:Key><gp:Value>KHA-E2-0224FEB11</gp:Value></gp:Property><gp:Property><gp:Key>DLIS_Compatibility</gp:Key><gp:Value>Hz Converted</gp:Value></gp:Property><gp:Property><gp:Key>Preferred_Source_Pass</gp:Key><gp:Value></gp:Value></gp:Property><gp:Property><gp:Key>Reduced_DLIS</gp:Key><gp:Value>No</gp:Value></gp:Property><gp:Property><gp:Key>Channel_Property</gp:Key><gp:Value /></gp:Property><gp:Property><gp:Key>Channel_Confliction</gp:Key><gp:Value>Include Duplicate Channel Names</gp:Value></gp:Property><gp:Property><gp:Key>HIDE</gp:Key><gp:Value /></gp:Property><gp:Property><gp:Key>HID1</gp:Key><gp:Value></gp:Value></gp:Property><gp:Property><gp:Key>HID2</gp:Key><gp:Value></gp:Value></gp:Property><gp:Property><gp:Key>OS1</gp:Key><gp:Value /></gp:Property><gp:Property><gp:Key>OS2</gp:Key><gp:Value /></gp:Property><gp:Property><gp:Key>OS3</gp:Key><gp:Value /></gp:Property><gp:Property><gp:Key>OS4</gp:Key><gp:Value /></gp:Property><gp:Property><gp:Key>OS5</gp:Key><gp:Value /></gp:Property><gp:PropertiesSnippetVersion>1.5</gp:PropertiesSnippetVersion></gp:Properties></gp:GraphicalFormat>
43194.2091793866,DeliverablesSetup,UI Framework,Switch View,Click,ToolbarButton,Deliverables Setup View,UIInteraction,
43194.2093673148,DeliverablesSetup,UI Framework,Close Console,Click,Button,,UIInteraction,JobGuid=05C2E884-089E-4EAB-ABF2-AFF24C6DE781
43194.2094025,DeliverablesSetup,UI Framework,OK to Close Deliverables Console Setup Console,Click,Button,OK,UIInteraction,
43194.2094570833,,Console/Job Manager,Stop Job,Click,Button,Stop,UIInteraction,JobGuid=05C2E884-089E-4EAB-ABF2-AFF24C6DE781
