43194.1499139699,,Console/Job Manager,New Job,Click,Button,New,UIInteraction,
43194.1499329167,,Console/Job Manager,Input Job Name,Input,TextBox,MIRAGE-PLUG,UIInteraction,
43194.1499771065,,Console/Job Manager,Input Client Name,Input,TextBox,BGCAT,UIInteraction,
43194.1501117245,,Console/Job Manager,Check Simulator,Click,CheckBox,Simulator,UIInteraction,CheckState=True
43194.1502978241,,Console/Job Manager,Select Auto Backup Folder,Click,ComboBox,C:\Autobackup,UIInteraction,
43194.1544199769,,UI Framework,Close Console,Click,Button,,UIInteraction,
43194.1569590162,,UI Framework,Initialize Maxwell Manager Process Name,,,Initialize Maxwell Manager Process Name,,
43194.1569760301,,UI Framework,Start Console,,,Maxwell Manager,UIAutomatic,MachineName=HPV02-012;UserName=Engineer;UserDomainName=HPV02-012;OS=Microsoft Windows NT 6.1.7601 Service Pack 1;TimeZone=00:00:00;IPAddress_1=192.168.78.144;IPAddress_2=::1;MWVersion=9.0.100745.3100
43194.1572117477,,Console/Job Manager,Import Job Archive,Click,ContextMenu,Create Import,UIInteraction,
43194.157218669,,Import/Export & Backup/Restore,Select file to import,Click,Button,...,UIInteraction,
43194.1572249421,,Import/Export & Backup/Restore,OK to select file,,,,UIAutomatic,FilePath=\\srv004bgc.dir.slb.com\MaxwellAT\TestData\TestData\Phase3\JobArchive\WL_SWF_Mirage_Plug_Setup.Dlis
43194.1572847569,,Import/Export & Backup/Restore,Start Import,Click,Button,Import,UIInteraction,FilePath=\\srv004bgc.dir.slb.com\MaxwellAT\TestData\TestData\Phase3\JobArchive\WL_SWF_Mirage_Plug_Setup.Dlis
43194.1575860069,,Import/Export & Backup/Restore,Close Import UI,Click,Button,Close,UIInteraction,
43194.1577182176,,Console/Job Manager,Select Auto Backup Folder,Click,ComboBox,C:\Autobackup,UIInteraction,
43194.1600365046,,UI Framework,Switch Tab,Click,Tab,Job: MIRAGE-PLUG,UIInteraction,
43194.1872272685,,UI Framework,Switch Tab,Click,Tab,Messages: Job Independent,UIInteraction,
43194.1886944907,,Console/Job Manager,Import Run Archive,Click,ContextMenu,Import Run Archive,UIInteraction,
43194.1887061921,,Import/Export & Backup/Restore,OK to select file,,,,UIAutomatic,FilePath=\\srv004bgc.dir.slb.com\MaxwellAT\TestData\TestData\Phase3\Mirage_Plug\RunArchive.Dlis
43194.1887004167,,Import/Export & Backup/Restore,Select file to import,Click,Button,...,UIInteraction,
43194.1887441088,,Import/Export & Backup/Restore,Start Import,Click,Button,Import,UIInteraction,FilePath=\\srv004bgc.dir.slb.com\MaxwellAT\TestData\TestData\Phase3\Mirage_Plug\RunArchive.Dlis
43194.1891431134,,Import/Export & Backup/Restore,Close Import UI,Click,Button,Close,UIInteraction,
43194.1910396759,,UI Framework,Close Console,Click,Button,,UIInteraction,
