Time,Process,Component,Operation,Action,Control,ControlText,Category,Context
43194.1572912037,,Console/Job Manager,Start Job,Click,Button,Start,UIInteraction,JobName=MIRAGE-PLUG;StartDate=4/4/2018 3:46 AM;Workflow=Wireline;Simulator=True;UnitSystem=English;JobSize=0;State=Available;SideTrackId=0;SessionID=546A792C-C6A7-41F3-880E-BCC095146BE0;SortOrder=1;JobGUID=B296E1E1-60B5-4D8C-A5F5-ED71D9978D23;WellGUID=071AAA64-455B-450C-B982-3AADE23A84EE;BoreholeGUID=F5E637C7-9A5F-4A3F-9070-B16E191547E2;MachineName=HPV02-012;UserName=Engineer;UserDomainName=HPV02-012;OS=Microsoft Windows NT 6.1.7601 Service Pack 1;StartedJobCount=0;TimeZone=00:00:00;IPAddress_1=192.168.78.144;IPAddress_2=::1;MWVersion=9.0.100745.3100
43194.1575670255,,Console/Job Manager,Stop Job,Click,Button,Stop,UIInteraction,JobGuid=B296E1E1-60B5-4D8C-A5F5-ED71D9978D23
43194.1577606944,,Console/Job Manager,Start Job,Click,Button,Start,UIInteraction,JobName=MIRAGE-PLUG;StartDate=4/4/2018 3:46 AM;Workflow=Wireline;Simulator=True;UnitSystem=English;RTBackupDir=C:\Autobackup;JobSize=0;State=Available;SideTrackId=0;SessionID=546A792C-C6A7-41F3-880E-BCC095146BE0;SortOrder=1;JobGUID=B296E1E1-60B5-4D8C-A5F5-ED71D9978D23;WellGUID=071AAA64-455B-450C-B982-3AADE23A84EE;BoreholeGUID=F5E637C7-9A5F-4A3F-9070-B16E191547E2;MachineName=HPV02-012;UserName=Engineer;UserDomainName=HPV02-012;OS=Microsoft Windows NT 6.1.7601 Service Pack 1;StartedJobCount=0;TimeZone=00:00:00;IPAddress_1=192.168.78.144;IPAddress_2=::1;MWVersion=9.0.100745.3100
43194.158525787,,Console/Job Manager,Start Setup Console,Click,Button,Start...,UIInteraction,JobGuid=B296E1E1-60B5-4D8C-A5F5-ED71D9978D23
43194.1585876042,Setup,Calibration,Select Calibration Report Type,Click,ComboBox,Technical Concise,UIInteraction,
43194.1586556134,Setup,UI Framework,Start Console,,,Setup - Job MIRAGE-PLUG,UIAutomatic,
43194.158670787,,Console/Job Manager,Start Deliverables Console,Click,Button,Start...,UIInteraction,JobGuid=B296E1E1-60B5-4D8C-A5F5-ED71D9978D23
43194.1587243056,DeliverablesSetup,Tier Manager,Tier Template Created for Tools in My Equipment,,,MSPP-BB Tier Created,Deliverables Console,
43194.1587244444,DeliverablesSetup,Tier Manager,Tier Template Created for Tools in My Equipment,,,PSTE-F Tier Created,Deliverables Console,
43194.1587245486,DeliverablesSetup,Tier Manager,Tier Template Created for Tools in My Equipment,,,MSPC-BA Tier Created,Deliverables Console,
43194.1587247801,DeliverablesSetup,Tier Manager,Tier Template Created for Tools in My Equipment,,,LEH-ST Tier Created,Deliverables Console,
43194.1587310417,DeliverablesSetup,UI Framework,Start Console,,,Deliverables Console Setup - Job MIRAGE-PLUG,UIAutomatic,
43194.1587246644,DeliverablesSetup,Tier Manager,Tier Template Created for Tools in My Equipment,,,MSPY-BA Tier Created,Deliverables Console,
43194.1588968519,Setup,UI Framework,Switch Tab,Click,Tab,DnI Initializations,UIInteraction,
43194.158923912,Setup,DnI/Survey,Compute DnI/Elevation,Click,Button,Compute,UIInteraction,
43194.1590841319,Setup,Run Manager (Internal),Start Run,Click,Button,Start,UIInteraction,RunGuid=AB7FF157-84A9-4FAC-88D1-9805874F36D0;ToolstringGuid=7E08DDA6-115F-4715-BD0F-3BC517BFEC64;DownholeEquipments=MSPP-BB:MSPY-BA:MSPC-BA:PSTE-F:AH-324:LEH-ST;TSLevelActiveSurfaceEquips=TENSION_DEVICE:LOGGING_CABLE:DEPTH_DEVICE:WAFE
43194.1592427662,Simulation,UI Framework,Start Console,,,Simulation Console - Job MIRAGE-PLUG,UIAutomatic,
43194.1593057523,WLAcquisition,Calibration,Select Calibration Report Type,Click,ComboBox,Technical Concise,UIInteraction,
43194.1593471644,WLAcquisition,UI Framework,Start Console,,,Acquisition Console - Job MIRAGE-PLUG - Run 1,UIAutomatic,
43194.1593542014,WLAcquisition,Calibration,Select Calibration in Calibration Report,Click,ComboBox,HTEN Before Calibration,UIInteraction,
43194.1593542245,WLAcquisition,Calibration,Select Tool in Calibration Report,Click,ComboBox,LEH-ST,UIInteraction,ToolName=LEH-ST
43194.1597793056,WLAcquisition,Depth Log/Station Planning,Perform Logging Task,RightClick,TreeView,MSPP-BB: MSPT ToolPosition Parameter Set,UIInteraction,TaskName=MSPP-BB: MSPT ToolPosition Parameter Set
43194.1597933565,WLAcquisition,Depth Log/Station Planning,Perform Logging Task,Click,ContextMenu,Perform,UIInteraction,TaskName=MSPP-BB: MSPT ToolPosition Parameter Set
43194.1600309375,WLAcquisition,Data Acquiring - WL,Connect Hardware,Click,ToolbarButton,Connect to Hardware,UIInteraction,
43194.1601866088,WLAcquisition,Data Acquiring - WL,Start Dataflow,Click,ToolbarButton,Start Data Flow,UIInteraction,
43194.1601977546,WLAcquisition,PSTE-F,Switch Mode,,,,UIAutomatic,TaskName=PSTE-F: Switch Mode
43194.160363912,WLAcquisition,Tool Control,Perform Tool Control Task,Click,Button,Next,UIInteraction,TaskName=PSTE-F: Switch Mode
43194.1604484722,WLAcquisition,Tool Control,Perform Tool Control Task,Click,Button,Next,UIInteraction,TaskName=PSTE-F: Switch Mode
43194.1605337384,WLAcquisition,Tool Control,Perform Tool Control Task,Click,Button,Next,UIInteraction,TaskName=PSTE-F: Switch Mode
43194.1605582176,WLAcquisition,Tool Control,Perform Tool Control Task,Click,Button,Close,UIInteraction,TaskName=PSTE-F: Switch Mode
43194.1606931019,WLAcquisition,Data Acquiring - WL,Enable Tool Power,Click,ToolbarButton,Enable Tool Power,UIInteraction,
43194.1625242824,Simulation,UI Framework,Switch Tab,Click,Tab,MSPT Simulation : 4,UIInteraction,
43194.164021794,WLAcquisition,UI Framework,Switch Tab,Click,Tab,Tool Control,UIInteraction,
43194.1641026852,WLAcquisition,MSPC-BA,Check firmware version,RightClick,TreeView,MSPC-BA: Check firmware version,UIInteraction,TaskName=MSPC-BA: Check firmware version
43194.1641166551,WLAcquisition,MSPC-BA,Check firmware version,Click,ContextMenu,Perform,UIInteraction,TaskName=MSPC-BA: Check firmware version
43194.1642215856,WLAcquisition,Tool Control,Perform Tool Control Task,Click,Button,Close,UIInteraction,TaskName=MSPC-BA: Check firmware version
43194.1644459606,WLAcquisition,MSPC-BA,Check POST,RightClick,TreeView,MSPC-BA: Check POST,UIInteraction,TaskName=MSPC-BA: Check POST
43194.1644598958,WLAcquisition,MSPC-BA,Check POST,Click,ContextMenu,Perform,UIInteraction,TaskName=MSPC-BA: Check POST
43194.1645617593,WLAcquisition,Tool Control,Perform Tool Control Task,Click,Button,Close,UIInteraction,TaskName=MSPC-BA: Check POST
43194.1647870949,WLAcquisition,MSPC-BA,Set pressure gauge calibration,RightClick,TreeView,MSPC-BA: Set pressure gauge calibration,UIInteraction,TaskName=MSPC-BA: Set pressure gauge calibration
43194.1648014583,WLAcquisition,MSPC-BA,Set pressure gauge calibration,Click,ContextMenu,Perform,UIInteraction,TaskName=MSPC-BA: Set pressure gauge calibration
43194.1648411343,WLAcquisition,Tool Control,Perform Tool Control Task,Click,Button,OK,UIInteraction,TaskName=MSPC-BA: Set pressure gauge calibration
43194.165818287,WLAcquisition,Tool Control,Perform Tool Control Task,Click,Button,Close,UIInteraction,TaskName=MSPC-BA: Set pressure gauge calibration
43194.1659931019,WLAcquisition,MSPC-BA,Motor Control,RightClick,TreeView,Motor Control,UIInteraction,TaskName=Motor Control
43194.1660071065,WLAcquisition,MSPC-BA,Motor Control,Click,ContextMenu,Perform,UIInteraction,TaskName=Motor Control
43194.1660540394,WLAcquisition,Tool Control,Perform Tool Control Task,Click,Button,Next,UIInteraction,TaskName=Motor Control
43194.1661352199,WLAcquisition,Tool Control,Perform Tool Control Task,Click,Button,Cancel,UIInteraction,TaskName=Motor Control
43194.1661370833,WLAcquisition,Tool Control,Perform Tool Control Task,Click,Button,Update,UIInteraction,TaskName=Motor Control
43194.1663338542,WLAcquisition,Tool Control,Perform Tool Control Task,Click,Button,Stop Motor,UIInteraction,TaskName=Motor Control
43194.1663784838,WLAcquisition,Tool Control,Perform Tool Control Task,Click,Button,Close,UIInteraction,TaskName=Motor Control
43194.1665544444,WLAcquisition,MSPC-BA,Motor Control,RightClick,TreeView,Motor Control,UIInteraction,TaskName=Motor Control
43194.1665687847,WLAcquisition,MSPC-BA,Motor Control,Click,ContextMenu,Perform,UIInteraction,TaskName=Motor Control
43194.1666157176,WLAcquisition,Tool Control,Perform Tool Control Task,Click,Button,Stop Motor,UIInteraction,TaskName=Motor Control
43194.1667431829,WLAcquisition,Tool Control,Perform Tool Control Task,Click,Button,Cancel,UIInteraction,TaskName=Motor Control
43194.1667452431,WLAcquisition,Tool Control,Perform Tool Control Task,Click,Button,Update,UIInteraction,TaskName=Motor Control
43194.1669433565,WLAcquisition,Tool Control,Perform Tool Control Task,Click,Button,Stop Motor,UIInteraction,TaskName=Motor Control
43194.1669895255,WLAcquisition,Tool Control,Perform Tool Control Task,Click,Button,Close,UIInteraction,TaskName=Motor Control
43194.1671435764,WLAcquisition,MSPC-BA,Resolver calibration,RightClick,TreeView,MSPC-BA: Resolver calibration,UIInteraction,TaskName=MSPC-BA: Resolver calibration
43194.1671573843,WLAcquisition,MSPC-BA,Resolver calibration,Click,ContextMenu,Perform,UIInteraction,TaskName=MSPC-BA: Resolver calibration
43194.1672423495,WLAcquisition,Tool Control,Perform Tool Control Task,Click,Button,User Entry,UIInteraction,TaskName=MSPC-BA: Resolver calibration
43194.1673840046,WLAcquisition,Tool Control,Perform Tool Control Task,Click,Button,Two Points,UIInteraction,TaskName=MSPC-BA: Resolver calibration
43194.1675365741,WLAcquisition,Tool Control,Perform Tool Control Task,Click,Button,High Torque,UIInteraction,TaskName=MSPC-BA: Resolver calibration
43194.1677269097,WLAcquisition,Tool Control,Perform Tool Control Task,Click,Button,Close,UIInteraction,TaskName=MSPC-BA: Resolver calibration
43194.1678952315,WLAcquisition,MSPC-BA,Tool Protection Settings,RightClick,TreeView,Tool Protection Settings,UIInteraction,TaskName=Tool Protection Settings
43194.1679091319,WLAcquisition,MSPC-BA,Tool Protection Settings,Click,ContextMenu,Perform,UIInteraction,TaskName=Tool Protection Settings
43194.1683563657,WLAcquisition,MSPC-BA,Tool Protection Settings,RightClick,TreeView,Tool Protection Settings,UIInteraction,TaskName=Tool Protection Settings
43194.168370706,WLAcquisition,MSPC-BA,Tool Protection Settings,Click,ContextMenu,Perform,UIInteraction,TaskName=Tool Protection Settings
43194.1686882523,WLAcquisition,UI Framework,Switch Tab,Click,Tab,Operation,UIInteraction,
43194.168761875,WLAcquisition,Depth Log/Station Planning,Perform Logging Task,RightClick,TreeView,Station Log,UIInteraction,TaskName=Station Log
43194.1687762847,WLAcquisition,Depth Log/Station Planning,Perform Logging Task,Click,ContextMenu,Perform,UIInteraction,TaskName=Station Log
43194.1689604861,WLAcquisition,Data Acquiring - WL,Start Station Pass,Click,Button,Start,UIInteraction,PassGuid=91739103-8CB3-4F0A-90C5-00F101624D22;Main Objective=Plug Setting
43194.168961412,WLAcquisition,Data Acquiring - WL,Continue Station Pass,,Button,Start,UIAutomatic,PassGuid=91739103-8CB3-4F0A-90C5-00F101624D22;Main Objective=Plug Setting
43194.1689698032,WLAcquisition,UI Framework,Switch Tab,Click,Tab,Station,UIInteraction,
43194.16912125,WLAcquisition,Surface Test,Surface Test,RightClick,TreeView,Surface Test,UIInteraction,TaskName=Surface Test
43194.1691351736,WLAcquisition,Surface Test,Surface Test,Click,ContextMenu,Perform,UIInteraction,TaskName=Surface Test
43194.1704728241,WLAcquisition,Data Acquiring - WL,Unlock Pass,Click,ToolbarButton,Click to Unlock Stop Button,UIInteraction,
43194.1704975231,WLAcquisition,Data Acquiring - WL,Stop Station Pass,Click,Button,Stop,UIInteraction,PassGuid=91739103-8CB3-4F0A-90C5-00F101624D22;Depth=0
43194.1709224884,WLAcquisition,Depth Log/Station Planning,Perform Logging Task,RightClick,TreeView,Depth Log,UIInteraction,TaskName=Depth Log
43194.1709363542,WLAcquisition,Depth Log/Station Planning,Perform Logging Task,Click,ContextMenu,Perform,UIInteraction,TaskName=Depth Log
43194.1713460995,WLAcquisition,Data Acquiring - WL,Start Depth Pass,Click,Button,Start,UIInteraction,PassGuid=61C2C8B1-8786-4E96-8200-597C26DB21FB;Objective=Log;Direction=Up;Depth=2911.54358
43194.1713485185,WLAcquisition,UI Framework,Switch Tab,Click,Tab,MD,UIInteraction,
43194.1824759606,WLAcquisition,Data Acquiring - WL,Unlock Pass,Click,ToolbarButton,Click to Unlock Stop Button,UIInteraction,
43194.1825838889,WLAcquisition,Data Acquiring - WL,Stop Depth Pass,Click,Button,Stop,UIInteraction,PassGuid=61C2C8B1-8786-4E96-8200-597C26DB21FB;Depth=2621.27238
43194.18319375,WLAcquisition,Data Acquiring - WL,Start Depth Pass,Click,Button,Start,UIInteraction,PassGuid=B29E925C-BF35-4F1B-92D7-70C7935F7325;Objective=Log;Direction=Up;Depth=822.95746
43194.1834132407,WLAcquisition,Depth Log/Station Planning,Perform Logging Task,RightClick,TreeView,Station Log,UIInteraction,TaskName=Station Log
43194.1834272685,WLAcquisition,Depth Log/Station Planning,Perform Logging Task,Click,ContextMenu,Perform,UIInteraction,TaskName=Station Log
43194.1834335532,WLAcquisition,UI Framework,Switch Tab,Click,Tab,Station Log,UIInteraction,
43194.1836069676,WLAcquisition,Data Acquiring - WL,Start Station Pass,Click,Button,Start,UIInteraction,PassGuid=F414E968-1294-4A07-B23E-6CFF516FF6CD;Main Objective=Plug Setting
43194.183608125,WLAcquisition,Data Acquiring - WL,Continue Station Pass,,Button,Start,UIAutomatic,PassGuid=F414E968-1294-4A07-B23E-6CFF516FF6CD;Main Objective=Plug Setting
43194.1836157755,WLAcquisition,UI Framework,Switch Tab,Click,Tab,Station,UIInteraction,
43194.1836622454,WLAcquisition,Set Plug,Set Plug,RightClick,TreeView,Set Plug,UIInteraction,TaskName=Set Plug
43194.1836762616,WLAcquisition,Set Plug,Set Plug,Click,ContextMenu,Perform,UIInteraction,TaskName=Set Plug
43194.1837392477,WLAcquisition,Data Acquiring - WL,Unlock Pass,Click,ToolbarButton,Click to Unlock Stop Button,UIInteraction,
43194.1837612037,WLAcquisition,Data Acquiring - WL,Stop Station Pass,Click,Button,Stop,UIInteraction,PassGuid=F414E968-1294-4A07-B23E-6CFF516FF6CD;Depth=810.1584
43194.1838663657,WLAcquisition,UI Framework,Switch Tab,Click,Tab,Depth Log,UIInteraction,
43194.1858604745,WLAcquisition,Data Acquiring - WL,Unlock Pass,Click,ToolbarButton,Click to Unlock Stop Button,UIInteraction,
43194.185974537,WLAcquisition,Data Acquiring - WL,Stop Depth Pass,Click,Button,Stop,UIInteraction,PassGuid=B29E925C-BF35-4F1B-92D7-70C7935F7325;Depth=757.42546
43194.1862533218,WLAcquisition,Properties & Parameters,Change Parameter Value,Update,GridCell,5000,UIInteraction,OSDD=TD;EnsemblePath=Borehole
43194.1862541319,Setup,Computation / Recomputation,ProcessRecomputeState,,,,UIAutomatic,JobGuid=B296E1E1-60B5-4D8C-A5F5-ED71D9978D23;State=UIS_RECOMPUTATION_STATE_PENDING;Scope=JobScope;RecompPercentageComplete=;MultipleRunsAffected=False;ActiveRunAffected=True;ActiveRunInProgress=False;RunCount=1;Run0Change0=Parameter;Run0Guid=AB7FF157-84A9-4FAC-88D1-9805874F36D0
43194.1862541319,WLAcquisition,Computation / Recomputation,ProcessRecomputeState,,,,UIAutomatic,JobGuid=B296E1E1-60B5-4D8C-A5F5-ED71D9978D23;State=UIS_RECOMPUTATION_STATE_PENDING;Scope=JobScope;RecompPercentageComplete=;MultipleRunsAffected=False;ActiveRunAffected=True;ActiveRunInProgress=False;RunCount=1;Run0Change0=Parameter;Run0Guid=AB7FF157-84A9-4FAC-88D1-9805874F36D0
43194.1862541435,DeliverablesSetup,Computation / Recomputation,ProcessRecomputeState,,,,UIAutomatic,JobGuid=B296E1E1-60B5-4D8C-A5F5-ED71D9978D23;State=UIS_RECOMPUTATION_STATE_PENDING;Scope=JobScope;RecompPercentageComplete=;MultipleRunsAffected=False;ActiveRunAffected=True;ActiveRunInProgress=False;RunCount=1;Run0Change0=Parameter;Run0Guid=AB7FF157-84A9-4FAC-88D1-9805874F36D0
43194.1862839815,WLAcquisition,Computation / Recomputation,Recompute All Pending Runs,Click,ToolbarButton,Recompute All Pending Runs,UIInteraction,
43194.1862840046,WLAcquisition,Computation / Recomputation,Start Recomputation During Acquisition,Click,ToolbarButton,Recompute All Pending Runs,UIInteraction,FeatureName=Framework.RTOOP
43194.1862841088,Setup,Computation / Recomputation,ProcessRecomputeState,,,,UIAutomatic,JobGuid=B296E1E1-60B5-4D8C-A5F5-ED71D9978D23;State=UIS_RECOMPUTATION_STATE_STARTING;Scope=JobScope;RecompPercentageComplete=;MultipleRunsAffected=False;ActiveRunAffected=True;ActiveRunInProgress=True;RunCount=1;Run0Change0=Parameter;Run0Guid=AB7FF157-84A9-4FAC-88D1-9805874F36D0
43194.1862842361,DeliverablesSetup,Computation / Recomputation,ProcessRecomputeState,,,,UIAutomatic,JobGuid=B296E1E1-60B5-4D8C-A5F5-ED71D9978D23;State=UIS_RECOMPUTATION_STATE_STARTING;Scope=JobScope;RecompPercentageComplete=;MultipleRunsAffected=False;ActiveRunAffected=True;ActiveRunInProgress=True;RunCount=1;Run0Change0=Parameter;Run0Guid=AB7FF157-84A9-4FAC-88D1-9805874F36D0
43194.1862843982,WLAcquisition,Computation / Recomputation,ProcessRecomputeState,,,,UIAutomatic,JobGuid=B296E1E1-60B5-4D8C-A5F5-ED71D9978D23;State=UIS_RECOMPUTATION_STATE_STARTING;Scope=JobScope;RecompPercentageComplete=;MultipleRunsAffected=False;ActiveRunAffected=True;ActiveRunInProgress=True;RunCount=1;Run0Change0=Parameter;Run0Guid=AB7FF157-84A9-4FAC-88D1-9805874F36D0
43194.186364294,DeliverablesSetup,Computation / Recomputation,ProcessRecomputeState,,,,UIAutomatic,JobGuid=B296E1E1-60B5-4D8C-A5F5-ED71D9978D23;State=UIS_RECOMPUTATION_STATE_IN_PROGRESS;Scope=JobScope;RecompPercentageComplete=;MultipleRunsAffected=False;ActiveRunAffected=True;ActiveRunInProgress=True;RunCount=1;Run0Change0=Parameter;Run0Guid=AB7FF157-84A9-4FAC-88D1-9805874F36D0
43194.186364294,Setup,Computation / Recomputation,ProcessRecomputeState,,,,UIAutomatic,JobGuid=B296E1E1-60B5-4D8C-A5F5-ED71D9978D23;State=UIS_RECOMPUTATION_STATE_IN_PROGRESS;Scope=JobScope;RecompPercentageComplete=;MultipleRunsAffected=False;ActiveRunAffected=True;ActiveRunInProgress=True;RunCount=1;Run0Change0=Parameter;Run0Guid=AB7FF157-84A9-4FAC-88D1-9805874F36D0
43194.186364294,WLAcquisition,Computation / Recomputation,ProcessRecomputeState,,,,UIAutomatic,JobGuid=B296E1E1-60B5-4D8C-A5F5-ED71D9978D23;State=UIS_RECOMPUTATION_STATE_IN_PROGRESS;Scope=JobScope;RecompPercentageComplete=;MultipleRunsAffected=False;ActiveRunAffected=True;ActiveRunInProgress=True;RunCount=1;Run0Change0=Parameter;Run0Guid=AB7FF157-84A9-4FAC-88D1-9805874F36D0
43194.1864512037,DeliverablesSetup,Computation / Recomputation,ProcessRecomputeState,,,,UIAutomatic,JobGuid=B296E1E1-60B5-4D8C-A5F5-ED71D9978D23;State=UIS_RECOMPUTATION_STATE_SUCCEEDED;Scope=JobScope;RecompPercentageComplete=;MultipleRunsAffected=False;ActiveRunAffected=True;ActiveRunInProgress=True;RunCount=1;Run0Change0=Parameter;Run0Guid=AB7FF157-84A9-4FAC-88D1-9805874F36D0
43194.1864519097,Setup,Computation / Recomputation,ProcessRecomputeState,,,,UIAutomatic,JobGuid=B296E1E1-60B5-4D8C-A5F5-ED71D9978D23;State=UIS_RECOMPUTATION_STATE_SUCCEEDED;Scope=JobScope;RecompPercentageComplete=;MultipleRunsAffected=False;ActiveRunAffected=True;ActiveRunInProgress=True;RunCount=1;Run0Change0=Parameter;Run0Guid=AB7FF157-84A9-4FAC-88D1-9805874F36D0
43194.186452338,WLAcquisition,Computation / Recomputation,ProcessRecomputeState,,,,UIAutomatic,JobGuid=B296E1E1-60B5-4D8C-A5F5-ED71D9978D23;State=UIS_RECOMPUTATION_STATE_SUCCEEDED;Scope=JobScope;RecompPercentageComplete=;MultipleRunsAffected=False;ActiveRunAffected=True;ActiveRunInProgress=True;RunCount=1;Run0Change0=Parameter;Run0Guid=AB7FF157-84A9-4FAC-88D1-9805874F36D0
43194.1864845139,WLAcquisition,Data Acquiring - WL,Unlock 3 Buttons,Click,ToolbarButton,Unlock,UIInteraction,
43194.1864864815,WLAcquisition,Data Acquiring - WL,Disable Tool Power,Click,ToolbarButton,Disable Tool Power,UIInteraction,
43194.1865888657,WLAcquisition,Data Acquiring - WL,Stop Dataflow,Click,ToolbarButton,Stop Data Flow,UIInteraction,
43194.1867072106,WLAcquisition,Data Acquiring - WL,Disconnect Hardware,Click,ToolbarButton,Disconnect From Hardware,UIInteraction,
43194.1867103125,Simulation,UI Framework,Switch Tab,Click,Tab,PSTC UI : 1,UIInteraction,
43194.1867109028,Simulation,UI Framework,Switch Tab,Click,Tab,MSPT Simulation : 4,UIInteraction,
43194.1867116898,Simulation,UI Framework,Switch Tab,Click,Tab,MSPT Simulation : 4,UIInteraction,
43194.186711169,Simulation,UI Framework,Switch Tab,Click,Tab,PSTE-MS Board : 2,UIInteraction,
43194.1867119676,Simulation,UI Framework,Switch Tab,Click,Tab,HWS_Simulator : 0,UIInteraction,
43194.1867124769,Simulation,UI Framework,Switch Tab,Click,Tab,MSPT Simulation : 4,UIInteraction,
43194.1867126273,Simulation,UI Framework,Switch Tab,Click,Tab,PSTE Power Supply : 3,UIInteraction,
43194.1868056481,Setup,Run Manager (Internal),Stop Run,Click,Button,Stop,UIInteraction,RunGuid=AB7FF157-84A9-4FAC-88D1-9805874F36D0
43194.1868491667,Setup,Run Manager (Internal),Confirm to Stop Run,Click,Button,OK,UIInteraction,RunGuid=AB7FF157-84A9-4FAC-88D1-9805874F36D0
43194.1869357986,Simulation,UI Framework,Close Console,Click,Button,,UIInteraction,JobGuid=B296E1E1-60B5-4D8C-A5F5-ED71D9978D23
43194.1870369792,DeliverablesSetup,UI Framework,Close Console,Click,Button,,UIInteraction,JobGuid=B296E1E1-60B5-4D8C-A5F5-ED71D9978D23
43194.1870522106,DeliverablesSetup,UI Framework,OK to Close Deliverables Console Setup Console,Click,Button,OK,UIInteraction,
43194.1871330093,,Console/Job Manager,Stop Setup Console,Click,Button,Stop,UIInteraction,JobGuid=B296E1E1-60B5-4D8C-A5F5-ED71D9978D23
43194.1872159838,,Console/Job Manager,Stop Job,Click,Button,Stop,UIInteraction,JobGuid=B296E1E1-60B5-4D8C-A5F5-ED71D9978D23
43194.1888629745,,Console/Job Manager,Start Job,Click,Button,Start,UIInteraction,JobName=MIRAGE-PLUG;StartDate=4/4/2018 3:46 AM;Workflow=Wireline;Simulator=True;UnitSystem=English;RTBackupDir=C:\Autobackup;JobSize=47.6;State=Available;SideTrackId=0;SessionID=546A792C-C6A7-41F3-880E-BCC095146BE0;SortOrder=1;JobGUID=B296E1E1-60B5-4D8C-A5F5-ED71D9978D23;WellGUID=071AAA64-455B-450C-B982-3AADE23A84EE;BoreholeGUID=F5E637C7-9A5F-4A3F-9070-B16E191547E2;MachineName=HPV02-012;UserName=Engineer;UserDomainName=HPV02-012;OS=Microsoft Windows NT 6.1.7601 Service Pack 1;StartedJobCount=0;TimeZone=00:00:00;IPAddress_1=192.168.78.144;IPAddress_2=::1;MWVersion=9.0.100745.3100
43194.1891380093,,Console/Job Manager,Stop Job,Click,Button,Stop,UIInteraction,JobGuid=B296E1E1-60B5-4D8C-A5F5-ED71D9978D23
43194.1898472569,,Console/Job Manager,Start Job,Click,Button,Start,UIInteraction,JobName=MIRAGE-PLUG;StartDate=4/4/2018 3:46 AM;Workflow=Wireline;Simulator=True;UnitSystem=English;RTBackupDir=C:\Autobackup;JobSize=70.3;State=Available;SideTrackId=0;SessionID=546A792C-C6A7-41F3-880E-BCC095146BE0;SortOrder=1;JobGUID=B296E1E1-60B5-4D8C-A5F5-ED71D9978D23;WellGUID=071AAA64-455B-450C-B982-3AADE23A84EE;BoreholeGUID=F5E637C7-9A5F-4A3F-9070-B16E191547E2;MachineName=HPV02-012;UserName=Engineer;UserDomainName=HPV02-012;OS=Microsoft Windows NT 6.1.7601 Service Pack 1;StartedJobCount=0;TimeZone=00:00:00;IPAddress_1=192.168.78.144;IPAddress_2=::1;MWVersion=9.0.100745.3100
43194.1899307523,,Console/Job Manager,Start Deliverables Console,Click,Button,Start...,UIInteraction,JobGuid=B296E1E1-60B5-4D8C-A5F5-ED71D9978D23
43194.1900092824,DeliverablesSetup,Computation / Recomputation,ProcessRecomputeState,,,,UIAutomatic,JobGuid=B296E1E1-60B5-4D8C-A5F5-ED71D9978D23;State=UIS_RECOMPUTATION_STATE_IN_PROGRESS;Scope=JobScope;RecompPercentageComplete=38.8823792562131;MultipleRunsAffected=False;ActiveRunAffected=False;ActiveRunInProgress=False;RunCount=1;Run0Change0=DataImport;Run0Guid=EB741B94-8222-4C30-8BCB-8C2763B65D4B
43194.190011412,DeliverablesSetup,UI Framework,Start Console,,,Deliverables Console Setup - Job MIRAGE-PLUG,UIAutomatic,
43194.1900284375,,Console/Job Manager,Start Data Central Console,Click,Button,Start...,UIInteraction,JobGuid=B296E1E1-60B5-4D8C-A5F5-ED71D9978D23
43194.1900625694,DataCentral,Computation / Recomputation,ProcessRecomputeState,,,,UIAutomatic,JobGuid=B296E1E1-60B5-4D8C-A5F5-ED71D9978D23;State=UIS_RECOMPUTATION_STATE_IN_PROGRESS;Scope=JobScope;RecompPercentageComplete=78.3152879505477;MultipleRunsAffected=False;ActiveRunAffected=False;ActiveRunInProgress=False;RunCount=1;Run0Change0=DataImport;Run0Guid=EB741B94-8222-4C30-8BCB-8C2763B65D4B
43194.1900642477,DataCentral,UI Framework,Start Console,,,Data Central - Recompute - Job MIRAGE-PLUG,UIAutomatic,
43194.1901198495,DataCentral,Computation / Recomputation,ProcessRecomputeState,,,,UIAutomatic,JobGuid=B296E1E1-60B5-4D8C-A5F5-ED71D9978D23;State=UIS_RECOMPUTATION_STATE_SUCCEEDED;Scope=JobScope;RecompPercentageComplete=;MultipleRunsAffected=False;ActiveRunAffected=False;ActiveRunInProgress=False;RunCount=1;Run0Change0=DataImport;Run0Guid=EB741B94-8222-4C30-8BCB-8C2763B65D4B
43194.1901198495,DeliverablesSetup,Computation / Recomputation,ProcessRecomputeState,,,,UIAutomatic,JobGuid=B296E1E1-60B5-4D8C-A5F5-ED71D9978D23;State=UIS_RECOMPUTATION_STATE_SUCCEEDED;Scope=JobScope;RecompPercentageComplete=;MultipleRunsAffected=False;ActiveRunAffected=False;ActiveRunInProgress=False;RunCount=1;Run0Change0=DataImport;Run0Guid=EB741B94-8222-4C30-8BCB-8C2763B65D4B
43194.1901953241,DataCentral,UI Framework,Switch View,Click,ToolbarButton,Depth Shift,UIInteraction,
43194.1902583218,DataCentral,Time/Depth Edit/Shift,DepthShift/Select Pass,Click,CheckBox,Select Pass,UIInteraction,CheckState=True;RunName=Run 1;PassName=Run 1 : Main[4]:Up;RunGuid=EB741B94-8222-4C30-8BCB-8C2763B65D4B;PassGuid=381AE9AA-1A01-48A4-B841-ADFA1EAFB5DE
43194.1902755787,DataCentral,Time/Depth Edit/Shift,DepthShift/Select Pass,Click,CheckBox,Select Pass,UIInteraction,CheckState=True;RunName=Run 2;PassName=Run 2 : Log[1]:Up;RunGuid=AB7FF157-84A9-4FAC-88D1-9805874F36D0;PassGuid=61C2C8B1-8786-4E96-8200-597C26DB21FB
43194.1903424306,DataCentral,Time/Depth Edit/Shift,DepthShift/Input ShiftBy,Input,TextBox,1.5,UIInteraction,PassName=Run 2 : Log[1]:Up;PassGuid=61C2C8B1-8786-4E96-8200-597C26DB21FB
43194.190411331,DataCentral,Time/Depth Edit/Shift,DepthShift/Shift,Click,Button,Shift,UIInteraction,
43194.1904113657,DataCentral,Time/Depth Edit/Shift,DepthShift/Shift,Click,Button,ApplyShift,UIInteraction,ShiftSelectedPasses() Shift Value=0.4572
43194.1904114468,DataCentral,Time/Depth Edit/Shift,DepthShift/Shift,Click,Button,ApplyShift,UIInteraction,AddTimeDepthModification() Shift Value=0.4572
43194.1904114815,DataCentral,Time/Depth Edit/Shift,DepthShift/Shift,Click,Button,ApplyShift,UIInteraction,ApplyBlockShift() Shift Value=0.4572
43194.1904185185,DeliverablesSetup,Computation / Recomputation,ProcessRecomputeState,,,,UIAutomatic,JobGuid=B296E1E1-60B5-4D8C-A5F5-ED71D9978D23;State=UIS_RECOMPUTATION_STATE_PENDING;Scope=JobScope;RecompPercentageComplete=;MultipleRunsAffected=False;ActiveRunAffected=False;ActiveRunInProgress=False;RunCount=1;Run0Change0=TimeDepthEdit;Run0Guid=AB7FF157-84A9-4FAC-88D1-9805874F36D0
43194.1904185764,DataCentral,Computation / Recomputation,ProcessRecomputeState,,,,UIAutomatic,JobGuid=B296E1E1-60B5-4D8C-A5F5-ED71D9978D23;State=UIS_RECOMPUTATION_STATE_PENDING;Scope=JobScope;RecompPercentageComplete=;MultipleRunsAffected=False;ActiveRunAffected=False;ActiveRunInProgress=False;RunCount=1;Run0Change0=TimeDepthEdit;Run0Guid=AB7FF157-84A9-4FAC-88D1-9805874F36D0
43194.1904393634,DataCentral,Computation / Recomputation,Recompute All Pending Runs,Click,ToolbarButton,Recompute All Pending Runs,UIInteraction,
43194.1904402315,DeliverablesSetup,Computation / Recomputation,ProcessRecomputeState,,,,UIAutomatic,JobGuid=B296E1E1-60B5-4D8C-A5F5-ED71D9978D23;State=UIS_RECOMPUTATION_STATE_STARTING;Scope=JobScope;RecompPercentageComplete=;MultipleRunsAffected=False;ActiveRunAffected=False;ActiveRunInProgress=False;RunCount=1;Run0Change0=TimeDepthEdit;Run0Guid=AB7FF157-84A9-4FAC-88D1-9805874F36D0
43194.1904419907,DataCentral,Computation / Recomputation,ProcessRecomputeState,,,,UIAutomatic,JobGuid=B296E1E1-60B5-4D8C-A5F5-ED71D9978D23;State=UIS_RECOMPUTATION_STATE_STARTING;Scope=JobScope;RecompPercentageComplete=;MultipleRunsAffected=False;ActiveRunAffected=False;ActiveRunInProgress=False;RunCount=1;Run0Change0=TimeDepthEdit;Run0Guid=AB7FF157-84A9-4FAC-88D1-9805874F36D0
43194.190445544,DataCentral,Computation / Recomputation,ProcessRecomputeState,,,,UIAutomatic,JobGuid=B296E1E1-60B5-4D8C-A5F5-ED71D9978D23;State=UIS_RECOMPUTATION_STATE_IN_PROGRESS;Scope=JobScope;RecompPercentageComplete=;MultipleRunsAffected=False;ActiveRunAffected=False;ActiveRunInProgress=False;RunCount=1;Run0Change0=TimeDepthEdit;Run0Guid=AB7FF157-84A9-4FAC-88D1-9805874F36D0
43194.190445544,DeliverablesSetup,Computation / Recomputation,ProcessRecomputeState,,,,UIAutomatic,JobGuid=B296E1E1-60B5-4D8C-A5F5-ED71D9978D23;State=UIS_RECOMPUTATION_STATE_IN_PROGRESS;Scope=JobScope;RecompPercentageComplete=;MultipleRunsAffected=False;ActiveRunAffected=False;ActiveRunInProgress=False;RunCount=1;Run0Change0=TimeDepthEdit;Run0Guid=AB7FF157-84A9-4FAC-88D1-9805874F36D0
43194.1905736111,DataCentral,Computation / Recomputation,ProcessRecomputeState,,,,UIAutomatic,JobGuid=B296E1E1-60B5-4D8C-A5F5-ED71D9978D23;State=UIS_RECOMPUTATION_STATE_SUCCEEDED;Scope=JobScope;RecompPercentageComplete=;MultipleRunsAffected=False;ActiveRunAffected=False;ActiveRunInProgress=False;RunCount=1;Run0Change0=TimeDepthEdit;Run0Guid=AB7FF157-84A9-4FAC-88D1-9805874F36D0
43194.1905736111,DeliverablesSetup,Computation / Recomputation,ProcessRecomputeState,,,,UIAutomatic,JobGuid=B296E1E1-60B5-4D8C-A5F5-ED71D9978D23;State=UIS_RECOMPUTATION_STATE_SUCCEEDED;Scope=JobScope;RecompPercentageComplete=;MultipleRunsAffected=False;ActiveRunAffected=False;ActiveRunInProgress=False;RunCount=1;Run0Change0=TimeDepthEdit;Run0Guid=AB7FF157-84A9-4FAC-88D1-9805874F36D0
43194.1906303935,,Console/Job Manager,Stop Data Central Console,Click,Button,Stop,UIInteraction,JobGuid=B296E1E1-60B5-4D8C-A5F5-ED71D9978D23
43194.1906477662,DeliverablesSetup,UI Framework,Switch View,Click,ToolbarButton,Deliverables Display View,UIInteraction,
43194.1907223611,DeliverablesSetup,Deliverables - Digital,Create Job Archive,Click,ContextMenu,Create,UIInteraction,ArchiveGuid=B296E1E1-60B5-4D8C-A5F5-ED71D9978D23;JobArchiveType=3.0
43194.1909318981,DeliverablesSetup,UI Framework,Close Console,Click,Button,,UIInteraction,JobGuid=B296E1E1-60B5-4D8C-A5F5-ED71D9978D23
43194.190969456,DeliverablesSetup,UI Framework,OK to Close Deliverables - Display Console,Click,Button,OK,UIInteraction,
43194.1910210301,,Console/Job Manager,Stop Job,Click,Button,Stop,UIInteraction,JobGuid=B296E1E1-60B5-4D8C-A5F5-ED71D9978D23
