Time,Process,Component,Operation,Action,Control,ControlText,Category,Context
43193.9302270718,,UI Framework,Initialize Maxwell Manager Process Name,,,Initialize Maxwell Manager Process Name,,
43193.930279537,,UI Framework,Start Console,,,Maxwell Manager,UIAutomatic,MachineName=HPV21-014;UserName=Engineer;UserDomainName=HPV21-014;OS=Microsoft Windows NT 6.1.7601 Service Pack 1;TimeZone=00:00:00;IPAddress_1=192.168.178.121;IPAddress_2=::1;MWVersion=9.0.100742.3100
43193.9303302778,,Console/Job Manager,Import Job Archive,Click,ContextMenu,Create Import,UIInteraction,
43193.9303422917,,Import/Export & Backup/Restore,Select file to import,Click,Button,...,UIInteraction,
43193.9303618866,,Import/Export & Backup/Restore,OK to select file,,,,UIAutomatic,FilePath=\\srv004bgc.dir.slb.com\MaxwellAT\TestData\TestData\Phase3\OutofProcess\DnM_ARC6_ADN6_Sonic6_SETUP.Dlis
43193.9304468056,,Import/Export & Backup/Restore,Start Import,Click,Button,Import,UIInteraction,FilePath=\\srv004bgc.dir.slb.com\MaxwellAT\TestData\TestData\Phase3\OutofProcess\DnM_ARC6_ADN6_Sonic6_SETUP.Dlis
