43193.9249618981,,Console/Job Manager,New Job,Click,Button,New,UIInteraction,
43193.9249789352,,Console/Job Manager,Input Job Name,Input,TextBox,09IOC0042-B,UIInteraction,
43193.925026713,,Console/Job Manager,Input Well Name,Input,TextBox,1-OGX-1_RJS,UIInteraction,
43193.9250707523,,Console/Job Manager,Input Client Name,Input,TextBox,BGCAT,UIInteraction,
43193.9252030208,,Console/Job Manager,Select Units,Click,ComboBox,Metric,UIInteraction,
43193.9253782755,,Console/Job Manager,Select Auto Backup Folder,Click,ComboBox,C:\AutoBackup,UIInteraction,
43193.9259830903,,Console/Job Manager,Start Job Spec Manager,Click,ToolbarButton,Job Spec Manager,UIInteraction,
43193.9260186343,,Import/Export & Backup/Restore,Select Target,Click,ComboBox,09IOC0042-B  D&M  22:11:56 03-Apr-2018,UIInteraction,JobName=09IOC0042-B;EntityGuid=F5F669F9-8013-4596-B22B-A2BF363F8EBA
43193.9260559028,,Import/Export & Backup/Restore,Select Source,Click,Button,...,UIInteraction,
43193.9260698958,,Import/Export & Backup/Restore,OK to Select Source,,,,UIAutomatic,FilePath=\\srv004bgc.dir.slb.com\MaxwellAT\TestData\TestData\Phase3\ARC6_ADN6_Sonic6\JobSpec_09IOC0042.dlis
43193.9275910995,,Import/Export & Backup/Restore,Select/Deselect item,ByMouse,TreeView,09IOC0042-B  DnM  03:03:25 26-Jun-2012,UIInteraction,CheckState=True
43193.9276053241,,Import/Export & Backup/Restore,Restore Job Spec File,Click,Button,Restore,UIInteraction,
43193.9277034722,,Import/Export & Backup/Restore,Close Job Spec UI,Click,Button,Close,UIInteraction,
43193.9337386111,,UI Framework,Close Console,Click,Button,,UIInteraction,
43193.9362755208,,UI Framework,Initialize Maxwell Manager Process Name,,,Initialize Maxwell Manager Process Name,,
43193.9362910648,,UI Framework,Start Console,,,Maxwell Manager,UIAutomatic,MachineName=HPV02-014;UserName=Engineer;UserDomainName=HPV02-014;OS=Microsoft Windows NT 6.1.7601 Service Pack 1;TimeZone=00:00:00;IPAddress_1=192.168.178.140;IPAddress_2=::1;MWVersion=9.0.100742.3100
43193.9365286921,,Console/Job Manager,Import Job Archive,Click,ContextMenu,Create Import,UIInteraction,
43193.9365416551,,Import/Export & Backup/Restore,OK to select file,,,,UIAutomatic,FilePath=\\srv004bgc.dir.slb.com\MaxwellAT\TestData\TestData\Phase3\JobArchive\DnM_SWF_ARC6_ADN6_Sonic6_SETUP.Dlis
43193.9365353935,,Import/Export & Backup/Restore,Select file to import,Click,Button,...,UIInteraction,
43193.9365916204,,Import/Export & Backup/Restore,Start Import,Click,Button,Import,UIInteraction,FilePath=\\srv004bgc.dir.slb.com\MaxwellAT\TestData\TestData\Phase3\JobArchive\DnM_SWF_ARC6_ADN6_Sonic6_SETUP.Dlis
43193.9368754977,,Import/Export & Backup/Restore,Close Import UI,Click,Button,Close,UIInteraction,
43193.9370077778,,Console/Job Manager,Select Auto Backup Folder,Click,ComboBox,C:\AutoBackup,UIInteraction,
43193.9964896296,,UI Framework,Close Console,Click,Button,,UIInteraction,
