43194.0168265394,,Console/Job Manager,Input Well Name,Input,TextBox,BGC,UIInteraction,
43194.016870544,,Console/Job Manager,Input Client Name,Input,TextBox,BGCAT,UIInteraction,
43194.0169659722,,Console/Job Manager,Select Workflow,Click,ComboBox,Wireline,UIInteraction,
43194.0170054398,,Console/Job Manager,Check Simulator,Click,CheckBox,Simulator,UIInteraction,CheckState=True
43194.0171846991,,Console/Job Manager,Select Auto Backup Folder,Click,ComboBox,C:\Autobackup,UIInteraction,
43194.0200962847,,UI Framework,Close Console,Click,Button,,UIInteraction,
43194.0227199074,,UI Framework,Initialize Maxwell Manager Process Name,,,Initialize Maxwell Manager Process Name,,
43194.0227370833,,UI Framework,Start Console,,,Maxwell Manager,UIAutomatic,MachineName=HPV01-011;UserName=Engineer;UserDomainName=HPV01-011;OS=Microsoft Windows NT 6.1.7601 Service Pack 1;TimeZone=00:00:00;IPAddress_1=192.168.78.169;IPAddress_2=::1;MWVersion=9.0.100745.3100
43194.0229729167,,Console/Job Manager,Import Job Archive,Click,ContextMenu,Create Import,UIInteraction,
43194.0229795833,,Import/Export & Backup/Restore,Select file to import,Click,Button,...,UIInteraction,
43194.0229916898,,Import/Export & Backup/Restore,OK to select file,,,,UIAutomatic,FilePath=\\srv004bgc.dir.slb.com\MaxwellAT\TestData\TestData\Phase3\JobArchive\WL_SWF_CMRT_Setup.Dlis
43194.023049456,,Import/Export & Backup/Restore,Start Import,Click,Button,Import,UIInteraction,FilePath=\\srv004bgc.dir.slb.com\MaxwellAT\TestData\TestData\Phase3\JobArchive\WL_SWF_CMRT_Setup.Dlis
43194.0233135417,,Import/Export & Backup/Restore,Close Import UI,Click,Button,Close,UIInteraction,
43194.0234468982,,Console/Job Manager,Select Auto Backup Folder,Click,ComboBox,C:\Autobackup,UIInteraction,
43194.0252591204,,UI Framework,Switch Tab,Click,Tab,Job: CMRT-DTC,UIInteraction,
43194.105715544,,UI Framework,Switch Tab,Click,Tab,Messages: Job Independent,UIInteraction,
43194.105718044,,UI Framework,Close Console,Click,Button,,UIInteraction,
