Time,Process,Component,Operation,Action,Control,ControlText,Category,Context
43193.8544824421,,Console/Job Manager,Start Job,Click,Button,Start,UIInteraction,JobName=09IOC0042-B;WellName=1-OGX-1-RJS;ClientName=OGX PETROLEO & GASLTDA.;StartDate=4/3/2018 8:30 PM;Workflow=D&M;Simulator=False;UnitSystem=OGXPETROLEO3;JobSize=0;State=Available;SideTrackId=0;SessionID=22CCB252-D608-4740-9058-08D1583D9269;SortOrder=1;JobGUID=4D88FD45-1F88-49C0-8152-60A44C6869CD;WellGUID=15544B0A-0798-4C93-9AF8-CF3E5F629326;BoreholeGUID=A3303695-57DE-411E-A58C-9BF7DF2624B3;MachineName=HPV04-010;UserName=Engineer;UserDomainName=HPV04-010;OS=Microsoft Windows NT 6.1.7601 Service Pack 1;StartedJobCount=0;TimeZone=00:00:00;IPAddress_1=192.168.78.223;IPAddress_2=::1;MWVersion=9.0.100733.3100
43193.8551011227,,Console/Job Manager,Stop Job,Click,Button,Stop,UIInteraction,JobGuid=4D88FD45-1F88-49C0-8152-60A44C6869CD
43193.855286331,,Console/Job Manager,Start Job,Click,Button,Start,UIInteraction,JobName=09IOC0042-B;WellName=1-OGX-1-RJS;ClientName=OGX PETROLEO & GASLTDA.;StartDate=4/3/2018 8:30 PM;Workflow=D&M;Simulator=False;UnitSystem=OGXPETROLEO3;RTBackupDir=C:\AutoBackup;JobSize=106.2;State=Available;SideTrackId=0;SessionID=22CCB252-D608-4740-9058-08D1583D9269;SortOrder=1;JobGUID=4D88FD45-1F88-49C0-8152-60A44C6869CD;WellGUID=15544B0A-0798-4C93-9AF8-CF3E5F629326;BoreholeGUID=A3303695-57DE-411E-A58C-9BF7DF2624B3;MachineName=HPV04-010;UserName=Engineer;UserDomainName=HPV04-010;OS=Microsoft Windows NT 6.1.7601 Service Pack 1;StartedJobCount=0;TimeZone=00:00:00;IPAddress_1=192.168.78.223;IPAddress_2=::1;MWVersion=9.0.100733.3100
43193.8560572569,,Console/Job Manager,Start Data Central Console,Click,Button,Start...,UIInteraction,JobGuid=4D88FD45-1F88-49C0-8152-60A44C6869CD
43193.8560923843,DataCentral,Computation / Recomputation,ProcessRecomputeState,,,,UIAutomatic,JobGuid=4D88FD45-1F88-49C0-8152-60A44C6869CD;State=UIS_RECOMPUTATION_STATE_IN_PROGRESS;Scope=JobScope;RecompPercentageComplete=55.4458319202578;MultipleRunsAffected=False;ActiveRunAffected=False;ActiveRunInProgress=False;RunCount=1;Run0Change0=DataImport;Run0Guid=78F9B6D2-28E0-4597-BE13-B5DDD73DBBFA
43193.8560942824,DataCentral,UI Framework,Start Console,,,Data Central - Recompute - Job 09IOC0042-B,UIAutomatic,
43193.856116956,,Console/Job Manager,Start Deliverables Console,Click,Button,Start...,UIInteraction,JobGuid=4D88FD45-1F88-49C0-8152-60A44C6869CD
43193.8561807292,DeliverablesSetup,Tier Manager,Tier Template Created for Tools in My Equipment,,,PDXTRA_675 Tier Created,Deliverables Console,
43193.8561808565,DeliverablesSetup,Tier Manager,Tier Template Created for Tools in My Equipment,,,TELE675 Tier Created,Deliverables Console,
43193.8561809491,DeliverablesSetup,Tier Manager,Tier Template Created for Tools in My Equipment,,,ARC6 Tier Created,Deliverables Console,
43193.856181088,DeliverablesSetup,Tier Manager,Tier Template Created for Tools in My Equipment,,,ADN6C Tier Created,Deliverables Console,
43193.8561812384,DeliverablesSetup,Tier Manager,Tier Template Created for Tools in My Equipment,,,SONICVISION6 Tier Created,Deliverables Console,
43193.856188669,DeliverablesSetup,Computation / Recomputation,ProcessRecomputeState,,,,UIAutomatic,JobGuid=4D88FD45-1F88-49C0-8152-60A44C6869CD;State=UIS_RECOMPUTATION_STATE_IN_PROGRESS;Scope=JobScope;RecompPercentageComplete=64.4438903994701;MultipleRunsAffected=False;ActiveRunAffected=False;ActiveRunInProgress=False;RunCount=1;Run0Change0=DataImport;Run0Guid=78F9B6D2-28E0-4597-BE13-B5DDD73DBBFA
43193.8561906134,DeliverablesSetup,UI Framework,Start Console,,,Deliverables Console Setup - Job 09IOC0042-B,UIAutomatic,
43193.856626331,DataCentral,Computation / Recomputation,ProcessRecomputeState,,,,UIAutomatic,JobGuid=4D88FD45-1F88-49C0-8152-60A44C6869CD;State=UIS_RECOMPUTATION_STATE_SUCCEEDED;Scope=JobScope;RecompPercentageComplete=;MultipleRunsAffected=False;ActiveRunAffected=False;ActiveRunInProgress=False;RunCount=1;Run0Change0=DataImport;Run0Guid=78F9B6D2-28E0-4597-BE13-B5DDD73DBBFA
43193.8566262847,DeliverablesSetup,Computation / Recomputation,ProcessRecomputeState,,,,UIAutomatic,JobGuid=4D88FD45-1F88-49C0-8152-60A44C6869CD;State=UIS_RECOMPUTATION_STATE_SUCCEEDED;Scope=JobScope;RecompPercentageComplete=;MultipleRunsAffected=False;ActiveRunAffected=False;ActiveRunInProgress=False;RunCount=1;Run0Change0=DataImport;Run0Guid=78F9B6D2-28E0-4597-BE13-B5DDD73DBBFA
43193.8566655787,DataCentral,UI Framework,Switch View,Click,ToolbarButton,Recorded Mode Processing,UIInteraction,
43193.8567888657,DataCentral,RM Processing,Select run,Click,ComboBox,1,UIInteraction,RunGuid=78F9B6D2-28E0-4597-BE13-B5DDD73DBBFA
43193.8568910069,DataCentral,RM Processing,Load TFF file,Click,Button,Load...,UIInteraction,
43193.8570635764,DataCentral,RM Processing,Open selected bin-db file,Click,Button,open,UIInteraction,FileName =C:\TestComplete\ADN424TIME.BIN_DB=
43193.8585335764,DataCentral,RM Processing,Load TFF file,Click,Button,Load...,UIInteraction,
43193.8587043171,DataCentral,RM Processing,Open selected bin-db file,Click,Button,open,UIInteraction,FileName =C:\TestComplete\ARC401TIME.BIN_DB=
43193.860174375,DataCentral,RM Processing,Load TFF file,Click,Button,Load...,UIInteraction,
43193.8603475116,DataCentral,RM Processing,Open selected bin-db file,Click,Button,open,UIInteraction,FileName =C:\TestComplete\SON8041TIME.BIN_DB=
43193.8618173264,DataCentral,RM Processing,Load TFF file,Click,Button,Load...,UIInteraction,
43193.8619898727,DataCentral,RM Processing,Open selected bin-db file,Click,Button,open,UIInteraction,FileName =C:\TestComplete\PUPtime.bin_db=
43193.8698575,DataCentral,UI Framework,Switch Tab,Click,Tab,Parameters,UIInteraction,
43193.8699565509,DataCentral,Properties & Parameters,Show Infrequent Properties/Parameters,Click,ToolbarButton,Show Infrequent Parameters,UIInteraction,
43193.870031713,DataCentral,Data Explorer,Change Current Focused Item,DoubleClick,TreeView,Drilling,UIInteraction,
43193.8700317361,DataCentral,Data Explorer,Change Current Focused Item,,,,UIAutomatic,EntityName=Drilling;EntityType=32;EntityGuid=ED3910DE-4795-47A4-AFD0-64606669B504
43193.8700978704,DataCentral,Data Explorer,Click OK Button,Click,Button,OK,UIInteraction,Selection=DHAT_ATMP_ARC_RT_Downhole Annulus Temperature_ARC6_60___
43193.8704290046,DataCentral,Data Explorer,Change Current Focused Item,DoubleClick,TreeView,Drilling,UIInteraction,
43193.8704290162,DataCentral,Data Explorer,Change Current Focused Item,,,,UIAutomatic,EntityName=Drilling;EntityType=32;EntityGuid=ED3910DE-4795-47A4-AFD0-64606669B504
43193.8704833218,DataCentral,Data Explorer,Click OK Button,Click,Button,OK,UIInteraction,Selection=BS_BS_Bit Size_Borehole_60___
43193.8707685069,DataCentral,Properties & Parameters,Change Parameter Value,Update,GridCell,GTSE,UIInteraction,OSDD=TEMP_SEL_ARC;EnsemblePath=ARC6:ARC6:ARDC
43193.8708692824,DataCentral,UI Framework,Switch View,Click,ToolbarButton,Recompute,UIInteraction,
43193.8709177546,DataCentral,Computation / Recomputation,Recompute/Select Run,Click,Button,Select Run...,UIInteraction,
43193.8709778935,DataCentral,Data Explorer,Click OK Button,Click,Button,OK,UIInteraction,Selection=Run 1____09:12:35 09-Mar-2014_10:57:30 09-Mar-2014_ARC ADN Sonic
43193.8709780671,DataCentral,Computation / Recomputation,Recompute/Confirm to Select Run,,,,UIAutomatic,RunNo=1;RunGuid=78F9B6D2-28E0-4597-BE13-B5DDD73DBBFA
43193.8717422222,DataCentral,Properties & Parameters,Show Infrequent Properties/Parameters,Click,ToolbarButton,Show Infrequent Parameters,UIInteraction,
43193.871825706,DataCentral,UI Framework,Switch View,Click,ToolbarButton,Depth Shift,UIInteraction,
43193.8718754398,DataCentral,Time/Depth Edit/Shift,DepthShift/Select Pass,Click,CheckBox,Select Pass,UIInteraction,CheckState=True;RunName=Run 1;PassName=Run 1 : Ream Up 1;RunGuid=78F9B6D2-28E0-4597-BE13-B5DDD73DBBFA;PassGuid=63E9318C-073C-4C10-B90A-7918E6859417
43193.8719215046,DataCentral,Time/Depth Edit/Shift,DepthShift/Check Datum,Click,CheckBox,Datum,UIInteraction,CheckState=True
43193.8720569329,DataCentral,Time/Depth Edit/Shift,DepthShift/Input ShiftBy,Input,TextBox,-2.22,UIInteraction,PassName=Run 1 : Ream Up 1;PassGuid=63E9318C-073C-4C10-B90A-7918E6859417
43193.8721122917,DataCentral,Time/Depth Edit/Shift,DepthShift/Shift,Click,Button,Shift,UIInteraction,
43193.8721125347,DataCentral,Time/Depth Edit/Shift,DepthShift/Shift,Click,Button,ApplyShift,UIInteraction,AddTimeDepthModification() Shift Value=-2.22000000000003
43193.8721125926,DataCentral,Time/Depth Edit/Shift,DepthShift/Shift,Click,Button,ApplyShift,UIInteraction,ApplyBlockShift() Shift Value=-2.22000000000003
43193.8721124421,DataCentral,Time/Depth Edit/Shift,DepthShift/Shift,Click,Button,ApplyShift,UIInteraction,ShiftSelectedPasses() Shift Value=-2.22000000000003
43193.8721148727,DataCentral,Computation / Recomputation,ProcessRecomputeState,,,,UIAutomatic,JobGuid=4D88FD45-1F88-49C0-8152-60A44C6869CD;State=UIS_RECOMPUTATION_STATE_PENDING;Scope=JobScope;RecompPercentageComplete=;MultipleRunsAffected=False;ActiveRunAffected=False;ActiveRunInProgress=False;RunCount=1;Run0Change0=TimeDepthEdit;Run0Guid=78F9B6D2-28E0-4597-BE13-B5DDD73DBBFA
43193.8721148727,DeliverablesSetup,Computation / Recomputation,ProcessRecomputeState,,,,UIAutomatic,JobGuid=4D88FD45-1F88-49C0-8152-60A44C6869CD;State=UIS_RECOMPUTATION_STATE_PENDING;Scope=JobScope;RecompPercentageComplete=;MultipleRunsAffected=False;ActiveRunAffected=False;ActiveRunInProgress=False;RunCount=1;Run0Change0=TimeDepthEdit;Run0Guid=78F9B6D2-28E0-4597-BE13-B5DDD73DBBFA
43193.8721758565,DataCentral,Time/Depth Edit/Shift,DepthShift/Check Datum,Click,CheckBox,Datum,UIInteraction,CheckState=False
43193.8722230787,DataCentral,Time/Depth Edit/Shift,DepthShift/Reset Shift,Click,Button,Reset,UIInteraction,PassName=Run 1 : Ream Up 1;PassGuid=63E9318C-073C-4C10-B90A-7918E6859417
43193.8722670139,DataCentral,UI Framework,Switch View,Click,ToolbarButton,Splice Manager,UIInteraction,
43193.8722793171,DataCentral,Splice/Merge,Splice/Merge Manager/Select Operation,Click,ComboBox,Operation 1,UIInteraction,
43193.8722793866,DataCentral,Splice/Merge,Splice/Merge Manager/Select Composite in "Select Passes to Display",Click,ComboBox,Well Composite,UIInteraction,PassGuid=AC899AF5-8117-47DD-94D3-CB1BD53372AC
43193.8723236227,DataCentral,Splice/Merge,Splice/Merge Manager/Add New Composite for splice,Click,ToolbarButton,Add New Composite,UIInteraction,
43193.8723245486,DataCentral,Splice/Merge,Splice/Merge Manager/Select Composite in "Select Passes to Display",Click,ComboBox,Composite 1,UIInteraction,PassGuid=97CDF36E-7E8B-4281-8FE1-121B10607CA1
43193.8724899768,DataCentral,Data Explorer,Change Current Focused Item,,,,UIAutomatic,EntityName=Run 1;EntityType=16;EntityGuid=78F9B6D2-28E0-4597-BE13-B5DDD73DBBFA
43193.8724982407,DataCentral,Splice/Merge,Splice/Merge Manager/Add Passes,Click,ToolbarButton,Add Passes...,UIInteraction,PassGuid1=ED3910DE-4795-47A4-AFD0-64606669B504
43193.8724982176,DataCentral,Data Explorer,Click OK Button,Click,Button,OK,UIInteraction,Selection=Drilling____1678.58 (m)_2348.31 (m)_
43193.8725147801,DataCentral,Splice/Merge,Splice/Merge Manager/Select Operation,Click,ComboBox,Operation 1,UIInteraction,
43193.8726560185,DataCentral,Data Explorer,Change Current Focused Item,,,,UIAutomatic,EntityName=Run 1;EntityType=16;EntityGuid=78F9B6D2-28E0-4597-BE13-B5DDD73DBBFA
43193.8726581134,DataCentral,Splice/Merge,Splice/Merge Manager/Add Passes,Click,ToolbarButton,Add Passes...,UIInteraction,PassGuid1=63E9318C-073C-4C10-B90A-7918E6859417
43193.8726580787,DataCentral,Data Explorer,Click OK Button,Click,Button,OK,UIInteraction,Selection=Ream Up 1____2348.00 (m)_1283.11 (m)_
43193.8727245949,DataCentral,Data Explorer,Change Current Focused Item,,,,UIAutomatic,EntityName=Run 1;EntityType=16;EntityGuid=78F9B6D2-28E0-4597-BE13-B5DDD73DBBFA
43193.8727326505,DataCentral,Data Explorer,Change Current Focused Item,,,,UIAutomatic,EntityName=Drilling;EntityType=32;EntityGuid=ED3910DE-4795-47A4-AFD0-64606669B504
43193.8727369792,DataCentral,Data Explorer,Click OK Button,Click,Button,OK,UIInteraction,Selection=GR_GR_ARC_RT_Gamma Ray_ARC6_60___
43193.8727388889,DataCentral,Splice/Merge,Splice/Merge Manager/Select Channel in "Select Passes to Display",Click,Button,Select Channel...,UIInteraction,OSDD=GR;PassGuid=ED3910DE-4795-47A4-AFD0-64606669B504
43193.8728412153,DataCentral,Splice/Merge,Splice/Merge Manager/Change Top Edge in "Select Splice/Merge Point",Input,TextBox,2296.02,UIInteraction,PassName=Run 1 : Drilling;Row=1
43193.8728854861,DataCentral,Splice/Merge,Splice/Merge Manager/Change Bottom Edge in "Select Splice/Merge Point",Input,TextBox,2300.78,UIInteraction,PassName=Run 1 : Drilling;Row=1
43193.8729339931,DataCentral,Splice/Merge,Splice/Merge Manager/Perform Splice in "Select Splice/Merge Point",Click,Button,Splice,UIInteraction,
43193.873037338,DataCentral,Splice/Merge,Splice/Merge Manager/Add Section,Click,,Add Section,UIInteraction,PassGuid=ED3910DE-4795-47A4-AFD0-64606669B504;TopEdge=2316.48;BottomEdge=2324.25
43193.8730934028,DataCentral,UI Framework,Switch View,Click,ToolbarButton,Merge Manager,UIInteraction,
43193.873134537,DataCentral,Splice/Merge,Composite Merge Manager/Add New Composite in "Composite Data Set",Click,ToolbarButton,Add New Composite,UIInteraction,PassName=Merge Composite
43193.8731422917,DataCentral,Splice/Merge,Composite Merge Manager/Select Merge Composite in "Composite Data Set",,,,UIAutomatic,PassName=Merge Composite
43193.8731665625,DataCentral,Data Explorer,Change Current Focused Item,,,,UIAutomatic,EntityName=1-OGX-1-RJS;EntityType=4;EntityGuid=15544B0A-0798-4C93-9AF8-CF3E5F629326
43193.8731746991,DataCentral,Data Explorer,Change Current Focused Item,,,,UIAutomatic,EntityName=1-OGX-1-RJS;EntityType=8;EntityGuid=A3303695-57DE-411E-A58C-9BF7DF2624B3
43193.8731828241,DataCentral,Data Explorer,Change Current Focused Item,,,,UIAutomatic,EntityName=Run 1;EntityType=16;EntityGuid=78F9B6D2-28E0-4597-BE13-B5DDD73DBBFA
43193.8731971181,DataCentral,Data Explorer,Click OK Button,Click,Button,Add,UIInteraction,Selection=Drilling____1678.58 (m)_2348.31 (m)_
43193.8731971528,DataCentral,Splice/Merge,Composite Merge Manager/Add pass in "Merge Data Sets",,,,UIAutomatic,MultiPassGuid=ED3910DE-4795-47A4-AFD0-64606669B504
43193.873221794,DataCentral,Data Explorer,Change Focused Item to Up-Level,Click,ToolbarButton,Level Up,UIInteraction,
43193.8732218056,DataCentral,Data Explorer,Change Current Focused Item,,,,UIAutomatic,EntityName=1-OGX-1-RJS;EntityType=8;EntityGuid=A3303695-57DE-411E-A58C-9BF7DF2624B3
43193.8732448264,DataCentral,Data Explorer,Change Focused Item to Up-Level,Click,ToolbarButton,Level Up,UIInteraction,
43193.873244838,DataCentral,Data Explorer,Change Current Focused Item,,,,UIAutomatic,EntityName=1-OGX-1-RJS;EntityType=4;EntityGuid=15544B0A-0798-4C93-9AF8-CF3E5F629326
43193.8732681481,DataCentral,Data Explorer,Change Current Focused Item,,,,UIAutomatic,EntityName=09IOC0042-B;EntityType=2;EntityGuid=4D88FD45-1F88-49C0-8152-60A44C6869CD
43193.8732681481,DataCentral,Data Explorer,Change Focused Item to Up-Level,Click,ToolbarButton,Level Up,UIInteraction,
43193.8732954167,DataCentral,Data Explorer,Change Current Focused Item,,,,UIAutomatic,EntityName=1-OGX-1-RJS;EntityType=4;EntityGuid=15544B0A-0798-4C93-9AF8-CF3E5F629326
43193.8733036343,DataCentral,Data Explorer,Change Current Focused Item,,,,UIAutomatic,EntityName=1-OGX-1-RJS;EntityType=8;EntityGuid=A3303695-57DE-411E-A58C-9BF7DF2624B3
43193.873311713,DataCentral,Data Explorer,Change Current Focused Item,,,,UIAutomatic,EntityName=Run 1;EntityType=16;EntityGuid=78F9B6D2-28E0-4597-BE13-B5DDD73DBBFA
43193.8733246644,DataCentral,Data Explorer,Click OK Button,Click,Button,Add,UIInteraction,Selection=Ream Up 1____2348.00 (m)_1283.11 (m)_
43193.8733246759,DataCentral,Splice/Merge,Composite Merge Manager/Add pass in "Merge Data Sets",,,,UIAutomatic,MultiPassGuid=63E9318C-073C-4C10-B90A-7918E6859417
43193.8733450463,DataCentral,UI Framework,Switch View,Click,ToolbarButton,Data Mask Editor,UIInteraction,
43193.8735034491,DataCentral,Data Explorer,Change Current Focused Item,,,,UIAutomatic,EntityName=Composites;EntityType=512;EntityGuid=Composite_Root
43193.8735403588,DataCentral,Data Explorer,Change Current Focused Item,,,,UIAutomatic,EntityName=Composite 1;EntityType=128;EntityGuid=97CDF36E-7E8B-4281-8FE1-121B10607CA1
43193.8735979514,DataCentral,Data Explorer,Click OK Button,Click,Button,OK,UIInteraction,Selection=A40H_A40H_Attenuation Resistivity 40 inch Spacing at 2 MHz Environmentally Corrected._ARC[1]_60___
43193.8735984954,DataCentral,Data Mask Editor,Data Mask Editor/Add New Channel,Click,ToolbarButton,Add Channels,UIInteraction,PassName=Composite 1;OSDD=A40H
43193.8739870949,DataCentral,Data Mask Editor,Data Mask Editor/Export Data Mask Info,Click,ToolbarButton,Export Data Mask Info,UIInteraction,
43193.874055162,DataCentral,UI Framework,Switch View,Click,ToolbarButton,Time Depth Editor,UIInteraction,
43193.87405625,DataCentral,Time/Depth Edit/Shift,Time Depth Editor/Select size in "Time Depth Curve Viewer",Click,ComboBox,100%,UIInteraction,OldSize=100
43193.8740575579,DataCentral,Time/Depth Edit/Shift,Time Depth Editor/Select Start Point/Browse Event,Click,ComboBox,Browse Event,UIInteraction,
43193.8740581944,DataCentral,Time/Depth Edit/Shift,Time Depth Editor/Select Stop Point/Browse Event,Click,ComboBox,Browse Event,UIInteraction,
43193.8740588542,DataCentral,Time/Depth Edit/Shift,Time Depth Editor/Select Shift Type,Click,ComboBox,Select Shift Type,UIInteraction,
43193.8741348727,DataCentral,Time/Depth Edit/Shift,Time Depth Editor/Click Select Run,Click,Button,Select Run...,UIInteraction,
43193.8742231597,DataCentral,Data Explorer,Click OK Button,Click,Button,OK,UIInteraction,Selection=Run 1____09:12:35 09-Mar-2014_10:57:30 09-Mar-2014_ARC ADN Sonic
43193.8742231829,DataCentral,Time/Depth Edit/Shift,Time Depth Editor/Click Select Run,,,,UIAutomatic,RunGuid=78F9B6D2-28E0-4597-BE13-B5DDD73DBBFA
43193.8743251389,DataCentral,Time/Depth Edit/Shift,Time Depth Editor/Start Ream,Click,CheckBox,Start Ream (A),UIInteraction,CheckState=Checked
43193.8744180093,DataCentral,Time/Depth Edit/Shift,Time Depth Deitor/Stop Ream,Click,CheckBox,Stop Ream (F),UIInteraction,CheckState=Checked
43193.8745113542,DataCentral,Time/Depth Edit/Shift,Time Depth Editor/On Bottom,Click,CheckBox,On Bottom (B),UIInteraction,CheckState=Checked
43193.8746158565,DataCentral,Time/Depth Edit/Shift,Time Depth Editor/Select Start Point,Click,Grid,1,UIInteraction,TimeIndex=40091.2938924306
43193.8746165278,DataCentral,Time/Depth Edit/Shift,Time Depth Editor/Select Start Point,Click,Grid,1,UIInteraction,TimeIndex=40091.2938924306
43193.8746775,DataCentral,Time/Depth Edit/Shift,Time Depth Editor/Select Start Point,Click,Grid,172155,UIInteraction,TimeIndex=40092.290478588
43193.8746780903,DataCentral,Time/Depth Edit/Shift,Time Depth Editor/Select Start Point,Click,Grid,172155,UIInteraction,TimeIndex=40092.290478588
43193.874685544,DataCentral,Time/Depth Edit/Shift,Time Depth Editor/Select Start Point,Click,Grid,86077,UIInteraction,TimeIndex=40091.7923606713
43193.8746936343,DataCentral,Time/Depth Edit/Shift,Time Depth Editor/Select Start Point,Click,Grid,43037,UIInteraction,TimeIndex=40091.5432951389
43193.8746942361,DataCentral,Time/Depth Edit/Shift,Time Depth Editor/Select Start Point,Click,Grid,43037,UIInteraction,TimeIndex=40091.5432951389
43193.8746860417,DataCentral,Time/Depth Edit/Shift,Time Depth Editor/Select Start Point,Click,Grid,86077,UIInteraction,TimeIndex=40091.7923606713
43193.8747024074,DataCentral,Time/Depth Edit/Shift,Time Depth Editor/Select Start Point,Click,Grid,21517,UIInteraction,TimeIndex=40091.4187627315
43193.8747017708,DataCentral,Time/Depth Edit/Shift,Time Depth Editor/Select Start Point,Click,Grid,21517,UIInteraction,TimeIndex=40091.4187627315
43193.8747105556,DataCentral,Time/Depth Edit/Shift,Time Depth Editor/Select Start Point,Click,Grid,10757,UIInteraction,TimeIndex=40091.3564965972
43193.8747135301,DataCentral,Time/Depth Edit/Shift,Time Depth Editor/Select Start Point,Click,Grid,13447,UIInteraction,TimeIndex=40091.3720630787
43193.8747140394,DataCentral,Time/Depth Edit/Shift,Time Depth Editor/Select Start Point,Click,Grid,13447,UIInteraction,TimeIndex=40091.3720630787
43193.8747098958,DataCentral,Time/Depth Edit/Shift,Time Depth Editor/Select Start Point,Click,Grid,10757,UIInteraction,TimeIndex=40091.3564965972
43193.8747496296,DataCentral,Time/Depth Edit/Shift,Time Depth Editor/Select Start Point,Click,Grid,16011,UIInteraction,TimeIndex=40091.3869005324
43193.8747501968,DataCentral,Time/Depth Edit/Shift,Time Depth Editor/Select Start Point,Click,Grid,16011,UIInteraction,TimeIndex=40091.3869005324
43193.8747578472,DataCentral,Time/Depth Edit/Shift,Time Depth Editor/Select Start Point,Click,Grid,16011,UIInteraction,TimeIndex=40091.3869005324
43193.8747582755,DataCentral,Time/Depth Edit/Shift,Time Depth Editor/Select Start Point,Click,Grid,16011,UIInteraction,TimeIndex=40091.3869005324
43193.8751150116,DataCentral,UI Framework,Switch View,Click,ToolbarButton,Recompute,UIInteraction,
43193.8752215857,DataCentral,UI Framework,Switch View,Click,ToolbarButton,Time Depth Editor,UIInteraction,
43193.8753974653,DataCentral,Time/Depth Edit/Shift,Time Depth Editor/Select Stop Point,Click,Grid,34884,UIInteraction,TimeIndex=40091.4961152315
43193.8753977083,DataCentral,Time/Depth Edit/Shift,Time Depth Editor/Select Stop Point,Click,Grid,34884,UIInteraction,TimeIndex=40091.4961152315
43193.8757643171,DataCentral,Time/Depth Edit/Shift,Time Depth Editor/Select Shift Type,Click,ComboBox,Start Shift,UIInteraction,
43193.8758466319,DataCentral,Time/Depth Edit/Shift,Time Depth Editor/Confirm Shift,Click,Button,Shift,UIInteraction,
43193.8758898495,DataCentral,Time/Depth Edit/Shift,DepthShift/Shift,Click,Button,ApplyShift,UIInteraction,AddTimeDepthModification() Shift Value=0.0515260417119535
43193.8758898611,DataCentral,Time/Depth Edit/Shift,DepthShift/Shift,Click,Button,ApplyShift,UIInteraction,AddTimeDepthModification() Shift Value=0.447380818366268
43193.8758898727,DataCentral,Time/Depth Edit/Shift,DepthShift/Shift,Click,Button,ApplyShift,UIInteraction,AddTimeDepthModification() Shift Value=0.213627867424965
43193.8758898843,DataCentral,Time/Depth Edit/Shift,DepthShift/Shift,Click,Button,ApplyShift,UIInteraction,AddTimeDepthModification() Shift Value=0.233752950941303
43193.8758898958,DataCentral,Time/Depth Edit/Shift,DepthShift/Shift,Click,Button,ApplyShift,UIInteraction,AddTimeDepthModification() Shift Value=0.0744380240815243
43193.8758899074,DataCentral,Time/Depth Edit/Shift,DepthShift/Shift,Click,Button,ApplyShift,UIInteraction,AddTimeDepthModification() Shift Value=0.159314926859778
43193.875889919,DataCentral,Time/Depth Edit/Shift,DepthShift/Shift,Click,Button,ApplyShift,UIInteraction,AddTimeDepthModification() Shift Value=0.00459580497043213
43193.875889919,DataCentral,Time/Depth Edit/Shift,DepthShift/Shift,Click,Button,ApplyShift,UIInteraction,AddTimeDepthModification() Shift Value=0.154719121889346
43193.8758899306,DataCentral,Time/Depth Edit/Shift,DepthShift/Shift,Click,Button,ApplyShift,UIInteraction,AddTimeDepthModification() Shift Value=0.00698030993373458
43193.87589,DataCentral,Time/Depth Edit/Shift,DepthShift/Shift,Click,Button,ApplyShift,UIInteraction,AddTimeDepthModification() Shift Value=0.147738811955612
43193.8758900116,DataCentral,Time/Depth Edit/Shift,DepthShift/Shift,Click,Button,ApplyShift,UIInteraction,AddTimeDepthModification() Shift Value=0.0300996405213127
43193.8758900231,DataCentral,Time/Depth Edit/Shift,DepthShift/Shift,Click,Button,ApplyShift,UIInteraction,AddTimeDepthModification() Shift Value=0.117639171434299
43193.8758900347,DataCentral,Time/Depth Edit/Shift,DepthShift/Shift,Click,Button,ApplyShift,UIInteraction,AddTimeDepthModification() Shift Value=0.0210104605831988
43193.8758900463,DataCentral,Time/Depth Edit/Shift,DepthShift/Shift,Click,Button,ApplyShift,UIInteraction,AddTimeDepthModification() Shift Value=0.0966287108511
43193.8758900579,DataCentral,Time/Depth Edit/Shift,DepthShift/Shift,Click,Button,ApplyShift,UIInteraction,AddTimeDepthModification() Shift Value=0.00719111398072083
43193.8758900694,DataCentral,Time/Depth Edit/Shift,DepthShift/Shift,Click,Button,ApplyShift,UIInteraction,AddTimeDepthModification() Shift Value=0.0894375968703792
43193.875890081,DataCentral,Time/Depth Edit/Shift,DepthShift/Shift,Click,Button,ApplyShift,UIInteraction,AddTimeDepthModification() Shift Value=0.030341132174952
43193.8758900926,DataCentral,Time/Depth Edit/Shift,DepthShift/Shift,Click,Button,ApplyShift,UIInteraction,AddTimeDepthModification() Shift Value=0.0590964646954272
43193.8758901042,DataCentral,Time/Depth Edit/Shift,DepthShift/Shift,Click,Button,ApplyShift,UIInteraction,AddTimeDepthModification() Shift Value=0.0314827916105936
43193.8758901157,DataCentral,Time/Depth Edit/Shift,DepthShift/Shift,Click,Button,ApplyShift,UIInteraction,AddTimeDepthModification() Shift Value=0.0276136730848336
43193.8758901157,DataCentral,Time/Depth Edit/Shift,DepthShift/Shift,Click,Button,ApplyShift,UIInteraction,AddTimeDepthModification() Shift Value=0.00100259791510081
43193.8758901273,DataCentral,Time/Depth Edit/Shift,DepthShift/Shift,Click,Button,ApplyShift,UIInteraction,AddTimeDepthModification() Shift Value=0.0266110751697327
43193.8758901389,DataCentral,Time/Depth Edit/Shift,DepthShift/Shift,Click,Button,ApplyShift,UIInteraction,AddTimeDepthModification() Shift Value=0.000967210525288282
43193.8758901505,DataCentral,Time/Depth Edit/Shift,DepthShift/Shift,Click,Button,ApplyShift,UIInteraction,AddTimeDepthModification() Shift Value=0.0256438646444445
43193.875890162,DataCentral,Time/Depth Edit/Shift,DepthShift/Shift,Click,Button,ApplyShift,UIInteraction,AddTimeDepthModification() Shift Value=0.00431892597042969
43193.8758901852,DataCentral,Time/Depth Edit/Shift,DepthShift/Shift,Click,Button,ApplyShift,UIInteraction,AddTimeDepthModification() Shift Value=0.0213249386740148
43193.8758901968,DataCentral,Time/Depth Edit/Shift,DepthShift/Shift,Click,Button,ApplyShift,UIInteraction,AddTimeDepthModification() Shift Value=0.00366273779387709
43193.8758902083,DataCentral,Time/Depth Edit/Shift,DepthShift/Shift,Click,Button,ApplyShift,UIInteraction,AddTimeDepthModification() Shift Value=0.0176622008801377
43193.8758902199,DataCentral,Time/Depth Edit/Shift,DepthShift/Shift,Click,Button,ApplyShift,UIInteraction,AddTimeDepthModification() Shift Value=0.00380179935786729
43193.8758902315,DataCentral,Time/Depth Edit/Shift,DepthShift/Shift,Click,Button,ApplyShift,UIInteraction,AddTimeDepthModification() Shift Value=0.0138604015222704
43193.8758902315,DataCentral,Time/Depth Edit/Shift,DepthShift/Shift,Click,Button,ApplyShift,UIInteraction,AddTimeDepthModification() Shift Value=0.00204155092338515
43193.8758902431,DataCentral,Time/Depth Edit/Shift,DepthShift/Shift,Click,Button,ApplyShift,UIInteraction,AddTimeDepthModification() Shift Value=0.0118188505988853
43193.8758902546,DataCentral,Time/Depth Edit/Shift,DepthShift/Shift,Click,Button,ApplyShift,UIInteraction,AddTimeDepthModification() Shift Value=0.0118188505988853
43193.8758902662,DataCentral,Time/Depth Edit/Shift,DepthShift/Shift,Click,Button,ApplyShift,UIInteraction,AddTimeDepthModification() Shift Value=0.0118188505988853
43193.8758902778,DataCentral,Time/Depth Edit/Shift,DepthShift/Shift,Click,Button,ApplyShift,UIInteraction,AddTimeDepthModification() Shift Value=0.0138604015222704
43193.8758902894,DataCentral,Time/Depth Edit/Shift,DepthShift/Shift,Click,Button,ApplyShift,UIInteraction,AddTimeDepthModification() Shift Value=0.0176622008801377
43193.8758903009,DataCentral,Time/Depth Edit/Shift,DepthShift/Shift,Click,Button,ApplyShift,UIInteraction,AddTimeDepthModification() Shift Value=0.0213249386740148
43193.8758903125,DataCentral,Time/Depth Edit/Shift,DepthShift/Shift,Click,Button,ApplyShift,UIInteraction,AddTimeDepthModification() Shift Value=0.0256438646444445
43193.8758903241,DataCentral,Time/Depth Edit/Shift,DepthShift/Shift,Click,Button,ApplyShift,UIInteraction,AddTimeDepthModification() Shift Value=0.0266110751697327
43193.8758903357,DataCentral,Time/Depth Edit/Shift,DepthShift/Shift,Click,Button,ApplyShift,UIInteraction,AddTimeDepthModification() Shift Value=0.0276136730848336
43193.8758903357,DataCentral,Time/Depth Edit/Shift,DepthShift/Shift,Click,Button,ApplyShift,UIInteraction,AddTimeDepthModification() Shift Value=0.0590964646954272
43193.8758903472,DataCentral,Time/Depth Edit/Shift,DepthShift/Shift,Click,Button,ApplyShift,UIInteraction,AddTimeDepthModification() Shift Value=0.0894375968703792
43193.8758903819,DataCentral,Time/Depth Edit/Shift,DepthShift/Shift,Click,Button,ApplyShift,UIInteraction,AddTimeDepthModification() Shift Value=0.0966287108511
43193.8758903935,DataCentral,Time/Depth Edit/Shift,DepthShift/Shift,Click,Button,ApplyShift,UIInteraction,AddTimeDepthModification() Shift Value=0.117639171434299
43193.8758904051,DataCentral,Time/Depth Edit/Shift,DepthShift/Shift,Click,Button,ApplyShift,UIInteraction,AddTimeDepthModification() Shift Value=0.147738811955612
43193.8758904167,DataCentral,Time/Depth Edit/Shift,DepthShift/Shift,Click,Button,ApplyShift,UIInteraction,AddTimeDepthModification() Shift Value=0.154719121889346
43193.8758904398,DataCentral,Time/Depth Edit/Shift,DepthShift/Shift,Click,Button,ApplyShift,UIInteraction,AddTimeDepthModification() Shift Value=0.233752950941303
43193.8758904282,DataCentral,Time/Depth Edit/Shift,DepthShift/Shift,Click,Button,ApplyShift,UIInteraction,AddTimeDepthModification() Shift Value=0.159314926859778
43193.8758904514,DataCentral,Time/Depth Edit/Shift,DepthShift/Shift,Click,Button,ApplyShift,UIInteraction,AddTimeDepthModification() Shift Value=0.447380818366268
43193.8759395255,DeliverablesSetup,Computation / Recomputation,ProcessRecomputeState,,,,UIAutomatic,JobGuid=4D88FD45-1F88-49C0-8152-60A44C6869CD;State=UIS_RECOMPUTATION_STATE_PENDING;Scope=JobScope;RecompPercentageComplete=;MultipleRunsAffected=False;ActiveRunAffected=False;ActiveRunInProgress=False;RunCount=1;Run0Change0=TimeDepthEdit;Run0Guid=78F9B6D2-28E0-4597-BE13-B5DDD73DBBFA
43193.875945544,DataCentral,Time/Depth Edit/Shift,Time Depth Editor/Select Shift Type,Click,ComboBox,Select Shift Type,UIInteraction,
43193.8759464815,DataCentral,Computation / Recomputation,ProcessRecomputeState,,,,UIAutomatic,JobGuid=4D88FD45-1F88-49C0-8152-60A44C6869CD;State=UIS_RECOMPUTATION_STATE_PENDING;Scope=JobScope;RecompPercentageComplete=;MultipleRunsAffected=False;ActiveRunAffected=False;ActiveRunInProgress=False;RunCount=1;Run0Change0=TimeDepthEdit;Run0Guid=78F9B6D2-28E0-4597-BE13-B5DDD73DBBFA
43193.8759893403,DataCentral,Computation / Recomputation,Recompute All Pending Runs,Click,ToolbarButton,Recompute All Pending Runs,UIInteraction,
43193.8759896296,DeliverablesSetup,Computation / Recomputation,ProcessRecomputeState,,,,UIAutomatic,JobGuid=4D88FD45-1F88-49C0-8152-60A44C6869CD;State=UIS_RECOMPUTATION_STATE_STARTING;Scope=JobScope;RecompPercentageComplete=;MultipleRunsAffected=False;ActiveRunAffected=False;ActiveRunInProgress=False;RunCount=1;Run0Change0=TimeDepthEdit;Run0Guid=78F9B6D2-28E0-4597-BE13-B5DDD73DBBFA
43193.8759899421,DataCentral,Computation / Recomputation,ProcessRecomputeState,,,,UIAutomatic,JobGuid=4D88FD45-1F88-49C0-8152-60A44C6869CD;State=UIS_RECOMPUTATION_STATE_STARTING;Scope=JobScope;RecompPercentageComplete=;MultipleRunsAffected=False;ActiveRunAffected=False;ActiveRunInProgress=False;RunCount=1;Run0Change0=TimeDepthEdit;Run0Guid=78F9B6D2-28E0-4597-BE13-B5DDD73DBBFA
43193.8760328704,DeliverablesSetup,Computation / Recomputation,ProcessRecomputeState,,,,UIAutomatic,JobGuid=4D88FD45-1F88-49C0-8152-60A44C6869CD;State=UIS_RECOMPUTATION_STATE_IN_PROGRESS;Scope=JobScope;RecompPercentageComplete=;MultipleRunsAffected=False;ActiveRunAffected=False;ActiveRunInProgress=False;RunCount=1;Run0Change0=TimeDepthEdit;Run0Guid=78F9B6D2-28E0-4597-BE13-B5DDD73DBBFA
43193.8760329051,DataCentral,Computation / Recomputation,ProcessRecomputeState,,,,UIAutomatic,JobGuid=4D88FD45-1F88-49C0-8152-60A44C6869CD;State=UIS_RECOMPUTATION_STATE_IN_PROGRESS;Scope=JobScope;RecompPercentageComplete=;MultipleRunsAffected=False;ActiveRunAffected=False;ActiveRunInProgress=False;RunCount=1;Run0Change0=TimeDepthEdit;Run0Guid=78F9B6D2-28E0-4597-BE13-B5DDD73DBBFA
43193.8774014236,DeliverablesSetup,Computation / Recomputation,ProcessRecomputeState,,,,UIAutomatic,JobGuid=4D88FD45-1F88-49C0-8152-60A44C6869CD;State=UIS_RECOMPUTATION_STATE_SUCCEEDED;Scope=JobScope;RecompPercentageComplete=;MultipleRunsAffected=False;ActiveRunAffected=False;ActiveRunInProgress=False;RunCount=1;Run0Change0=TimeDepthEdit;Run0Guid=78F9B6D2-28E0-4597-BE13-B5DDD73DBBFA
43193.8774551852,DataCentral,Computation / Recomputation,ProcessRecomputeState,,,,UIAutomatic,JobGuid=4D88FD45-1F88-49C0-8152-60A44C6869CD;State=UIS_RECOMPUTATION_STATE_SUCCEEDED;Scope=JobScope;RecompPercentageComplete=;MultipleRunsAffected=False;ActiveRunAffected=False;ActiveRunInProgress=False;RunCount=1;Run0Change0=TimeDepthEdit;Run0Guid=78F9B6D2-28E0-4597-BE13-B5DDD73DBBFA
43193.8774687269,DataCentral,UI Framework,Switch View,Click,ToolbarButton,User Defined Composite Manager,UIInteraction,
43193.8776387963,DataCentral,Data Explorer,Change Current Focused Item,,,,UIAutomatic,EntityName=Composites;EntityType=512;EntityGuid=Composite_Root
43193.8776756829,DataCentral,Data Explorer,Click OK Button,Click,Button,OK,UIInteraction,Selection=Composite 1______
43193.8776830787,DataCentral,User Defined Composite,User Defined Composite Manager/Add new user defined composite,Click,ToolbarButton,Add new user defined composite,UIInteraction,PassName=UDComposite 1;PassGuid=7A42A297-EE68-44B3-B366-BE9912C96D2C
43193.8778145718,DataCentral,Data Explorer,Click OK Button,Click,Button,OK,UIInteraction,Selection=GR_GR_ARC_RT_Gamma Ray_ARC[1]_60___
43193.8778157523,DataCentral,User Defined Composite,User Defined Composite Manager/Choose Channel,,Grid,,,OSDD=GR;PassName=UDComposite 1
43193.8778157755,DataCentral,User Defined Composite,User Defined Composite Manager/Select target channel,Click,Button,Select Channel...,UIInteraction,OSDD=GR;PassName=UDComposite 1
43193.8779711921,DataCentral,Data Explorer,Change Current Focused Item,,,,UIAutomatic,EntityName=Run 1;EntityType=16;EntityGuid=78F9B6D2-28E0-4597-BE13-B5DDD73DBBFA
43193.8780079977,DataCentral,Data Explorer,Change Current Focused Item,,,,UIAutomatic,EntityName=Ream Up 1;EntityType=32;EntityGuid=63E9318C-073C-4C10-B90A-7918E6859417
43193.8780446644,DataCentral,Data Explorer,Click OK Button,Click,Button,OK,UIInteraction,Selection=GR_GR_ARC_RT_Gamma Ray_ARC6_60___
43193.8780451273,DataCentral,User Defined Composite,User Defined Composite Manager/Choose Channel,,Grid,,,OSDD=GR;PassName=Run1 : Ream Up 1
43193.8780451389,DataCentral,User Defined Composite,User Defined Composite Manager/Add source channel,Click,Button,Add Channel...,UIInteraction,OSDD=GR;PassGuid=63E9318C-073C-4C10-B90A-7918E6859417
43193.8781042824,DataCentral,User Defined Composite,User Defined Composite Manager/Choose Channel,,Grid,,,OSDD=GR;PassName=Run1 : Ream Up 1
43193.8781100232,DataCentral,User Defined Composite,User Defined Composite Manager/Move border line,,,Move top/bottom border line,,PassGuid=63E9318C-073C-4C10-B90A-7918E6859417;OSDD=GR;origional start index=1984.248;target start index=2000.83
43193.8781871875,DataCentral,User Defined Composite,User Defined Composite Manager/Move border line,,,Move top/bottom border line,,PassGuid=63E9318C-073C-4C10-B90A-7918E6859417;OSDD=GR;origional stop index=2324.7096;target stop index=2020.15
43193.8782335648,DataCentral,UI Framework,Switch Tab,Click,Tab,Composite Editor,UIInteraction,
43193.8783434028,DataCentral,Data Explorer,Click OK Button,Click,Button,OK,UIInteraction,Selection=A40H_A40H_RT_Attenuation Resistivity 40 inch Spacing at 2 MHz Environmentally Corrected._ARC[1]_60___
43193.8783982639,DataCentral,User Defined Composite,User Defined Composite Manager/Delete channel,Click,Button,Delete Channel,UIInteraction,OSDD=A40H
43193.8785668866,,Console/Job Manager,Stop Data Central Console,Click,Button,Stop,UIInteraction,JobGuid=4D88FD45-1F88-49C0-8152-60A44C6869CD
43193.8786454282,DeliverablesSetup,UI Framework,Switch View,Click,ToolbarButton,Deliverables Display View,UIInteraction,
43193.8787202083,DeliverablesSetup,Deliverables - Digital,Create Job Archive,Click,ContextMenu,Create,UIInteraction,ArchiveGuid=4D88FD45-1F88-49C0-8152-60A44C6869CD;JobArchiveType=3.0
43193.8790340741,DeliverablesSetup,UI Framework,Close Console,Click,Button,,UIInteraction,JobGuid=4D88FD45-1F88-49C0-8152-60A44C6869CD
43193.8790672454,DeliverablesSetup,UI Framework,OK to Close Deliverables - Display Console,Click,Button,OK,UIInteraction,
43193.8791197338,,Console/Job Manager,Stop Job,Click,Button,Stop,UIInteraction,JobGuid=4D88FD45-1F88-49C0-8152-60A44C6869CD
