Time,Process,Component,Operation,Action,Control,ControlText,Category,Context
43193.6750171181,,UI Framework,Initialize Maxwell Manager Process Name,,,Initialize Maxwell Manager Process Name,,
43193.6750592477,,UI Framework,Start Console,,,Maxwell Manager,UIAutomatic,MachineName=HPV26-006;UserName=Engineer;UserDomainName=HPV26-006;OS=Microsoft Windows NT 6.1.7601 Service Pack 1;TimeZone=00:00:00;IPAddress_1=192.168.178.64;IPAddress_2=::1;MWVersion=9.0.100732.3100
43193.6751320602,,Console/Job Manager,Import Job Archive,Click,ContextMenu,Create Import,UIInteraction,
43193.675143044,,Import/Export & Backup/Restore,Select file to import,Click,Button,...,UIInteraction,
