Time,Process,Component,Operation,Action,Control,ControlText,Category,Context
43194.1266307986,,Console/Job Manager,Start Job,Click,Button,Start,UIInteraction,JobName=Viceroy-PE;ClientName=BGCAT;StartDate=4/4/2018 3:01 AM;Workflow=PerfoExpress;Simulator=True;UnitSystem=English;RTBackupDir=C:\AutoBackup;JobSize=0;State=Available;SideTrackId=0;SessionID=BC9C1646-F512-44EA-9BB1-B96315E30B3F;SortOrder=1;JobGUID=D5BE4FB3-E361-4064-8ECA-FF264D58596F;WellGUID=64A34194-C066-4FC7-A880-A0774BE99DA5;BoreholeGUID=00DD5222-F91C-4B17-B86E-A4B5FBCD9213;MachineName=HPV02-013;UserName=Engineer;UserDomainName=HPV02-013;OS=Microsoft Windows NT 6.1.7601 Service Pack 1;StartedJobCount=0;TimeZone=00:00:00;IPAddress_1=192.168.78.147;IPAddress_2=::1;MWVersion=9.0.100745.3100
43194.1270456944,,Console/Job Manager,Start Setup Console,Click,Button,Start...,UIInteraction,JobGuid=D5BE4FB3-E361-4064-8ECA-FF264D58596F
43194.1271179745,Setup,Calibration,Select Calibration Report Type,Click,ComboBox,Technical Concise,UIInteraction,
43194.1273224421,Setup,UI Framework,Start Console,,,Setup - Job Viceroy-PE,UIAutomatic,
43194.1273523958,,Console/Job Manager,Start Deliverables Console,Click,Button,Start...,UIInteraction,JobGuid=D5BE4FB3-E361-4064-8ECA-FF264D58596F
43194.1276017477,DeliverablesSetup,UI Framework,Start Console,,,Deliverables Console Setup - Job Viceroy-PE,UIAutomatic,
43194.1276250579,Setup,UI Framework,Switch Tab,Click,Tab,Depth Reference Table,UIInteraction,
43194.1277155208,Setup,Depth Reference Table,Import depth reference file,Click,ToolbarButton,Import Depth References,UIInteraction,FilePath=C:\Viceroy\DepthReferenceTable.xls
43194.1279360995,Setup,UI Framework,Switch Tab,Click,Tab,Equipment,UIInteraction,
43194.1279440162,Setup,Equipment,New ToolString,Click,ToolbarButton,New ToolString,UIInteraction,ToolstringName=New ToolString;ToolstringGuid=8152D5BF-D7DF-49C2-9737-8C39E0C1B2F5
43194.1279791204,Setup,Equipment,Rename ToolString,Input,TextBox,Perfo-GR,UIInteraction,ToolstringGuid=8152D5BF-D7DF-49C2-9737-8C39E0C1B2F5
43194.1279854861,Setup,Equipment,Filter Equipment in Catalog,Input,TextBox,,UIInteraction,Text=SAFETYBARRIER
43194.1279899653,Setup,Equipment,Add Equipment from Catalog to ToolString,Click,ToolbarButton,Add to ToolString,UIInteraction,EquipmentName=SAFETYBARRIER
43194.1279851852,Setup,Equipment,Filter Equipment in Catalog,Input,TextBox,,UIInteraction,Text=SAFETYBARRIER
43194.1280030208,Setup,Equipment,Filter Equipment in Catalog,Input,TextBox,,UIInteraction,Text=APGT-AA
43194.1280031134,Setup,Equipment,Filter Equipment in Catalog,Input,TextBox,,UIInteraction,Text=APGT-AA
43194.1280045833,DeliverablesSetup,Tier Manager,Tier Template Created for Tools in My Equipment,,,SAFETYBARRIER Tier Created,Deliverables Console,
43194.1280071412,Setup,Equipment,Add Equipment from Catalog to ToolString,Click,ToolbarButton,Add to ToolString,UIInteraction,EquipmentName=APGT-AA
43194.1280124884,DeliverablesSetup,Tier Manager,Tier Template Created for Tools in My Equipment,,,APGT-AA Tier Created,Deliverables Console,
43194.1280134607,Setup,Equipment,Filter Equipment in Catalog,Input,TextBox,,UIInteraction,Text=MH-28
43194.1280135764,Setup,Equipment,Filter Equipment in Catalog,Input,TextBox,,UIInteraction,Text=MH-28
43194.1280177315,Setup,Equipment,Add Equipment from Catalog to ToolString,Click,ToolbarButton,Add to ToolString,UIInteraction,EquipmentName=MH-28
43194.1281383449,Setup,Properties & Parameters,Change Property Value,Update,GridCell,303069,UIInteraction,OSDD=EP_SERIAL_NUMBER;EnsemblePath=APGT-AA:APGT-AA:PressureGauge
43194.128175706,Setup,Equipment,Activate ToolString for Shop Calibration,Click,ContextMenu,Activate for Checks and Calibration,UIInteraction,TooStringGuid=8152D5BF-D7DF-49C2-9737-8C39E0C1B2F5
43194.1283038773,Simulation,UI Framework,Start Console,,,Simulation Console - Job Viceroy-PE,UIAutomatic,
43194.1283534838,ShopCalibration,Calibration,Select Calibration Report Type,Click,ComboBox,Technical Concise,UIInteraction,
43194.1284764699,ShopCalibration,Calibration,Choose Available Calibration,Click,ComboBox,Nominal,UIInteraction,
43194.1284778356,ShopCalibration,Calibration,Select Calibration in Calibration Report,Click,ComboBox,Pressure Gauge Calibration,UIInteraction,
43194.1284778588,ShopCalibration,Calibration,Select Tool in Calibration Report,Click,ComboBox,APGT-AA,UIInteraction,ToolName=APGT-AA
43194.1284781713,ShopCalibration,UI Framework,Start Console,,,Shop Calibration Console - Job Viceroy-PE,UIAutomatic,
43194.1285144907,ShopCalibration,UI Framework,Switch Tab,Click,Tab,MD,UIInteraction,
43194.1318253819,ShopCalibration,Data Acquiring - WL,Connect Hardware,Click,ToolbarButton,Connect to Hardware,UIInteraction,
43194.1320243287,ShopCalibration,Depth Log/Station Planning,Perform Logging Task,,,,UIAutomatic,TaskName=Depth Log
43194.1336493171,ShopCalibration,Data Acquiring - WL,Unlock Pass,Click,ToolbarButton,Click to Unlock Stop Button,UIInteraction,
43194.1336529861,ShopCalibration,Data Acquiring - WL,Stop Depth Pass,Click,Button,Stop,UIInteraction,PassGuid=17CA60A9-5ADF-4C31-AF06-6A00BBF4BFD8;Depth=0
43194.1345431829,ShopCalibration,SAFETYBARRIER,Surface Hot Check,RightClick,TreeView,SAFETYBARRIER: Surface Hot Check,UIInteraction,TaskName=SAFETYBARRIER: Surface Hot Check
43194.1345571065,ShopCalibration,SAFETYBARRIER,Surface Hot Check,Click,ContextMenu,Perform,UIInteraction,TaskName=SAFETYBARRIER: Surface Hot Check
43194.1347676736,ShopCalibration,Logging,Depth Log,,,,UIAutomatic,TaskName=Depth Log
43194.1362355208,ShopCalibration,Logging,Depth Log,,,,UIAutomatic,TaskName=Depth Log
43194.1365989815,ShopCalibration,APGT-AA,Pressure Calibration Read,RightClick,TreeView,Pressure Calibration Read,UIInteraction,TaskName=Pressure Calibration Read
43194.1366128704,ShopCalibration,APGT-AA,Pressure Calibration Read,Click,ContextMenu,Perform,UIInteraction,TaskName=Pressure Calibration Read
43194.1366131713,ShopCalibration,UI Framework,Switch Tab,Click,Tab,Calibrations,UIInteraction,
43194.1366226852,ShopCalibration,Data Acquiring - WL,Unlock 3 Buttons,Click,ToolbarButton,Unlock,UIInteraction,
43194.1366228472,ShopCalibration,Calibration,Select Calibration in Calibration Report,Click,ComboBox,Pressure Gauge Calibration,UIInteraction,
43194.1366238889,ShopCalibration,Calibration,Choose Available Calibration,Click,ComboBox,03:16:43.967 04-Apr-2018,UIInteraction,
43194.1366245023,ShopCalibration,Calibration,Choose Available Calibration,Click,ComboBox,03:16:43.967 04-Apr-2018,UIInteraction,
43194.1366745255,ShopCalibration,Data Acquiring - WL,Disable Tool Power,Click,ToolbarButton,Disable Tool Power,UIInteraction,
43194.137052037,ShopCalibration,Data Acquiring - WL,Stop Dataflow,Click,ToolbarButton,Stop Data Flow,UIInteraction,
43194.1376877662,ShopCalibration,Data Acquiring - WL,Disconnect Hardware,Click,ToolbarButton,Disconnect From Hardware,UIInteraction,
43194.1380968287,ShopCalibration,UI Framework,Close Console,Click,Button,,UIInteraction,JobGuid=D5BE4FB3-E361-4064-8ECA-FF264D58596F
43194.1394409722,Setup,Equipment,Filter Equipment in Catalog,Input,TextBox,,UIInteraction,Text=HSD
43194.1394410532,Setup,Equipment,Filter Equipment in Catalog,Input,TextBox,,UIInteraction,Text=HSD
43194.139446331,Setup,Equipment,Add Equipment from Catalog to ToolString,Click,ToolbarButton,Add to ToolString,UIInteraction,EquipmentName=HSD
43194.1394490741,DeliverablesSetup,Tier Manager,Tier Template Created for Tools in My Equipment,,,HSD Tier Created,Deliverables Console,
43194.139483044,Setup,Equipment,Filter Equipment in Catalog,Input,TextBox,,UIInteraction,Text=HSD
43194.139483125,Setup,Equipment,Filter Equipment in Catalog,Input,TextBox,,UIInteraction,Text=HSD
43194.1394872801,Setup,Equipment,Add Equipment from Catalog to ToolString,Click,ToolbarButton,Add to ToolString,UIInteraction,EquipmentName=HSD
43194.1395246875,Setup,Equipment,Filter Equipment in Catalog,Input,TextBox,,UIInteraction,Text=HSD
43194.1395247801,Setup,Equipment,Filter Equipment in Catalog,Input,TextBox,,UIInteraction,Text=HSD
43194.1395290509,Setup,Equipment,Add Equipment from Catalog to ToolString,Click,ToolbarButton,Add to ToolString,UIInteraction,EquipmentName=HSD
43194.1396395949,Setup,Properties & Parameters,Change Property Value,Update,GridCell,20,UIInteraction,OSDD=EP_LENGTH;EnsemblePath=HSD[1]:HSD:HSD
43194.1397751157,Setup,Properties & Parameters,Change Property Value,Update,GridCell,20,UIInteraction,OSDD=EP_LENGTH;EnsemblePath=HSD[2]:HSD:HSD
43194.1399130208,Setup,Properties & Parameters,Change Property Value,Update,GridCell,20,UIInteraction,OSDD=EP_LENGTH;EnsemblePath=HSD[3]:HSD:HSD
43194.1400675694,Setup,Properties & Parameters,Change Property Value,Update,GridCell,WHDG-GB [2.875 in],UIInteraction,OSDD=EP_FILE_CODE;EnsemblePath=HSD[1]:HSD:HSD
43194.1403879861,Setup,Properties & Parameters,Change Property Value,Update,GridCell,WHDG-GB [2.875 in],UIInteraction,OSDD=EP_FILE_CODE;EnsemblePath=HSD[2]:HSD:HSD
43194.1407109144,Setup,Properties & Parameters,Change Property Value,Update,GridCell,WHDG-GB [2.875 in],UIInteraction,OSDD=EP_FILE_CODE;EnsemblePath=HSD[3]:HSD:HSD
43194.1408396991,Setup,Run Manager (Internal),Associate toolstring to run,Update,GridCell,Perfo-GR,UIInteraction,RunGuid=08F786BA-2467-4117-946A-830260FE5A15;ToolstringGuid=8152D5BF-D7DF-49C2-9737-8C39E0C1B2F5;DownholeEquipments=HSDHSDHSDSAFETYBARRIERAPGT-AAMH-28;TSLevelActiveSurfaceEquips=DEPTH_DEVICETENSION_DEVICELOGGING_CABLEWAFEWITMWITMWITMWITM
43194.1409734259,Setup,Equipment,Close Toolstring Validation UI,Click,Button,Close,UIInteraction,ToolstringGuid=8152D5BF-D7DF-49C2-9737-8C39E0C1B2F5
43194.14097875,Setup,UI Framework,Switch Tab,Click,Tab,Perfo Express Configuration,UIInteraction,
43194.1411708333,Setup,UI Framework,Switch Tab,Click,Tab,Equipment,UIInteraction,
43194.141265463,Setup,UI Framework,Switch Tab,Click,Tab,Perfo Express Configuration,UIInteraction,
43194.1415506482,Setup,Run Manager (Internal),Start Run,Click,Button,Start,UIInteraction,RunGuid=08F786BA-2467-4117-946A-830260FE5A15;ToolstringGuid=8152D5BF-D7DF-49C2-9737-8C39E0C1B2F5;DownholeEquipments=HSD:HSD:HSD:SAFETYBARRIER:APGT-AA:MH-28;TSLevelActiveSurfaceEquips=DEPTH_DEVICE:TENSION_DEVICE:LOGGING_CABLE:WAFE
43194.1416590856,Setup,Equipment,Activate Run,Click,Button,Activate,UIInteraction,ToolstringGuid=8152D5BF-D7DF-49C2-9737-8C39E0C1B2F5;DownholeEquipments=HSD:HSD:HSD:SAFETYBARRIER:APGT-AA:MH-28;TSLevelActiveSurfaceEquips=DEPTH_DEVICE:TENSION_DEVICE:LOGGING_CABLE:WAFE
43194.1417425,Simulation,UI Framework,Start Console,,,Simulation Console - Job Viceroy-PE,UIAutomatic,
43194.1417627778,PerfoExpressAcquisition,Calibration,Select Calibration Report Type,Click,ComboBox,Technical Concise,UIInteraction,
43194.1417894097,PerfoExpressAcquisition,UI Framework,Start Console,,,Acquisition Console - Job Viceroy-PE - Run 1,UIAutomatic,
43194.1418173495,PerfoExpressAcquisition,Calibration,Choose Available Calibration,Click,ComboBox,03:16:43.967 04-Apr-2018,UIInteraction,
43194.1418185764,PerfoExpressAcquisition,Calibration,Select Tool in Calibration Report,Click,ComboBox,APGT-AA,UIInteraction,ToolName=APGT-AA
43194.1418185532,PerfoExpressAcquisition,Calibration,Select Calibration in Calibration Report,Click,ComboBox,Pressure Gauge Calibration,UIInteraction,
43194.1419046296,PerfoExpressAcquisition,Depth Log/Station Planning,Perform Logging Task,,,,UIAutomatic,TaskName=Depth Log
43194.1419301852,PerfoExpressAcquisition,Calibration,Select Calibration in Calibration Report,Click,ComboBox,Pressure Gauge Calibration,UIInteraction,
43194.1419322917,PerfoExpressAcquisition,Calibration,Choose Available Calibration,Click,ComboBox,03:16:43.967 04-Apr-2018,UIInteraction,
43194.1434298495,PerfoExpressAcquisition,APGT-AA,Surface Hot Check,RightClick,TreeView,APGT-AA: Surface Hot Check,UIInteraction,TaskName=APGT-AA: Surface Hot Check
43194.1434438194,PerfoExpressAcquisition,APGT-AA,Surface Hot Check,Click,ContextMenu,Perform,UIInteraction,TaskName=APGT-AA: Surface Hot Check
43194.157965706,PerfoExpressAcquisition,Depth Log/Station Planning,Perform Logging Task,RightClick,TreeView,AS Inventory,UIInteraction,TaskName=AS Inventory
43194.1579796875,PerfoExpressAcquisition,Depth Log/Station Planning,Perform Logging Task,Click,ContextMenu,Perform,UIInteraction,TaskName=AS Inventory
43194.1580938194,PerfoExpressAcquisition,Depth Log/Station Planning,Perform Logging Task,,,,UIAutomatic,TaskName=Depth Log
43194.1582802894,PerfoExpressAcquisition,Depth Log/Station Planning,Perform Logging Task,,,,UIAutomatic,TaskName=Depth Log
43194.1654546528,PerfoExpressAcquisition,Depth Log/Station Planning,Perform Logging Task,RightClick,TreeView,Perforate/Set/Activate,UIInteraction,TaskName=Perforate/Set/Activate
43194.1654699306,PerfoExpressAcquisition,Depth Log/Station Planning,Perform Logging Task,Click,ContextMenu,Perform,UIInteraction,TaskName=Perforate/Set/Activate
43194.1656385764,PerfoExpressAcquisition,Depth Log/Station Planning,Perform Logging Task,,,,UIAutomatic,TaskName=Depth Log
43194.1658308565,PerfoExpressAcquisition,Depth Log/Station Planning,Perform Logging Task,,,,UIAutomatic,TaskName=Depth Log
43194.166883588,PerfoExpressAcquisition,Depth Log/Station Planning,Perform Logging Task,RightClick,TreeView,AS Query/Check,UIInteraction,TaskName=AS Query/Check
43194.1668975116,PerfoExpressAcquisition,Depth Log/Station Planning,Perform Logging Task,Click,ContextMenu,Perform,UIInteraction,TaskName=AS Query/Check
43194.1670742708,PerfoExpressAcquisition,Depth Log/Station Planning,Perform Logging Task,,,,UIAutomatic,TaskName=Depth Log
43194.1679459028,PerfoExpressAcquisition,Depth Log/Station Planning,Perform Logging Task,,,,UIAutomatic,TaskName=Depth Log
43194.1697708796,PerfoExpressAcquisition,Depth Log/Station Planning,Perform Logging Task,RightClick,TreeView,Perforate/Set/Activate,UIInteraction,TaskName=Perforate/Set/Activate
43194.1697852893,PerfoExpressAcquisition,Depth Log/Station Planning,Perform Logging Task,Click,ContextMenu,Perform,UIInteraction,TaskName=Perforate/Set/Activate
43194.1699676505,PerfoExpressAcquisition,Depth Log/Station Planning,Perform Logging Task,,,,UIAutomatic,TaskName=Depth Log
43194.1701628588,PerfoExpressAcquisition,Depth Log/Station Planning,Perform Logging Task,,,,UIAutomatic,TaskName=Depth Log
43194.1878506597,PerfoExpressAcquisition,Depth Log/Station Planning,Perform Logging Task,RightClick,TreeView,Perforate/Set/Activate,UIInteraction,TaskName=Perforate/Set/Activate
43194.1878646412,PerfoExpressAcquisition,Depth Log/Station Planning,Perform Logging Task,Click,ContextMenu,Perform,UIInteraction,TaskName=Perforate/Set/Activate
43194.1880720602,PerfoExpressAcquisition,Depth Log/Station Planning,Perform Logging Task,,,,UIAutomatic,TaskName=Depth Log
43194.1882478125,PerfoExpressAcquisition,Depth Log/Station Planning,Perform Logging Task,,,,UIAutomatic,TaskName=Depth Log
43194.1890516551,PerfoExpressAcquisition,Depth Log/Station Planning,Perform Logging Task,RightClick,TreeView,AS Query/Check,UIInteraction,TaskName=AS Query/Check
43194.1890657292,PerfoExpressAcquisition,Depth Log/Station Planning,Perform Logging Task,Click,ContextMenu,Perform,UIInteraction,TaskName=AS Query/Check
43194.1892776736,PerfoExpressAcquisition,Depth Log/Station Planning,Perform Logging Task,,,,UIAutomatic,TaskName=Depth Log
43194.1900286574,PerfoExpressAcquisition,Depth Log/Station Planning,Perform Logging Task,,,,UIAutomatic,TaskName=Depth Log
43194.1903891088,PerfoExpressAcquisition,Depth Log/Station Planning,Perform Logging Task,RightClick,TreeView,APGT-AA: Dynamic Record,UIInteraction,TaskName=APGT-AA: Dynamic Record
43194.1904030093,PerfoExpressAcquisition,Depth Log/Station Planning,Perform Logging Task,Click,ContextMenu,Perform,UIInteraction,TaskName=APGT-AA: Dynamic Record
43194.1915042361,Setup,Run Manager (Internal),Stop Run,Click,Button,Stop,UIInteraction,RunGuid=08F786BA-2467-4117-946A-830260FE5A15
43194.1915043171,Setup,Run Manager (Internal),Cancel Stop Run,Click,Button,Cancel,UIInteraction,RunGuid=08F786BA-2467-4117-946A-830260FE5A15
43194.191798206,Simulation,UI Framework,Close Console,Click,Button,,UIInteraction,JobGuid=D5BE4FB3-E361-4064-8ECA-FF264D58596F
43194.192009838,DeliverablesSetup,Deliverables - Digital,Create New Template,Click,ContextMenu,New Template,UIInteraction,
43194.1921194907,DeliverablesSetup,Deliverables - Digital,Rename Component,Click,ContextMenu,Rename,UIInteraction,ComponentName=New Template;DelivTemplateGuid=C63E5852-298D-4AF6-96EF-66771F04E855
43194.1921237153,DeliverablesSetup,Deliverables - Graphical,Rename Component,Input,TextBox,Perfo,UIInteraction,OldComponentName=New Template
43194.1922007986,DeliverablesSetup,Deliverables - Graphical,Add Catalog Format to Template,Click,ToolbarButton,Add to Template,UIInteraction,ComponentName=APGT Correlation Log;ComponentCode=Component_Log
43194.1922079051,DeliverablesSetup,Deliverables - Graphical,Add Catalog Format to Template,Click,ContextMenu,Perfo,UIInteraction,ComponentName=APGT Correlation Log;ComponentCode=Component_Log
43194.1922342708,DeliverablesSetup,Deliverables - Graphical,Add Catalog Format to Template,Click,ToolbarButton,Add to Template,UIInteraction,ComponentName=APGT Perfo Depth Log;ComponentCode=Component_Log
43194.1922413194,DeliverablesSetup,Deliverables - Graphical,Add Catalog Format to Template,Click,ContextMenu,Perfo,UIInteraction,ComponentName=APGT Perfo Depth Log;ComponentCode=Component_Log
43194.1922766435,DeliverablesSetup,Deliverables - Graphical,Add Catalog Format to Template,Click,ToolbarButton,Add to Template,UIInteraction,ComponentName=Perfo Gun Summary;ComponentCode=Custom_Table_PerfoGunSummary
43194.1922836227,DeliverablesSetup,Deliverables - Graphical,Add Catalog Format to Template,Click,ContextMenu,Perfo,UIInteraction,ComponentName=Perfo Gun Summary;ComponentCode=Custom_Table_PerfoGunSummary
43194.1923360069,DeliverablesSetup,Deliverables - Digital,Add Template to Deliverable,Click,ContextMenu,Run 1,UIInteraction,ComponentName=Perfo;ComponentCode=Component_None
43194.1925387616,DeliverablesSetup,Data Explorer,Click OK Button,Click,Button,OK,UIInteraction,Selection=Log[4]:Up____4813.42 (ft)_2855.99 (ft)_
43194.1927116435,DeliverablesSetup,Data Explorer,Click OK Button,Click,Button,OK,UIInteraction,Selection=Log[4]:Up____4813.42 (ft)_2855.99 (ft)_
43194.1927186227,DeliverablesSetup,UI Framework,Switch View,Click,ToolbarButton,Deliverables Display View,UIInteraction,
43194.1927881134,DeliverablesSetup,UI Framework,Close Console,Click,Button,,UIInteraction,JobGuid=D5BE4FB3-E361-4064-8ECA-FF264D58596F
43194.1928300116,DeliverablesSetup,UI Framework,OK to Close Deliverables - Display Console,Click,Button,OK,UIInteraction,
43194.1929096644,,Console/Job Manager,Stop Setup Console,Click,Button,Stop,UIInteraction,JobGuid=D5BE4FB3-E361-4064-8ECA-FF264D58596F
43194.1929927546,,Console/Job Manager,Stop Job,Click,Button,Stop,UIInteraction,JobGuid=D5BE4FB3-E361-4064-8ECA-FF264D58596F
