Time,Process,Component,Operation,Action,Control,ControlText,Category,Context
43194.1471941898,,Console/Job Manager,Start Job,Click,Button,Start,UIInteraction,JobName=ECRD-ERS;WellName=Automation;ClientName=BGC QA;StartDate=4/4/2018 3:31 AM;Workflow=Wireline;Simulator=True;UnitSystem=Automation;JobSize=0;State=Available;SideTrackId=0;SessionID=F5CDA989-F7C9-4D74-A409-D8224BF9A503;SortOrder=1;JobGUID=879CB816-82AD-463F-AD2B-B1F3358F9382;WellGUID=473066BE-9493-441D-A37A-7D075B70D83F;BoreholeGUID=587B9B9B-9261-4399-93BB-699C2ADF21D6;MachineName=HPV01-020;UserName=Engineer;UserDomainName=HPV01-020;OS=Microsoft Windows NT 6.1.7601 Service Pack 1;StartedJobCount=0;TimeZone=00:00:00;IPAddress_1=192.168.78.198;IPAddress_2=::1;MWVersion=9.0.100745.3100
43194.1474987269,,Console/Job Manager,Stop Job,Click,Button,Stop,UIInteraction,JobGuid=879CB816-82AD-463F-AD2B-B1F3358F9382
43194.1476926505,,Console/Job Manager,Start Job,Click,Button,Start,UIInteraction,JobName=ECRD-ERS;WellName=Automation;ClientName=BGC QA;StartDate=4/4/2018 3:31 AM;Workflow=Wireline;Simulator=True;UnitSystem=Automation;RTBackupDir=C:\Autobackup;JobSize=0;State=Available;SideTrackId=0;SessionID=F5CDA989-F7C9-4D74-A409-D8224BF9A503;SortOrder=1;JobGUID=879CB816-82AD-463F-AD2B-B1F3358F9382;WellGUID=473066BE-9493-441D-A37A-7D075B70D83F;BoreholeGUID=587B9B9B-9261-4399-93BB-699C2ADF21D6;MachineName=HPV01-020;UserName=Engineer;UserDomainName=HPV01-020;OS=Microsoft Windows NT 6.1.7601 Service Pack 1;StartedJobCount=0;TimeZone=00:00:00;IPAddress_1=192.168.78.198;IPAddress_2=::1;MWVersion=9.0.100745.3100
43194.1484671875,,Console/Job Manager,Start Setup Console,Click,Button,Start...,UIInteraction,JobGuid=879CB816-82AD-463F-AD2B-B1F3358F9382
43194.1485286574,Setup,Calibration,Select Calibration Report Type,Click,ComboBox,Technical Concise,UIInteraction,
43194.1485716898,Setup,UI Framework,Start Console,,,Setup - Job ECRD-ERS,UIAutomatic,
43194.148587419,,Console/Job Manager,Start Deliverables Console,Click,Button,Start...,UIInteraction,JobGuid=879CB816-82AD-463F-AD2B-B1F3358F9382
43194.1486365625,DeliverablesSetup,Tier Manager,Tier Template Created for Tools in My Equipment,,,MRPS-D Tier Created,Deliverables Console,
43194.1486367014,DeliverablesSetup,Tier Manager,Tier Template Created for Tools in My Equipment,,,LEH-QT Tier Created,Deliverables Console,
43194.1486369444,DeliverablesSetup,Tier Manager,Tier Template Created for Tools in My Equipment,,,DTC-H Tier Created,Deliverables Console,
43194.1486370833,DeliverablesSetup,Tier Manager,Tier Template Created for Tools in My Equipment,,,MRHY-B Tier Created,Deliverables Console,
43194.1486372338,DeliverablesSetup,Tier Manager,Tier Template Created for Tools in My Equipment,,,MRPC-C Tier Created,Deliverables Console,
43194.1486373843,DeliverablesSetup,Tier Manager,Tier Template Created for Tools in My Equipment,,,EDTA-A Tier Created,Deliverables Console,
43194.1486462847,DeliverablesSetup,UI Framework,Start Console,,,Deliverables Console Setup - Job ECRD-ERS,UIAutomatic,
43194.1486368287,DeliverablesSetup,Tier Manager,Tier Template Created for Tools in My Equipment,,,SGT-N Tier Created,Deliverables Console,
43194.1488138773,Setup,UI Framework,Switch Tab,Click,Tab,DnI Initializations,UIInteraction,
43194.1488768866,Setup,Run Manager (Internal),Start Run,Click,Button,Start,UIInteraction,RunGuid=FA630AD8-FA42-4777-BD47-EB4DE8230296;ToolstringGuid=C2817F5F-B1DF-465C-9EEE-79C071FA29C9;DownholeEquipments=MRPS-D:MRHY-B:MRPC-C:EDTA-A:SGT-N:DTC-H:LEH-QT;TSLevelActiveSurfaceEquips=TENSION_DEVICE:LOGGING_CABLE:DEPTH_DEVICE:WAFE
43194.1488770949,Setup,Run Manager (Internal),Change Tool Zero Selection,Click,CheckBox,MRPS-D,UIInteraction,CheckState=True
43194.1489320833,Setup,Run Manager (Internal),Confirm Tool Zero Selection,Click,Button,Confirm and Continue,UIInteraction,
43194.1490097569,Setup,Equipment,Activate Run,Click,Button,Activate,UIInteraction,ToolstringGuid=C2817F5F-B1DF-465C-9EEE-79C071FA29C9;DownholeEquipments=MRPS-D:MRHY-B:MRPC-C:EDTA-A:SGT-N:DTC-H:LEH-QT;TSLevelActiveSurfaceEquips=TENSION_DEVICE:LOGGING_CABLE:DEPTH_DEVICE:WAFE
43194.1491248495,Simulation,UI Framework,Start Console,,,Simulation Console - Job ECRD-ERS,UIAutomatic,
43194.1491533218,WLAcquisition,Calibration,Select Calibration Report Type,Click,ComboBox,Technical Concise,UIInteraction,
43194.1491876736,WLAcquisition,UI Framework,Start Console,,,Acquisition Console - Job ECRD-ERS - Run 1,UIAutomatic,
43194.1492000926,WLAcquisition,Calibration,Select Calibration in Calibration Report,Click,ComboBox,HTEN Before Calibration,UIInteraction,
43194.1492001157,WLAcquisition,Calibration,Select Tool in Calibration Report,Click,ComboBox,LEH-QT:999,UIInteraction,ToolName=LEH-QT:999
43194.1495091088,WLAcquisition,Data Acquiring - WL,Connect Hardware,Click,ToolbarButton,Connect to Hardware,UIInteraction,
43194.1496713773,WLAcquisition,Data Acquiring - WL,Start Dataflow,Click,ToolbarButton,Start Data Flow,UIInteraction,
43194.1497755208,WLAcquisition,Data Acquiring - WL,Enable Tool Power,Click,ToolbarButton,Enable Tool Power,UIInteraction,
43194.1514804977,WLAcquisition,UI Framework,Switch Tab,Click,Tab,Tool Control,UIInteraction,
43194.1515793171,WLAcquisition,Tool Control,Regulate 50V Supply,RightClick,TreeView,Regulate 50V Supply,UIInteraction,TaskName=Regulate 50V Supply
43194.1515935417,WLAcquisition,Tool Control,Regulate 50V Supply,Click,ContextMenu,Perform,UIInteraction,TaskName=Regulate 50V Supply
43194.1516463657,WLAcquisition,Data Gauge / Alerts,Add Data Gauge,Click,ToolbarButton,Add Data Gauges...,UIInteraction,
43194.1517816319,WLAcquisition,Data Explorer,Change Focused Item to Up-Level,Click,ToolbarButton,Level Up,UIInteraction,
43194.1517816551,WLAcquisition,Data Explorer,Change Current Focused Item,,,,UIAutomatic,EntityName=Run 1;EntityType=16;EntityGuid=FA630AD8-FA42-4777-BD47-EB4DE8230296
43194.1518655787,WLAcquisition,Data Explorer,Change Focused Item to Up-Level,Click,ToolbarButton,Level Up,UIInteraction,
43194.1518656944,WLAcquisition,Data Explorer,Change Current Focused Item,,,,UIAutomatic,EntityName=Automation;EntityType=8;EntityGuid=587B9B9B-9261-4399-93BB-699C2ADF21D6
43194.1519591898,WLAcquisition,Data Explorer,Change Focused Item to Up-Level,Click,ToolbarButton,Level Up,UIInteraction,
43194.1519592014,WLAcquisition,Data Explorer,Change Current Focused Item,,,,UIAutomatic,EntityName=Automation;EntityType=4;EntityGuid=473066BE-9493-441D-A37A-7D075B70D83F
43194.1520412847,WLAcquisition,Data Explorer,Change Focused Item to Up-Level,Click,ToolbarButton,Level Up,UIInteraction,
43194.1520412963,WLAcquisition,Data Explorer,Change Current Focused Item,,,,UIAutomatic,EntityName=ECRD-ERS;EntityType=2;EntityGuid=879CB816-82AD-463F-AD2B-B1F3358F9382
43194.1521663657,WLAcquisition,Data Explorer,Change Current Focused Item,,,,UIAutomatic,EntityName=Automation;EntityType=4;EntityGuid=473066BE-9493-441D-A37A-7D075B70D83F
43194.1522408565,WLAcquisition,Data Explorer,Change Current Focused Item,,,,UIAutomatic,EntityName=Automation;EntityType=8;EntityGuid=587B9B9B-9261-4399-93BB-699C2ADF21D6
43194.1523087037,WLAcquisition,Data Explorer,Change Current Focused Item,,,,UIAutomatic,EntityName=Run 1;EntityType=16;EntityGuid=FA630AD8-FA42-4777-BD47-EB4DE8230296
43194.152381875,WLAcquisition,Data Explorer,Change Current Focused Item,,,,UIAutomatic,EntityName=TimeLogicalAcq;EntityType=32;EntityGuid=9E13477A-AF9E-4CD5-8BB3-7081C908F455
43194.1524532639,WLAcquisition,Data Explorer,Click OK Button,Click,Button,OK,UIInteraction,Selection=ADC_GAIN__ADC Gain_MRPC-C_1___
43194.1524534144,WLAcquisition,Data Gauge / Alerts,Select Channel in Channel Selection Dialog,Click,Button,OK,UIInteraction,Channel OSDD=ADC_GAIN
43194.1526242361,WLAcquisition,Tool Control,Regulate 50V Supply,RightClick,TreeView,Regulate 50V Supply,UIInteraction,TaskName=Regulate 50V Supply
43194.1526384722,WLAcquisition,Tool Control,Regulate 50V Supply,Click,ContextMenu,Close,UIInteraction,TaskName=Regulate 50V Supply
43194.1528372917,WLAcquisition,Data Acquiring - WL,Unlock 3 Buttons,Click,ToolbarButton,Unlock,UIInteraction,
43194.1528395023,WLAcquisition,Data Acquiring - WL,Disable Tool Power,Click,ToolbarButton,Disable Tool Power,UIInteraction,
43194.1531323148,WLAcquisition,Data Acquiring - WL,Stop Dataflow,Click,ToolbarButton,Stop Data Flow,UIInteraction,
43194.1532371065,WLAcquisition,Data Acquiring - WL,Disconnect Hardware,Click,ToolbarButton,Disconnect From Hardware,UIInteraction,
43194.1533543866,,Console/Job Manager,Stop Acquisition Console,Click,Button,Stop,UIInteraction,JobGuid=879CB816-82AD-463F-AD2B-B1F3358F9382
43194.1533938542,Setup,Run Manager (Internal),Stop Run,Click,Button,Stop,UIInteraction,RunGuid=FA630AD8-FA42-4777-BD47-EB4DE8230296
43194.1534372454,Setup,Run Manager (Internal),Confirm to Stop Run,Click,Button,OK,UIInteraction,RunGuid=FA630AD8-FA42-4777-BD47-EB4DE8230296
43194.1534892014,Simulation,UI Framework,Close Console,Click,Button,,UIInteraction,JobGuid=879CB816-82AD-463F-AD2B-B1F3358F9382
43194.153563912,Setup,UI Framework,Switch Tab,Click,Tab,Equipment,UIInteraction,
43194.1535678819,Setup,Equipment,New ToolString,Click,ToolbarButton,New ToolString,UIInteraction,ToolstringName=New ToolString;ToolstringGuid=DF4BA5DA-2AF8-44F3-B118-268403749573
43194.1536038773,Setup,Equipment,Rename ToolString,Input,TextBox,ECRD Firing,UIInteraction,ToolstringGuid=DF4BA5DA-2AF8-44F3-B118-268403749573
43194.1536100463,Setup,Equipment,Filter Equipment in Catalog,Input,TextBox,,UIInteraction,Text=LEH-QT
43194.1536097801,Setup,Equipment,Filter Equipment in Catalog,Input,TextBox,,UIInteraction,Text=LEH-QT
43194.1536148843,Setup,Equipment,Add Equipment from Catalog to ToolString,Click,ToolbarButton,Add to ToolString,UIInteraction,EquipmentName=LEH-QT
43194.1536862269,Setup,Properties & Parameters,Show Infrequent Properties/Parameters,Click,ToolbarButton,Show Infrequent Properties,UIInteraction,
43194.1537522106,Setup,Properties & Parameters,Change Property Value,Update,GridCell,ECRD-F,UIInteraction,OSDD=EP_WEAKPOINT_CODE;EnsemblePath=LEH-QT
43194.1539797106,Setup,Properties & Parameters,Change Property Value,Update,GridCell,ECRD-F Firing,UIInteraction,OSDD=EP_CUST_EQP_TYPE;EnsemblePath=LEH-QT:ECRD-F:ECRD-F Idle
43194.1542027662,Setup,Properties & Parameters,Change Property Value,Update,GridCell,999,UIInteraction,OSDD=EP_SERIAL_NUMBER;EnsemblePath=LEH-QT:ECRD-F:ECRD-F Firing
43194.1542214468,Setup,Properties & Parameters,Change Property Value,Update,GridCell,999,UIInteraction,OSDD=EP_SERIAL_NUMBER;EnsemblePath=LEH-QT:ECRD-F:ECRD-F Housing
43194.1542408218,Setup,Properties & Parameters,Change Property Value,Update,GridCell,999,UIInteraction,OSDD=EP_SERIAL_NUMBER;EnsemblePath=LEH-QT:LEH-QT:LEH-QT
43194.1542598727,Setup,Properties & Parameters,Change Property Value,Update,GridCell,999,UIInteraction,OSDD=EP_SERIAL_NUMBER;EnsemblePath=WITM
43194.1543024537,Setup,Run Manager (Internal),Create new run,Click,ToolbarButton,New Run,UIInteraction,JobGuid=879CB816-82AD-463F-AD2B-B1F3358F9382
43194.1544360417,Setup,Run Manager (Internal),Associate toolstring to run,Update,GridCell,ECRD Firing,UIInteraction,RunGuid=7F7F2473-B2AF-4D72-A990-BC48607CEC1F;ToolstringGuid=DF4BA5DA-2AF8-44F3-B118-268403749573;DownholeEquipments=LEH-QT;TSLevelActiveSurfaceEquips=DEPTH_DEVICETENSION_DEVICELOGGING_CABLEWAFEWITM
43194.1545699884,Setup,Equipment,Close Toolstring Validation UI,Click,Button,Close,UIInteraction,ToolstringGuid=DF4BA5DA-2AF8-44F3-B118-268403749573
43194.1545967477,Setup,Run Manager (Internal),Start Run,Click,Button,Start,UIInteraction,RunGuid=7F7F2473-B2AF-4D72-A990-BC48607CEC1F;ToolstringGuid=DF4BA5DA-2AF8-44F3-B118-268403749573;DownholeEquipments=LEH-QT;TSLevelActiveSurfaceEquips=LOGGING_CABLE:WAFE:DEPTH_DEVICE:TENSION_DEVICE
43194.154705,Setup,Equipment,Activate Run,Click,Button,Activate,UIInteraction,ToolstringGuid=DF4BA5DA-2AF8-44F3-B118-268403749573;DownholeEquipments=LEH-QT;TSLevelActiveSurfaceEquips=LOGGING_CABLE:WAFE:DEPTH_DEVICE:TENSION_DEVICE
43194.154802419,Simulation,UI Framework,Start Console,,,Simulation Console - Job ECRD-ERS,UIAutomatic,
43194.1548318287,WLAcquisition,Calibration,Select Calibration Report Type,Click,ComboBox,Technical Concise,UIInteraction,
43194.1548573264,WLAcquisition,UI Framework,Start Console,,,Acquisition Console - Job ECRD-ERS - Run 2,UIAutomatic,
43194.155170463,WLAcquisition,Data Acquiring - WL,Connect Hardware,Click,ToolbarButton,Connect to Hardware,UIInteraction,
43194.1553263194,WLAcquisition,Data Acquiring - WL,Start Dataflow,Click,ToolbarButton,Start Data Flow,UIInteraction,
43194.1554527894,WLAcquisition,Data Acquiring - WL,Enable Tool Power,Click,ToolbarButton,Enable Tool Power,UIInteraction,
43194.1572206482,WLAcquisition,Depth Log/Station Planning,Perform Logging Task,RightClick,TreeView,Reduce Cable Tension,UIInteraction,TaskName=Reduce Cable Tension
43194.1572348611,WLAcquisition,Depth Log/Station Planning,Perform Logging Task,Click,ContextMenu,Perform,UIInteraction,TaskName=Reduce Cable Tension
43194.1575151042,WLAcquisition,Depth Log/Station Planning,Perform Logging Task,RightClick,TreeView,Blow Fuse (only for ECRI with fuse),UIInteraction,TaskName=Blow Fuse (only for ECRI with fuse)
43194.1575292477,WLAcquisition,Depth Log/Station Planning,Perform Logging Task,Click,ContextMenu,Perform,UIInteraction,TaskName=Blow Fuse (only for ECRI with fuse)
43194.1580206597,WLAcquisition,Depth Log/Station Planning,Perform Logging Task,RightClick,TreeView,Release Task,UIInteraction,TaskName=Release Task
43194.158035,WLAcquisition,Depth Log/Station Planning,Perform Logging Task,Click,ContextMenu,Perform,UIInteraction,TaskName=Release Task
43194.1619122801,WLAcquisition,Data Acquiring - WL,Unlock 3 Buttons,Click,ToolbarButton,Unlock,UIInteraction,
43194.1619142477,WLAcquisition,Data Acquiring - WL,Disable Tool Power,Click,ToolbarButton,Disable Tool Power,UIInteraction,
43194.1620465625,WLAcquisition,Data Acquiring - WL,Stop Dataflow,Click,ToolbarButton,Stop Data Flow,UIInteraction,
43194.1621587732,WLAcquisition,Data Acquiring - WL,Disconnect Hardware,Click,ToolbarButton,Disconnect From Hardware,UIInteraction,
43194.1622684028,,Console/Job Manager,Stop Acquisition Console,Click,Button,Stop,UIInteraction,JobGuid=879CB816-82AD-463F-AD2B-B1F3358F9382
43194.1623436574,Setup,Run Manager (Internal),Stop Run,Click,Button,Stop,UIInteraction,RunGuid=7F7F2473-B2AF-4D72-A990-BC48607CEC1F
43194.1623950694,Setup,Run Manager (Internal),Confirm to Stop Run,Click,Button,OK,UIInteraction,RunGuid=7F7F2473-B2AF-4D72-A990-BC48607CEC1F
43194.1624273843,Simulation,UI Framework,Close Console,Click,Button,,UIInteraction,JobGuid=879CB816-82AD-463F-AD2B-B1F3358F9382
43194.1625348727,Setup,Equipment,New ToolString,Click,ToolbarButton,New ToolString,UIInteraction,ToolstringName=New ToolString;ToolstringGuid=B31C6216-8F8B-4D0C-A0C4-BEF221001C7E
43194.1625712269,Setup,Equipment,Rename ToolString,Input,TextBox,ERS IDLE,UIInteraction,ToolstringGuid=B31C6216-8F8B-4D0C-A0C4-BEF221001C7E
43194.1625778588,Setup,Equipment,Filter Equipment in Catalog,Input,TextBox,,UIInteraction,Text=PFCS-A
43194.162577963,Setup,Equipment,Filter Equipment in Catalog,Input,TextBox,,UIInteraction,Text=PFCS-A
43194.162582662,Setup,Equipment,Add Equipment from Catalog to ToolString,Click,ToolbarButton,Add to ToolString,UIInteraction,EquipmentName=PFCS-A
43194.1625942708,DeliverablesSetup,Tier Manager,Tier Template Created for Tools in My Equipment,,,PFCS-A Tier Created,Deliverables Console,
43194.1625945486,Setup,Equipment,Filter Equipment in Catalog,Input,TextBox,,UIInteraction,Text=PILS-A
43194.1625948611,Setup,Equipment,Filter Equipment in Catalog,Input,TextBox,,UIInteraction,Text=PILS-A
43194.1625991435,Setup,Equipment,Add Equipment from Catalog to ToolString,Click,ToolbarButton,Add to ToolString,UIInteraction,EquipmentName=PILS-A
43194.1626029745,DeliverablesSetup,Tier Manager,Tier Template Created for Tools in My Equipment,,,PILS-A Tier Created,Deliverables Console,
43194.1626035301,Setup,Equipment,Filter Equipment in Catalog,Input,TextBox,,UIInteraction,Text=PSTP-B
43194.1626037153,Setup,Equipment,Filter Equipment in Catalog,Input,TextBox,,UIInteraction,Text=PSTP-B
43194.1626087269,Setup,Equipment,Add Equipment from Catalog to ToolString,Click,ToolbarButton,Add to ToolString,UIInteraction,EquipmentName=PSTP-B
43194.1626227083,DeliverablesSetup,Tier Manager,Tier Template Created for Tools in My Equipment,,,PSTP-B Tier Created,Deliverables Console,
43194.1626230671,Setup,Equipment,Filter Equipment in Catalog,Input,TextBox,,UIInteraction,Text=ERS-E
43194.162623287,Setup,Equipment,Filter Equipment in Catalog,Input,TextBox,,UIInteraction,Text=ERS-E
43194.1626280208,Setup,Equipment,Add Equipment from Catalog to ToolString,Click,ToolbarButton,Add to ToolString,UIInteraction,EquipmentName=ERS-E
43194.1626303356,DeliverablesSetup,Tier Manager,Tier Template Created for Tools in My Equipment,,,ERS-E Tier Created,Deliverables Console,
43194.1626308681,Setup,Equipment,Filter Equipment in Catalog,Input,TextBox,,UIInteraction,Text=AH-38
43194.162631088,Setup,Equipment,Filter Equipment in Catalog,Input,TextBox,,UIInteraction,Text=AH-38
43194.1626366667,Setup,Equipment,Add Equipment from Catalog to ToolString,Click,ToolbarButton,Add to ToolString,UIInteraction,EquipmentName=AH-38
43194.1626387037,Setup,Equipment,Filter Equipment in Catalog,Input,TextBox,,UIInteraction,Text=MH-22
43194.1626390046,Setup,Equipment,Filter Equipment in Catalog,Input,TextBox,,UIInteraction,Text=MH-22
43194.1626448727,Setup,Equipment,Add Equipment from Catalog to ToolString,Click,ToolbarButton,Add to ToolString,UIInteraction,EquipmentName=MH-22
43194.1627734144,Setup,Properties & Parameters,Change Property Value,Update,GridCell,999,UIInteraction,OSDD=EP_SERIAL_NUMBER;EnsemblePath=ERS-E:ERS-E:ERS-E Housing
43194.1627925926,Setup,Properties & Parameters,Change Property Value,Update,GridCell,999,UIInteraction,OSDD=EP_SERIAL_NUMBER;EnsemblePath=ERS-E:ERS-E:ERS-E Idle
43194.1628360648,Setup,Equipment,Validate ToolString,Click,ContextMenu,Validate,UIInteraction,Validated State=TS_VALIDATION_VALID;Validated Message=<ToolStringValidation><ToolStringGuid>B31C6216-8F8B-4D0C-A0C4-BEF221001C7E</ToolStringGuid><ToolStringName>ERS IDLE</ToolStringName><SourceAction>Validate</SourceAction><IsAutomatic>FALSE</IsAutomatic></ToolStringValidation>
43194.1629749884,Setup,Run Manager (Internal),Create new run,Click,ToolbarButton,New Run,UIInteraction,JobGuid=879CB816-82AD-463F-AD2B-B1F3358F9382
43194.1631006944,Setup,Run Manager (Internal),Associate toolstring to run,Update,GridCell,ERS IDLE,UIInteraction,RunGuid=56EA0975-6066-4FBE-876F-B38BCCDD9AFD;ToolstringGuid=B31C6216-8F8B-4D0C-A0C4-BEF221001C7E;DownholeEquipments=PFCS-APILS-APSTP-BERS-EAH-38MH-22;TSLevelActiveSurfaceEquips=DEPTH_DEVICETENSION_DEVICELOGGING_CABLEWAFEWITM
43194.1632342014,Setup,Equipment,Close Toolstring Validation UI,Click,Button,Close,UIInteraction,ToolstringGuid=B31C6216-8F8B-4D0C-A0C4-BEF221001C7E
43194.163256331,Setup,Run Manager (Internal),Start Run,Click,Button,Start,UIInteraction,RunGuid=56EA0975-6066-4FBE-876F-B38BCCDD9AFD;ToolstringGuid=B31C6216-8F8B-4D0C-A0C4-BEF221001C7E;DownholeEquipments=PFCS-A:PILS-A:PSTP-B:ERS-E:AH-38:MH-22;TSLevelActiveSurfaceEquips=DEPTH_DEVICE:TENSION_DEVICE:LOGGING_CABLE:WAFE
43194.1633820139,Simulation,UI Framework,Start Console,,,Simulation Console - Job ECRD-ERS,UIAutomatic,
43194.1634228588,WLAcquisition,Calibration,Select Calibration Report Type,Click,ComboBox,Technical Concise,UIInteraction,
43194.1636389468,WLAcquisition,UI Framework,Start Console,,,Acquisition Console - Job ECRD-ERS - Run 3,UIAutomatic,
43194.163661088,WLAcquisition,Calibration,Select Calibration in Calibration Report,Click,ComboBox,{All Calibrations},UIInteraction,
43194.1636611806,WLAcquisition,Calibration,Select Tool in Calibration Report,Click,ComboBox,ERS-E:999,UIInteraction,ToolName=ERS-E:999
43194.1639293287,WLAcquisition,Data Acquiring - WL,Connect Hardware,Click,ToolbarButton,Connect to Hardware,UIInteraction,
43194.1640454861,WLAcquisition,Data Acquiring - WL,Start Dataflow,Click,ToolbarButton,Start Data Flow,UIInteraction,
43194.1641389468,WLAcquisition,Data Acquiring - WL,Enable Tool Power,Click,ToolbarButton,Enable Tool Power,UIInteraction,
43194.165791088,WLAcquisition,Data Acquiring - WL,Disable Tool Power,Click,ToolbarButton,Disable Tool Power,UIInteraction,
43194.1657887616,WLAcquisition,Data Acquiring - WL,Unlock 3 Buttons,Click,ToolbarButton,Unlock,UIInteraction,
43194.1659053819,WLAcquisition,Data Acquiring - WL,Stop Dataflow,Click,ToolbarButton,Stop Data Flow,UIInteraction,
43194.166023588,WLAcquisition,Data Acquiring - WL,Disconnect Hardware,Click,ToolbarButton,Disconnect From Hardware,UIInteraction,
43194.1661278241,,Console/Job Manager,Stop Acquisition Console,Click,Button,Stop,UIInteraction,JobGuid=879CB816-82AD-463F-AD2B-B1F3358F9382
43194.1662316898,Setup,Run Manager (Internal),Stop Run,Click,Button,Stop,UIInteraction,RunGuid=56EA0975-6066-4FBE-876F-B38BCCDD9AFD
43194.1662750926,Setup,Run Manager (Internal),Confirm to Stop Run,Click,Button,OK,UIInteraction,RunGuid=56EA0975-6066-4FBE-876F-B38BCCDD9AFD
43194.1663198727,Simulation,UI Framework,Close Console,Click,Button,,UIInteraction,JobGuid=879CB816-82AD-463F-AD2B-B1F3358F9382
43194.1664084606,Setup,Equipment,New ToolString,Click,ToolbarButton,New ToolString,UIInteraction,ToolstringName=New ToolString;ToolstringGuid=97836A65-B131-4B99-8CC2-FD23D504F8F6
43194.1664442245,Setup,Equipment,Rename ToolString,Input,TextBox,ERS Firing,UIInteraction,ToolstringGuid=97836A65-B131-4B99-8CC2-FD23D504F8F6
43194.1664504398,Setup,Equipment,Filter Equipment in Catalog,Input,TextBox,,UIInteraction,Text=ERS-E
43194.1664505671,Setup,Equipment,Filter Equipment in Catalog,Input,TextBox,,UIInteraction,Text=ERS-E
43194.166455463,Setup,Equipment,Add Equipment from Catalog to ToolString,Click,ToolbarButton,Add to ToolString,UIInteraction,EquipmentName=ERS-E
43194.1664590162,Setup,Equipment,Filter Equipment in Catalog,Input,TextBox,,UIInteraction,Text=AH-38
43194.1664593519,Setup,Equipment,Filter Equipment in Catalog,Input,TextBox,,UIInteraction,Text=AH-38
43194.1664643981,Setup,Equipment,Add Equipment from Catalog to ToolString,Click,ToolbarButton,Add to ToolString,UIInteraction,EquipmentName=AH-38
43194.1664668519,Setup,Equipment,Filter Equipment in Catalog,Input,TextBox,,UIInteraction,Text=MH-22
43194.1664728588,Setup,Equipment,Add Equipment from Catalog to ToolString,Click,ToolbarButton,Add to ToolString,UIInteraction,EquipmentName=MH-22
43194.1664673032,Setup,Equipment,Filter Equipment in Catalog,Input,TextBox,,UIInteraction,Text=MH-22
43194.1665994097,Setup,Properties & Parameters,Change Property Value,Update,GridCell,ERS-E Firing,UIInteraction,OSDD=EP_CUST_EQP_TYPE;EnsemblePath=ERS-E:ERS-E:ERS-E Idle
43194.1668214352,Setup,Properties & Parameters,Change Property Value,Update,GridCell,999,UIInteraction,OSDD=EP_SERIAL_NUMBER;EnsemblePath=ERS-E:ERS-E:ERS-E Firing
43194.1668400463,Setup,Properties & Parameters,Change Property Value,Update,GridCell,999,UIInteraction,OSDD=EP_SERIAL_NUMBER;EnsemblePath=ERS-E:ERS-E:ERS-E Housing
43194.166858588,Setup,Properties & Parameters,Change Property Value,Update,GridCell,999,UIInteraction,OSDD=EP_SERIAL_NUMBER;EnsemblePath=WITM
43194.1669102315,Setup,Run Manager (Internal),Create new run,Click,ToolbarButton,New Run,UIInteraction,JobGuid=879CB816-82AD-463F-AD2B-B1F3358F9382
43194.1670350232,Setup,Run Manager (Internal),Associate toolstring to run,Update,GridCell,ERS Firing,UIInteraction,RunGuid=E336E8D2-D5A1-4AAC-886B-FDF22A954D7D;ToolstringGuid=97836A65-B131-4B99-8CC2-FD23D504F8F6;DownholeEquipments=ERS-EAH-38MH-22;TSLevelActiveSurfaceEquips=DEPTH_DEVICETENSION_DEVICELOGGING_CABLEWAFEWITM
43194.1671897338,Setup,Run Manager (Internal),Start Run,Click,Button,Start,UIInteraction,RunGuid=E336E8D2-D5A1-4AAC-886B-FDF22A954D7D;ToolstringGuid=97836A65-B131-4B99-8CC2-FD23D504F8F6;DownholeEquipments=ERS-E:AH-38:MH-22;TSLevelActiveSurfaceEquips=DEPTH_DEVICE:LOGGING_CABLE:WAFE:TENSION_DEVICE
43194.1673204282,Simulation,UI Framework,Start Console,,,Simulation Console - Job ECRD-ERS,UIAutomatic,
43194.16736625,WLAcquisition,Calibration,Select Calibration Report Type,Click,ComboBox,Technical Concise,UIInteraction,
43194.1673789699,WLAcquisition,UI Framework,Start Console,,,Acquisition Console - Job ECRD-ERS - Run 4,UIAutomatic,
43194.1678080671,WLAcquisition,Data Acquiring - WL,Connect Hardware,Click,ToolbarButton,Connect to Hardware,UIInteraction,
43194.167962581,WLAcquisition,Data Acquiring - WL,Start Dataflow,Click,ToolbarButton,Start Data Flow,UIInteraction,
43194.1680612269,WLAcquisition,Data Acquiring - WL,Enable Tool Power,Click,ToolbarButton,Enable Tool Power,UIInteraction,
43194.1697997338,WLAcquisition,Depth Log/Station Planning,Perform Logging Task,RightClick,TreeView,Reduce Cable Tension,UIInteraction,TaskName=Reduce Cable Tension
43194.1698140162,WLAcquisition,Depth Log/Station Planning,Perform Logging Task,Click,ContextMenu,Perform,UIInteraction,TaskName=Reduce Cable Tension
43194.1700947338,WLAcquisition,Depth Log/Station Planning,Perform Logging Task,RightClick,TreeView,Release Task,UIInteraction,TaskName=Release Task
43194.1701089699,WLAcquisition,Depth Log/Station Planning,Perform Logging Task,Click,ContextMenu,Perform,UIInteraction,TaskName=Release Task
43194.174067662,WLAcquisition,Data Acquiring - WL,Unlock 3 Buttons,Click,ToolbarButton,Unlock,UIInteraction,
43194.1740699421,WLAcquisition,Data Acquiring - WL,Disable Tool Power,Click,ToolbarButton,Disable Tool Power,UIInteraction,
43194.174173912,WLAcquisition,Data Acquiring - WL,Stop Dataflow,Click,ToolbarButton,Stop Data Flow,UIInteraction,
43194.1742982176,WLAcquisition,Data Acquiring - WL,Disconnect Hardware,Click,ToolbarButton,Disconnect From Hardware,UIInteraction,
43194.174433125,Setup,Run Manager (Internal),Stop Run,Click,Button,Stop,UIInteraction,RunGuid=E336E8D2-D5A1-4AAC-886B-FDF22A954D7D
43194.1744773148,Setup,Run Manager (Internal),Confirm to Stop Run,Click,Button,OK,UIInteraction,RunGuid=E336E8D2-D5A1-4AAC-886B-FDF22A954D7D
43194.1745187732,Simulation,UI Framework,Close Console,Click,Button,,UIInteraction,JobGuid=879CB816-82AD-463F-AD2B-B1F3358F9382
43194.1746918287,DeliverablesSetup,UI Framework,Close Console,Click,Button,,UIInteraction,JobGuid=879CB816-82AD-463F-AD2B-B1F3358F9382
43194.1747096412,DeliverablesSetup,UI Framework,OK to Close Deliverables Console Setup Console,Click,Button,OK,UIInteraction,
43194.1747926505,,Console/Job Manager,Stop Setup Console,Click,Button,Stop,UIInteraction,JobGuid=879CB816-82AD-463F-AD2B-B1F3358F9382
43194.174851956,,Console/Job Manager,Stop Job,Click,Button,Stop,UIInteraction,JobGuid=879CB816-82AD-463F-AD2B-B1F3358F9382
