Time,Process,Component,Operation,Action,Control,ControlText,Category,Context
43194.1422140278,,Console/Job Manager,Start Job,Click,Button,Start,UIInteraction,JobName=DSLT_H_CBL;WellName=BGC_Automation;ClientName=BGC;StartDate=4/4/2018 3:24 AM;Workflow=Wireline;Simulator=True;UnitSystem=English;JobSize=0;State=Available;SideTrackId=0;SessionID=6F7D764B-5EEE-4A79-A8EA-EDB461EA3720;SortOrder=1;JobGUID=ADD6CAF0-762C-4713-8170-A5D72A9C5BF4;WellGUID=41317495-7FA8-447D-B4A4-8E0E5BF83B1C;BoreholeGUID=4BF714EB-A65D-4A1F-828A-6F546027F9BF;MachineName=HPV26-006;UserName=Engineer;UserDomainName=HPV26-006;OS=Microsoft Windows NT 6.1.7601 Service Pack 1;StartedJobCount=0;TimeZone=00:00:00;IPAddress_1=192.168.178.64;IPAddress_2=::1;MWVersion=9.0.100745.3100
43194.1424741204,,Console/Job Manager,Stop Job,Click,Button,Stop,UIInteraction,JobGuid=ADD6CAF0-762C-4713-8170-A5D72A9C5BF4
43194.1426645139,,Console/Job Manager,Start Job,Click,Button,Start,UIInteraction,JobName=DSLT_H_CBL;WellName=BGC_Automation;ClientName=BGC;StartDate=4/4/2018 3:24 AM;Workflow=Wireline;Simulator=True;UnitSystem=English;RTBackupDir=C:\Autobackup;JobSize=0;State=Available;SideTrackId=0;SessionID=6F7D764B-5EEE-4A79-A8EA-EDB461EA3720;SortOrder=1;JobGUID=ADD6CAF0-762C-4713-8170-A5D72A9C5BF4;WellGUID=41317495-7FA8-447D-B4A4-8E0E5BF83B1C;BoreholeGUID=4BF714EB-A65D-4A1F-828A-6F546027F9BF;MachineName=HPV26-006;UserName=Engineer;UserDomainName=HPV26-006;OS=Microsoft Windows NT 6.1.7601 Service Pack 1;StartedJobCount=0;TimeZone=00:00:00;IPAddress_1=192.168.178.64;IPAddress_2=::1;MWVersion=9.0.100745.3100
43194.1434228241,,Console/Job Manager,Start Setup Console,Click,Button,Start...,UIInteraction,JobGuid=ADD6CAF0-762C-4713-8170-A5D72A9C5BF4
43194.1434793171,Setup,Calibration,Select Calibration Report Type,Click,ComboBox,Technical Concise,UIInteraction,
43194.1435222569,Setup,UI Framework,Start Console,,,Setup - Job DSLT_H_CBL,UIAutomatic,
43194.1435427431,,Console/Job Manager,Start Deliverables Console,Click,Button,Start...,UIInteraction,JobGuid=ADD6CAF0-762C-4713-8170-A5D72A9C5BF4
43194.1435916088,DeliverablesSetup,Tier Manager,Tier Template Created for Tools in My Equipment,,,LEH-QT Tier Created,Deliverables Console,
43194.1435917477,DeliverablesSetup,Tier Manager,Tier Template Created for Tools in My Equipment,,,CAL-YB Tier Created,Deliverables Console,
43194.1435918403,DeliverablesSetup,Tier Manager,Tier Template Created for Tools in My Equipment,,,DSLT-H Tier Created,Deliverables Console,
43194.143591956,DeliverablesSetup,Tier Manager,Tier Template Created for Tools in My Equipment,,,EDTC-B Tier Created,Deliverables Console,
43194.14360125,DeliverablesSetup,UI Framework,Start Console,,,Deliverables Console Setup - Job DSLT_H_CBL,UIAutomatic,
43194.1437685995,Setup,UI Framework,Switch Tab,Click,Tab,DnI Initializations,UIInteraction,
43194.1438266319,Setup,Run Manager (Internal),Start Run,Click,Button,Start,UIInteraction,RunGuid=F2C2F769-000B-462B-952F-41E6A2BE08AC;ToolstringGuid=AAFD96A0-545C-4158-80C8-07B4D3114A80;DownholeEquipments=BNS-STD:DSLT-H:CAL-YB:EDTC-B:LEH-QT;TSLevelActiveSurfaceEquips=TENSION_DEVICE:LOGGING_CABLE:WAFE:DEPTH_DEVICE
43194.1439368634,Setup,Equipment,Activate Run,Click,Button,Activate,UIInteraction,ToolstringGuid=AAFD96A0-545C-4158-80C8-07B4D3114A80;DownholeEquipments=BNS-STD:DSLT-H:CAL-YB:EDTC-B:LEH-QT;TSLevelActiveSurfaceEquips=TENSION_DEVICE:LOGGING_CABLE:WAFE:DEPTH_DEVICE
43194.144018669,Simulation,UI Framework,Start Console,,,Simulation Console - Job DSLT_H_CBL,UIAutomatic,
43194.1440595023,WLAcquisition,Calibration,Select Calibration Report Type,Click,ComboBox,Technical Concise,UIInteraction,
43194.1441058681,WLAcquisition,UI Framework,Start Console,,,Acquisition Console - Job DSLT_H_CBL - Run 1,UIAutomatic,
43194.1441169097,WLAcquisition,Calibration,Select Calibration in Calibration Report,Click,ComboBox,HTEN Before Calibration,UIInteraction,
43194.1441169329,WLAcquisition,Calibration,Select Tool in Calibration Report,Click,ComboBox,LEH-QT:1,UIInteraction,ToolName=LEH-QT:1
43194.1444261111,WLAcquisition,Data Acquiring - WL,Connect Hardware,Click,ToolbarButton,Connect to Hardware,UIInteraction,
43194.1445159954,WLAcquisition,Data Acquiring - WL,Start Dataflow,Click,ToolbarButton,Start Data Flow,UIInteraction,
43194.144607338,WLAcquisition,Data Acquiring - WL,Enable Tool Power,Click,ToolbarButton,Enable Tool Power,UIInteraction,
43194.1446148611,WLAcquisition,EDTC-B,Read Memory Data,,,,UIAutomatic,TaskName=EDTC-B: Read Memory Data
43194.1446160532,WLAcquisition,UI Framework,Switch Tab,Click,Tab,Calibrations,UIInteraction,
43194.1446340972,DeliverablesSetup,Computation / Recomputation,ProcessRecomputeState,,,,UIAutomatic,JobGuid=ADD6CAF0-762C-4713-8170-A5D72A9C5BF4;State=UIS_RECOMPUTATION_STATE_PENDING;Scope=JobScope;RecompPercentageComplete=;MultipleRunsAffected=False;ActiveRunAffected=True;ActiveRunInProgress=False;RunCount=1;Run0Change0=Calibration;Run0Guid=F2C2F769-000B-462B-952F-41E6A2BE08AC
43194.1446346991,Setup,Computation / Recomputation,ProcessRecomputeState,,,,UIAutomatic,JobGuid=ADD6CAF0-762C-4713-8170-A5D72A9C5BF4;State=UIS_RECOMPUTATION_STATE_PENDING;Scope=JobScope;RecompPercentageComplete=;MultipleRunsAffected=False;ActiveRunAffected=True;ActiveRunInProgress=False;RunCount=1;Run0Change0=Calibration;Run0Guid=F2C2F769-000B-462B-952F-41E6A2BE08AC
43194.1446347685,WLAcquisition,Calibration,Choose Available Calibration,Click,ComboBox,03:28:15.366 04-Apr-2018,UIInteraction,
43194.1446366319,WLAcquisition,Computation / Recomputation,ProcessRecomputeState,,,,UIAutomatic,JobGuid=ADD6CAF0-762C-4713-8170-A5D72A9C5BF4;State=UIS_RECOMPUTATION_STATE_PENDING;Scope=JobScope;RecompPercentageComplete=;MultipleRunsAffected=False;ActiveRunAffected=True;ActiveRunInProgress=False;RunCount=1;Run0Change0=Calibration;Run0Guid=F2C2F769-000B-462B-952F-41E6A2BE08AC
43194.144636088,WLAcquisition,Calibration,Choose Available Calibration,Click,ComboBox,03:28:15.366 04-Apr-2018,UIInteraction,
43194.1463758912,WLAcquisition,LEH-QT,Zero,RightClick,TreeView,Zero,UIInteraction,TaskName=Zero
43194.1463900347,WLAcquisition,LEH-QT,Zero,Click,ContextMenu,Perform,UIInteraction,TaskName=Zero
43194.1465020023,WLAcquisition,Calibration,Perform Calibration Task,Click,Button,Next,UIInteraction,TaskName=Zero
43194.146688044,Simulation,UI Framework,Switch Tab,Click,Tab,HWS_Simulator : 0,UIInteraction,
43194.1468691319,WLAcquisition,LEH-QT,Plus,RightClick,TreeView,Plus,UIInteraction,TaskName=Plus
43194.1468835069,WLAcquisition,LEH-QT,Plus,Click,ContextMenu,Perform,UIInteraction,TaskName=Plus
43194.1469888426,WLAcquisition,Calibration,Perform Calibration Task,Click,Button,Next,UIInteraction,TaskName=Plus
43194.1471169097,DeliverablesSetup,Computation / Recomputation,ProcessRecomputeState,,,,UIAutomatic,JobGuid=ADD6CAF0-762C-4713-8170-A5D72A9C5BF4;State=UIS_RECOMPUTATION_STATE_PENDING;Scope=JobScope;RecompPercentageComplete=;MultipleRunsAffected=False;ActiveRunAffected=True;ActiveRunInProgress=False;RunCount=1;Run0Change0=Calibration;Run0Guid=F2C2F769-000B-462B-952F-41E6A2BE08AC
43194.1471169676,Setup,Computation / Recomputation,ProcessRecomputeState,,,,UIAutomatic,JobGuid=ADD6CAF0-762C-4713-8170-A5D72A9C5BF4;State=UIS_RECOMPUTATION_STATE_PENDING;Scope=JobScope;RecompPercentageComplete=;MultipleRunsAffected=False;ActiveRunAffected=True;ActiveRunInProgress=False;RunCount=1;Run0Change0=Calibration;Run0Guid=F2C2F769-000B-462B-952F-41E6A2BE08AC
43194.1471176157,WLAcquisition,Computation / Recomputation,ProcessRecomputeState,,,,UIAutomatic,JobGuid=ADD6CAF0-762C-4713-8170-A5D72A9C5BF4;State=UIS_RECOMPUTATION_STATE_PENDING;Scope=JobScope;RecompPercentageComplete=;MultipleRunsAffected=False;ActiveRunAffected=True;ActiveRunInProgress=False;RunCount=1;Run0Change0=Calibration;Run0Guid=F2C2F769-000B-462B-952F-41E6A2BE08AC
43194.1471176042,WLAcquisition,Calibration,Choose Available Calibration,Click,ComboBox,03:31:50.493 04-Apr-2018,UIInteraction,
43194.1471744444,Simulation,UI Framework,Switch Tab,Click,Tab,EDTCB Simulator : 0,UIInteraction,
43194.1473473727,WLAcquisition,EDTC-B,Zero,RightClick,TreeView,Zero,UIInteraction,TaskName=Zero
43194.1473616782,WLAcquisition,EDTC-B,Zero,Click,ContextMenu,Perform,UIInteraction,TaskName=Zero
43194.1473627894,WLAcquisition,Calibration,Choose Available Calibration,Click,ComboBox,Nominal,UIInteraction,
43194.1473629514,WLAcquisition,Calibration,Choose Available Calibration,Click,ComboBox,Nominal,UIInteraction,
43194.1474679745,WLAcquisition,Calibration,Perform Calibration Task,Click,Button,Next,UIInteraction,TaskName=Zero
43194.1478741435,WLAcquisition,Calibration,Choose Available Calibration,Click,ComboBox,Incomplete,UIInteraction,
43194.1480829398,WLAcquisition,EDTC-B,Vertical Measurement,RightClick,TreeView,Vertical Measurement,UIInteraction,TaskName=Vertical Measurement
43194.148097581,WLAcquisition,Calibration,Choose Available Calibration,Click,ComboBox,Nominal,UIInteraction,
43194.1480972222,WLAcquisition,EDTC-B,Vertical Measurement,Click,ContextMenu,Perform,UIInteraction,TaskName=Vertical Measurement
43194.1482091319,WLAcquisition,Calibration,Perform Calibration Task,Click,Button,Next,UIInteraction,TaskName=Vertical Measurement
43194.148335162,Setup,Computation / Recomputation,ProcessRecomputeState,,,,UIAutomatic,JobGuid=ADD6CAF0-762C-4713-8170-A5D72A9C5BF4;State=UIS_RECOMPUTATION_STATE_PENDING;Scope=JobScope;RecompPercentageComplete=;MultipleRunsAffected=False;ActiveRunAffected=True;ActiveRunInProgress=False;RunCount=1;Run0Change0=Calibration;Run0Guid=F2C2F769-000B-462B-952F-41E6A2BE08AC
43194.1483351736,DeliverablesSetup,Computation / Recomputation,ProcessRecomputeState,,,,UIAutomatic,JobGuid=ADD6CAF0-762C-4713-8170-A5D72A9C5BF4;State=UIS_RECOMPUTATION_STATE_PENDING;Scope=JobScope;RecompPercentageComplete=;MultipleRunsAffected=False;ActiveRunAffected=True;ActiveRunInProgress=False;RunCount=1;Run0Change0=Calibration;Run0Guid=F2C2F769-000B-462B-952F-41E6A2BE08AC
43194.1483355556,WLAcquisition,Calibration,Choose Available Calibration,Click,ComboBox,03:33:35.833 04-Apr-2018,UIInteraction,
43194.1483355671,WLAcquisition,Computation / Recomputation,ProcessRecomputeState,,,,UIAutomatic,JobGuid=ADD6CAF0-762C-4713-8170-A5D72A9C5BF4;State=UIS_RECOMPUTATION_STATE_PENDING;Scope=JobScope;RecompPercentageComplete=;MultipleRunsAffected=False;ActiveRunAffected=True;ActiveRunInProgress=False;RunCount=1;Run0Change0=Calibration;Run0Guid=F2C2F769-000B-462B-952F-41E6A2BE08AC
43194.148674294,WLAcquisition,Depth Log/Station Planning,Perform Logging Task,RightClick,TreeView,Depth Log,UIInteraction,TaskName=Depth Log
43194.1486888773,WLAcquisition,Depth Log/Station Planning,Perform Logging Task,Click,ContextMenu,Perform,UIInteraction,TaskName=Depth Log
43194.1491658912,WLAcquisition,Data Acquiring - WL,Start Depth Pass,Click,Button,Start,UIInteraction,PassGuid=6845D9C5-ADFA-4504-8795-E694B1EAFFD7;Objective=Log;Direction=Down;Depth=687.56022
43194.1491688542,WLAcquisition,UI Framework,Switch Tab,Click,Tab,MD,UIInteraction,
43194.1493312037,WLAcquisition,Depth Log/Station Planning,Perform Logging Task,RightClick,TreeView,Normalization,UIInteraction,TaskName=Normalization
43194.1493454282,WLAcquisition,Depth Log/Station Planning,Perform Logging Task,Click,ContextMenu,Perform,UIInteraction,TaskName=Normalization
43194.1493459491,WLAcquisition,Calibration,Choose Available Calibration,Click,ComboBox,Nominal,UIInteraction,
43194.1493461806,WLAcquisition,UI Framework,Switch Tab,Click,Tab,Calibrations,UIInteraction,
43194.1494522801,WLAcquisition,Calibration,Perform Calibration Task,Click,Button,Next,UIInteraction,TaskName=Normalization
43194.1497098264,DeliverablesSetup,Computation / Recomputation,ProcessRecomputeState,,,,UIAutomatic,JobGuid=ADD6CAF0-762C-4713-8170-A5D72A9C5BF4;State=UIS_RECOMPUTATION_STATE_PENDING;Scope=JobScope;RecompPercentageComplete=;MultipleRunsAffected=False;ActiveRunAffected=True;ActiveRunInProgress=False;RunCount=1;Run0Change0=Calibration;Run0Guid=F2C2F769-000B-462B-952F-41E6A2BE08AC
43194.1497098264,Setup,Computation / Recomputation,ProcessRecomputeState,,,,UIAutomatic,JobGuid=ADD6CAF0-762C-4713-8170-A5D72A9C5BF4;State=UIS_RECOMPUTATION_STATE_PENDING;Scope=JobScope;RecompPercentageComplete=;MultipleRunsAffected=False;ActiveRunAffected=True;ActiveRunInProgress=False;RunCount=1;Run0Change0=Calibration;Run0Guid=F2C2F769-000B-462B-952F-41E6A2BE08AC
43194.1497099884,WLAcquisition,Computation / Recomputation,ProcessRecomputeState,,,,UIAutomatic,JobGuid=ADD6CAF0-762C-4713-8170-A5D72A9C5BF4;State=UIS_RECOMPUTATION_STATE_PENDING;Scope=JobScope;RecompPercentageComplete=;MultipleRunsAffected=False;ActiveRunAffected=True;ActiveRunInProgress=False;RunCount=1;Run0Change0=Calibration;Run0Guid=F2C2F769-000B-462B-952F-41E6A2BE08AC
43194.1497099769,WLAcquisition,Calibration,Choose Available Calibration,Click,ComboBox,03:35:34.600 04-Apr-2018,UIInteraction,
43194.1497891898,WLAcquisition,Data Gauge / Alerts,Launch Alarm Manager,Click,ToolbarButton,Launch Alarms Manager...,UIInteraction,
43194.1497901042,WLAcquisition,UI Framework,Switch Tab,Click,Tab,Alarms,UIInteraction,
43194.1498465162,WLAcquisition,Data Gauge / Alerts,View Alarms,Click,Tab,Recommended,UIInteraction,
43194.1498632755,WLAcquisition,Data Gauge / Alerts,Enable/Disable Beep,Click,CheckBox,HV,UIInteraction,CheckState=False
43194.1586187963,WLAcquisition,Data Acquiring - WL,Unlock Pass,Click,ToolbarButton,Click to Unlock Stop Button,UIInteraction,
43194.1587294907,WLAcquisition,Data Acquiring - WL,Stop Depth Pass,Click,Button,Stop,UIInteraction,PassGuid=6845D9C5-ADFA-4504-8795-E694B1EAFFD7;Depth=1843.42532
43194.1588065046,WLAcquisition,Data Gauge / Alerts,View Alarms,Click,Tab,Application,UIInteraction,
43194.1596433796,WLAcquisition,Data Acquiring - WL,Start Depth Pass,Click,Button,Start,UIInteraction,PassGuid=7F338794-EDA6-4A8E-994F-C0732854E995;Objective=Main;Direction=Up;Depth=3028.74426
43194.1596448148,WLAcquisition,UI Framework,Switch Tab,Click,Tab,MD,UIInteraction,
43194.1597081366,DeliverablesSetup,Deliverables - Digital,Add Component to Template,Click,ContextMenu,CBLB,UIInteraction,ComponentCode=Component_Log_RepeatAnalysis
43194.1599818634,DeliverablesSetup,Deliverables - Digital,Add Template to Deliverable,Click,ContextMenu,Run 1,UIInteraction,ComponentName=CBL;ComponentCode=Component_None
43194.1600878588,DeliverablesSetup,Deliverables - Digital,Add Template to Deliverable,Click,ContextMenu,Run 1,UIInteraction,ComponentName=DLIS Standard;ComponentCode=Component_Template_Dlis
43194.1601762037,DeliverablesSetup,Deliverables - Digital,Add Template to Deliverable,Click,ContextMenu,Run 1,UIInteraction,ComponentName=CBL_LQC;ComponentCode=Component_None
43194.1602809722,DeliverablesSetup,Deliverables - Digital,Add Template to Deliverable,Click,ContextMenu,Run 1,UIInteraction,ComponentName=LAS Standard;ComponentCode=Component_Template_Las
43194.1603396181,DeliverablesSetup,Deliverables - Digital,Add Template to Deliverable,Click,ContextMenu,Run 1,UIInteraction,ComponentName=CBLB;ComponentCode=Component_None
43194.160558287,DeliverablesSetup,Data Explorer,Click OK Button,Click,Button,OK,UIInteraction,Selection=Main[2]:Up____9936.75 (ft)__CBL mode Mainlog
43194.1608507292,DeliverablesSetup,Data Explorer,Click OK Button,Click,Button,OK,UIInteraction,Selection=Main[2]:Up____9936.75 (ft)__CBL mode Mainlog
43194.1704284375,WLAcquisition,Data Acquiring - WL,Unlock Pass,Click,ToolbarButton,Click to Unlock Stop Button,UIInteraction,
43194.1705275116,WLAcquisition,Data Acquiring - WL,Stop Depth Pass,Click,Button,Stop,UIInteraction,PassGuid=7F338794-EDA6-4A8E-994F-C0732854E995;Depth=2709.66438
43194.1712617593,WLAcquisition,Data Acquiring - WL,Start Depth Pass,Click,Button,Start,UIInteraction,PassGuid=4747B0FA-CFFC-4319-97CB-9796E628DCAF;Objective=Repeat;Direction=Up;Depth=3032.18088
43194.1714677315,DeliverablesSetup,Data Explorer,Click OK Button,Click,Button,OK,UIInteraction,Selection=Log[1]:Down____2256.72 (ft)_6047.98 (ft)_Downlog
43194.1716557523,DeliverablesSetup,Data Explorer,Click OK Button,Click,Button,OK,UIInteraction,Selection=Main[2]:Up____9936.75 (ft)_8889.98 (ft)_CBL mode Mainlog
43194.1747816667,WLAcquisition,Data Acquiring - WL,Unlock Pass,Click,ToolbarButton,Click to Unlock Stop Button,UIInteraction,
43194.1748796644,WLAcquisition,Data Acquiring - WL,Stop Depth Pass,Click,Button,Stop,UIInteraction,PassGuid=4747B0FA-CFFC-4319-97CB-9796E628DCAF;Depth=2938.26438
43194.1751236343,WLAcquisition,Depth Log/Station Planning,Perform Logging Task,RightClick,TreeView,DSLT-H: CBL Free Pipe Adjustment,UIInteraction,TaskName=DSLT-H: CBL Free Pipe Adjustment
43194.1751377778,WLAcquisition,Depth Log/Station Planning,Perform Logging Task,Click,ContextMenu,Perform,UIInteraction,TaskName=DSLT-H: CBL Free Pipe Adjustment
43194.1751386111,WLAcquisition,Calibration,Choose Available Calibration,Click,ComboBox,Nominal,UIInteraction,
43194.1751388079,WLAcquisition,UI Framework,Switch Tab,Click,Tab,Calibrations,UIInteraction,
43194.1752368287,WLAcquisition,Calibration,Perform Calibration Task,Click,Button,Start,UIInteraction,TaskName=CBL Free Pipe Amplitude
43194.175946956,WLAcquisition,Calibration,Perform Calibration Task,Click,Button,Close,UIInteraction,TaskName=CBL Free Pipe Amplitude
43194.1759592708,DeliverablesSetup,Computation / Recomputation,ProcessRecomputeState,,,,UIAutomatic,JobGuid=ADD6CAF0-762C-4713-8170-A5D72A9C5BF4;State=UIS_RECOMPUTATION_STATE_PENDING;Scope=JobScope;RecompPercentageComplete=;MultipleRunsAffected=False;ActiveRunAffected=True;ActiveRunInProgress=False;RunCount=1;Run0Change0=Calibration;Run0Guid=F2C2F769-000B-462B-952F-41E6A2BE08AC
43194.1759592708,Setup,Computation / Recomputation,ProcessRecomputeState,,,,UIAutomatic,JobGuid=ADD6CAF0-762C-4713-8170-A5D72A9C5BF4;State=UIS_RECOMPUTATION_STATE_PENDING;Scope=JobScope;RecompPercentageComplete=;MultipleRunsAffected=False;ActiveRunAffected=True;ActiveRunInProgress=False;RunCount=1;Run0Change0=Calibration;Run0Guid=F2C2F769-000B-462B-952F-41E6A2BE08AC
43194.1759595718,WLAcquisition,Calibration,Choose Available Calibration,Click,ComboBox,04:13:22.499 04-Apr-2018,UIInteraction,
43194.1759595833,WLAcquisition,Computation / Recomputation,ProcessRecomputeState,,,,UIAutomatic,JobGuid=ADD6CAF0-762C-4713-8170-A5D72A9C5BF4;State=UIS_RECOMPUTATION_STATE_PENDING;Scope=JobScope;RecompPercentageComplete=;MultipleRunsAffected=False;ActiveRunAffected=True;ActiveRunInProgress=False;RunCount=1;Run0Change0=Calibration;Run0Guid=F2C2F769-000B-462B-952F-41E6A2BE08AC
43194.1762505556,WLAcquisition,Properties & Parameters,Show Infrequent Properties/Parameters,Click,ToolbarButton,Show Infrequent Parameters,UIInteraction,
43194.1763493866,WLAcquisition,Properties & Parameters,Change Parameter Value,Update,GridCell,CBLB,UIInteraction,OSDD=DSLT_MODE;EnsemblePath=DSLT-H:SLS-E:SLS-E
43194.177118287,WLAcquisition,Data Acquiring - WL,Start Depth Pass,Click,Button,Start,UIInteraction,PassGuid=AAD670B6-BACF-4490-BAE7-C61FD3AC9B7F;Objective=Main;Direction=Up;Depth=2916.11812
43194.1771203935,WLAcquisition,UI Framework,Switch Tab,Click,Tab,MD,UIInteraction,
43194.1866712153,WLAcquisition,Data Acquiring - WL,Unlock Pass,Click,ToolbarButton,Click to Unlock Stop Button,UIInteraction,
43194.1867827546,WLAcquisition,Data Acquiring - WL,Stop Depth Pass,Click,Button,Stop,UIInteraction,PassGuid=AAD670B6-BACF-4490-BAE7-C61FD3AC9B7F;Depth=2641.69398
43194.1874708796,WLAcquisition,Data Acquiring - WL,Start Depth Pass,Click,Button,Start,UIInteraction,PassGuid=7CF221A5-F839-4BE5-909F-9655B50D77EF;Objective=Repeat;Direction=Up;Depth=2743.19238
43194.1877451968,DeliverablesSetup,Data Explorer,Click OK Button,Click,Button,OK,UIInteraction,Selection=Main[4]:Up____9567.24 (ft)_8666.98 (ft)_CBLB_Mode_Mainlog
43194.187933831,DeliverablesSetup,Data Explorer,Click OK Button,Click,Button,OK,UIInteraction,Selection=Repeat[5]:Up____8999.96 (ft)__CBLB_Mode_repeat
43194.1881248148,DeliverablesSetup,Data Explorer,Click OK Button,Click,Button,OK,UIInteraction,Selection=Main[4]:Up____9567.24 (ft)_8666.98 (ft)_CBLB_Mode_Mainlog
43194.1883337616,DeliverablesSetup,Data Explorer,Click OK Button,Click,Button,OK,UIInteraction,Selection=Repeat[5]:Up____8999.96 (ft)__CBLB_Mode_repeat
43194.1885370602,DeliverablesSetup,Data Explorer,Click OK Button,Click,Button,OK,UIInteraction,Selection=Repeat[5]:Up____8999.96 (ft)__CBLB_Mode_repeat
43194.1906054745,WLAcquisition,Data Acquiring - WL,Unlock Pass,Click,ToolbarButton,Click to Unlock Stop Button,UIInteraction,
43194.1907170486,WLAcquisition,Data Acquiring - WL,Stop Depth Pass,Click,Button,Stop,UIInteraction,PassGuid=7CF221A5-F839-4BE5-909F-9655B50D77EF;Depth=2654.19078
43194.1908324884,WLAcquisition,Data Acquiring - WL,Unlock 3 Buttons,Click,ToolbarButton,Unlock,UIInteraction,
43194.1908349884,WLAcquisition,Data Acquiring - WL,Disable Tool Power,Click,ToolbarButton,Disable Tool Power,UIInteraction,
43194.1909364931,WLAcquisition,Data Acquiring - WL,Stop Dataflow,Click,ToolbarButton,Stop Data Flow,UIInteraction,
43194.1910480787,WLAcquisition,Data Acquiring - WL,Disconnect Hardware,Click,ToolbarButton,Disconnect From Hardware,UIInteraction,
43194.1911181713,WLAcquisition,Computation / Recomputation,Recompute All Pending Runs,Click,ToolbarButton,Recompute All Pending Runs,UIInteraction,
43194.1911182755,DeliverablesSetup,Computation / Recomputation,ProcessRecomputeState,,,,UIAutomatic,JobGuid=ADD6CAF0-762C-4713-8170-A5D72A9C5BF4;State=UIS_RECOMPUTATION_STATE_STARTING;Scope=JobScope;RecompPercentageComplete=;MultipleRunsAffected=False;ActiveRunAffected=True;ActiveRunInProgress=True;RunCount=1;Run0Change0=Calibration;Run0Guid=F2C2F769-000B-462B-952F-41E6A2BE08AC
43194.1911182755,Setup,Computation / Recomputation,ProcessRecomputeState,,,,UIAutomatic,JobGuid=ADD6CAF0-762C-4713-8170-A5D72A9C5BF4;State=UIS_RECOMPUTATION_STATE_STARTING;Scope=JobScope;RecompPercentageComplete=;MultipleRunsAffected=False;ActiveRunAffected=True;ActiveRunInProgress=True;RunCount=1;Run0Change0=Calibration;Run0Guid=F2C2F769-000B-462B-952F-41E6A2BE08AC
43194.1911185417,WLAcquisition,Computation / Recomputation,ProcessRecomputeState,,,,UIAutomatic,JobGuid=ADD6CAF0-762C-4713-8170-A5D72A9C5BF4;State=UIS_RECOMPUTATION_STATE_STARTING;Scope=JobScope;RecompPercentageComplete=;MultipleRunsAffected=False;ActiveRunAffected=True;ActiveRunInProgress=True;RunCount=1;Run0Change0=Calibration;Run0Guid=F2C2F769-000B-462B-952F-41E6A2BE08AC
43194.1911221991,Setup,Computation / Recomputation,ProcessRecomputeState,,,,UIAutomatic,JobGuid=ADD6CAF0-762C-4713-8170-A5D72A9C5BF4;State=UIS_RECOMPUTATION_STATE_IN_PROGRESS;Scope=JobScope;RecompPercentageComplete=;MultipleRunsAffected=False;ActiveRunAffected=True;ActiveRunInProgress=True;RunCount=1;Run0Change0=Calibration;Run0Guid=F2C2F769-000B-462B-952F-41E6A2BE08AC
43194.1911221991,WLAcquisition,Computation / Recomputation,ProcessRecomputeState,,,,UIAutomatic,JobGuid=ADD6CAF0-762C-4713-8170-A5D72A9C5BF4;State=UIS_RECOMPUTATION_STATE_IN_PROGRESS;Scope=JobScope;RecompPercentageComplete=;MultipleRunsAffected=False;ActiveRunAffected=True;ActiveRunInProgress=True;RunCount=1;Run0Change0=Calibration;Run0Guid=F2C2F769-000B-462B-952F-41E6A2BE08AC
43194.1911221991,DeliverablesSetup,Computation / Recomputation,ProcessRecomputeState,,,,UIAutomatic,JobGuid=ADD6CAF0-762C-4713-8170-A5D72A9C5BF4;State=UIS_RECOMPUTATION_STATE_IN_PROGRESS;Scope=JobScope;RecompPercentageComplete=;MultipleRunsAffected=False;ActiveRunAffected=True;ActiveRunInProgress=True;RunCount=1;Run0Change0=Calibration;Run0Guid=F2C2F769-000B-462B-952F-41E6A2BE08AC
43194.191330162,Setup,Computation / Recomputation,ProcessRecomputeState,,,,UIAutomatic,JobGuid=ADD6CAF0-762C-4713-8170-A5D72A9C5BF4;State=UIS_RECOMPUTATION_STATE_SUCCEEDED;Scope=JobScope;RecompPercentageComplete=;MultipleRunsAffected=False;ActiveRunAffected=True;ActiveRunInProgress=True;RunCount=1;Run0Change0=Calibration;Run0Guid=F2C2F769-000B-462B-952F-41E6A2BE08AC
43194.1913302083,WLAcquisition,Computation / Recomputation,ProcessRecomputeState,,,,UIAutomatic,JobGuid=ADD6CAF0-762C-4713-8170-A5D72A9C5BF4;State=UIS_RECOMPUTATION_STATE_SUCCEEDED;Scope=JobScope;RecompPercentageComplete=;MultipleRunsAffected=False;ActiveRunAffected=True;ActiveRunInProgress=True;RunCount=1;Run0Change0=Calibration;Run0Guid=F2C2F769-000B-462B-952F-41E6A2BE08AC
43194.1913303241,DeliverablesSetup,Computation / Recomputation,ProcessRecomputeState,,,,UIAutomatic,JobGuid=ADD6CAF0-762C-4713-8170-A5D72A9C5BF4;State=UIS_RECOMPUTATION_STATE_SUCCEEDED;Scope=JobScope;RecompPercentageComplete=;MultipleRunsAffected=False;ActiveRunAffected=True;ActiveRunInProgress=True;RunCount=1;Run0Change0=Calibration;Run0Guid=F2C2F769-000B-462B-952F-41E6A2BE08AC
43194.1913641782,Setup,Run Manager (Internal),Stop Run,Click,Button,Stop,UIInteraction,RunGuid=F2C2F769-000B-462B-952F-41E6A2BE08AC
43194.1914073032,Setup,Run Manager (Internal),Confirm to Stop Run,Click,Button,OK,UIInteraction,RunGuid=F2C2F769-000B-462B-952F-41E6A2BE08AC
43194.1914674421,Simulation,UI Framework,Close Console,Click,Button,,UIInteraction,JobGuid=ADD6CAF0-762C-4713-8170-A5D72A9C5BF4
43194.1915402778,DeliverablesSetup,UI Framework,Switch View,Click,ToolbarButton,Deliverables Display View,UIInteraction,
43194.191615162,DeliverablesSetup,Deliverables - Digital,Create Job Archive,Click,ContextMenu,Create,UIInteraction,ArchiveGuid=ADD6CAF0-762C-4713-8170-A5D72A9C5BF4;JobArchiveType=3.0
43194.1918572454,DeliverablesSetup,UI Framework,Close Console,Click,Button,,UIInteraction,JobGuid=ADD6CAF0-762C-4713-8170-A5D72A9C5BF4
43194.1918939583,DeliverablesSetup,UI Framework,OK to Close Deliverables - Display Console,Click,Button,OK,UIInteraction,
43194.1919748611,,Console/Job Manager,Stop Setup Console,Click,Button,Stop,UIInteraction,JobGuid=ADD6CAF0-762C-4713-8170-A5D72A9C5BF4
43194.1920571181,,Console/Job Manager,Stop Job,Click,Button,Stop,UIInteraction,JobGuid=ADD6CAF0-762C-4713-8170-A5D72A9C5BF4
