Time,Process,Component,Operation,Action,Control,ControlText,Category,Context
43193.6743105787,,UI Framework,Initialize Maxwell Manager Process Name,,,Initialize Maxwell Manager Process Name,,
43193.6743546875,,UI Framework,Start Console,,,Maxwell Manager,UIAutomatic,MachineName=BGC-QA-T009;UserName=Engineer;UserDomainName=BGC-QA-T009;OS=Microsoft Windows NT 6.1.7601 Service Pack 1;TimeZone=00:00:00;IPAddress_1=192.168.178.38;IPAddress_2=::1;MWVersion=9.0.100732.3100
43193.6743978125,,Console/Job Manager,New Job,Click,Button,New,UIInteraction,
43193.6744134954,,Console/Job Manager,Input Job Name,Input,TextBox,TST675,UIInteraction,
