43193.9301951273,,Console/Job Manager,Input Well Name,Input,TextBox,BGC,UIInteraction,
43193.9302396991,,Console/Job Manager,Input Client Name,Input,TextBox,BGCAT,UIInteraction,
43193.9303394907,,Console/Job Manager,Select Workflow,Click,ComboBox,Wireline,UIInteraction,
43193.9303797569,,Console/Job Manager,Check Simulator,Click,CheckBox,Simulator,UIInteraction,CheckState=True
43193.9305615857,,Console/Job Manager,Select Auto Backup Folder,Click,ComboBox,C:\Autobackup,UIInteraction,
43193.9338589931,,UI Framework,Close Console,Click,Button,,UIInteraction,
43193.9365424306,,UI Framework,Initialize Maxwell Manager Process Name,,,Initialize Maxwell Manager Process Name,,
43193.93656125,,UI Framework,Start Console,,,Maxwell Manager,UIAutomatic,MachineName=HPV21-005;UserName=Engineer;UserDomainName=HPV21-005;OS=Microsoft Windows NT 6.1.7601 Service Pack 1;TimeZone=00:00:00;IPAddress_1=192.168.78.251;IPAddress_2=::1;MWVersion=9.0.100742.3100
43193.9367977083,,Console/Job Manager,Import Job Archive,Click,ContextMenu,Create Import,UIInteraction,
43193.9368052315,,Import/Export & Backup/Restore,Select file to import,Click,Button,...,UIInteraction,
43193.936818912,,Import/Export & Backup/Restore,OK to select file,,,,UIAutomatic,FilePath=\\srv004bgc.dir.slb.com\MaxwellAT\TestData\TestData\Phase3\JobArchive\WL_SWF_CMRT_Setup.Dlis
43193.9368823958,,Import/Export & Backup/Restore,Start Import,Click,Button,Import,UIInteraction,FilePath=\\srv004bgc.dir.slb.com\MaxwellAT\TestData\TestData\Phase3\JobArchive\WL_SWF_CMRT_Setup.Dlis
43193.9371899884,,Import/Export & Backup/Restore,Close Import UI,Click,Button,Close,UIInteraction,
43193.93732375,,Console/Job Manager,Select Auto Backup Folder,Click,ComboBox,C:\Autobackup,UIInteraction,
43193.9392038426,,UI Framework,Switch Tab,Click,Tab,Job: CMRT-DTC,UIInteraction,
43194.0153370139,,UI Framework,Switch Tab,Click,Tab,Messages: Job Independent,UIInteraction,
43194.0153421759,,UI Framework,Close Console,Click,Button,,UIInteraction,
