43194.1498662616,,Console/Job Manager,New Job,Click,Button,New,UIInteraction,
43194.1498831019,,Console/Job Manager,Input Job Name,Input,TextBox,BLRWLTS1,UIInteraction,
43194.1499256829,,Console/Job Manager,Input Well Name,Input,TextBox,TS1,UIInteraction,
43194.1499696412,,Console/Job Manager,Input Client Name,Input,TextBox,BGCAT,UIInteraction,
43194.1501047569,,Console/Job Manager,Check Simulator,Click,CheckBox,Simulator,UIInteraction,CheckState=True
43194.1501074769,,Console/Job Manager,Select Units,Click,ComboBox,Metric,UIInteraction,
43194.1502837963,,Console/Job Manager,Select Auto Backup Folder,Click,ComboBox,C:\Autobackup,UIInteraction,
43194.1824771181,,UI Framework,Switch Tab,Click,Tab,Job: BLRWLTS1,UIInteraction,
43194.1894297917,,UI Framework,Switch Tab,Click,Tab,Messages: Job Independent,UIInteraction,
43194.1894398843,,UI Framework,Close Console,Click,Button,,UIInteraction,
