Time,Process,Component,Operation,Action,Control,ControlText,Category,Context
43194.1743712269,,Console/Job Manager,Start Job,Click,Button,Start,UIInteraction,JobName=ECS-A;WellName=BGC;ClientName=BGC;StartDate=4/4/2018 4:11 AM;Workflow=Wireline;Simulator=False;UnitSystem=CNPC_PEX_Unit;JobSize=0;State=Available;SideTrackId=0;SessionID=E7EB72A3-934C-431E-889C-FFBE9B1C149D;SortOrder=1;JobGUID=4A4A963D-3AD5-41C3-A689-850B7F9E0D06;WellGUID=63215879-76F2-4AF8-ABBB-934AF00F089B;BoreholeGUID=42520D8A-2E5C-4194-825F-78BF8710004E;MachineName=HPV03-007;UserName=Engineer;UserDomainName=HPV03-007;OS=Microsoft Windows NT 6.1.7601 Service Pack 1;StartedJobCount=0;TimeZone=00:00:00;IPAddress_1=192.168.78.216;IPAddress_2=::1;MWVersion=9.0.100745.3100
43194.1751794097,,Console/Job Manager,Stop Job,Click,Button,Stop,UIInteraction,JobGuid=4A4A963D-3AD5-41C3-A689-850B7F9E0D06
43194.1753506366,,Console/Job Manager,Start Job,Click,Button,Start,UIInteraction,JobName=ECS-A;WellName=BGC;ClientName=BGC;StartDate=4/4/2018 4:11 AM;Workflow=Wireline;Simulator=False;UnitSystem=CNPC_PEX_Unit;RTBackupDir=C:\Autobackup;JobSize=36.9;State=Available;SideTrackId=0;SessionID=E7EB72A3-934C-431E-889C-FFBE9B1C149D;SortOrder=1;JobGUID=4A4A963D-3AD5-41C3-A689-850B7F9E0D06;WellGUID=63215879-76F2-4AF8-ABBB-934AF00F089B;BoreholeGUID=42520D8A-2E5C-4194-825F-78BF8710004E;MachineName=HPV03-007;UserName=Engineer;UserDomainName=HPV03-007;OS=Microsoft Windows NT 6.1.7601 Service Pack 1;StartedJobCount=0;TimeZone=00:00:00;IPAddress_1=192.168.78.216;IPAddress_2=::1;MWVersion=9.0.100745.3100
43194.1754747338,,Console/Job Manager,Start Deliverables Console,Click,Button,Start...,UIInteraction,JobGuid=4A4A963D-3AD5-41C3-A689-850B7F9E0D06
43194.1755854167,DeliverablesSetup,Tier Manager,Tier Template Created for Tools in My Equipment,,,PEQL Tier Created,Deliverables Console,
43194.1755855556,DeliverablesSetup,Tier Manager,Tier Template Created for Tools in My Equipment,,,HGNS-H Tier Created,Deliverables Console,
43194.1755856366,DeliverablesSetup,Tier Manager,Tier Template Created for Tools in My Equipment,,,HENVIR Tier Created,Deliverables Console,
43194.1755862847,DeliverablesSetup,Tier Manager,Tier Template Created for Tools in My Equipment,,,HDRS-H Tier Created,Deliverables Console,
43194.1755867245,DeliverablesSetup,Tier Manager,Tier Template Created for Tools in My Equipment,,,AIT-H Tier Created,Deliverables Console,
43194.1755864468,DeliverablesSetup,Tier Manager,Tier Template Created for Tools in My Equipment,,,ZAIT-E Tier Created,Deliverables Console,
43194.1755858796,DeliverablesSetup,Tier Manager,Tier Template Created for Tools in My Equipment,,,CMRT-B Tier Created,Deliverables Console,
43194.1755946528,DeliverablesSetup,Computation / Recomputation,ProcessRecomputeState,,,,UIAutomatic,JobGuid=4A4A963D-3AD5-41C3-A689-850B7F9E0D06;State=UIS_RECOMPUTATION_STATE_IN_PROGRESS;Scope=JobScope;RecompPercentageComplete=30.1263365456307;MultipleRunsAffected=False;ActiveRunAffected=False;ActiveRunInProgress=False;RunCount=1;Run0Change0=DataImport;Run0Guid=4491B766-923C-454E-98B0-E6B2104E007A
43194.1755974421,DeliverablesSetup,UI Framework,Start Console,,,Deliverables Console Setup - Job ECS-A,UIAutomatic,
43194.1758878588,DeliverablesSetup,Computation / Recomputation,ProcessRecomputeState,,,,UIAutomatic,JobGuid=4A4A963D-3AD5-41C3-A689-850B7F9E0D06;State=UIS_RECOMPUTATION_STATE_SUCCEEDED;Scope=JobScope;RecompPercentageComplete=;MultipleRunsAffected=False;ActiveRunAffected=False;ActiveRunInProgress=False;RunCount=1;Run0Change0=DataImport;Run0Guid=4491B766-923C-454E-98B0-E6B2104E007A
43194.1761427894,DeliverablesSetup,Deliverables - Digital,Delete Template,Click,ContextMenu,Delete,UIInteraction,ComponentName=DLIS Standard;ComponentCode=Component_Template_Dlis;DelivTemplateGuid=A68F063F-1CBF-4BA4-BD5F-1AAF430583A5
43194.1762421296,DeliverablesSetup,Deliverables - Digital,Delete Template,Click,ContextMenu,Delete,UIInteraction,ComponentName=OH;ComponentCode=Component_Template_Las;DelivTemplateGuid=A9B16272-9710-4134-91A8-26D76329DC11
43194.1763351852,DeliverablesSetup,Deliverables - Digital,Delete Template,Click,ContextMenu,Delete,UIInteraction,ComponentName=LAS Standard;ComponentCode=Component_Template_Las;DelivTemplateGuid=419AF39A-E8AD-4B5D-95C2-69AC7023134D
43194.1764316088,DeliverablesSetup,Deliverables - Digital,Delete Template,Click,ContextMenu,Delete,UIInteraction,ComponentName=Caliper;ComponentCode=Component_Template_Las;DelivTemplateGuid=6983804B-5493-4709-9CC6-77536E29DF5C
43194.1765262269,DeliverablesSetup,Deliverables - Digital,Delete Template,Click,ContextMenu,Delete,UIInteraction,ComponentName=MHD;ComponentCode=Component_Template_Las;DelivTemplateGuid=15F44B86-1B46-4106-8B44-7E36BA6EF70E
43194.1766219907,DeliverablesSetup,Deliverables - Digital,Delete Template,Click,ContextMenu,Delete,UIInteraction,ComponentName=New Template;ComponentCode=Component_Template_Las;DelivTemplateGuid=36356B89-42BB-4610-B9BE-821C2D9CD865
43194.1767169444,DeliverablesSetup,Deliverables - Digital,Delete Template,Click,ContextMenu,Delete,UIInteraction,ComponentName=CH;ComponentCode=Component_Template_Las;DelivTemplateGuid=BB4220EC-2DBB-4312-899B-BAD46AB8163E
43194.1768121991,DeliverablesSetup,Deliverables - Digital,Delete Template,Click,ContextMenu,Delete,UIInteraction,ComponentName=Repeat;ComponentCode=Component_Template_Las;DelivTemplateGuid=58C6AF16-F525-4DF1-92A2-D1CB4469838E
43194.1769064352,DeliverablesSetup,Deliverables - Digital,Delete Template,Click,ContextMenu,Delete,UIInteraction,ComponentName=DIR;ComponentCode=Component_Template_Las;DelivTemplateGuid=12558167-6DE5-467B-A70D-E121DB5CB077
43194.1770049769,DeliverablesSetup,Deliverables - Digital,Delete Template,Click,ContextMenu,Delete,UIInteraction,ComponentName=RP;ComponentCode=Component_Template_Las;DelivTemplateGuid=2754947A-55C1-40D6-B986-FA65E50D4A03
43194.1770557176,DeliverablesSetup,Deliverables - Digital,Add Digital Template,Click,ContextMenu,DLIS,UIInteraction,
43194.1770856481,DeliverablesSetup,Deliverables - Graphical,Add Catalog Format to Template,Click,ToolbarButton,Add to Template,UIInteraction,ComponentName=DLIS Standard;ComponentCode=Component_StandardDlis_Format
43194.1770927546,DeliverablesSetup,Deliverables - Graphical,Add Catalog Format to Template,Click,ContextMenu,New Template,UIInteraction,ComponentName=DLIS Standard;ComponentCode=Component_StandardDlis_Format
43194.1771720949,DeliverablesSetup,Deliverables - Digital,Add Template to Deliverable,Click,ContextMenu,Job,UIInteraction,ComponentName=DLIS Standard;ComponentCode=Component_Template_Dlis
43194.1774703588,DeliverablesSetup,Deliverables - Digital,Change Digital Properties,Click,ComboBox,CDDI_Availability,UIInteraction,DeliverableType=DLIS;ChangedProperty=CDDI_Availability;OldValue=Customer;NewValue=Producer
43194.1774703819,DeliverablesSetup,Deliverables - Digital,Change Property,Click,CDDIAvailabilityConverter,CDDI_Availability,UIInteraction,NewValue=Producer;OldValue=Customer
43194.177748206,DeliverablesSetup,Data Explorer,Change Current Focused Item,,,,UIAutomatic,EntityName=Run 1;EntityType=16;EntityGuid=4491B766-923C-454E-98B0-E6B2104E007A
43194.1777624884,DeliverablesSetup,Data Explorer,Click OK Button,Click,Button,OK,UIInteraction,Selection=Log[3]:Up____1328.70 (m)_1208.96 (m)_
43194.1777634375,DeliverablesSetup,Deliverables - Digital,Change Digital Properties,Click,ComboBox,Data_Assignment,UIInteraction,DeliverableType=DLIS;ChangedProperty=Data_Assignment;OldValue={ Not Set };NewValue=S2R1: Log[3]:Up
43194.1777634491,DeliverablesSetup,Deliverables - Digital,Change Property,Click,TypeConverter,Data_Assignment,UIInteraction,NewValue=S2R1: Log[3]:Up;OldValue={ Not Set }
43194.1778917477,DeliverablesSetup,UI Framework,Switch View,Click,ToolbarButton,Deliverables Display View,UIInteraction,
43194.1780096759,DeliverablesSetup,Deliverables - Digital,Create Publish Digital Deliverable,Click,ContextMenu,Create/Publish...,UIInteraction,ComponentName=S2R1  Log[3] Up [2];ComponentCode=Component_Template_Dlis;DelivTemplateGuid=E4C6164F-B5F8-41B0-9C3D-CA25EE68C387;DelivTemplatePropertyData=<gp:GraphicalFormat xmlns:gp="urn:horizon:GraphicalProductCatalogSchema"><gp:Name>Template</gp:Name><gp:Component_Code>Component_Template_Dlis</gp:Component_Code><gp:Component_Format_Ref></gp:Component_Format_Ref><gp:Properties><gp:Property><gp:Key>Type</gp:Key><gp:Value>Dlis</gp:Value></gp:Property><gp:Property><gp:Key>DataAssignment_Type</gp:Key><gp:Value>Single Pass</gp:Value></gp:Property><gp:Property><gp:Key>CDDI_Availability</gp:Key><gp:Value>Producer</gp:Value></gp:Property><gp:Property><gp:Key>Data_Assignment</gp:Key><gp:Value>99F20FF7-E86B-4BC9-BD6F-82D12204CA10</gp:Value></gp:Property><gp:Property><gp:Key>Proxy_Data_Assignment</gp:Key><gp:Value /></gp:Property><gp:Property><gp:Key>File_Destination</gp:Key><gp:Value>C:\Schlumberger Horizon Data\ECS-A\Deliverable\Digital\DLIS\</gp:Value></gp:Property><gp:Property><gp:Key>File_Name</gp:Key><gp:Value>ConPr_R01_L003Up_CMRT_ECS_LDSC_HGNS.dlis</gp:Value></gp:Property><gp:Property><gp:Key>Index</gp:Key><gp:Value>Depth</gp:Value></gp:Property><gp:Property><gp:Key>Publish</gp:Key><gp:Value>No</gp:Value></gp:Property><gp:Property><gp:Key>Publisher</gp:Key><gp:Value /></gp:Property><gp:Property><gp:Key>LoadToRTDB</gp:Key><gp:Value>No</gp:Value></gp:Property><gp:Property><gp:Key>Update_In_Real_Time</gp:Key><gp:Value>No</gp:Value></gp:Property><gp:Property><gp:Key>_Top</gp:Key><gp:Value></gp:Value></gp:Property><gp:Property><gp:Key>Bottom</gp:Key><gp:Value></gp:Value></gp:Property><gp:Property><gp:Key>Start</gp:Key><gp:Value></gp:Value></gp:Property><gp:Property><gp:Key>Stop</gp:Key><gp:Value></gp:Value></gp:Property><gp:Property><gp:Key>Unit_System</gp:Key><gp:Value>CNPC_PEX_Unit</gp:Value></gp:Property><gp:Property><gp:Key>DLIS_Compatibility</gp:Key><gp:Value>Hz Converted</gp:Value></gp:Property><gp:Property><gp:Key>Preferred_Source_Pass</gp:Key><gp:Value></gp:Value></gp:Property><gp:Property><gp:Key>Reduced_DLIS</gp:Key><gp:Value>No</gp:Value></gp:Property><gp:Property><gp:Key>Channel_Property</gp:Key><gp:Value /></gp:Property><gp:Property><gp:Key>Channel_Confliction</gp:Key><gp:Value>Include Duplicate Channel Names</gp:Value></gp:Property><gp:Property><gp:Key>HIDE</gp:Key><gp:Value /></gp:Property><gp:Property><gp:Key>HID1</gp:Key><gp:Value></gp:Value></gp:Property><gp:Property><gp:Key>HID2</gp:Key><gp:Value></gp:Value></gp:Property><gp:Property><gp:Key>OS1</gp:Key><gp:Value /></gp:Property><gp:Property><gp:Key>OS2</gp:Key><gp:Value /></gp:Property><gp:Property><gp:Key>OS3</gp:Key><gp:Value /></gp:Property><gp:Property><gp:Key>OS4</gp:Key><gp:Value /></gp:Property><gp:Property><gp:Key>OS5</gp:Key><gp:Value /></gp:Property><gp:PropertiesSnippetVersion>1.5</gp:PropertiesSnippetVersion></gp:Properties></gp:GraphicalFormat>
43194.1780473958,DeliverablesSetup,Deliverables - Digital,Create Publish Digital Deliverable,Click,ContextMenu,Create/Publish...,UIInteraction,ComponentName=S2R1  Log[3] Up [2];ComponentCode=Component_Template_Dlis;DelivTemplateGuid=E4C6164F-B5F8-41B0-9C3D-CA25EE68C387;DelivTemplatePropertyData=<gp:GraphicalFormat xmlns:gp="urn:horizon:GraphicalProductCatalogSchema"><gp:Name>Template</gp:Name><gp:Component_Code>Component_Template_Dlis</gp:Component_Code><gp:Component_Format_Ref></gp:Component_Format_Ref><gp:Properties><gp:Property><gp:Key>Type</gp:Key><gp:Value>Dlis</gp:Value></gp:Property><gp:Property><gp:Key>DataAssignment_Type</gp:Key><gp:Value>Single Pass</gp:Value></gp:Property><gp:Property><gp:Key>CDDI_Availability</gp:Key><gp:Value>Producer</gp:Value></gp:Property><gp:Property><gp:Key>Data_Assignment</gp:Key><gp:Value>99F20FF7-E86B-4BC9-BD6F-82D12204CA10</gp:Value></gp:Property><gp:Property><gp:Key>Proxy_Data_Assignment</gp:Key><gp:Value /></gp:Property><gp:Property><gp:Key>File_Destination</gp:Key><gp:Value>C:\DataValidation\ECS-A\History_Data\Dlis_ECS-A_9.0.100745.3100\</gp:Value></gp:Property><gp:Property><gp:Key>File_Name</gp:Key><gp:Value>ConPr_R01_L003Up_CMRT_ECS_LDSC_HGNS.dlis</gp:Value></gp:Property><gp:Property><gp:Key>Index</gp:Key><gp:Value>Depth</gp:Value></gp:Property><gp:Property><gp:Key>Publish</gp:Key><gp:Value>No</gp:Value></gp:Property><gp:Property><gp:Key>Publisher</gp:Key><gp:Value></gp:Value></gp:Property><gp:Property><gp:Key>LoadToRTDB</gp:Key><gp:Value>No</gp:Value></gp:Property><gp:Property><gp:Key>Update_In_Real_Time</gp:Key><gp:Value>No</gp:Value></gp:Property><gp:Property><gp:Key>_Top</gp:Key><gp:Value></gp:Value></gp:Property><gp:Property><gp:Key>Bottom</gp:Key><gp:Value></gp:Value></gp:Property><gp:Property><gp:Key>Start</gp:Key><gp:Value></gp:Value></gp:Property><gp:Property><gp:Key>Stop</gp:Key><gp:Value></gp:Value></gp:Property><gp:Property><gp:Key>Unit_System</gp:Key><gp:Value>CNPC_PEX_Unit</gp:Value></gp:Property><gp:Property><gp:Key>DLIS_Compatibility</gp:Key><gp:Value>Hz Converted</gp:Value></gp:Property><gp:Property><gp:Key>Preferred_Source_Pass</gp:Key><gp:Value></gp:Value></gp:Property><gp:Property><gp:Key>Reduced_DLIS</gp:Key><gp:Value>No</gp:Value></gp:Property><gp:Property><gp:Key>Channel_Property</gp:Key><gp:Value /></gp:Property><gp:Property><gp:Key>Channel_Confliction</gp:Key><gp:Value>Include Duplicate Channel Names</gp:Value></gp:Property><gp:Property><gp:Key>HIDE</gp:Key><gp:Value /></gp:Property><gp:Property><gp:Key>HID1</gp:Key><gp:Value></gp:Value></gp:Property><gp:Property><gp:Key>HID2</gp:Key><gp:Value></gp:Value></gp:Property><gp:Property><gp:Key>OS1</gp:Key><gp:Value /></gp:Property><gp:Property><gp:Key>OS2</gp:Key><gp:Value /></gp:Property><gp:Property><gp:Key>OS3</gp:Key><gp:Value /></gp:Property><gp:Property><gp:Key>OS4</gp:Key><gp:Value /></gp:Property><gp:Property><gp:Key>OS5</gp:Key><gp:Value /></gp:Property><gp:PropertiesSnippetVersion>1.5</gp:PropertiesSnippetVersion></gp:Properties></gp:GraphicalFormat>
43194.1787765972,DeliverablesSetup,UI Framework,Switch View,Click,ToolbarButton,Deliverables Setup View,UIInteraction,
43194.1789679514,DeliverablesSetup,UI Framework,Close Console,Click,Button,,UIInteraction,JobGuid=4A4A963D-3AD5-41C3-A689-850B7F9E0D06
43194.1790030671,DeliverablesSetup,UI Framework,OK to Close Deliverables Console Setup Console,Click,Button,OK,UIInteraction,
43194.1790567593,,Console/Job Manager,Stop Job,Click,Button,Stop,UIInteraction,JobGuid=4A4A963D-3AD5-41C3-A689-850B7F9E0D06
