Time,Process,Component,Operation,Action,Control,ControlText,Category,Context
43194.1720085301,,Console/Job Manager,Start Job,Click,Button,Start,UIInteraction,JobName=APS-C-CH;WellName=BGC;ClientName=BGC;StartDate=4/4/2018 4:07 AM;Workflow=Wireline;Simulator=False;UnitSystem=LB-FT;JobSize=0;State=Available;SideTrackId=0;SessionID=74E62DEE-A21A-4AF4-B3FA-54FA7F5B0BD0;SortOrder=1;JobGUID=C66AF1AD-F7C8-4B11-BA46-32C74CCC57EA;WellGUID=8DF3CFCE-DD6C-49CD-B163-EA096452878C;BoreholeGUID=6B8F30B1-3F83-41BD-8324-6E15BA1CE6BE;MachineName=HPV11-013;UserName=Engineer;UserDomainName=HPV11-013;OS=Microsoft Windows NT 6.1.7601 Service Pack 1;StartedJobCount=0;TimeZone=00:00:00;IPAddress_1=192.168.78.252;IPAddress_2=::1;MWVersion=9.0.100745.3100
43194.174234919,,Console/Job Manager,Stop Job,Click,Button,Stop,UIInteraction,JobGuid=C66AF1AD-F7C8-4B11-BA46-32C74CCC57EA
43194.1744074421,,Console/Job Manager,Start Job,Click,Button,Start,UIInteraction,JobName=APS-C-CH;WellName=BGC;ClientName=BGC;StartDate=4/4/2018 4:07 AM;Workflow=Wireline;Simulator=False;UnitSystem=LB-FT;RTBackupDir=C:\Autobackup;JobSize=597.8;State=Available;SideTrackId=0;SessionID=74E62DEE-A21A-4AF4-B3FA-54FA7F5B0BD0;SortOrder=1;JobGUID=C66AF1AD-F7C8-4B11-BA46-32C74CCC57EA;WellGUID=8DF3CFCE-DD6C-49CD-B163-EA096452878C;BoreholeGUID=6B8F30B1-3F83-41BD-8324-6E15BA1CE6BE;MachineName=HPV11-013;UserName=Engineer;UserDomainName=HPV11-013;OS=Microsoft Windows NT 6.1.7601 Service Pack 1;StartedJobCount=0;TimeZone=00:00:00;IPAddress_1=192.168.78.252;IPAddress_2=::1;MWVersion=9.0.100745.3100
43194.1745299421,,Console/Job Manager,Start Deliverables Console,Click,Button,Start...,UIInteraction,JobGuid=C66AF1AD-F7C8-4B11-BA46-32C74CCC57EA
43194.1746368287,DeliverablesSetup,Tier Manager,Tier Template Created for Tools in My Equipment,,,APS-C Tier Created,Deliverables Console,
43194.1746382407,DeliverablesSetup,Tier Manager,Tier Template Created for Tools in My Equipment,,,LEH-QT Tier Created,Deliverables Console,
43194.1746383449,DeliverablesSetup,Tier Manager,Tier Template Created for Tools in My Equipment,,,LDSC-B Tier Created,Deliverables Console,
43194.1746384375,DeliverablesSetup,Tier Manager,Tier Template Created for Tools in My Equipment,,,PPC-B Tier Created,Deliverables Console,
43194.1746385532,DeliverablesSetup,Tier Manager,Tier Template Created for Tools in My Equipment,,,GPIT-C Tier Created,Deliverables Console,
43194.1746386921,DeliverablesSetup,Tier Manager,Tier Template Created for Tools in My Equipment,,,CAL-YA Tier Created,Deliverables Console,
43194.1746387847,DeliverablesSetup,Tier Manager,Tier Template Created for Tools in My Equipment,,,DSLT-H Tier Created,Deliverables Console,
43194.1746389005,DeliverablesSetup,Tier Manager,Tier Template Created for Tools in My Equipment,,,HLDS-D Tier Created,Deliverables Console,
43194.1746390394,DeliverablesSetup,Tier Manager,Tier Template Created for Tools in My Equipment,,,SGT-N Tier Created,Deliverables Console,
43194.1746392014,DeliverablesSetup,Tier Manager,Tier Template Created for Tools in My Equipment,,,DTC-H Tier Created,Deliverables Console,
43194.1747709607,DeliverablesSetup,Computation / Recomputation,ProcessRecomputeState,,,,UIAutomatic,JobGuid=C66AF1AD-F7C8-4B11-BA46-32C74CCC57EA;State=UIS_RECOMPUTATION_STATE_IN_PROGRESS;Scope=JobScope;RecompPercentageComplete=5.1174300351325;MultipleRunsAffected=False;ActiveRunAffected=False;ActiveRunInProgress=False;RunCount=1;Run0Change0=DataImport;Run0Guid=301CD69C-40DA-4717-88DB-4BCF40B3A85F
43194.1747753588,DeliverablesSetup,UI Framework,Start Console,,,Deliverables Console Setup - Job APS-C-CH,UIAutomatic,
43194.1776049653,DeliverablesSetup,Computation / Recomputation,ProcessRecomputeState,,,,UIAutomatic,JobGuid=C66AF1AD-F7C8-4B11-BA46-32C74CCC57EA;State=UIS_RECOMPUTATION_STATE_SUCCEEDED;Scope=JobScope;RecompPercentageComplete=;MultipleRunsAffected=False;ActiveRunAffected=False;ActiveRunInProgress=False;RunCount=1;Run0Change0=DataImport;Run0Guid=301CD69C-40DA-4717-88DB-4BCF40B3A85F
43194.1778320833,DeliverablesSetup,Deliverables - Digital,Delete Template,Click,ContextMenu,Delete,UIInteraction,ComponentName=New Template;ComponentCode=Component_Template_Dlis;DelivTemplateGuid=6D205967-5C54-43EE-8639-9CFD14900468
43194.177882037,DeliverablesSetup,Deliverables - Digital,Add Digital Template,Click,ContextMenu,DLIS,UIInteraction,
43194.1779038889,DeliverablesSetup,Deliverables - Graphical,Add Catalog Format to Template,Click,ToolbarButton,Add to Template,UIInteraction,ComponentName=DLIS Standard;ComponentCode=Component_StandardDlis_Format
43194.1779108912,DeliverablesSetup,Deliverables - Graphical,Add Catalog Format to Template,Click,ContextMenu,New Template,UIInteraction,ComponentName=DLIS Standard;ComponentCode=Component_StandardDlis_Format
43194.1779909838,DeliverablesSetup,Deliverables - Digital,Add Template to Deliverable,Click,ContextMenu,Job,UIInteraction,ComponentName=DLIS Standard;ComponentCode=Component_Template_Dlis
43194.1783026042,DeliverablesSetup,Deliverables - Digital,Change Digital Properties,Click,ComboBox,CDDI_Availability,UIInteraction,DeliverableType=DLIS;ChangedProperty=CDDI_Availability;OldValue=Customer;NewValue=Producer
43194.1783026273,DeliverablesSetup,Deliverables - Digital,Change Property,Click,CDDIAvailabilityConverter,CDDI_Availability,UIInteraction,NewValue=Producer;OldValue=Customer
43194.1785787732,DeliverablesSetup,Data Explorer,Change Current Focused Item,,,,UIAutomatic,EntityName=Run 1;EntityType=16;EntityGuid=301CD69C-40DA-4717-88DB-4BCF40B3A85F
43194.1785933681,DeliverablesSetup,Data Explorer,Click OK Button,Click,Button,OK,UIInteraction,Selection=Log[2]:Up____5451.19 (m)_3797.67 (m)_
43194.1785951968,DeliverablesSetup,Deliverables - Digital,Change Digital Properties,Click,ComboBox,Data_Assignment,UIInteraction,DeliverableType=DLIS;ChangedProperty=Data_Assignment;OldValue={ Not Set };NewValue=2: Log[2]:Up
43194.1785952083,DeliverablesSetup,Deliverables - Digital,Change Property,Click,TypeConverter,Data_Assignment,UIInteraction,NewValue=2: Log[2]:Up;OldValue={ Not Set }
43194.1787217245,DeliverablesSetup,UI Framework,Switch View,Click,ToolbarButton,Deliverables Display View,UIInteraction,
43194.1788398611,DeliverablesSetup,Deliverables - Digital,Create Publish Digital Deliverable,Click,ContextMenu,Create/Publish...,UIInteraction,ComponentName=2  Log[2] Up [1];ComponentCode=Component_Template_Dlis;DelivTemplateGuid=63F9A4C8-4FBC-4947-AF20-F85B4E7F5C3C;DelivTemplatePropertyData=<gp:GraphicalFormat xmlns:gp="urn:horizon:GraphicalProductCatalogSchema"><gp:Name>Template</gp:Name><gp:Component_Code>Component_Template_Dlis</gp:Component_Code><gp:Component_Format_Ref></gp:Component_Format_Ref><gp:Properties><gp:Property><gp:Key>Type</gp:Key><gp:Value>Dlis</gp:Value></gp:Property><gp:Property><gp:Key>DataAssignment_Type</gp:Key><gp:Value>Single Pass</gp:Value></gp:Property><gp:Property><gp:Key>CDDI_Availability</gp:Key><gp:Value>Producer</gp:Value></gp:Property><gp:Property><gp:Key>Data_Assignment</gp:Key><gp:Value>E6278DB8-6387-41DD-8CEC-3186C86F1690</gp:Value></gp:Property><gp:Property><gp:Key>Proxy_Data_Assignment</gp:Key><gp:Value /></gp:Property><gp:Property><gp:Key>File_Destination</gp:Key><gp:Value>C:\Schlumberger Horizon Data\APS-C-CH\Deliverable\Digital\DLIS\</gp:Value></gp:Property><gp:Property><gp:Key>File_Name</gp:Key><gp:Value>ConPr_R01_L002Up_HLDS_LDSC_APS_PPC_GPIT_SGT.dlis</gp:Value></gp:Property><gp:Property><gp:Key>Index</gp:Key><gp:Value>Depth</gp:Value></gp:Property><gp:Property><gp:Key>Publish</gp:Key><gp:Value>No</gp:Value></gp:Property><gp:Property><gp:Key>Publisher</gp:Key><gp:Value /></gp:Property><gp:Property><gp:Key>LoadToRTDB</gp:Key><gp:Value>No</gp:Value></gp:Property><gp:Property><gp:Key>Update_In_Real_Time</gp:Key><gp:Value>No</gp:Value></gp:Property><gp:Property><gp:Key>_Top</gp:Key><gp:Value></gp:Value></gp:Property><gp:Property><gp:Key>Bottom</gp:Key><gp:Value></gp:Value></gp:Property><gp:Property><gp:Key>Start</gp:Key><gp:Value></gp:Value></gp:Property><gp:Property><gp:Key>Stop</gp:Key><gp:Value></gp:Value></gp:Property><gp:Property><gp:Key>Unit_System</gp:Key><gp:Value>LB-FT</gp:Value></gp:Property><gp:Property><gp:Key>DLIS_Compatibility</gp:Key><gp:Value>Hz Converted</gp:Value></gp:Property><gp:Property><gp:Key>Preferred_Source_Pass</gp:Key><gp:Value></gp:Value></gp:Property><gp:Property><gp:Key>Reduced_DLIS</gp:Key><gp:Value>No</gp:Value></gp:Property><gp:Property><gp:Key>Channel_Property</gp:Key><gp:Value /></gp:Property><gp:Property><gp:Key>Channel_Confliction</gp:Key><gp:Value>Include Duplicate Channel Names</gp:Value></gp:Property><gp:Property><gp:Key>HIDE</gp:Key><gp:Value /></gp:Property><gp:Property><gp:Key>HID1</gp:Key><gp:Value></gp:Value></gp:Property><gp:Property><gp:Key>HID2</gp:Key><gp:Value></gp:Value></gp:Property><gp:Property><gp:Key>OS1</gp:Key><gp:Value /></gp:Property><gp:Property><gp:Key>OS2</gp:Key><gp:Value /></gp:Property><gp:Property><gp:Key>OS3</gp:Key><gp:Value /></gp:Property><gp:Property><gp:Key>OS4</gp:Key><gp:Value /></gp:Property><gp:Property><gp:Key>OS5</gp:Key><gp:Value /></gp:Property><gp:PropertiesSnippetVersion>1.5</gp:PropertiesSnippetVersion></gp:Properties></gp:GraphicalFormat>
43194.1788692708,DeliverablesSetup,Deliverables - Digital,Create Publish Digital Deliverable,Click,ContextMenu,Create/Publish...,UIInteraction,ComponentName=2  Log[2] Up [1];ComponentCode=Component_Template_Dlis;DelivTemplateGuid=63F9A4C8-4FBC-4947-AF20-F85B4E7F5C3C;DelivTemplatePropertyData=<gp:GraphicalFormat xmlns:gp="urn:horizon:GraphicalProductCatalogSchema"><gp:Name>Template</gp:Name><gp:Component_Code>Component_Template_Dlis</gp:Component_Code><gp:Component_Format_Ref></gp:Component_Format_Ref><gp:Properties><gp:Property><gp:Key>Type</gp:Key><gp:Value>Dlis</gp:Value></gp:Property><gp:Property><gp:Key>DataAssignment_Type</gp:Key><gp:Value>Single Pass</gp:Value></gp:Property><gp:Property><gp:Key>CDDI_Availability</gp:Key><gp:Value>Producer</gp:Value></gp:Property><gp:Property><gp:Key>Data_Assignment</gp:Key><gp:Value>E6278DB8-6387-41DD-8CEC-3186C86F1690</gp:Value></gp:Property><gp:Property><gp:Key>Proxy_Data_Assignment</gp:Key><gp:Value /></gp:Property><gp:Property><gp:Key>File_Destination</gp:Key><gp:Value>C:\DataValidation\APS-C-CH\History_Data\Dlis_APS-C-CH_9.0.100745.3100\</gp:Value></gp:Property><gp:Property><gp:Key>File_Name</gp:Key><gp:Value>ConPr_R01_L002Up_HLDS_LDSC_APS_PPC_GPIT_SGT.dlis</gp:Value></gp:Property><gp:Property><gp:Key>Index</gp:Key><gp:Value>Depth</gp:Value></gp:Property><gp:Property><gp:Key>Publish</gp:Key><gp:Value>No</gp:Value></gp:Property><gp:Property><gp:Key>Publisher</gp:Key><gp:Value></gp:Value></gp:Property><gp:Property><gp:Key>LoadToRTDB</gp:Key><gp:Value>No</gp:Value></gp:Property><gp:Property><gp:Key>Update_In_Real_Time</gp:Key><gp:Value>No</gp:Value></gp:Property><gp:Property><gp:Key>_Top</gp:Key><gp:Value></gp:Value></gp:Property><gp:Property><gp:Key>Bottom</gp:Key><gp:Value></gp:Value></gp:Property><gp:Property><gp:Key>Start</gp:Key><gp:Value></gp:Value></gp:Property><gp:Property><gp:Key>Stop</gp:Key><gp:Value></gp:Value></gp:Property><gp:Property><gp:Key>Unit_System</gp:Key><gp:Value>LB-FT</gp:Value></gp:Property><gp:Property><gp:Key>DLIS_Compatibility</gp:Key><gp:Value>Hz Converted</gp:Value></gp:Property><gp:Property><gp:Key>Preferred_Source_Pass</gp:Key><gp:Value></gp:Value></gp:Property><gp:Property><gp:Key>Reduced_DLIS</gp:Key><gp:Value>No</gp:Value></gp:Property><gp:Property><gp:Key>Channel_Property</gp:Key><gp:Value /></gp:Property><gp:Property><gp:Key>Channel_Confliction</gp:Key><gp:Value>Include Duplicate Channel Names</gp:Value></gp:Property><gp:Property><gp:Key>HIDE</gp:Key><gp:Value /></gp:Property><gp:Property><gp:Key>HID1</gp:Key><gp:Value></gp:Value></gp:Property><gp:Property><gp:Key>HID2</gp:Key><gp:Value></gp:Value></gp:Property><gp:Property><gp:Key>OS1</gp:Key><gp:Value /></gp:Property><gp:Property><gp:Key>OS2</gp:Key><gp:Value /></gp:Property><gp:Property><gp:Key>OS3</gp:Key><gp:Value /></gp:Property><gp:Property><gp:Key>OS4</gp:Key><gp:Value /></gp:Property><gp:Property><gp:Key>OS5</gp:Key><gp:Value /></gp:Property><gp:PropertiesSnippetVersion>1.5</gp:PropertiesSnippetVersion></gp:Properties></gp:GraphicalFormat>
43194.1803206829,DeliverablesSetup,UI Framework,Switch View,Click,ToolbarButton,Deliverables Setup View,UIInteraction,
43194.1804612963,DeliverablesSetup,Data Explorer,Change Current Focused Item,,,,UIAutomatic,EntityName=Run 1;EntityType=16;EntityGuid=301CD69C-40DA-4717-88DB-4BCF40B3A85F
43194.1804700116,DeliverablesSetup,Data Explorer,Click OK Button,Click,Button,OK,UIInteraction,Selection=Log[3]:Up____3964.43 (m)_3829.78 (m)_
43194.1804703125,DeliverablesSetup,Deliverables - Digital,Change Property,Click,TypeConverter,Data_Assignment,UIInteraction,NewValue=2: Log[3]:Up;OldValue=2: Log[2]:Up
43194.1804703009,DeliverablesSetup,Deliverables - Digital,Change Digital Properties,Click,ComboBox,Data_Assignment,UIInteraction,DeliverableType=DLIS;ChangedProperty=Data_Assignment;OldValue=2: Log[2]:Up;NewValue=2: Log[3]:Up
43194.1805965741,DeliverablesSetup,UI Framework,Switch View,Click,ToolbarButton,Deliverables Display View,UIInteraction,
43194.1807117593,DeliverablesSetup,Deliverables - Digital,Create Publish Digital Deliverable,Click,ContextMenu,Create/Publish...,UIInteraction,ComponentName=2  Log[3] Up;ComponentCode=Component_Template_Dlis;DelivTemplateGuid=63F9A4C8-4FBC-4947-AF20-F85B4E7F5C3C;DelivTemplatePropertyData=<gp:GraphicalFormat xmlns:gp="urn:horizon:GraphicalProductCatalogSchema"><gp:Name>Template</gp:Name><gp:Component_Code>Component_Template_Dlis</gp:Component_Code><gp:Component_Format_Ref></gp:Component_Format_Ref><gp:Properties><gp:Property><gp:Key>Type</gp:Key><gp:Value>Dlis</gp:Value></gp:Property><gp:Property><gp:Key>DataAssignment_Type</gp:Key><gp:Value>Single Pass</gp:Value></gp:Property><gp:Property><gp:Key>CDDI_Availability</gp:Key><gp:Value>Producer</gp:Value></gp:Property><gp:Property><gp:Key>Data_Assignment</gp:Key><gp:Value>B89FACDD-2C88-4100-B7D5-CB77F65DD0B2</gp:Value></gp:Property><gp:Property><gp:Key>Proxy_Data_Assignment</gp:Key><gp:Value /></gp:Property><gp:Property><gp:Key>File_Destination</gp:Key><gp:Value>C:\DataValidation\APS-C-CH\History_Data\Dlis_APS-C-CH_9.0.100745.3100\</gp:Value></gp:Property><gp:Property><gp:Key>File_Name</gp:Key><gp:Value>ConPr_R01_L003Up_HLDS_LDSC_APS_PPC_GPIT_SGT.dlis</gp:Value></gp:Property><gp:Property><gp:Key>Index</gp:Key><gp:Value>Depth</gp:Value></gp:Property><gp:Property><gp:Key>Publish</gp:Key><gp:Value>No</gp:Value></gp:Property><gp:Property><gp:Key>Publisher</gp:Key><gp:Value></gp:Value></gp:Property><gp:Property><gp:Key>LoadToRTDB</gp:Key><gp:Value>No</gp:Value></gp:Property><gp:Property><gp:Key>Update_In_Real_Time</gp:Key><gp:Value>No</gp:Value></gp:Property><gp:Property><gp:Key>_Top</gp:Key><gp:Value></gp:Value></gp:Property><gp:Property><gp:Key>Bottom</gp:Key><gp:Value></gp:Value></gp:Property><gp:Property><gp:Key>Start</gp:Key><gp:Value></gp:Value></gp:Property><gp:Property><gp:Key>Stop</gp:Key><gp:Value></gp:Value></gp:Property><gp:Property><gp:Key>Unit_System</gp:Key><gp:Value>LB-FT</gp:Value></gp:Property><gp:Property><gp:Key>DLIS_Compatibility</gp:Key><gp:Value>Hz Converted</gp:Value></gp:Property><gp:Property><gp:Key>Preferred_Source_Pass</gp:Key><gp:Value></gp:Value></gp:Property><gp:Property><gp:Key>Reduced_DLIS</gp:Key><gp:Value>No</gp:Value></gp:Property><gp:Property><gp:Key>Channel_Property</gp:Key><gp:Value /></gp:Property><gp:Property><gp:Key>Channel_Confliction</gp:Key><gp:Value>Include Duplicate Channel Names</gp:Value></gp:Property><gp:Property><gp:Key>HIDE</gp:Key><gp:Value /></gp:Property><gp:Property><gp:Key>HID1</gp:Key><gp:Value></gp:Value></gp:Property><gp:Property><gp:Key>HID2</gp:Key><gp:Value></gp:Value></gp:Property><gp:Property><gp:Key>OS1</gp:Key><gp:Value /></gp:Property><gp:Property><gp:Key>OS2</gp:Key><gp:Value /></gp:Property><gp:Property><gp:Key>OS3</gp:Key><gp:Value /></gp:Property><gp:Property><gp:Key>OS4</gp:Key><gp:Value /></gp:Property><gp:Property><gp:Key>OS5</gp:Key><gp:Value /></gp:Property><gp:PropertiesSnippetVersion>1.5</gp:PropertiesSnippetVersion></gp:Properties></gp:GraphicalFormat>
43194.1807441782,DeliverablesSetup,Deliverables - Digital,Create Publish Digital Deliverable,Click,ContextMenu,Create/Publish...,UIInteraction,ComponentName=2  Log[3] Up;ComponentCode=Component_Template_Dlis;DelivTemplateGuid=63F9A4C8-4FBC-4947-AF20-F85B4E7F5C3C;DelivTemplatePropertyData=<gp:GraphicalFormat xmlns:gp="urn:horizon:GraphicalProductCatalogSchema"><gp:Name>Template</gp:Name><gp:Component_Code>Component_Template_Dlis</gp:Component_Code><gp:Component_Format_Ref></gp:Component_Format_Ref><gp:Properties><gp:Property><gp:Key>Type</gp:Key><gp:Value>Dlis</gp:Value></gp:Property><gp:Property><gp:Key>DataAssignment_Type</gp:Key><gp:Value>Single Pass</gp:Value></gp:Property><gp:Property><gp:Key>CDDI_Availability</gp:Key><gp:Value>Producer</gp:Value></gp:Property><gp:Property><gp:Key>Data_Assignment</gp:Key><gp:Value>B89FACDD-2C88-4100-B7D5-CB77F65DD0B2</gp:Value></gp:Property><gp:Property><gp:Key>Proxy_Data_Assignment</gp:Key><gp:Value /></gp:Property><gp:Property><gp:Key>File_Destination</gp:Key><gp:Value>C:\DataValidation\APS-C-CH\History_Data\Dlis_APS-C-CH_9.0.100745.3100\</gp:Value></gp:Property><gp:Property><gp:Key>File_Name</gp:Key><gp:Value>ConPr_R01_L003Up_HLDS_LDSC_APS_PPC_GPIT_SGT.dlis</gp:Value></gp:Property><gp:Property><gp:Key>Index</gp:Key><gp:Value>Depth</gp:Value></gp:Property><gp:Property><gp:Key>Publish</gp:Key><gp:Value>No</gp:Value></gp:Property><gp:Property><gp:Key>Publisher</gp:Key><gp:Value></gp:Value></gp:Property><gp:Property><gp:Key>LoadToRTDB</gp:Key><gp:Value>No</gp:Value></gp:Property><gp:Property><gp:Key>Update_In_Real_Time</gp:Key><gp:Value>No</gp:Value></gp:Property><gp:Property><gp:Key>_Top</gp:Key><gp:Value></gp:Value></gp:Property><gp:Property><gp:Key>Bottom</gp:Key><gp:Value></gp:Value></gp:Property><gp:Property><gp:Key>Start</gp:Key><gp:Value></gp:Value></gp:Property><gp:Property><gp:Key>Stop</gp:Key><gp:Value></gp:Value></gp:Property><gp:Property><gp:Key>Unit_System</gp:Key><gp:Value>LB-FT</gp:Value></gp:Property><gp:Property><gp:Key>DLIS_Compatibility</gp:Key><gp:Value>Hz Converted</gp:Value></gp:Property><gp:Property><gp:Key>Preferred_Source_Pass</gp:Key><gp:Value></gp:Value></gp:Property><gp:Property><gp:Key>Reduced_DLIS</gp:Key><gp:Value>No</gp:Value></gp:Property><gp:Property><gp:Key>Channel_Property</gp:Key><gp:Value /></gp:Property><gp:Property><gp:Key>Channel_Confliction</gp:Key><gp:Value>Include Duplicate Channel Names</gp:Value></gp:Property><gp:Property><gp:Key>HIDE</gp:Key><gp:Value /></gp:Property><gp:Property><gp:Key>HID1</gp:Key><gp:Value></gp:Value></gp:Property><gp:Property><gp:Key>HID2</gp:Key><gp:Value></gp:Value></gp:Property><gp:Property><gp:Key>OS1</gp:Key><gp:Value /></gp:Property><gp:Property><gp:Key>OS2</gp:Key><gp:Value /></gp:Property><gp:Property><gp:Key>OS3</gp:Key><gp:Value /></gp:Property><gp:Property><gp:Key>OS4</gp:Key><gp:Value /></gp:Property><gp:Property><gp:Key>OS5</gp:Key><gp:Value /></gp:Property><gp:PropertiesSnippetVersion>1.5</gp:PropertiesSnippetVersion></gp:Properties></gp:GraphicalFormat>
43194.1814533333,DeliverablesSetup,UI Framework,Switch View,Click,ToolbarButton,Deliverables Setup View,UIInteraction,
43194.1815943287,DeliverablesSetup,Data Explorer,Change Current Focused Item,,,,UIAutomatic,EntityName=Run 1;EntityType=16;EntityGuid=301CD69C-40DA-4717-88DB-4BCF40B3A85F
43194.1816021412,DeliverablesSetup,Data Explorer,Click OK Button,Click,Button,OK,UIInteraction,Selection=Log[1]:Down____1138.12 (m)_5416.66 (m)_
43194.1816023843,DeliverablesSetup,Deliverables - Digital,Change Digital Properties,Click,ComboBox,Data_Assignment,UIInteraction,DeliverableType=DLIS;ChangedProperty=Data_Assignment;OldValue=2: Log[3]:Up;NewValue=2: Log[1]:Down
43194.1816023958,DeliverablesSetup,Deliverables - Digital,Change Property,Click,TypeConverter,Data_Assignment,UIInteraction,NewValue=2: Log[1]:Down;OldValue=2: Log[3]:Up
43194.1817288657,DeliverablesSetup,UI Framework,Switch View,Click,ToolbarButton,Deliverables Display View,UIInteraction,
43194.1818446759,DeliverablesSetup,Deliverables - Digital,Create Publish Digital Deliverable,Click,ContextMenu,Create/Publish...,UIInteraction,ComponentName=2  Log[1] Down;ComponentCode=Component_Template_Dlis;DelivTemplateGuid=63F9A4C8-4FBC-4947-AF20-F85B4E7F5C3C;DelivTemplatePropertyData=<gp:GraphicalFormat xmlns:gp="urn:horizon:GraphicalProductCatalogSchema"><gp:Name>Template</gp:Name><gp:Component_Code>Component_Template_Dlis</gp:Component_Code><gp:Component_Format_Ref></gp:Component_Format_Ref><gp:Properties><gp:Property><gp:Key>Type</gp:Key><gp:Value>Dlis</gp:Value></gp:Property><gp:Property><gp:Key>DataAssignment_Type</gp:Key><gp:Value>Single Pass</gp:Value></gp:Property><gp:Property><gp:Key>CDDI_Availability</gp:Key><gp:Value>Producer</gp:Value></gp:Property><gp:Property><gp:Key>Data_Assignment</gp:Key><gp:Value>25F8BFB3-EC1A-4374-9E4B-DD5CD7E82EA3</gp:Value></gp:Property><gp:Property><gp:Key>Proxy_Data_Assignment</gp:Key><gp:Value /></gp:Property><gp:Property><gp:Key>File_Destination</gp:Key><gp:Value>C:\DataValidation\APS-C-CH\History_Data\Dlis_APS-C-CH_9.0.100745.3100\</gp:Value></gp:Property><gp:Property><gp:Key>File_Name</gp:Key><gp:Value>ConPr_R01_L001Down_HLDS_LDSC_APS_PPC_GPIT_SGT.dlis</gp:Value></gp:Property><gp:Property><gp:Key>Index</gp:Key><gp:Value>Depth</gp:Value></gp:Property><gp:Property><gp:Key>Publish</gp:Key><gp:Value>No</gp:Value></gp:Property><gp:Property><gp:Key>Publisher</gp:Key><gp:Value></gp:Value></gp:Property><gp:Property><gp:Key>LoadToRTDB</gp:Key><gp:Value>No</gp:Value></gp:Property><gp:Property><gp:Key>Update_In_Real_Time</gp:Key><gp:Value>No</gp:Value></gp:Property><gp:Property><gp:Key>_Top</gp:Key><gp:Value></gp:Value></gp:Property><gp:Property><gp:Key>Bottom</gp:Key><gp:Value></gp:Value></gp:Property><gp:Property><gp:Key>Start</gp:Key><gp:Value></gp:Value></gp:Property><gp:Property><gp:Key>Stop</gp:Key><gp:Value></gp:Value></gp:Property><gp:Property><gp:Key>Unit_System</gp:Key><gp:Value>LB-FT</gp:Value></gp:Property><gp:Property><gp:Key>DLIS_Compatibility</gp:Key><gp:Value>Hz Converted</gp:Value></gp:Property><gp:Property><gp:Key>Preferred_Source_Pass</gp:Key><gp:Value></gp:Value></gp:Property><gp:Property><gp:Key>Reduced_DLIS</gp:Key><gp:Value>No</gp:Value></gp:Property><gp:Property><gp:Key>Channel_Property</gp:Key><gp:Value /></gp:Property><gp:Property><gp:Key>Channel_Confliction</gp:Key><gp:Value>Include Duplicate Channel Names</gp:Value></gp:Property><gp:Property><gp:Key>HIDE</gp:Key><gp:Value /></gp:Property><gp:Property><gp:Key>HID1</gp:Key><gp:Value></gp:Value></gp:Property><gp:Property><gp:Key>HID2</gp:Key><gp:Value></gp:Value></gp:Property><gp:Property><gp:Key>OS1</gp:Key><gp:Value /></gp:Property><gp:Property><gp:Key>OS2</gp:Key><gp:Value /></gp:Property><gp:Property><gp:Key>OS3</gp:Key><gp:Value /></gp:Property><gp:Property><gp:Key>OS4</gp:Key><gp:Value /></gp:Property><gp:Property><gp:Key>OS5</gp:Key><gp:Value /></gp:Property><gp:PropertiesSnippetVersion>1.5</gp:PropertiesSnippetVersion></gp:Properties></gp:GraphicalFormat>
43194.1818770718,DeliverablesSetup,Deliverables - Digital,Create Publish Digital Deliverable,Click,ContextMenu,Create/Publish...,UIInteraction,ComponentName=2  Log[1] Down;ComponentCode=Component_Template_Dlis;DelivTemplateGuid=63F9A4C8-4FBC-4947-AF20-F85B4E7F5C3C;DelivTemplatePropertyData=<gp:GraphicalFormat xmlns:gp="urn:horizon:GraphicalProductCatalogSchema"><gp:Name>Template</gp:Name><gp:Component_Code>Component_Template_Dlis</gp:Component_Code><gp:Component_Format_Ref></gp:Component_Format_Ref><gp:Properties><gp:Property><gp:Key>Type</gp:Key><gp:Value>Dlis</gp:Value></gp:Property><gp:Property><gp:Key>DataAssignment_Type</gp:Key><gp:Value>Single Pass</gp:Value></gp:Property><gp:Property><gp:Key>CDDI_Availability</gp:Key><gp:Value>Producer</gp:Value></gp:Property><gp:Property><gp:Key>Data_Assignment</gp:Key><gp:Value>25F8BFB3-EC1A-4374-9E4B-DD5CD7E82EA3</gp:Value></gp:Property><gp:Property><gp:Key>Proxy_Data_Assignment</gp:Key><gp:Value /></gp:Property><gp:Property><gp:Key>File_Destination</gp:Key><gp:Value>C:\DataValidation\APS-C-CH\History_Data\Dlis_APS-C-CH_9.0.100745.3100\</gp:Value></gp:Property><gp:Property><gp:Key>File_Name</gp:Key><gp:Value>ConPr_R01_L001Down_HLDS_LDSC_APS_PPC_GPIT_SGT.dlis</gp:Value></gp:Property><gp:Property><gp:Key>Index</gp:Key><gp:Value>Depth</gp:Value></gp:Property><gp:Property><gp:Key>Publish</gp:Key><gp:Value>No</gp:Value></gp:Property><gp:Property><gp:Key>Publisher</gp:Key><gp:Value></gp:Value></gp:Property><gp:Property><gp:Key>LoadToRTDB</gp:Key><gp:Value>No</gp:Value></gp:Property><gp:Property><gp:Key>Update_In_Real_Time</gp:Key><gp:Value>No</gp:Value></gp:Property><gp:Property><gp:Key>_Top</gp:Key><gp:Value></gp:Value></gp:Property><gp:Property><gp:Key>Bottom</gp:Key><gp:Value></gp:Value></gp:Property><gp:Property><gp:Key>Start</gp:Key><gp:Value></gp:Value></gp:Property><gp:Property><gp:Key>Stop</gp:Key><gp:Value></gp:Value></gp:Property><gp:Property><gp:Key>Unit_System</gp:Key><gp:Value>LB-FT</gp:Value></gp:Property><gp:Property><gp:Key>DLIS_Compatibility</gp:Key><gp:Value>Hz Converted</gp:Value></gp:Property><gp:Property><gp:Key>Preferred_Source_Pass</gp:Key><gp:Value></gp:Value></gp:Property><gp:Property><gp:Key>Reduced_DLIS</gp:Key><gp:Value>No</gp:Value></gp:Property><gp:Property><gp:Key>Channel_Property</gp:Key><gp:Value /></gp:Property><gp:Property><gp:Key>Channel_Confliction</gp:Key><gp:Value>Include Duplicate Channel Names</gp:Value></gp:Property><gp:Property><gp:Key>HIDE</gp:Key><gp:Value /></gp:Property><gp:Property><gp:Key>HID1</gp:Key><gp:Value></gp:Value></gp:Property><gp:Property><gp:Key>HID2</gp:Key><gp:Value></gp:Value></gp:Property><gp:Property><gp:Key>OS1</gp:Key><gp:Value /></gp:Property><gp:Property><gp:Key>OS2</gp:Key><gp:Value /></gp:Property><gp:Property><gp:Key>OS3</gp:Key><gp:Value /></gp:Property><gp:Property><gp:Key>OS4</gp:Key><gp:Value /></gp:Property><gp:Property><gp:Key>OS5</gp:Key><gp:Value /></gp:Property><gp:PropertiesSnippetVersion>1.5</gp:PropertiesSnippetVersion></gp:Properties></gp:GraphicalFormat>
43194.1843895833,DeliverablesSetup,UI Framework,Switch View,Click,ToolbarButton,Deliverables Setup View,UIInteraction,
43194.1845761458,DeliverablesSetup,UI Framework,Close Console,Click,Button,,UIInteraction,JobGuid=C66AF1AD-F7C8-4B11-BA46-32C74CCC57EA
43194.184610787,DeliverablesSetup,UI Framework,OK to Close Deliverables Console Setup Console,Click,Button,OK,UIInteraction,
43194.1846642014,,Console/Job Manager,Stop Job,Click,Button,Stop,UIInteraction,JobGuid=C66AF1AD-F7C8-4B11-BA46-32C74CCC57EA
