Time,Process,Component,Operation,Action,Control,ControlText,Category,Context
43194.1721110995,,Console/Job Manager,Start Job,Click,Button,Start,UIInteraction,JobName=BSP;WellName=BGC;ClientName=BGC;StartDate=4/4/2018 4:07 AM;Workflow=Wireline;Simulator=False;UnitSystem=Oil_India_LimitedDIN-11011516JAN11;JobSize=0;State=Available;SideTrackId=0;SessionID=8540FF90-BCA4-4D29-B8D3-70AD1AF1F94B;SortOrder=1;JobGUID=16796B71-8D53-476C-B24C-BCAA732F7C84;WellGUID=18A37670-BFCF-4BAC-A9DF-FADACB4A920C;BoreholeGUID=FF8E3B55-FD22-4A8C-A4A2-234B3E2EEEC6;MachineName=HPV11-012;UserName=Engineer;UserDomainName=HPV11-012;OS=Microsoft Windows NT 6.1.7601 Service Pack 1;StartedJobCount=0;TimeZone=00:00:00;IPAddress_1=192.168.78.245;IPAddress_2=::1;MWVersion=9.0.100745.3100
43194.1733361458,,Console/Job Manager,Stop Job,Click,Button,Stop,UIInteraction,JobGuid=16796B71-8D53-476C-B24C-BCAA732F7C84
43194.173518206,,Console/Job Manager,Start Job,Click,Button,Start,UIInteraction,JobName=BSP;WellName=BGC;ClientName=BGC;StartDate=4/4/2018 4:07 AM;Workflow=Wireline;Simulator=False;UnitSystem=Oil_India_LimitedDIN-11011516JAN11;RTBackupDir=C:\Autobackup;JobSize=4.4;State=Available;SideTrackId=0;SessionID=8540FF90-BCA4-4D29-B8D3-70AD1AF1F94B;SortOrder=1;JobGUID=16796B71-8D53-476C-B24C-BCAA732F7C84;WellGUID=18A37670-BFCF-4BAC-A9DF-FADACB4A920C;BoreholeGUID=FF8E3B55-FD22-4A8C-A4A2-234B3E2EEEC6;MachineName=HPV11-012;UserName=Engineer;UserDomainName=HPV11-012;OS=Microsoft Windows NT 6.1.7601 Service Pack 1;StartedJobCount=0;TimeZone=00:00:00;IPAddress_1=192.168.78.245;IPAddress_2=::1;MWVersion=9.0.100745.3100
43194.1736338194,,Console/Job Manager,Start Deliverables Console,Click,Button,Start...,UIInteraction,JobGuid=16796B71-8D53-476C-B24C-BCAA732F7C84
43194.1737314468,DeliverablesSetup,Tier Manager,Tier Template Created for Tools in My Equipment,,,DTA-A Tier Created,Deliverables Console,
43194.1737323843,DeliverablesSetup,Tier Manager,Tier Template Created for Tools in My Equipment,,,BSP Tier Created,Deliverables Console,
43194.1737328356,DeliverablesSetup,Tier Manager,Tier Template Created for Tools in My Equipment,,,SRT-C Tier Created,Deliverables Console,
43194.1737326852,DeliverablesSetup,Tier Manager,Tier Template Created for Tools in My Equipment,,,DLT-E Tier Created,Deliverables Console,
43194.1737325116,DeliverablesSetup,Tier Manager,Tier Template Created for Tools in My Equipment,,,SGT-N Tier Created,Deliverables Console,
43194.1737329861,DeliverablesSetup,Tier Manager,Tier Template Created for Tools in My Equipment,,,DTC-H Tier Created,Deliverables Console,
43194.1737331597,DeliverablesSetup,Tier Manager,Tier Template Created for Tools in My Equipment,,,LEH-QT Tier Created,Deliverables Console,
43194.1738950231,DeliverablesSetup,Computation / Recomputation,ProcessRecomputeState,,,,UIAutomatic,JobGuid=16796B71-8D53-476C-B24C-BCAA732F7C84;State=UIS_RECOMPUTATION_STATE_IN_PROGRESS;Scope=JobScope;RecompPercentageComplete=86.9243730714794;MultipleRunsAffected=False;ActiveRunAffected=False;ActiveRunInProgress=False;RunCount=1;Run0Change0=DataImport;Run0Guid=06165C69-BF57-4EC4-8E9D-466C20EC37F5
43194.1738995139,DeliverablesSetup,UI Framework,Start Console,,,Deliverables Console Setup - Job BSP,UIAutomatic,
43194.1740003935,DeliverablesSetup,Computation / Recomputation,ProcessRecomputeState,,,,UIAutomatic,JobGuid=16796B71-8D53-476C-B24C-BCAA732F7C84;State=UIS_RECOMPUTATION_STATE_SUCCEEDED;Scope=JobScope;RecompPercentageComplete=;MultipleRunsAffected=False;ActiveRunAffected=False;ActiveRunInProgress=False;RunCount=1;Run0Change0=DataImport;Run0Guid=06165C69-BF57-4EC4-8E9D-466C20EC37F5
43194.1742278009,DeliverablesSetup,Deliverables - Digital,Delete Template,Click,ContextMenu,Delete,UIInteraction,ComponentName=LAS Standard;ComponentCode=Component_Template_Las;DelivTemplateGuid=E8739394-EAAE-484F-A718-E20A1C73124B
43194.1743221875,DeliverablesSetup,Deliverables - Digital,Delete Template,Click,ContextMenu,Delete,UIInteraction,ComponentName=DLIS Standard;ComponentCode=Component_Template_Dlis;DelivTemplateGuid=C5560E44-ACD3-423A-B21C-E82636FDAA8A
43194.1743817245,DeliverablesSetup,Deliverables - Digital,Add Digital Template,Click,ContextMenu,DLIS,UIInteraction,
43194.1744075347,DeliverablesSetup,Deliverables - Graphical,Add Catalog Format to Template,Click,ToolbarButton,Add to Template,UIInteraction,ComponentName=DLIS Standard;ComponentCode=Component_StandardDlis_Format
43194.1744146528,DeliverablesSetup,Deliverables - Graphical,Add Catalog Format to Template,Click,ContextMenu,New Template,UIInteraction,ComponentName=DLIS Standard;ComponentCode=Component_StandardDlis_Format
43194.1744999653,DeliverablesSetup,Deliverables - Digital,Add Template to Deliverable,Click,ContextMenu,Job,UIInteraction,ComponentName=DLIS Standard;ComponentCode=Component_Template_Dlis
43194.1748180671,DeliverablesSetup,Deliverables - Digital,Change Digital Properties,Click,ComboBox,CDDI_Availability,UIInteraction,DeliverableType=DLIS;ChangedProperty=CDDI_Availability;OldValue=Customer;NewValue=Producer
43194.1748181018,DeliverablesSetup,Deliverables - Digital,Change Property,Click,CDDIAvailabilityConverter,CDDI_Availability,UIInteraction,NewValue=Producer;OldValue=Customer
43194.1751032639,DeliverablesSetup,Data Explorer,Change Current Focused Item,,,,UIAutomatic,EntityName=Run 1;EntityType=16;EntityGuid=06165C69-BF57-4EC4-8E9D-466C20EC37F5
43194.1751158681,DeliverablesSetup,Data Explorer,Click OK Button,Click,Button,OK,UIInteraction,Selection=Log[1]:Down____1723.43 (m)_1800.23 (m)_
43194.1751174884,DeliverablesSetup,Deliverables - Digital,Change Property,Click,TypeConverter,Data_Assignment,UIInteraction,NewValue=Run 1: Log[1]:Down;OldValue={ Not Set }
43194.1751174769,DeliverablesSetup,Deliverables - Digital,Change Digital Properties,Click,ComboBox,Data_Assignment,UIInteraction,DeliverableType=DLIS;ChangedProperty=Data_Assignment;OldValue={ Not Set };NewValue=Run 1: Log[1]:Down
43194.1752462963,DeliverablesSetup,UI Framework,Switch View,Click,ToolbarButton,Deliverables Display View,UIInteraction,
43194.17536625,DeliverablesSetup,Deliverables - Digital,Create Publish Digital Deliverable,Click,ContextMenu,Create/Publish...,UIInteraction,ComponentName=Run 1  Log[1] Down;ComponentCode=Component_Template_Dlis;DelivTemplateGuid=3395E379-656E-4AB3-B547-775A15758254;DelivTemplatePropertyData=<gp:GraphicalFormat xmlns:gp="urn:horizon:GraphicalProductCatalogSchema"><gp:Name>Template</gp:Name><gp:Component_Code>Component_Template_Dlis</gp:Component_Code><gp:Component_Format_Ref></gp:Component_Format_Ref><gp:Properties><gp:Property><gp:Key>Type</gp:Key><gp:Value>Dlis</gp:Value></gp:Property><gp:Property><gp:Key>DataAssignment_Type</gp:Key><gp:Value>Single Pass</gp:Value></gp:Property><gp:Property><gp:Key>CDDI_Availability</gp:Key><gp:Value>Producer</gp:Value></gp:Property><gp:Property><gp:Key>Data_Assignment</gp:Key><gp:Value>4AA185B2-7ECF-4895-B515-39CD44838271</gp:Value></gp:Property><gp:Property><gp:Key>Proxy_Data_Assignment</gp:Key><gp:Value /></gp:Property><gp:Property><gp:Key>File_Destination</gp:Key><gp:Value>C:\Schlumberger Horizon Data\BSP\Deliverable\Digital\DLIS\</gp:Value></gp:Property><gp:Property><gp:Key>File_Name</gp:Key><gp:Value>ConPr_R01_L001Down_DLT_SRT_DTA_SGT_BSP.dlis</gp:Value></gp:Property><gp:Property><gp:Key>Index</gp:Key><gp:Value>Depth</gp:Value></gp:Property><gp:Property><gp:Key>Publish</gp:Key><gp:Value>No</gp:Value></gp:Property><gp:Property><gp:Key>Publisher</gp:Key><gp:Value /></gp:Property><gp:Property><gp:Key>LoadToRTDB</gp:Key><gp:Value>No</gp:Value></gp:Property><gp:Property><gp:Key>Update_In_Real_Time</gp:Key><gp:Value>No</gp:Value></gp:Property><gp:Property><gp:Key>_Top</gp:Key><gp:Value></gp:Value></gp:Property><gp:Property><gp:Key>Bottom</gp:Key><gp:Value></gp:Value></gp:Property><gp:Property><gp:Key>Start</gp:Key><gp:Value></gp:Value></gp:Property><gp:Property><gp:Key>Stop</gp:Key><gp:Value></gp:Value></gp:Property><gp:Property><gp:Key>Unit_System</gp:Key><gp:Value>Oil_India_LimitedDIN-11011516JAN11</gp:Value></gp:Property><gp:Property><gp:Key>DLIS_Compatibility</gp:Key><gp:Value>Hz Converted</gp:Value></gp:Property><gp:Property><gp:Key>Preferred_Source_Pass</gp:Key><gp:Value></gp:Value></gp:Property><gp:Property><gp:Key>Reduced_DLIS</gp:Key><gp:Value>No</gp:Value></gp:Property><gp:Property><gp:Key>Channel_Property</gp:Key><gp:Value /></gp:Property><gp:Property><gp:Key>Channel_Confliction</gp:Key><gp:Value>Include Duplicate Channel Names</gp:Value></gp:Property><gp:Property><gp:Key>HIDE</gp:Key><gp:Value /></gp:Property><gp:Property><gp:Key>HID1</gp:Key><gp:Value></gp:Value></gp:Property><gp:Property><gp:Key>HID2</gp:Key><gp:Value></gp:Value></gp:Property><gp:Property><gp:Key>OS1</gp:Key><gp:Value /></gp:Property><gp:Property><gp:Key>OS2</gp:Key><gp:Value /></gp:Property><gp:Property><gp:Key>OS3</gp:Key><gp:Value /></gp:Property><gp:Property><gp:Key>OS4</gp:Key><gp:Value /></gp:Property><gp:Property><gp:Key>OS5</gp:Key><gp:Value /></gp:Property><gp:PropertiesSnippetVersion>1.5</gp:PropertiesSnippetVersion></gp:Properties></gp:GraphicalFormat>
43194.1754065162,DeliverablesSetup,Deliverables - Digital,Create Publish Digital Deliverable,Click,ContextMenu,Create/Publish...,UIInteraction,ComponentName=Run 1  Log[1] Down;ComponentCode=Component_Template_Dlis;DelivTemplateGuid=3395E379-656E-4AB3-B547-775A15758254;DelivTemplatePropertyData=<gp:GraphicalFormat xmlns:gp="urn:horizon:GraphicalProductCatalogSchema"><gp:Name>Template</gp:Name><gp:Component_Code>Component_Template_Dlis</gp:Component_Code><gp:Component_Format_Ref></gp:Component_Format_Ref><gp:Properties><gp:Property><gp:Key>Type</gp:Key><gp:Value>Dlis</gp:Value></gp:Property><gp:Property><gp:Key>DataAssignment_Type</gp:Key><gp:Value>Single Pass</gp:Value></gp:Property><gp:Property><gp:Key>CDDI_Availability</gp:Key><gp:Value>Producer</gp:Value></gp:Property><gp:Property><gp:Key>Data_Assignment</gp:Key><gp:Value>4AA185B2-7ECF-4895-B515-39CD44838271</gp:Value></gp:Property><gp:Property><gp:Key>Proxy_Data_Assignment</gp:Key><gp:Value /></gp:Property><gp:Property><gp:Key>File_Destination</gp:Key><gp:Value>C:\DataValidation\BSP\History_Data\Dlis_BSP_9.0.100745.3100\</gp:Value></gp:Property><gp:Property><gp:Key>File_Name</gp:Key><gp:Value>ConPr_R01_L001Down_DLT_SRT_DTA_SGT_BSP.dlis</gp:Value></gp:Property><gp:Property><gp:Key>Index</gp:Key><gp:Value>Depth</gp:Value></gp:Property><gp:Property><gp:Key>Publish</gp:Key><gp:Value>No</gp:Value></gp:Property><gp:Property><gp:Key>Publisher</gp:Key><gp:Value></gp:Value></gp:Property><gp:Property><gp:Key>LoadToRTDB</gp:Key><gp:Value>No</gp:Value></gp:Property><gp:Property><gp:Key>Update_In_Real_Time</gp:Key><gp:Value>No</gp:Value></gp:Property><gp:Property><gp:Key>_Top</gp:Key><gp:Value></gp:Value></gp:Property><gp:Property><gp:Key>Bottom</gp:Key><gp:Value></gp:Value></gp:Property><gp:Property><gp:Key>Start</gp:Key><gp:Value></gp:Value></gp:Property><gp:Property><gp:Key>Stop</gp:Key><gp:Value></gp:Value></gp:Property><gp:Property><gp:Key>Unit_System</gp:Key><gp:Value>Oil_India_LimitedDIN-11011516JAN11</gp:Value></gp:Property><gp:Property><gp:Key>DLIS_Compatibility</gp:Key><gp:Value>Hz Converted</gp:Value></gp:Property><gp:Property><gp:Key>Preferred_Source_Pass</gp:Key><gp:Value></gp:Value></gp:Property><gp:Property><gp:Key>Reduced_DLIS</gp:Key><gp:Value>No</gp:Value></gp:Property><gp:Property><gp:Key>Channel_Property</gp:Key><gp:Value /></gp:Property><gp:Property><gp:Key>Channel_Confliction</gp:Key><gp:Value>Include Duplicate Channel Names</gp:Value></gp:Property><gp:Property><gp:Key>HIDE</gp:Key><gp:Value /></gp:Property><gp:Property><gp:Key>HID1</gp:Key><gp:Value></gp:Value></gp:Property><gp:Property><gp:Key>HID2</gp:Key><gp:Value></gp:Value></gp:Property><gp:Property><gp:Key>OS1</gp:Key><gp:Value /></gp:Property><gp:Property><gp:Key>OS2</gp:Key><gp:Value /></gp:Property><gp:Property><gp:Key>OS3</gp:Key><gp:Value /></gp:Property><gp:Property><gp:Key>OS4</gp:Key><gp:Value /></gp:Property><gp:Property><gp:Key>OS5</gp:Key><gp:Value /></gp:Property><gp:PropertiesSnippetVersion>1.5</gp:PropertiesSnippetVersion></gp:Properties></gp:GraphicalFormat>
43194.1760361458,DeliverablesSetup,UI Framework,Switch View,Click,ToolbarButton,Deliverables Setup View,UIInteraction,
43194.176176412,DeliverablesSetup,Data Explorer,Change Current Focused Item,,,,UIAutomatic,EntityName=Run 1;EntityType=16;EntityGuid=06165C69-BF57-4EC4-8E9D-466C20EC37F5
43194.1761857639,DeliverablesSetup,Deliverables - Digital,Change Digital Properties,Click,ComboBox,Data_Assignment,UIInteraction,DeliverableType=DLIS;ChangedProperty=Data_Assignment;OldValue=Run 1: Log[1]:Down;NewValue=Run 1: Log[2]:Up
43194.1761857755,DeliverablesSetup,Deliverables - Digital,Change Property,Click,TypeConverter,Data_Assignment,UIInteraction,NewValue=Run 1: Log[2]:Up;OldValue=Run 1: Log[1]:Down
43194.1761854398,DeliverablesSetup,Data Explorer,Click OK Button,Click,Button,OK,UIInteraction,Selection=Log[2]:Up____1795.84 (m)_1693.03 (m)_
43194.176313125,DeliverablesSetup,UI Framework,Switch View,Click,ToolbarButton,Deliverables Display View,UIInteraction,
43194.1764287847,DeliverablesSetup,Deliverables - Digital,Create Publish Digital Deliverable,Click,ContextMenu,Create/Publish...,UIInteraction,ComponentName=Run 1  Log[2] Up [2];ComponentCode=Component_Template_Dlis;DelivTemplateGuid=3395E379-656E-4AB3-B547-775A15758254;DelivTemplatePropertyData=<gp:GraphicalFormat xmlns:gp="urn:horizon:GraphicalProductCatalogSchema"><gp:Name>Template</gp:Name><gp:Component_Code>Component_Template_Dlis</gp:Component_Code><gp:Component_Format_Ref></gp:Component_Format_Ref><gp:Properties><gp:Property><gp:Key>Type</gp:Key><gp:Value>Dlis</gp:Value></gp:Property><gp:Property><gp:Key>DataAssignment_Type</gp:Key><gp:Value>Single Pass</gp:Value></gp:Property><gp:Property><gp:Key>CDDI_Availability</gp:Key><gp:Value>Producer</gp:Value></gp:Property><gp:Property><gp:Key>Data_Assignment</gp:Key><gp:Value>9FFF939F-DD04-4564-AA6E-766EE20C5B7A</gp:Value></gp:Property><gp:Property><gp:Key>Proxy_Data_Assignment</gp:Key><gp:Value /></gp:Property><gp:Property><gp:Key>File_Destination</gp:Key><gp:Value>C:\DataValidation\BSP\History_Data\Dlis_BSP_9.0.100745.3100\</gp:Value></gp:Property><gp:Property><gp:Key>File_Name</gp:Key><gp:Value>ConPr_R01_L002Up_DLT_SRT_DTA_SGT_BSP.dlis</gp:Value></gp:Property><gp:Property><gp:Key>Index</gp:Key><gp:Value>Depth</gp:Value></gp:Property><gp:Property><gp:Key>Publish</gp:Key><gp:Value>No</gp:Value></gp:Property><gp:Property><gp:Key>Publisher</gp:Key><gp:Value></gp:Value></gp:Property><gp:Property><gp:Key>LoadToRTDB</gp:Key><gp:Value>No</gp:Value></gp:Property><gp:Property><gp:Key>Update_In_Real_Time</gp:Key><gp:Value>No</gp:Value></gp:Property><gp:Property><gp:Key>_Top</gp:Key><gp:Value></gp:Value></gp:Property><gp:Property><gp:Key>Bottom</gp:Key><gp:Value></gp:Value></gp:Property><gp:Property><gp:Key>Start</gp:Key><gp:Value></gp:Value></gp:Property><gp:Property><gp:Key>Stop</gp:Key><gp:Value></gp:Value></gp:Property><gp:Property><gp:Key>Unit_System</gp:Key><gp:Value>Oil_India_LimitedDIN-11011516JAN11</gp:Value></gp:Property><gp:Property><gp:Key>DLIS_Compatibility</gp:Key><gp:Value>Hz Converted</gp:Value></gp:Property><gp:Property><gp:Key>Preferred_Source_Pass</gp:Key><gp:Value></gp:Value></gp:Property><gp:Property><gp:Key>Reduced_DLIS</gp:Key><gp:Value>No</gp:Value></gp:Property><gp:Property><gp:Key>Channel_Property</gp:Key><gp:Value /></gp:Property><gp:Property><gp:Key>Channel_Confliction</gp:Key><gp:Value>Include Duplicate Channel Names</gp:Value></gp:Property><gp:Property><gp:Key>HIDE</gp:Key><gp:Value /></gp:Property><gp:Property><gp:Key>HID1</gp:Key><gp:Value></gp:Value></gp:Property><gp:Property><gp:Key>HID2</gp:Key><gp:Value></gp:Value></gp:Property><gp:Property><gp:Key>OS1</gp:Key><gp:Value /></gp:Property><gp:Property><gp:Key>OS2</gp:Key><gp:Value /></gp:Property><gp:Property><gp:Key>OS3</gp:Key><gp:Value /></gp:Property><gp:Property><gp:Key>OS4</gp:Key><gp:Value /></gp:Property><gp:Property><gp:Key>OS5</gp:Key><gp:Value /></gp:Property><gp:PropertiesSnippetVersion>1.5</gp:PropertiesSnippetVersion></gp:Properties></gp:GraphicalFormat>
43194.1764584838,DeliverablesSetup,Deliverables - Digital,Create Publish Digital Deliverable,Click,ContextMenu,Create/Publish...,UIInteraction,ComponentName=Run 1  Log[2] Up [2];ComponentCode=Component_Template_Dlis;DelivTemplateGuid=3395E379-656E-4AB3-B547-775A15758254;DelivTemplatePropertyData=<gp:GraphicalFormat xmlns:gp="urn:horizon:GraphicalProductCatalogSchema"><gp:Name>Template</gp:Name><gp:Component_Code>Component_Template_Dlis</gp:Component_Code><gp:Component_Format_Ref></gp:Component_Format_Ref><gp:Properties><gp:Property><gp:Key>Type</gp:Key><gp:Value>Dlis</gp:Value></gp:Property><gp:Property><gp:Key>DataAssignment_Type</gp:Key><gp:Value>Single Pass</gp:Value></gp:Property><gp:Property><gp:Key>CDDI_Availability</gp:Key><gp:Value>Producer</gp:Value></gp:Property><gp:Property><gp:Key>Data_Assignment</gp:Key><gp:Value>9FFF939F-DD04-4564-AA6E-766EE20C5B7A</gp:Value></gp:Property><gp:Property><gp:Key>Proxy_Data_Assignment</gp:Key><gp:Value /></gp:Property><gp:Property><gp:Key>File_Destination</gp:Key><gp:Value>C:\DataValidation\BSP\History_Data\Dlis_BSP_9.0.100745.3100\</gp:Value></gp:Property><gp:Property><gp:Key>File_Name</gp:Key><gp:Value>ConPr_R01_L002Up_DLT_SRT_DTA_SGT_BSP.dlis</gp:Value></gp:Property><gp:Property><gp:Key>Index</gp:Key><gp:Value>Depth</gp:Value></gp:Property><gp:Property><gp:Key>Publish</gp:Key><gp:Value>No</gp:Value></gp:Property><gp:Property><gp:Key>Publisher</gp:Key><gp:Value></gp:Value></gp:Property><gp:Property><gp:Key>LoadToRTDB</gp:Key><gp:Value>No</gp:Value></gp:Property><gp:Property><gp:Key>Update_In_Real_Time</gp:Key><gp:Value>No</gp:Value></gp:Property><gp:Property><gp:Key>_Top</gp:Key><gp:Value></gp:Value></gp:Property><gp:Property><gp:Key>Bottom</gp:Key><gp:Value></gp:Value></gp:Property><gp:Property><gp:Key>Start</gp:Key><gp:Value></gp:Value></gp:Property><gp:Property><gp:Key>Stop</gp:Key><gp:Value></gp:Value></gp:Property><gp:Property><gp:Key>Unit_System</gp:Key><gp:Value>Oil_India_LimitedDIN-11011516JAN11</gp:Value></gp:Property><gp:Property><gp:Key>DLIS_Compatibility</gp:Key><gp:Value>Hz Converted</gp:Value></gp:Property><gp:Property><gp:Key>Preferred_Source_Pass</gp:Key><gp:Value></gp:Value></gp:Property><gp:Property><gp:Key>Reduced_DLIS</gp:Key><gp:Value>No</gp:Value></gp:Property><gp:Property><gp:Key>Channel_Property</gp:Key><gp:Value /></gp:Property><gp:Property><gp:Key>Channel_Confliction</gp:Key><gp:Value>Include Duplicate Channel Names</gp:Value></gp:Property><gp:Property><gp:Key>HIDE</gp:Key><gp:Value /></gp:Property><gp:Property><gp:Key>HID1</gp:Key><gp:Value></gp:Value></gp:Property><gp:Property><gp:Key>HID2</gp:Key><gp:Value></gp:Value></gp:Property><gp:Property><gp:Key>OS1</gp:Key><gp:Value /></gp:Property><gp:Property><gp:Key>OS2</gp:Key><gp:Value /></gp:Property><gp:Property><gp:Key>OS3</gp:Key><gp:Value /></gp:Property><gp:Property><gp:Key>OS4</gp:Key><gp:Value /></gp:Property><gp:Property><gp:Key>OS5</gp:Key><gp:Value /></gp:Property><gp:PropertiesSnippetVersion>1.5</gp:PropertiesSnippetVersion></gp:Properties></gp:GraphicalFormat>
43194.1770203935,DeliverablesSetup,UI Framework,Switch View,Click,ToolbarButton,Deliverables Setup View,UIInteraction,
43194.1772123148,DeliverablesSetup,UI Framework,Close Console,Click,Button,,UIInteraction,JobGuid=16796B71-8D53-476C-B24C-BCAA732F7C84
43194.1772495255,DeliverablesSetup,UI Framework,OK to Close Deliverables Console Setup Console,Click,Button,OK,UIInteraction,
43194.177304537,,Console/Job Manager,Stop Job,Click,Button,Stop,UIInteraction,JobGuid=16796B71-8D53-476C-B24C-BCAA732F7C84
