Time,Process,Component,Operation,Action,Control,ControlText,Category,Context
43194.1502951736,,Console/Job Manager,Start Job,Click,Button,Start,UIInteraction,JobName=BLRWLTS1;WellName=TS1;ClientName=BGCAT;StartDate=4/4/2018 3:35 AM;Workflow=Wireline;Simulator=True;UnitSystem=Metric;RTBackupDir=C:\Autobackup;JobSize=0;State=Available;SideTrackId=0;SessionID=356B60A3-9867-4CCE-9E0E-31DE539B8574;SortOrder=1;JobGUID=9362077F-849B-43ED-9AED-DFDACFC5156F;WellGUID=1BE33AE8-68D9-4360-B861-220323AF806A;BoreholeGUID=015DCEBF-7038-4B66-A575-03FFFB6C1CE4;MachineName=HPV04-001;UserName=Engineer;UserDomainName=HPV04-001;OS=Microsoft Windows NT 6.1.7601 Service Pack 1;StartedJobCount=0;TimeZone=00:00:00;IPAddress_1=192.168.78.125;IPAddress_2=::1;MWVersion=9.0.100745.3100
43194.1506209028,,Console/Job Manager,Start Setup Console,Click,Button,Start...,UIInteraction,JobGuid=9362077F-849B-43ED-9AED-DFDACFC5156F
43194.1507017593,Setup,Calibration,Select Calibration Report Type,Click,ComboBox,Technical Concise,UIInteraction,
43194.1508062616,Setup,UI Framework,Start Console,,,Setup - Job BLRWLTS1,UIAutomatic,
43194.1508384607,Setup,Equipment,New ToolString,Click,ToolbarButton,New ToolString,UIInteraction,ToolstringName=New ToolString;ToolstringGuid=E176D53B-4A8C-42BD-B59E-45060CC95B6E
43194.1508712963,Setup,Equipment,Rename ToolString,Input,TextBox,TS1,UIInteraction,ToolstringGuid=E176D53B-4A8C-42BD-B59E-45060CC95B6E
43194.1508814583,Setup,Equipment,Filter Equipment in Catalog,Input,TextBox,,UIInteraction,Text=FBST-B
43194.150881713,Setup,Equipment,Filter Equipment in Catalog,Input,TextBox,,UIInteraction,Text=FBST-B
43194.1508860185,Setup,Equipment,Add Equipment from Catalog to ToolString,Click,ToolbarButton,Add to ToolString,UIInteraction,EquipmentName=FBST-B
43194.1509016319,Setup,Equipment,Filter Equipment in Catalog,Input,TextBox,,UIInteraction,Text=DSST-B
43194.1509017245,Setup,Equipment,Filter Equipment in Catalog,Input,TextBox,,UIInteraction,Text=DSST-B
43194.150905787,Setup,Equipment,Add Equipment from Catalog to ToolString,Click,ToolbarButton,Add to ToolString,UIInteraction,EquipmentName=DSST-B
43194.1509143634,Setup,Equipment,Filter Equipment in Catalog,Input,TextBox,,UIInteraction,Text=HRLT-B
43194.150914456,Setup,Equipment,Filter Equipment in Catalog,Input,TextBox,,UIInteraction,Text=HRLT-B
43194.1509185532,Setup,Equipment,Add Equipment from Catalog to ToolString,Click,ToolbarButton,Add to ToolString,UIInteraction,EquipmentName=HRLT-B
43194.1509346181,Setup,Equipment,Filter Equipment in Catalog,Input,TextBox,,UIInteraction,Text=HDRS-B
43194.1509387847,Setup,Equipment,Add Equipment from Catalog to ToolString,Click,ToolbarButton,Add to ToolString,UIInteraction,EquipmentName=HDRS-B
43194.1509347106,Setup,Equipment,Filter Equipment in Catalog,Input,TextBox,,UIInteraction,Text=HDRS-B
43194.1509469097,Setup,Equipment,Filter Equipment in Catalog,Input,TextBox,,UIInteraction,Text=HGNS-B
43194.1509470023,Setup,Equipment,Filter Equipment in Catalog,Input,TextBox,,UIInteraction,Text=HGNS-B
43194.1509510764,Setup,Equipment,Add Equipment from Catalog to ToolString,Click,ToolbarButton,Add to ToolString,UIInteraction,EquipmentName=HGNS-B
43194.1509551968,Setup,Equipment,Filter Equipment in Catalog,Input,TextBox,,UIInteraction,Text=Adaptor_Head
43194.1509553125,Setup,Equipment,Filter Equipment in Catalog,Input,TextBox,,UIInteraction,Text=Adaptor_Head
43194.1509597222,Setup,Equipment,Add Equipment from Catalog to ToolString,Click,ToolbarButton,Add to ToolString,UIInteraction,EquipmentName=Adaptor_Head
43194.1509619792,Setup,Equipment,Filter Equipment in Catalog,Input,TextBox,,UIInteraction,Text=EDTC-B
43194.150961875,Setup,Equipment,Filter Equipment in Catalog,Input,TextBox,,UIInteraction,Text=EDTC-B
43194.1509679514,Setup,Equipment,Add Equipment from Catalog to ToolString,Click,ToolbarButton,Add to ToolString,UIInteraction,EquipmentName=EDTC-B
43194.1509734607,Setup,Equipment,Filter Equipment in Catalog,Input,TextBox,,UIInteraction,Text=AH-169
43194.1509735648,Setup,Equipment,Filter Equipment in Catalog,Input,TextBox,,UIInteraction,Text=AH-169
43194.1509778125,Setup,Equipment,Add Equipment from Catalog to ToolString,Click,ToolbarButton,Add to ToolString,UIInteraction,EquipmentName=AH-169
43194.1509799306,Setup,Equipment,Filter Equipment in Catalog,Input,TextBox,,UIInteraction,Text=LEH-QT
43194.1509800463,Setup,Equipment,Filter Equipment in Catalog,Input,TextBox,,UIInteraction,Text=LEH-QT
43194.1509859954,Setup,Equipment,Add Equipment from Catalog to ToolString,Click,ToolbarButton,Add to ToolString,UIInteraction,EquipmentName=LEH-QT
43194.1510531944,Setup,Equipment,Filter Equipment in Catalog,Input,TextBox,,UIInteraction,Text=STANDOFF
43194.1510533912,Setup,Equipment,Filter Equipment in Catalog,Input,TextBox,,UIInteraction,Text=STANDOFF
43194.1510605208,Setup,Equipment,Add Equipment from Catalog to ToolString,Click,ToolbarButton,Add to ToolString,UIInteraction,EquipmentName=STANDOFF
43194.1511254282,Setup,Equipment,Filter Equipment in Catalog,Input,TextBox,,UIInteraction,Text=CME-AR
43194.1511256018,Setup,Equipment,Filter Equipment in Catalog,Input,TextBox,,UIInteraction,Text=CME-AR
43194.1511366088,Setup,Equipment,Add Equipment from Catalog to ToolString,Click,ToolbarButton,Add to ToolString,UIInteraction,EquipmentName=CME-AR
43194.1511529282,Setup,Equipment,Copy ToolString,Click,ContextMenu,Create Copy,UIInteraction,Source TooStringGuid=E176D53B-4A8C-42BD-B59E-45060CC95B6E;Source ToolString Name=TS1
43194.1513390162,Setup,Equipment,Rename ToolString,Click,ContextMenu,Rename,UIInteraction,
43194.1513432407,Setup,Equipment,Rename ToolString,Input,TextBox,Copy1,UIInteraction,ToolstringGuid=E880FD02-BAD7-4D66-AFFB-CD7E537FAA5D
43194.1514165857,Setup,Properties & Parameters,Show Infrequent Properties/Parameters,Click,ToolbarButton,Show Infrequent Properties,UIInteraction,
43194.1514713542,Setup,Properties & Parameters,Change Property Value,Update,GridCell,1.001,UIInteraction,OSDD=EP_INNER_DIAMETER;EnsemblePath=STANDOFF
43194.1516066435,Setup,Properties & Parameters,Change Property Value,Update,GridCell,19.1,UIInteraction,OSDD=EP_OUTER_DIAMETER;EnsemblePath=STANDOFF
43194.1517431134,Setup,Properties & Parameters,Change Property Value,Update,GridCell,180,UIInteraction,OSDD=STANDOFF Angular Position;EnsemblePath=STANDOFF
43194.1518790162,Setup,Properties & Parameters,Change Property Value,Update,GridCell,1.5,UIInteraction,OSDD=STANDOFF Linear Position;EnsemblePath=STANDOFF
43194.152016331,Setup,Properties & Parameters,Change Property Value,Update,GridCell,3.375,UIInteraction,OSDD=EP_INNER_DIAMETER;EnsemblePath=FBST-B:STANDOFF
43194.1521537731,Setup,Properties & Parameters,Change Property Value,Update,GridCell,4.375,UIInteraction,OSDD=EP_OUTER_DIAMETER;EnsemblePath=FBST-B:STANDOFF
43194.1522874306,Setup,Properties & Parameters,Change Property Value,Update,GridCell,1,UIInteraction,OSDD=EP_LENGTH;EnsemblePath=Adaptor_Head
43194.1524251389,Setup,Properties & Parameters,Change Property Value,Update,GridCell,10,UIInteraction,OSDD=EP_WEIGHT;EnsemblePath=Adaptor_Head
43194.152559537,Setup,Properties & Parameters,Change Property Value,Update,GridCell,6,UIInteraction,OSDD=EP_MAX_OD;EnsemblePath=Adaptor_Head
43194.1526951968,Setup,Properties & Parameters,Change Property Value,Update,GridCell,25,UIInteraction,OSDD=EP_MAX_PRESSURE;EnsemblePath=Adaptor_Head
43194.1528328704,Setup,Properties & Parameters,Change Property Value,Update,GridCell,150,UIInteraction,OSDD=EP_MAX_TEMP;EnsemblePath=Adaptor_Head
43194.1529832292,Setup,Properties & Parameters,Change Property Value,Update,GridCell,MAGMAT_TOP,UIInteraction,OSDD=EP_HAS_MAG_MAT;EnsemblePath=Adaptor_Head
43194.153193287,Setup,Properties & Parameters,Change Property Value,Update,GridCell,TS1,UIInteraction,OSDD=EP_SERIAL_NUMBER;EnsemblePath=FBST-B:FBSS-B:FBSS-B
43194.1533319097,Setup,Properties & Parameters,Change Property Value,Update,GridCell,TS1,UIInteraction,OSDD=EP_SERIAL_NUMBER;EnsemblePath=LEH-QT:LEH-QT:LEH-QT
43194.1534803356,Setup,Properties & Parameters,Change Property Value,Update,GridCell,TS1,UIInteraction,OSDD=EP_SERIAL_NUMBER;EnsemblePath=HDRS-B:HRMS-B:HRGD-B
43194.1536151273,Setup,Properties & Parameters,Change Property Value,Update,GridCell,TS1,UIInteraction,OSDD=EP_SERIAL_NUMBER;EnsemblePath=DSST-B:SPAC-B:ECH-SD
43194.1537543981,Setup,Properties & Parameters,Change Property Value,Update,GridCell,TS1,UIInteraction,OSDD=EP_SERIAL_NUMBER;EnsemblePath=DSST-B:CME-AR
43194.1538904977,Setup,Properties & Parameters,Change Property Value,Update,GridCell,TS1,UIInteraction,OSDD=Identifier;EnsemblePath=FBST-B:STANDOFF
43194.1540319676,Setup,Properties & Parameters,Change Property Value,Update,GridCell,TS1,UIInteraction,OSDD=Identifier;EnsemblePath=STANDOFF
43194.1541697685,Setup,Properties & Parameters,Change Property Value,Update,GridCell,TS1,UIInteraction,OSDD=ToolIdentifier;EnsemblePath=LEH-QT
43194.1543188079,Setup,Properties & Parameters,Change Property Value,Update,GridCell,TS1,UIInteraction,OSDD=ToolIdentifier;EnsemblePath=HGNS-B
43194.1544565741,Setup,Properties & Parameters,Change Property Value,Update,GridCell,TS1,UIInteraction,OSDD=Identifier;EnsemblePath=FBST-B:AH-185
43194.15462875,Setup,Properties & Parameters,Change Property Value,Update,GridCell,Yes,UIInteraction,OSDD=AH-184;EnsemblePath=FBST-B
43194.154883912,Setup,Properties & Parameters,Change Property Value,Update,GridCell,AH-285,UIInteraction,OSDD=EP_CUST_EQP_TYPE;EnsemblePath=FBST-B:AH-185
43194.1551179977,Setup,Properties & Parameters,Change Property Value,Update,GridCell,HRMS-H,UIInteraction,OSDD=EP_CUST_EQP_TYPE;EnsemblePath=HDRS-B:HRMS-B:HRMS-B
43194.1553448148,Setup,Properties & Parameters,Change Property Value,Update,GridCell,HRCC-H,UIInteraction,OSDD=EP_CUST_EQP_TYPE;EnsemblePath=HDRS-B:HRCC-B
43194.1555937037,Setup,Properties & Parameters,Change Property Value,Update,GridCell,ECRD-E,UIInteraction,OSDD=EP_WEAKPOINT_CODE;EnsemblePath=LEH-QT
43194.1558292593,Setup,Properties & Parameters,Change Property Value,Update,GridCell,Yes,UIInteraction,OSDD=HSTS-B;EnsemblePath=HGNS-B
43194.1561745486,Setup,Properties & Parameters,Change Property Value,Update,GridCell,DSST-BE,UIInteraction,OSDD=EP_FILE_CODE;EnsemblePath=DSST-B
43194.1564006713,Setup,Properties & Parameters,Change Property Value,Update,GridCell,HRGD-H,UIInteraction,OSDD=EP_CUST_EQP_TYPE;EnsemblePath=HDRS-B:HRMS-B:HRGD-B
43194.1565472222,Setup,Properties & Parameters,Change Property Value,Update,GridCell,7-46ZV-XS,UIInteraction,OSDD=EP_LCEQUIP_TYP;EnsemblePath=LOGGING_CABLE
43194.1566814583,Setup,Properties & Parameters,Change Property Value,Update,GridCell,eWAFE,UIInteraction,OSDD=EP_FILE_CODE;EnsemblePath=WAFE
43194.1568092477,Setup,Properties & Parameters,Change Property Value,Update,GridCell,TS1,UIInteraction,OSDD=EP_SERIAL_NUMBER;EnsemblePath=WAFE
43194.1568627894,Setup,Properties & Parameters,Change Property Value,Update,GridCell,TS1,UIInteraction,OSDD=EP_SERIAL_NUMBER;EnsemblePath=WITM
43194.1569166204,Setup,Properties & Parameters,Change Property Value,Update,GridCell,-3,UIInteraction,OSDD=WHEEL_CORR1;EnsemblePath=DEPTH_DEVICE
43194.1569732523,Setup,Properties & Parameters,Change Property Value,Update,GridCell,26-Jun-2013,UIInteraction,OSDD=CALI_DATE;EnsemblePath=TENSION_DEVICE
43194.1570354398,Setup,Equipment,Delete Equipment,Click,ContextMenu,Delete,UIInteraction,EquipName=EDTG-A;ToolPath=TS1:EDTC-B:EDTC-B:EDTG-A
43194.1573287732,Setup,Equipment,Delete Equipment,Click,ContextMenu,Delete,UIInteraction,EquipName=SSIJ-BA;ToolPath=TS1:DSST-B:SSIJ-BA
43194.1574022338,Setup,Equipment,Delete Equipment,Click,ContextMenu,Delete,UIInteraction,EquipName=GSR-J;ToolPath=TS1:HDRS-B:HRMS-B:GSR-J
43194.1574750579,Setup,Equipment,Delete Equipment,Click,ContextMenu,Delete,UIInteraction,EquipName=EME-L;ToolPath=TS1:HGNS-B: TS1:EME-L
43194.1575482523,Setup,Equipment,Delete Equipment,Click,ContextMenu,Delete,UIInteraction,EquipName=STANDOFF: TS1;ToolPath=TS1:FBST-B: TS1:STANDOFF: TS1
43194.157955162,Setup,Properties & Parameters,Change Property Value,Update,GridCell,Yes,UIInteraction,OSDD=Standoff;EnsemblePath=FBST-B
43194.1580864931,Setup,Equipment,Filter Equipment in Catalog,Input,TextBox,,UIInteraction,Text=STANDOFF
43194.1580867245,Setup,Equipment,Filter Equipment in Catalog,Input,TextBox,,UIInteraction,Text=STANDOFF
43194.1581901852,Setup,Properties & Parameters,Change Property Value,Update,GridCell,2,UIInteraction,OSDD=EP_INNER_DIAMETER;EnsemblePath=STANDOFF
43194.1582248611,Setup,Equipment,Filter Equipment in Catalog,Input,TextBox,,UIInteraction,Text=STANDOFF
43194.1582248148,Setup,Equipment,Filter Equipment in Catalog,Input,TextBox,,UIInteraction,Text=STANDOFF
43194.1583263079,Setup,Properties & Parameters,Change Property Value,Update,GridCell,10,UIInteraction,OSDD=EP_OUTER_DIAMETER;EnsemblePath=STANDOFF
43194.1583607523,Setup,Equipment,Filter Equipment in Catalog,Input,TextBox,,UIInteraction,Text=STANDOFF
43194.158360787,Setup,Equipment,Filter Equipment in Catalog,Input,TextBox,,UIInteraction,Text=STANDOFF
43194.1584632755,Setup,Properties & Parameters,Change Property Value,Update,GridCell,ME,UIInteraction,OSDD=Identifier;EnsemblePath=STANDOFF
43194.1584967361,Setup,Equipment,Filter Equipment in Catalog,Input,TextBox,,UIInteraction,Text=STANDOFF: ME
43194.1584967824,Setup,Equipment,Filter Equipment in Catalog,Input,TextBox,,UIInteraction,Text=STANDOFF: ME
43194.1585996412,Setup,Properties & Parameters,Change Property Value,Update,GridCell,200,UIInteraction,OSDD=STANDOFF Angular Position;EnsemblePath=STANDOFF
43194.1586324537,Setup,Equipment,Filter Equipment in Catalog,Input,TextBox,,UIInteraction,Text=STANDOFF: ME
43194.1586324884,Setup,Equipment,Filter Equipment in Catalog,Input,TextBox,,UIInteraction,Text=STANDOFF: ME
43194.1587673843,Setup,Equipment,Filter Equipment in Catalog,Input,TextBox,,UIInteraction,Text=FBST-B
43194.1587674306,Setup,Equipment,Filter Equipment in Catalog,Input,TextBox,,UIInteraction,Text=FBST-B
43194.1588711111,Setup,Properties & Parameters,Change Property Value,Update,GridCell,3.625,UIInteraction,OSDD=EP_INNER_DIAMETER;EnsemblePath=FBST-B:STANDOFF
43194.1589089583,Setup,Equipment,Filter Equipment in Catalog,Input,TextBox,,UIInteraction,Text=FBST-B
43194.1589090046,Setup,Equipment,Filter Equipment in Catalog,Input,TextBox,,UIInteraction,Text=FBST-B
43194.1590115393,Setup,Properties & Parameters,Change Property Value,Update,GridCell,6.625,UIInteraction,OSDD=EP_OUTER_DIAMETER;EnsemblePath=FBST-B:STANDOFF
43194.1590464352,Setup,Equipment,Filter Equipment in Catalog,Input,TextBox,,UIInteraction,Text=Adaptor_Head
43194.1590464815,Setup,Equipment,Filter Equipment in Catalog,Input,TextBox,,UIInteraction,Text=Adaptor_Head
43194.1591517708,Setup,Properties & Parameters,Change Property Value,Update,GridCell,2,UIInteraction,OSDD=EP_LENGTH;EnsemblePath=Adaptor_Head
43194.1591853125,Setup,Equipment,Filter Equipment in Catalog,Input,TextBox,,UIInteraction,Text=Adaptor_Head
43194.1591853588,Setup,Equipment,Filter Equipment in Catalog,Input,TextBox,,UIInteraction,Text=Adaptor_Head
43194.1592900926,Setup,Properties & Parameters,Change Property Value,Update,GridCell,20,UIInteraction,OSDD=EP_WEIGHT;EnsemblePath=Adaptor_Head
43194.1593234259,Setup,Equipment,Filter Equipment in Catalog,Input,TextBox,,UIInteraction,Text=Adaptor_Head
43194.1593234722,Setup,Equipment,Filter Equipment in Catalog,Input,TextBox,,UIInteraction,Text=Adaptor_Head
43194.1594274306,Setup,Properties & Parameters,Change Property Value,Update,GridCell,12,UIInteraction,OSDD=EP_MAX_OD;EnsemblePath=Adaptor_Head
43194.1594608333,Setup,Equipment,Filter Equipment in Catalog,Input,TextBox,,UIInteraction,Text=Adaptor_Head
43194.1594608681,Setup,Equipment,Filter Equipment in Catalog,Input,TextBox,,UIInteraction,Text=Adaptor_Head
43194.159568044,Setup,Properties & Parameters,Change Property Value,Update,GridCell,20,UIInteraction,OSDD=EP_MAX_PRESSURE;EnsemblePath=Adaptor_Head
43194.1596028935,Setup,Equipment,Filter Equipment in Catalog,Input,TextBox,,UIInteraction,Text=Adaptor_Head
43194.1596030093,Setup,Equipment,Filter Equipment in Catalog,Input,TextBox,,UIInteraction,Text=Adaptor_Head
43194.1597051505,Setup,Properties & Parameters,Change Property Value,Update,GridCell,175,UIInteraction,OSDD=EP_MAX_TEMP;EnsemblePath=Adaptor_Head
43194.1597401968,Setup,Equipment,Filter Equipment in Catalog,Input,TextBox,,UIInteraction,Text=Adaptor_Head
43194.1597402431,Setup,Equipment,Filter Equipment in Catalog,Input,TextBox,,UIInteraction,Text=Adaptor_Head
43194.1599557755,Setup,Equipment,Filter Equipment in Catalog,Input,TextBox,,UIInteraction,Text=FBST-B
43194.1599558218,Setup,Equipment,Filter Equipment in Catalog,Input,TextBox,,UIInteraction,Text=FBST-B
43194.1600599653,Setup,Properties & Parameters,Change Property Value,Update,GridCell,123,UIInteraction,OSDD=EP_SERIAL_NUMBER;EnsemblePath=FBST-B:FBSS-B:FBSS-B
43194.1600981018,Setup,Equipment,Filter Equipment in Catalog,Input,TextBox,,UIInteraction,Text=LEH-QT
43194.1600981481,Setup,Equipment,Filter Equipment in Catalog,Input,TextBox,,UIInteraction,Text=LEH-QT
43194.1602032407,Setup,Properties & Parameters,Change Property Value,Update,GridCell,123,UIInteraction,OSDD=EP_SERIAL_NUMBER;EnsemblePath=LEH-QT:LEH-QT:LEH-QT
43194.1602386458,Setup,Equipment,Filter Equipment in Catalog,Input,TextBox,,UIInteraction,Text=HDRS-B
43194.1602386921,Setup,Equipment,Filter Equipment in Catalog,Input,TextBox,,UIInteraction,Text=HDRS-B
43194.1603511111,Setup,Properties & Parameters,Change Property Value,Update,GridCell,123,UIInteraction,OSDD=EP_SERIAL_NUMBER;EnsemblePath=HDRS-B:HRMS-B:HRGD-B
43194.1603845949,Setup,Equipment,Filter Equipment in Catalog,Input,TextBox,,UIInteraction,Text=DSST-B
43194.1603845486,Setup,Equipment,Filter Equipment in Catalog,Input,TextBox,,UIInteraction,Text=DSST-B
43194.1604922801,Setup,Properties & Parameters,Change Property Value,Update,GridCell,123,UIInteraction,OSDD=EP_SERIAL_NUMBER;EnsemblePath=DSST-B:SPAC-B:ECH-SD
43194.1605256481,Setup,Equipment,Filter Equipment in Catalog,Input,TextBox,,UIInteraction,Text=CME-AR
43194.1605256944,Setup,Equipment,Filter Equipment in Catalog,Input,TextBox,,UIInteraction,Text=CME-AR
43194.1606314352,Setup,Properties & Parameters,Change Property Value,Update,GridCell,123,UIInteraction,OSDD=EP_SERIAL_NUMBER;EnsemblePath=CME-AR
43194.1606661227,Setup,Equipment,Filter Equipment in Catalog,Input,TextBox,,UIInteraction,Text=FBST-B: 123
43194.160666169,Setup,Equipment,Filter Equipment in Catalog,Input,TextBox,,UIInteraction,Text=FBST-B: 123
43194.1607683565,Setup,Properties & Parameters,Change Property Value,Update,GridCell,123ME,UIInteraction,OSDD=Identifier;EnsemblePath=FBST-B:STANDOFF
43194.1608034954,Setup,Equipment,Filter Equipment in Catalog,Input,TextBox,,UIInteraction,Text=STANDOFF: ME
43194.1608034491,Setup,Equipment,Filter Equipment in Catalog,Input,TextBox,,UIInteraction,Text=STANDOFF: ME
43194.160910544,Setup,Properties & Parameters,Change Property Value,Update,GridCell,123ME,UIInteraction,OSDD=Identifier;EnsemblePath=STANDOFF
43194.1609438194,Setup,Equipment,Filter Equipment in Catalog,Input,TextBox,,UIInteraction,Text=LEH-QT: 123
43194.1609438657,Setup,Equipment,Filter Equipment in Catalog,Input,TextBox,,UIInteraction,Text=LEH-QT: 123
43194.1610516435,Setup,Properties & Parameters,Change Property Value,Update,GridCell,123ME,UIInteraction,OSDD=Identifier;EnsemblePath=LEH-QT:Unselected weak point
43194.161085706,Setup,Equipment,Filter Equipment in Catalog,Input,TextBox,,UIInteraction,Text=HGNS
43194.1610857523,Setup,Equipment,Filter Equipment in Catalog,Input,TextBox,,UIInteraction,Text=HGNS
43194.1611966782,Setup,Properties & Parameters,Change Property Value,Update,GridCell,123,UIInteraction,OSDD=ToolIdentifier;EnsemblePath=HGNS-B
43194.1612321875,Setup,Equipment,Filter Equipment in Catalog,Input,TextBox,,UIInteraction,Text=FBST-B: 123
43194.1612322338,Setup,Equipment,Filter Equipment in Catalog,Input,TextBox,,UIInteraction,Text=FBST-B: 123
43194.1613336574,Setup,Properties & Parameters,Change Property Value,Update,GridCell,123ME,UIInteraction,OSDD=Identifier;EnsemblePath=FBST-B:AH-185
43194.1613690162,Setup,Equipment,Filter Equipment in Catalog,Input,TextBox,,UIInteraction,Text=FBST-B: 123
43194.1613690625,Setup,Equipment,Filter Equipment in Catalog,Input,TextBox,,UIInteraction,Text=FBST-B: 123
43194.1616101273,Setup,Properties & Parameters,Change Property Value,Update,GridCell,Yes,UIInteraction,OSDD=AH-184;EnsemblePath=FBST-B
43194.161735463,Setup,Equipment,Filter Equipment in Catalog,Input,TextBox,,UIInteraction,Text=FBST-B: 123
43194.1617355093,Setup,Equipment,Filter Equipment in Catalog,Input,TextBox,,UIInteraction,Text=FBST-B: 123
43194.1617938889,Setup,Equipment,Filter Equipment in Catalog,Input,TextBox,,UIInteraction,Text=FBST-B: 123
43194.1617939236,Setup,Equipment,Filter Equipment in Catalog,Input,TextBox,,UIInteraction,Text=FBST-B: 123
43194.1620443287,Setup,Equipment,Filter Equipment in Catalog,Input,TextBox,,UIInteraction,Text=FBST-B: 123
43194.162044375,Setup,Equipment,Filter Equipment in Catalog,Input,TextBox,,UIInteraction,Text=FBST-B: 123
43194.1621544444,Setup,Properties & Parameters,Change Property Value,Update,GridCell,AH-285,UIInteraction,OSDD=EP_CUST_EQP_TYPE;EnsemblePath=FBST-B:AH-185
43194.1622664815,Setup,Equipment,Filter Equipment in Catalog,Input,TextBox,,UIInteraction,Text=DSST-B
43194.1622664236,Setup,Equipment,Filter Equipment in Catalog,Input,TextBox,,UIInteraction,Text=DSST-B
43194.1623252083,Setup,Equipment,Filter Equipment in Catalog,Input,TextBox,,UIInteraction,Text=HDRS-B
43194.1623252431,Setup,Equipment,Filter Equipment in Catalog,Input,TextBox,,UIInteraction,Text=HDRS-B
43194.1624360995,Setup,Properties & Parameters,Change Property Value,Update,GridCell,HRCC-H,UIInteraction,OSDD=EP_CUST_EQP_TYPE;EnsemblePath=HDRS-B:HRCC-B
43194.1625496991,Setup,Equipment,Filter Equipment in Catalog,Input,TextBox,,UIInteraction,Text=LEH-QT: 123
43194.1625497685,Setup,Equipment,Filter Equipment in Catalog,Input,TextBox,,UIInteraction,Text=LEH-QT: 123
43194.1626629051,Setup,Properties & Parameters,Change Property Value,Update,GridCell,ECRD-G,UIInteraction,OSDD=EP_WEAKPOINT_CODE;EnsemblePath=LEH-QT
43194.1627751042,Setup,Equipment,Filter Equipment in Catalog,Input,TextBox,,UIInteraction,Text=HGNS-B: 123
43194.1627752315,Setup,Equipment,Filter Equipment in Catalog,Input,TextBox,,UIInteraction,Text=HGNS-B: 123
43194.1630000116,Setup,Properties & Parameters,Change Property Value,Update,GridCell,Yes,UIInteraction,OSDD=HSTS-B;EnsemblePath=HGNS-B
43194.1631157639,Setup,Equipment,Filter Equipment in Catalog,Input,TextBox,,UIInteraction,Text=DSST-B
43194.1631158102,Setup,Equipment,Filter Equipment in Catalog,Input,TextBox,,UIInteraction,Text=DSST-B
43194.1632355787,Setup,Properties & Parameters,Change Property Value,Update,GridCell,DSST-BE,UIInteraction,OSDD=EP_FILE_CODE;EnsemblePath=DSST-B
43194.1633446991,Setup,Equipment,Filter Equipment in Catalog,Input,TextBox,,UIInteraction,Text=DSST-B
43194.1633447454,Setup,Equipment,Filter Equipment in Catalog,Input,TextBox,,UIInteraction,Text=DSST-B
43194.1634617014,Setup,Properties & Parameters,Change Property Value,Update,GridCell,DSST-BD,UIInteraction,OSDD=EP_FILE_CODE;EnsemblePath=DSST-B
43194.1635726968,Setup,Equipment,Filter Equipment in Catalog,Input,TextBox,,UIInteraction,Text=HDRS-B
43194.1635727431,Setup,Equipment,Filter Equipment in Catalog,Input,TextBox,,UIInteraction,Text=HDRS-B
43194.1637865162,Setup,Properties & Parameters,Change Property Value,Update,GridCell,HRMS-H,UIInteraction,OSDD=EP_CUST_EQP_TYPE;EnsemblePath=HDRS-B:HRMS-B:HRMS-B
43194.163894537,Setup,Equipment,Filter Equipment in Catalog,Input,TextBox,,UIInteraction,Text=HDRS-B
43194.1638945833,Setup,Equipment,Filter Equipment in Catalog,Input,TextBox,,UIInteraction,Text=HDRS-B
43194.1640032986,Setup,Properties & Parameters,Change Property Value,Update,GridCell,HRMS-B,UIInteraction,OSDD=EP_CUST_EQP_TYPE;EnsemblePath=HDRS-B:HRMS-B:HRMS-H
43194.164114375,Setup,Equipment,Filter Equipment in Catalog,Input,TextBox,,UIInteraction,Text=HDRS-B
43194.1641144213,Setup,Equipment,Filter Equipment in Catalog,Input,TextBox,,UIInteraction,Text=HDRS-B
43194.1641772801,Setup,Equipment,Filter Equipment in Catalog,Input,TextBox,,UIInteraction,Text=HGNS-B: 123
43194.1641772338,Setup,Equipment,Filter Equipment in Catalog,Input,TextBox,,UIInteraction,Text=HGNS-B: 123
43194.1642403472,Setup,Equipment,Filter Equipment in Catalog,Input,TextBox,,UIInteraction,Text=HGNS-B: 123
43194.1642404514,Setup,Equipment,Filter Equipment in Catalog,Input,TextBox,,UIInteraction,Text=HGNS-B: 123
43194.1643497222,Setup,Properties & Parameters,Change Property Value,Update,GridCell,Yes,UIInteraction,OSDD=Eccentralizer;EnsemblePath=HGNS-B
43194.1644618866,Setup,Equipment,Filter Equipment in Catalog,Input,TextBox,,UIInteraction,Text=FBST-B: 123
43194.1644619329,Setup,Equipment,Filter Equipment in Catalog,Input,TextBox,,UIInteraction,Text=FBST-B: 123
43194.1645197338,Setup,Equipment,Filter Equipment in Catalog,Input,TextBox,,UIInteraction,Text=FBST-B: 123
43194.1645197801,Setup,Equipment,Filter Equipment in Catalog,Input,TextBox,,UIInteraction,Text=FBST-B: 123
43194.1646435301,Setup,Properties & Parameters,Change Property Value,Update,GridCell,Yes,UIInteraction,OSDD=Standoff;EnsemblePath=FBST-B
43194.1647700116,Setup,Equipment,Filter Equipment in Catalog,Input,TextBox,,UIInteraction,Text=EDTC-B
43194.1647700579,Setup,Equipment,Filter Equipment in Catalog,Input,TextBox,,UIInteraction,Text=EDTC-B
43194.1648121528,Setup,Equipment,New ToolString,Click,ToolbarButton,New ToolString,UIInteraction,ToolstringName=New ToolString;ToolstringGuid=705DCFF8-508D-41C3-B90B-D7A8CEC31529
43194.164895081,Setup,Equipment,Rename ToolString,Click,ContextMenu,Rename,UIInteraction,
43194.1648989236,Setup,Equipment,Rename ToolString,Input,TextBox,TS2,UIInteraction,ToolstringGuid=705DCFF8-508D-41C3-B90B-D7A8CEC31529
43194.1649237037,Setup,Equipment,Filter Equipment in Catalog,Input,TextBox,,UIInteraction,Text=FBST-B: 123
43194.16492375,Setup,Equipment,Filter Equipment in Catalog,Input,TextBox,,UIInteraction,Text=FBST-B: 123
43194.164951956,Setup,Equipment,Add Equipment from MyEquipment to ToolString,Click,ContextMenu,Add to ToolString,UIInteraction,EquipmentName=FBST-B: 123
43194.1649668634,Setup,Equipment,Filter Equipment in Catalog,Input,TextBox,,UIInteraction,Text=DSST-B
43194.1649668171,Setup,Equipment,Filter Equipment in Catalog,Input,TextBox,,UIInteraction,Text=DSST-B
43194.164997662,Setup,Equipment,Add Equipment from MyEquipment to ToolString,Click,ContextMenu,Add to ToolString,UIInteraction,EquipmentName=DSST-B
43194.1650124884,Setup,Equipment,Filter Equipment in Catalog,Input,TextBox,,UIInteraction,Text=HRLT-B
43194.1650125347,Setup,Equipment,Filter Equipment in Catalog,Input,TextBox,,UIInteraction,Text=HRLT-B
43194.1650411921,Setup,Equipment,Add Equipment from MyEquipment to ToolString,Click,ContextMenu,Add to ToolString,UIInteraction,EquipmentName=HRLT-B
43194.1650560995,Setup,Equipment,Filter Equipment in Catalog,Input,TextBox,,UIInteraction,Text=HDRS-B
43194.1650561458,Setup,Equipment,Filter Equipment in Catalog,Input,TextBox,,UIInteraction,Text=HDRS-B
43194.1650857292,Setup,Equipment,Add Equipment from MyEquipment to ToolString,Click,ContextMenu,Add to ToolString,UIInteraction,EquipmentName=HDRS-B
43194.1651006713,Setup,Equipment,Filter Equipment in Catalog,Input,TextBox,,UIInteraction,Text=HGNS-B: 123
43194.165100706,Setup,Equipment,Filter Equipment in Catalog,Input,TextBox,,UIInteraction,Text=HGNS-B: 123
43194.1651275116,Setup,Equipment,Add Equipment from MyEquipment to ToolString,Click,ContextMenu,Add to ToolString,UIInteraction,EquipmentName=HGNS-B: 123
43194.165142581,Setup,Equipment,Filter Equipment in Catalog,Input,TextBox,,UIInteraction,Text=Adaptor_Head
43194.1651426273,Setup,Equipment,Filter Equipment in Catalog,Input,TextBox,,UIInteraction,Text=Adaptor_Head
43194.1651667014,Setup,Equipment,Add Equipment from MyEquipment to ToolString,Click,ContextMenu,Add to ToolString,UIInteraction,EquipmentName=Adaptor_Head
43194.1651800926,Setup,Equipment,Filter Equipment in Catalog,Input,TextBox,,UIInteraction,Text=EDTC-B
43194.1651801273,Setup,Equipment,Filter Equipment in Catalog,Input,TextBox,,UIInteraction,Text=EDTC-B
43194.1652046991,Setup,Equipment,Add Equipment from MyEquipment to ToolString,Click,ContextMenu,Add to ToolString,UIInteraction,EquipmentName=EDTC-B
43194.16521875,Setup,Equipment,Filter Equipment in Catalog,Input,TextBox,,UIInteraction,Text=AH-169
43194.165218831,Setup,Equipment,Filter Equipment in Catalog,Input,TextBox,,UIInteraction,Text=AH-169
43194.1652431134,Setup,Equipment,Add Equipment from MyEquipment to ToolString,Click,ContextMenu,Add to ToolString,UIInteraction,EquipmentName=AH-169
43194.1652565856,Setup,Equipment,Filter Equipment in Catalog,Input,TextBox,,UIInteraction,Text=LEH-QT: 123
43194.1652566319,Setup,Equipment,Filter Equipment in Catalog,Input,TextBox,,UIInteraction,Text=LEH-QT: 123
43194.1652814236,Setup,Equipment,Add Equipment from MyEquipment to ToolString,Click,ContextMenu,Add to ToolString,UIInteraction,EquipmentName=LEH-QT: 123
43194.1653191551,Setup,Equipment,Delete ToolString,Click,ContextMenu,Delete,UIInteraction,ToolstringGuid=705DCFF8-508D-41C3-B90B-D7A8CEC31529
43194.1654434259,Setup,Equipment,Filter Equipment in Catalog,Input,TextBox,,UIInteraction,Text=FBST-B: 123
43194.1654434722,Setup,Equipment,Filter Equipment in Catalog,Input,TextBox,,UIInteraction,Text=FBST-B: 123
43194.165486088,Setup,Equipment,Filter Equipment in Catalog,Input,TextBox,,UIInteraction,Text=DSST-B
43194.1654861343,Setup,Equipment,Filter Equipment in Catalog,Input,TextBox,,UIInteraction,Text=DSST-B
43194.1655308681,Setup,Equipment,Filter Equipment in Catalog,Input,TextBox,,UIInteraction,Text=HRLT-B
43194.1655309144,Setup,Equipment,Filter Equipment in Catalog,Input,TextBox,,UIInteraction,Text=HRLT-B
43194.1655721065,Setup,Equipment,Filter Equipment in Catalog,Input,TextBox,,UIInteraction,Text=HDRS-B
43194.1655721528,Setup,Equipment,Filter Equipment in Catalog,Input,TextBox,,UIInteraction,Text=HDRS-B
43194.1656171528,Setup,Equipment,Filter Equipment in Catalog,Input,TextBox,,UIInteraction,Text=HGNS-B: 123
43194.1656171991,Setup,Equipment,Filter Equipment in Catalog,Input,TextBox,,UIInteraction,Text=HGNS-B: 123
43194.1656584259,Setup,Equipment,Filter Equipment in Catalog,Input,TextBox,,UIInteraction,Text=Adaptor_Head
43194.1656584722,Setup,Equipment,Filter Equipment in Catalog,Input,TextBox,,UIInteraction,Text=Adaptor_Head
43194.165695544,Setup,Equipment,Filter Equipment in Catalog,Input,TextBox,,UIInteraction,Text=EDTC-B
43194.1656955903,Setup,Equipment,Filter Equipment in Catalog,Input,TextBox,,UIInteraction,Text=EDTC-B
43194.1657342361,Setup,Equipment,Filter Equipment in Catalog,Input,TextBox,,UIInteraction,Text=AH-169
43194.1657342824,Setup,Equipment,Filter Equipment in Catalog,Input,TextBox,,UIInteraction,Text=AH-169
43194.1657714236,Setup,Equipment,Filter Equipment in Catalog,Input,TextBox,,UIInteraction,Text=LEH-QT: 123
43194.1657714815,Setup,Equipment,Filter Equipment in Catalog,Input,TextBox,,UIInteraction,Text=LEH-QT: 123
43194.1658106481,Setup,Equipment,Filter Equipment in Catalog,Input,TextBox,,UIInteraction,Text=CME-AR: 123
43194.1658106944,Setup,Equipment,Filter Equipment in Catalog,Input,TextBox,,UIInteraction,Text=CME-AR: 123
43194.165848287,Setup,Equipment,Filter Equipment in Catalog,Input,TextBox,,UIInteraction,Text=STANDOFF: 123ME
43194.1658482407,Setup,Equipment,Filter Equipment in Catalog,Input,TextBox,,UIInteraction,Text=STANDOFF: 123ME
43194.1658996412,Setup,Equipment,Copy ToolString,Click,ContextMenu,Create Copy,UIInteraction,Source TooStringGuid=E176D53B-4A8C-42BD-B59E-45060CC95B6E;Source ToolString Name=TS1
43194.1660883333,Setup,Equipment,Rename ToolString,Input,TextBox,Copy2,UIInteraction,ToolstringGuid=E8EE246B-2FC3-400C-A826-F9630A411BA1
43194.1660841319,Setup,Equipment,Rename ToolString,Click,ContextMenu,Rename,UIInteraction,
43194.166203831,Setup,Properties & Parameters,Change Property Value,Update,GridCell,1.002,UIInteraction,OSDD=EP_INNER_DIAMETER;EnsemblePath=STANDOFF
43194.1663434606,Setup,Properties & Parameters,Change Property Value,Update,GridCell,19.2,UIInteraction,OSDD=EP_OUTER_DIAMETER;EnsemblePath=STANDOFF
43194.1664818287,Setup,Properties & Parameters,Change Property Value,Update,GridCell,180.2,UIInteraction,OSDD=STANDOFF Angular Position;EnsemblePath=STANDOFF
43194.1666206481,Setup,Properties & Parameters,Change Property Value,Update,GridCell,1.52,UIInteraction,OSDD=STANDOFF Linear Position;EnsemblePath=STANDOFF
43194.1667552546,Setup,Properties & Parameters,Change Property Value,Update,GridCell,3.372,UIInteraction,OSDD=EP_INNER_DIAMETER;EnsemblePath=FBST-B:STANDOFF
43194.1668935648,Setup,Properties & Parameters,Change Property Value,Update,GridCell,4.372,UIInteraction,OSDD=EP_OUTER_DIAMETER;EnsemblePath=FBST-B:STANDOFF
43194.1670320949,Setup,Properties & Parameters,Change Property Value,Update,GridCell,1.2,UIInteraction,OSDD=EP_LENGTH;EnsemblePath=Adaptor_Head
43194.1671702778,Setup,Properties & Parameters,Change Property Value,Update,GridCell,10.2,UIInteraction,OSDD=EP_WEIGHT;EnsemblePath=Adaptor_Head
43194.1673050116,Setup,Properties & Parameters,Change Property Value,Update,GridCell,6.2,UIInteraction,OSDD=EP_MAX_OD;EnsemblePath=Adaptor_Head
43194.1674406481,Setup,Properties & Parameters,Change Property Value,Update,GridCell,25.2,UIInteraction,OSDD=EP_MAX_PRESSURE;EnsemblePath=Adaptor_Head
43194.1675768056,Setup,Properties & Parameters,Change Property Value,Update,GridCell,152,UIInteraction,OSDD=EP_MAX_TEMP;EnsemblePath=Adaptor_Head
43194.1677169213,Setup,Properties & Parameters,Change Property Value,Update,GridCell,MAGMAT_BOTTOM,UIInteraction,OSDD=EP_HAS_MAG_MAT;EnsemblePath=Adaptor_Head
43194.1679290625,Setup,Properties & Parameters,Change Property Value,Update,GridCell,TS12,UIInteraction,OSDD=EP_SERIAL_NUMBER;EnsemblePath=FBST-B:FBSS-B:FBSS-B
43194.1680644676,Setup,Properties & Parameters,Change Property Value,Update,GridCell,TS12,UIInteraction,OSDD=EP_SERIAL_NUMBER;EnsemblePath=LEH-QT:ECRD-E:ECRD-E Housing
43194.1680852199,Setup,Properties & Parameters,Change Property Value,Update,GridCell,TS12,UIInteraction,OSDD=EP_SERIAL_NUMBER;EnsemblePath=LEH-QT:ECRD-E:ECRD-E Idle
43194.1681067477,Setup,Properties & Parameters,Change Property Value,Update,GridCell,TS12,UIInteraction,OSDD=EP_SERIAL_NUMBER;EnsemblePath=LEH-QT:LEH-QT:LEH-QT
43194.168245162,Setup,Properties & Parameters,Change Property Value,Update,GridCell,TS12,UIInteraction,OSDD=EP_SERIAL_NUMBER;EnsemblePath=HDRS-B:HRMS-B:HRGD-H
43194.1683804398,Setup,Properties & Parameters,Change Property Value,Update,GridCell,TS12,UIInteraction,OSDD=EP_SERIAL_NUMBER;EnsemblePath=DSST-B:SPAC-B:ECH-SD
43194.1685151852,Setup,Properties & Parameters,Change Property Value,Update,GridCell,TS12,UIInteraction,OSDD=Identifier;EnsemblePath=FBST-B:STANDOFF
43194.1686510764,Setup,Properties & Parameters,Change Property Value,Update,GridCell,TS12,UIInteraction,OSDD=Identifier;EnsemblePath=STANDOFF
43194.1687947917,Setup,Properties & Parameters,Change Property Value,Update,GridCell,TS12,UIInteraction,OSDD=ToolIdentifier;EnsemblePath=LEH-QT
43194.1689363657,Setup,Properties & Parameters,Change Property Value,Update,GridCell,TS12,UIInteraction,OSDD=ToolIdentifier;EnsemblePath=HGNS-B
43194.1690733333,Setup,Properties & Parameters,Change Property Value,Update,GridCell,TS12,UIInteraction,OSDD=Identifier;EnsemblePath=FBST-B:AH-285
43194.1691380671,Setup,Properties & Parameters,Change Property Value,Update,GridCell,TS12,UIInteraction,OSDD=EP_SERIAL_NUMBER;EnsemblePath=WAFE
43194.1691914005,Setup,Properties & Parameters,Change Property Value,Update,GridCell,TS12,UIInteraction,OSDD=EP_SERIAL_NUMBER;EnsemblePath=WITM
43194.1693172222,Setup,Properties & Parameters,Change Property Value,Update,GridCell,1.003,UIInteraction,OSDD=EP_INNER_DIAMETER;EnsemblePath=STANDOFF
43194.1694530556,Setup,Properties & Parameters,Change Property Value,Update,GridCell,19.3,UIInteraction,OSDD=EP_OUTER_DIAMETER;EnsemblePath=STANDOFF
43194.1695915046,Setup,Properties & Parameters,Change Property Value,Update,GridCell,180.3,UIInteraction,OSDD=STANDOFF Angular Position;EnsemblePath=STANDOFF
43194.1697286574,Setup,Properties & Parameters,Change Property Value,Update,GridCell,1.53,UIInteraction,OSDD=STANDOFF Linear Position;EnsemblePath=STANDOFF
43194.1698842593,Setup,Properties & Parameters,Change Property Value,Update,GridCell,AH-285,UIInteraction,OSDD=EP_CUST_EQP_TYPE;EnsemblePath=FBST-B:AH-185
43194.1700942593,Setup,Properties & Parameters,Change Property Value,Update,GridCell,3.373,UIInteraction,OSDD=EP_INNER_DIAMETER;EnsemblePath=FBST-B:STANDOFF
43194.1702311574,Setup,Properties & Parameters,Change Property Value,Update,GridCell,4.373,UIInteraction,OSDD=EP_OUTER_DIAMETER;EnsemblePath=FBST-B:STANDOFF
43194.1703666782,Setup,Properties & Parameters,Change Property Value,Update,GridCell,1.003,UIInteraction,OSDD=EP_LENGTH;EnsemblePath=Adaptor_Head
43194.1705038194,Setup,Properties & Parameters,Change Property Value,Update,GridCell,10.3,UIInteraction,OSDD=EP_WEIGHT;EnsemblePath=Adaptor_Head
43194.1706391204,Setup,Properties & Parameters,Change Property Value,Update,GridCell,6.003,UIInteraction,OSDD=EP_MAX_OD;EnsemblePath=Adaptor_Head
43194.1707746065,Setup,Properties & Parameters,Change Property Value,Update,GridCell,25.3,UIInteraction,OSDD=EP_MAX_PRESSURE;EnsemblePath=Adaptor_Head
43194.1709104861,Setup,Properties & Parameters,Change Property Value,Update,GridCell,150.3,UIInteraction,OSDD=EP_MAX_TEMP;EnsemblePath=Adaptor_Head
43194.1711531944,Setup,Properties & Parameters,Change Property Value,Update,GridCell,MAGMAT_BOTTOM,UIInteraction,OSDD=EP_HAS_MAG_MAT;EnsemblePath=Adaptor_Head
43194.1713640162,Setup,Properties & Parameters,Change Property Value,Update,GridCell,Copy1,UIInteraction,OSDD=EP_SERIAL_NUMBER;EnsemblePath=FBST-B:FBSS-B:FBSS-B
43194.1715031134,Setup,Properties & Parameters,Change Property Value,Update,GridCell,Copy1,UIInteraction,OSDD=EP_SERIAL_NUMBER;EnsemblePath=LEH-QT:LEH-QT:LEH-QT
43194.171641956,Setup,Properties & Parameters,Change Property Value,Update,GridCell,Copy1,UIInteraction,OSDD=EP_SERIAL_NUMBER;EnsemblePath=HDRS-B:HRMS-B:HRGD-B
43194.1717751273,Setup,Properties & Parameters,Change Property Value,Update,GridCell,Copy1,UIInteraction,OSDD=EP_SERIAL_NUMBER;EnsemblePath=DSST-B:SPAC-B:ECH-SD
43194.1719137616,Setup,Properties & Parameters,Change Property Value,Update,GridCell,Copy1,UIInteraction,OSDD=EP_SERIAL_NUMBER;EnsemblePath=DSST-B:CME-AR
43194.1720511227,Setup,Properties & Parameters,Change Property Value,Update,GridCell,Copy1,UIInteraction,OSDD=Identifier;EnsemblePath=FBST-B:STANDOFF
43194.1721872454,Setup,Properties & Parameters,Change Property Value,Update,GridCell,Copy1,UIInteraction,OSDD=Identifier;EnsemblePath=STANDOFF
43194.1723247917,Setup,Properties & Parameters,Change Property Value,Update,GridCell,Copy1,UIInteraction,OSDD=ToolIdentifier;EnsemblePath=LEH-QT
43194.1724696644,Setup,Properties & Parameters,Change Property Value,Update,GridCell,Copy1,UIInteraction,OSDD=ToolIdentifier;EnsemblePath=HGNS-B
43194.1726068866,Setup,Properties & Parameters,Change Property Value,Update,GridCell,Copy1,UIInteraction,OSDD=Identifier;EnsemblePath=FBST-B:AH-285
43194.1727775116,Setup,Properties & Parameters,Change Property Value,Update,GridCell,Yes,UIInteraction,OSDD=AH-184;EnsemblePath=FBST-B
43194.1733502199,Setup,Properties & Parameters,Change Property Value,Update,GridCell,HRMS-H,UIInteraction,OSDD=EP_CUST_EQP_TYPE;EnsemblePath=HDRS-B:HRMS-B:HRMS-B
43194.1736842361,Setup,Properties & Parameters,Change Property Value,Update,GridCell,HRCC-H,UIInteraction,OSDD=EP_CUST_EQP_TYPE;EnsemblePath=HDRS-B:HRCC-B
43194.1739111458,Setup,Properties & Parameters,Change Property Value,Update,GridCell,ECRD-E,UIInteraction,OSDD=EP_WEAKPOINT_CODE;EnsemblePath=LEH-QT
43194.1742521412,Setup,Properties & Parameters,Change Property Value,Update,GridCell,Yes,UIInteraction,OSDD=HSTS-B;EnsemblePath=HGNS-B
43194.1745984143,Setup,Properties & Parameters,Change Property Value,Update,GridCell,DSST-BE,UIInteraction,OSDD=EP_FILE_CODE;EnsemblePath=DSST-B
43194.1749235301,Setup,Properties & Parameters,Change Property Value,Update,GridCell,HRGD-H,UIInteraction,OSDD=EP_CUST_EQP_TYPE;EnsemblePath=HDRS-B:HRMS-B:HRGD-B
43194.1750691782,Setup,Properties & Parameters,Change Property Value,Update,GridCell,7-48AK-US,UIInteraction,OSDD=EP_LCEQUIP_TYP;EnsemblePath=LOGGING_CABLE
43194.1753262384,Setup,Properties & Parameters,Change Property Value,Update,GridCell,Copy1,UIInteraction,OSDD=EP_SERIAL_NUMBER;EnsemblePath=WAFE
43194.1753803009,Setup,Properties & Parameters,Change Property Value,Update,GridCell,Copy1,UIInteraction,OSDD=EP_SERIAL_NUMBER;EnsemblePath=WITM
43194.1754334375,Setup,Properties & Parameters,Change Property Value,Update,GridCell,2,UIInteraction,OSDD=WHEEL_CORR1;EnsemblePath=DEPTH_DEVICE
43194.1754910301,Setup,Properties & Parameters,Change Property Value,Update,GridCell,01-Jul-2013,UIInteraction,OSDD=CALI_DATE;EnsemblePath=TENSION_DEVICE
43194.1755525116,Setup,Equipment,Delete Equipment,Click,ContextMenu,Delete,UIInteraction,EquipName=EDTG-A;ToolPath=Copy1:EDTC-B:EDTC-B:EDTG-A
43194.1758460648,Setup,Equipment,Delete Equipment,Click,ContextMenu,Delete,UIInteraction,EquipName=SSIJ-BA;ToolPath=Copy1:DSST-B:SSIJ-BA
43194.1759196759,Setup,Equipment,Delete Equipment,Click,ContextMenu,Delete,UIInteraction,EquipName=GSR-J;ToolPath=Copy1:HDRS-B:HRMS-B:GSR-J
43194.1759928125,Setup,Equipment,Delete Equipment,Click,ContextMenu,Delete,UIInteraction,EquipName=EME-L;ToolPath=Copy1:HGNS-B: Copy1:EME-L
43194.1760658102,Setup,Equipment,Delete Equipment,Click,ContextMenu,Delete,UIInteraction,EquipName=STANDOFF: Copy1;ToolPath=Copy1:FBST-B: Copy1:STANDOFF: Copy1
43194.1764802894,Setup,Properties & Parameters,Change Property Value,Update,GridCell,Yes,UIInteraction,OSDD=Standoff;EnsemblePath=FBST-B
43194.1766428241,Setup,Equipment,Delete Equipment,Click,ContextMenu,Delete,UIInteraction,EquipName=STANDOFF;ToolPath=Copy1:FBST-B: Copy1:STANDOFF
43194.1767155208,Setup,Equipment,Delete Equipment,Click,ContextMenu,Delete,UIInteraction,EquipName=Adaptor_Head;ToolPath=Copy1:Adaptor_Head
43194.1767886227,Setup,Equipment,Delete Equipment,Click,ContextMenu,Delete,UIInteraction,EquipName=FBST-B: Copy1;ToolPath=Copy1:FBST-B: Copy1
43194.176863125,Setup,Equipment,Delete Equipment,Click,ContextMenu,Delete,UIInteraction,EquipName=DSST-B;ToolPath=Copy1:DSST-B
43194.176937581,Setup,Equipment,Delete Equipment,Click,ContextMenu,Delete,UIInteraction,EquipName=HRLT-B;ToolPath=Copy1:HRLT-B
43194.1770109144,Setup,Equipment,Delete Equipment,Click,ContextMenu,Delete,UIInteraction,EquipName=HDRS-B;ToolPath=Copy1:HDRS-B
43194.1770839583,Setup,Equipment,Delete Equipment,Click,ContextMenu,Delete,UIInteraction,EquipName=HGNS-B: Copy1;ToolPath=Copy1:HGNS-B: Copy1
43194.1771575347,Setup,Equipment,Delete Equipment,Click,ContextMenu,Delete,UIInteraction,EquipName=STANDOFF: Copy1;ToolPath=Copy1:STANDOFF: Copy1
43194.177228588,Setup,Equipment,Delete Equipment,Click,ContextMenu,Delete,UIInteraction,EquipName=EDTC-B;ToolPath=Copy1:EDTC-B
43194.1773006366,Setup,Equipment,Delete Equipment,Click,ContextMenu,Delete,UIInteraction,EquipName=AH-169;ToolPath=Copy1:AH-169
43194.1773713889,Setup,Equipment,Delete Equipment,Click,ContextMenu,Delete,UIInteraction,EquipName=LEH-QT: Copy1: Copy1;ToolPath=Copy1:LEH-QT: Copy1: Copy1
43194.1774081019,Setup,Equipment,Delete ToolString,Click,ContextMenu,Delete,UIInteraction,ToolstringGuid=E880FD02-BAD7-4D66-AFFB-CD7E537FAA5D
43194.1775638773,Setup,Equipment,Delete Equipment,Click,ContextMenu,Delete,UIInteraction,EquipName=STANDOFF: TS12;ToolPath=TS1:FBST-B: TS12:STANDOFF: TS12
43194.1776368287,Setup,Equipment,Delete Equipment,Click,ContextMenu,Delete,UIInteraction,EquipName=FBST-B: TS12;ToolPath=TS1:FBST-B: TS12
43194.1777112037,Setup,Equipment,Delete Equipment,Click,ContextMenu,Delete,UIInteraction,EquipName=Adaptor_Head;ToolPath=TS1:Adaptor_Head
43194.1777852083,Setup,Equipment,Delete Equipment,Click,ContextMenu,Delete,UIInteraction,EquipName=DSST-B;ToolPath=TS1:DSST-B
43194.1778595255,Setup,Equipment,Delete Equipment,Click,ContextMenu,Delete,UIInteraction,EquipName=HRLT-B;ToolPath=TS1:HRLT-B
43194.1779331944,Setup,Equipment,Delete Equipment,Click,ContextMenu,Delete,UIInteraction,EquipName=HDRS-B;ToolPath=TS1:HDRS-B
43194.1780062847,Setup,Equipment,Delete Equipment,Click,ContextMenu,Delete,UIInteraction,EquipName=HGNS-B: TS12;ToolPath=TS1:HGNS-B: TS12
43194.1780790394,Setup,Equipment,Delete Equipment,Click,ContextMenu,Delete,UIInteraction,EquipName=STANDOFF: TS12;ToolPath=TS1:STANDOFF: TS12
43194.1781501157,Setup,Equipment,Delete Equipment,Click,ContextMenu,Delete,UIInteraction,EquipName=EDTC-B;ToolPath=TS1:EDTC-B
43194.178222662,Setup,Equipment,Delete Equipment,Click,ContextMenu,Delete,UIInteraction,EquipName=AH-169;ToolPath=TS1:AH-169
43194.1782938542,Setup,Equipment,Delete Equipment,Click,ContextMenu,Delete,UIInteraction,EquipName=LEH-QT: TS12: TS12;ToolPath=TS1:LEH-QT: TS12: TS12
43194.1783305208,Setup,Equipment,Delete ToolString,Click,ContextMenu,Delete,UIInteraction,ToolstringGuid=E176D53B-4A8C-42BD-B59E-45060CC95B6E
43194.1784869097,Setup,Equipment,Delete Equipment,Click,ContextMenu,Delete,UIInteraction,EquipName=STANDOFF;ToolPath=Copy2:FBST-B: TS1:STANDOFF
43194.1785591782,Setup,Equipment,Delete Equipment,Click,ContextMenu,Delete,UIInteraction,EquipName=Adaptor_Head;ToolPath=Copy2:Adaptor_Head
43194.1786316898,Setup,Equipment,Delete Equipment,Click,ContextMenu,Delete,UIInteraction,EquipName=FBST-B: TS1;ToolPath=Copy2:FBST-B: TS1
43194.1787051968,Setup,Equipment,Delete Equipment,Click,ContextMenu,Delete,UIInteraction,EquipName=DSST-B;ToolPath=Copy2:DSST-B
43194.1787792708,Setup,Equipment,Delete Equipment,Click,ContextMenu,Delete,UIInteraction,EquipName=HRLT-B;ToolPath=Copy2:HRLT-B
43194.1788522338,Setup,Equipment,Delete Equipment,Click,ContextMenu,Delete,UIInteraction,EquipName=HDRS-B;ToolPath=Copy2:HDRS-B
43194.1789249884,Setup,Equipment,Delete Equipment,Click,ContextMenu,Delete,UIInteraction,EquipName=HGNS-B: TS1;ToolPath=Copy2:HGNS-B: TS1
43194.1789972685,Setup,Equipment,Delete Equipment,Click,ContextMenu,Delete,UIInteraction,EquipName=STANDOFF;ToolPath=Copy2:STANDOFF
43194.1790685185,Setup,Equipment,Delete Equipment,Click,ContextMenu,Delete,UIInteraction,EquipName=EDTC-B;ToolPath=Copy2:EDTC-B
43194.1791401505,Setup,Equipment,Delete Equipment,Click,ContextMenu,Delete,UIInteraction,EquipName=AH-169;ToolPath=Copy2:AH-169
43194.1792111921,Setup,Equipment,Delete Equipment,Click,ContextMenu,Delete,UIInteraction,EquipName=LEH-QT: TS1: TS1;ToolPath=Copy2:LEH-QT: TS1: TS1
43194.1792476042,Setup,Equipment,Delete ToolString,Click,ContextMenu,Delete,UIInteraction,ToolstringGuid=E8EE246B-2FC3-400C-A826-F9630A411BA1
43194.1793612847,Setup,Equipment,New ToolString,Click,ToolbarButton,New ToolString,UIInteraction,ToolstringName=New ToolString;ToolstringGuid=57629885-EC91-4989-A185-659BBF9BB745
43194.1793966782,Setup,Equipment,Rename ToolString,Input,TextBox,TSStep18,UIInteraction,ToolstringGuid=57629885-EC91-4989-A185-659BBF9BB745
43194.1794017593,Setup,Equipment,Filter Equipment in Catalog,Input,TextBox,,UIInteraction,Text=FBST-B
43194.1794018634,Setup,Equipment,Filter Equipment in Catalog,Input,TextBox,,UIInteraction,Text=FBST-B
43194.1794060648,Setup,Equipment,Add Equipment from Catalog to ToolString,Click,ToolbarButton,Add to ToolString,UIInteraction,EquipmentName=FBST-B
43194.179411412,Setup,Equipment,Filter Equipment in Catalog,Input,TextBox,,UIInteraction,Text=DSST-B
43194.179411331,Setup,Equipment,Filter Equipment in Catalog,Input,TextBox,,UIInteraction,Text=DSST-B
43194.1794155671,Setup,Equipment,Add Equipment from Catalog to ToolString,Click,ToolbarButton,Add to ToolString,UIInteraction,EquipmentName=DSST-B
43194.1794203125,Setup,Equipment,Filter Equipment in Catalog,Input,TextBox,,UIInteraction,Text=HRLT-B
43194.1794244907,Setup,Equipment,Add Equipment from Catalog to ToolString,Click,ToolbarButton,Add to ToolString,UIInteraction,EquipmentName=HRLT-B
43194.1794204051,Setup,Equipment,Filter Equipment in Catalog,Input,TextBox,,UIInteraction,Text=HRLT-B
43194.1794296296,Setup,Equipment,Filter Equipment in Catalog,Input,TextBox,,UIInteraction,Text=HDRS-B
43194.179429537,Setup,Equipment,Filter Equipment in Catalog,Input,TextBox,,UIInteraction,Text=HDRS-B
43194.1794337384,Setup,Equipment,Add Equipment from Catalog to ToolString,Click,ToolbarButton,Add to ToolString,UIInteraction,EquipmentName=HDRS-B
43194.1794386227,Setup,Equipment,Filter Equipment in Catalog,Input,TextBox,,UIInteraction,Text=HGNS-B
43194.1794387037,Setup,Equipment,Filter Equipment in Catalog,Input,TextBox,,UIInteraction,Text=HGNS-B
43194.1794430208,Setup,Equipment,Add Equipment from Catalog to ToolString,Click,ToolbarButton,Add to ToolString,UIInteraction,EquipmentName=HGNS-B
43194.1794474653,Setup,Equipment,Filter Equipment in Catalog,Input,TextBox,,UIInteraction,Text=Adaptor_Head
43194.1794473611,Setup,Equipment,Filter Equipment in Catalog,Input,TextBox,,UIInteraction,Text=Adaptor_Head
43194.1794520486,Setup,Equipment,Add Equipment from Catalog to ToolString,Click,ToolbarButton,Add to ToolString,UIInteraction,EquipmentName=Adaptor_Head
43194.1794542014,Setup,Equipment,Filter Equipment in Catalog,Input,TextBox,,UIInteraction,Text=EDTC-B
43194.1794543056,Setup,Equipment,Filter Equipment in Catalog,Input,TextBox,,UIInteraction,Text=EDTC-B
43194.179460081,Setup,Equipment,Add Equipment from Catalog to ToolString,Click,ToolbarButton,Add to ToolString,UIInteraction,EquipmentName=EDTC-B
43194.1794634491,Setup,Equipment,Filter Equipment in Catalog,Input,TextBox,,UIInteraction,Text=AH-169
43194.1794635417,Setup,Equipment,Filter Equipment in Catalog,Input,TextBox,,UIInteraction,Text=AH-169
43194.1794705556,Setup,Equipment,Filter Equipment in Catalog,Input,TextBox,,UIInteraction,Text=LEH-QT
43194.1794706713,Setup,Equipment,Filter Equipment in Catalog,Input,TextBox,,UIInteraction,Text=LEH-QT
43194.1794682407,Setup,Equipment,Add Equipment from Catalog to ToolString,Click,ToolbarButton,Add to ToolString,UIInteraction,EquipmentName=AH-169
43194.1794763426,Setup,Equipment,Add Equipment from Catalog to ToolString,Click,ToolbarButton,Add to ToolString,UIInteraction,EquipmentName=LEH-QT
43194.1795109838,Setup,Run Manager (Internal),Associate toolstring to run,Update,GridCell,TSStep18,UIInteraction,RunGuid=197E1060-BA7F-4A5B-A1D8-73B586EA34BA;ToolstringGuid=57629885-EC91-4989-A185-659BBF9BB745;DownholeEquipments=FBST-BDSST-BHRLT-BHDRS-BHGNS-BEDTC-BLEH-QTAH-185STANDOFFAH-270EME-LAdaptor_HeadAH-169;TSLevelActiveSurfaceEquips=DEPTH_DEVICETENSION_DEVICELOGGING_CABLEWAFEWITM
43194.1796449074,Setup,Equipment,Close Toolstring Validation UI,Click,Button,Close,UIInteraction,ToolstringGuid=57629885-EC91-4989-A185-659BBF9BB745
43194.1796928935,Setup,Equipment,Delete Equipment,Click,ContextMenu,Delete,UIInteraction,EquipName=STANDOFF;ToolPath=Run 1 : TSStep18:FBST-B:STANDOFF
43194.1797653704,Setup,Equipment,Delete Equipment,Click,ContextMenu,Delete,UIInteraction,EquipName=Adaptor_Head;ToolPath=Run 1 : TSStep18:Adaptor_Head
43194.179837662,Setup,Equipment,Delete Equipment,Click,ContextMenu,Delete,UIInteraction,EquipName=FBST-B;ToolPath=Run 1 : TSStep18:FBST-B
43194.1799116898,Setup,Equipment,Delete Equipment,Click,ContextMenu,Delete,UIInteraction,EquipName=DSST-B;ToolPath=Run 1 : TSStep18:DSST-B
43194.1799856829,Setup,Equipment,Delete Equipment,Click,ContextMenu,Delete,UIInteraction,EquipName=HRLT-B;ToolPath=Run 1 : TSStep18:HRLT-B
43194.1800579282,Setup,Equipment,Delete Equipment,Click,ContextMenu,Delete,UIInteraction,EquipName=HDRS-B;ToolPath=Run 1 : TSStep18:HDRS-B
43194.1801302894,Setup,Equipment,Delete Equipment,Click,ContextMenu,Delete,UIInteraction,EquipName=HGNS-B;ToolPath=Run 1 : TSStep18:HGNS-B
43194.1802023958,Setup,Equipment,Delete Equipment,Click,ContextMenu,Delete,UIInteraction,EquipName=EDTC-B;ToolPath=Run 1 : TSStep18:EDTC-B
43194.1802738542,Setup,Equipment,Delete Equipment,Click,ContextMenu,Delete,UIInteraction,EquipName=AH-169;ToolPath=Run 1 : TSStep18:AH-169
43194.180344919,Setup,Equipment,Delete Equipment,Click,ContextMenu,Delete,UIInteraction,EquipName=LEH-QT;ToolPath=Run 1 : TSStep18:LEH-QT
43194.1803748495,Setup,Equipment,New ToolString,Click,ToolbarButton,New ToolString,UIInteraction,ToolstringName=New ToolString;ToolstringGuid=C6DF0654-29B8-4336-A643-B8A2DCB3DE19
43194.180409838,Setup,Equipment,Rename ToolString,Input,TextBox,TSStep21,UIInteraction,ToolstringGuid=C6DF0654-29B8-4336-A643-B8A2DCB3DE19
43194.180415463,Setup,Equipment,Filter Equipment in Catalog,Input,TextBox,,UIInteraction,Text=FBST-B
43194.1804155787,Setup,Equipment,Filter Equipment in Catalog,Input,TextBox,,UIInteraction,Text=FBST-B
43194.1804199769,Setup,Equipment,Add Equipment from Catalog to ToolString,Click,ToolbarButton,Add to ToolString,UIInteraction,EquipmentName=FBST-B
43194.1804256481,Setup,Equipment,Filter Equipment in Catalog,Input,TextBox,,UIInteraction,Text=DSST-B
43194.1804257523,Setup,Equipment,Filter Equipment in Catalog,Input,TextBox,,UIInteraction,Text=DSST-B
43194.1804353125,Setup,Equipment,Filter Equipment in Catalog,Input,TextBox,,UIInteraction,Text=HRLT-B
43194.1804354051,Setup,Equipment,Filter Equipment in Catalog,Input,TextBox,,UIInteraction,Text=HRLT-B
43194.1804304398,Setup,Equipment,Add Equipment from Catalog to ToolString,Click,ToolbarButton,Add to ToolString,UIInteraction,EquipmentName=DSST-B
43194.1804396181,Setup,Equipment,Add Equipment from Catalog to ToolString,Click,ToolbarButton,Add to ToolString,UIInteraction,EquipmentName=HRLT-B
43194.1804446412,Setup,Equipment,Filter Equipment in Catalog,Input,TextBox,,UIInteraction,Text=HDRS-B
43194.1804448148,Setup,Equipment,Filter Equipment in Catalog,Input,TextBox,,UIInteraction,Text=HDRS-B
43194.1804487963,Setup,Equipment,Add Equipment from Catalog to ToolString,Click,ToolbarButton,Add to ToolString,UIInteraction,EquipmentName=HDRS-B
43194.1804538657,Setup,Equipment,Filter Equipment in Catalog,Input,TextBox,,UIInteraction,Text=HGNS-B
43194.180457963,Setup,Equipment,Add Equipment from Catalog to ToolString,Click,ToolbarButton,Add to ToolString,UIInteraction,EquipmentName=HGNS-B
43194.1804539468,Setup,Equipment,Filter Equipment in Catalog,Input,TextBox,,UIInteraction,Text=HGNS-B
43194.1804626157,Setup,Equipment,Filter Equipment in Catalog,Input,TextBox,,UIInteraction,Text=Adaptor_Head
43194.1804692593,Setup,Equipment,Filter Equipment in Catalog,Input,TextBox,,UIInteraction,Text=EDTC-B
43194.1804624653,Setup,Equipment,Filter Equipment in Catalog,Input,TextBox,,UIInteraction,Text=Adaptor_Head
43194.1804671296,Setup,Equipment,Add Equipment from Catalog to ToolString,Click,ToolbarButton,Add to ToolString,UIInteraction,EquipmentName=Adaptor_Head
43194.1804693634,Setup,Equipment,Filter Equipment in Catalog,Input,TextBox,,UIInteraction,Text=EDTC-B
43194.1804751273,Setup,Equipment,Add Equipment from Catalog to ToolString,Click,ToolbarButton,Add to ToolString,UIInteraction,EquipmentName=EDTC-B
43194.180478669,Setup,Equipment,Filter Equipment in Catalog,Input,TextBox,,UIInteraction,Text=AH-169
43194.1804787731,Setup,Equipment,Filter Equipment in Catalog,Input,TextBox,,UIInteraction,Text=AH-169
43194.1804833102,Setup,Equipment,Add Equipment from Catalog to ToolString,Click,ToolbarButton,Add to ToolString,UIInteraction,EquipmentName=AH-169
43194.1804853241,Setup,Equipment,Filter Equipment in Catalog,Input,TextBox,,UIInteraction,Text=LEH-QT
43194.1804914583,Setup,Equipment,Add Equipment from Catalog to ToolString,Click,ToolbarButton,Add to ToolString,UIInteraction,EquipmentName=LEH-QT
43194.1804854514,Setup,Equipment,Filter Equipment in Catalog,Input,TextBox,,UIInteraction,Text=LEH-QT
43194.1805102315,Setup,Run Manager (Internal),Create new run,Click,ToolbarButton,New Run,UIInteraction,JobGuid=9362077F-849B-43ED-9AED-DFDACFC5156F
43194.1806328356,Setup,Run Manager (Internal),Associate toolstring to run,Update,GridCell,TSStep21,UIInteraction,RunGuid=E4B69D48-3818-40C7-818D-8F9CA1554D9F;ToolstringGuid=C6DF0654-29B8-4336-A643-B8A2DCB3DE19;DownholeEquipments=FBST-BDSST-BHRLT-BHDRS-BHGNS-BEDTC-BLEH-QTAH-185STANDOFFAH-270EME-LAdaptor_HeadAH-169;TSLevelActiveSurfaceEquips=DEPTH_DEVICETENSION_DEVICELOGGING_CABLEWAFEWITM
43194.1814614931,Setup,Equipment,Close Toolstring Validation UI,Click,Button,Close,UIInteraction,ToolstringGuid=C6DF0654-29B8-4336-A643-B8A2DCB3DE19
43194.1815020949,Setup,Run Manager (Internal),Delete run,Click,ToolbarButton,Delete Run,UIInteraction,RunGuid=E4B69D48-3818-40C7-818D-8F9CA1554D9F
43194.1816290625,Setup,Run Manager (Internal),Associate toolstring to run,Update,GridCell,TSStep21,UIInteraction,RunGuid=197E1060-BA7F-4A5B-A1D8-73B586EA34BA;ToolstringGuid=C6DF0654-29B8-4336-A643-B8A2DCB3DE19;DownholeEquipments=FBST-BDSST-BHRLT-BHDRS-BHGNS-BEDTC-BLEH-QTAH-185STANDOFFAH-270EME-LAdaptor_HeadAH-169;TSLevelActiveSurfaceEquips=DEPTH_DEVICETENSION_DEVICELOGGING_CABLEWAFEWITM
43194.1816636343,Setup,Equipment,Delete ToolString,Click,ContextMenu,Delete,UIInteraction,ToolstringGuid=57629885-EC91-4989-A185-659BBF9BB745
43194.1817947106,Setup,Run Manager (Internal),Start Run,Click,Button,Start,UIInteraction,RunGuid=197E1060-BA7F-4A5B-A1D8-73B586EA34BA;ToolstringGuid=C6DF0654-29B8-4336-A643-B8A2DCB3DE19;DownholeEquipments=FBST-B:DSST-B:HRLT-B:HDRS-B:HGNS-B:Adaptor_Head:EDTC-B:AH-169:LEH-QT;TSLevelActiveSurfaceEquips=WAFE:LOGGING_CABLE:TENSION_DEVICE:DEPTH_DEVICE
43194.1819047454,Setup,Equipment,Activate Run,Click,Button,Activate,UIInteraction,ToolstringGuid=C6DF0654-29B8-4336-A643-B8A2DCB3DE19;DownholeEquipments=FBST-B:DSST-B:HRLT-B:HDRS-B:HGNS-B:Adaptor_Head:EDTC-B:AH-169:LEH-QT;TSLevelActiveSurfaceEquips=WAFE:LOGGING_CABLE:TENSION_DEVICE:DEPTH_DEVICE
43194.1821372107,Simulation,UI Framework,Start Console,,,Simulation Console - Job BLRWLTS1,UIAutomatic,
43194.1822249537,WLAcquisition,Calibration,Select Calibration Report Type,Click,ComboBox,Technical Concise,UIInteraction,
43194.1822981597,WLAcquisition,UI Framework,Start Console,,,Acquisition Console - Job BLRWLTS1 - Run 1,UIAutomatic,
43194.1823633912,WLAcquisition,Calibration,Select Calibration in Calibration Report,Click,ComboBox,HTEN Before Calibration,UIInteraction,
43194.1823634144,WLAcquisition,Calibration,Select Tool in Calibration Report,Click,ComboBox,LEH-QT,UIInteraction,ToolName=LEH-QT
43194.1824708102,WLAcquisition,Data Acquiring - WL,Connect Hardware,Click,ToolbarButton,Connect to Hardware,UIInteraction,
43194.1827076505,WLAcquisition,Data Acquiring - WL,Start Dataflow,Click,ToolbarButton,Start Data Flow,UIInteraction,
43194.1828777431,WLAcquisition,Data Acquiring - WL,Enable Tool Power,Click,ToolbarButton,Enable Tool Power,UIInteraction,
43194.1828910069,WLAcquisition,EDTC-B,Read Memory Data,,,,UIAutomatic,TaskName=EDTC-B: Read Memory Data
43194.1828922569,WLAcquisition,UI Framework,Switch Tab,Click,Tab,Calibrations,UIInteraction,
43194.1829237037,WLAcquisition,Calibration,Choose Available Calibration,Click,ComboBox,04:23:23.101 04-Apr-2018,UIInteraction,
43194.1829246875,Setup,Computation / Recomputation,ProcessRecomputeState,,,,UIAutomatic,JobGuid=9362077F-849B-43ED-9AED-DFDACFC5156F;State=UIS_RECOMPUTATION_STATE_PENDING;Scope=JobScope;RecompPercentageComplete=;MultipleRunsAffected=False;ActiveRunAffected=True;ActiveRunInProgress=False;RunCount=1;Run0Change0=Calibration;Run0Guid=197E1060-BA7F-4A5B-A1D8-73B586EA34BA
43194.1829248032,WLAcquisition,Calibration,Choose Available Calibration,Click,ComboBox,04:23:23.101 04-Apr-2018,UIInteraction,
43194.1829266667,WLAcquisition,Computation / Recomputation,ProcessRecomputeState,,,,UIAutomatic,JobGuid=9362077F-849B-43ED-9AED-DFDACFC5156F;State=UIS_RECOMPUTATION_STATE_PENDING;Scope=JobScope;RecompPercentageComplete=;MultipleRunsAffected=False;ActiveRunAffected=True;ActiveRunInProgress=False;RunCount=1;Run0Change0=Calibration;Run0Guid=197E1060-BA7F-4A5B-A1D8-73B586EA34BA
43194.1846877083,WLAcquisition,Depth Log/Station Planning,Perform Logging Task,RightClick,TreeView,Depth Log,UIInteraction,TaskName=Depth Log
43194.1847017824,WLAcquisition,Depth Log/Station Planning,Perform Logging Task,Click,ContextMenu,Perform,UIInteraction,TaskName=Depth Log
43194.1850632755,WLAcquisition,Data Acquiring - WL,Start Depth Pass,Click,Button,Start,UIInteraction,PassGuid=421C2D1A-7E8B-428D-9651-EE8346FF7BC5;Objective=Log;Direction=Up;Depth=0
43194.1851332176,WLAcquisition,Data Acquiring - WL,Continue Depth Pass,Click,Button,Continue,UIInteraction,PassGuid=421C2D1A-7E8B-428D-9651-EE8346FF7BC5;Objective=Log;Direction=Up;Depth=0
43194.185147419,WLAcquisition,UI Framework,Switch Tab,Click,Tab,MD,UIInteraction,
43194.1855112732,WLAcquisition,Data Acquiring - WL,Unlock Pass,Click,ToolbarButton,Click to Unlock Stop Button,UIInteraction,
43194.185622338,WLAcquisition,Data Acquiring - WL,Stop Depth Pass,Click,Button,Stop,UIInteraction,PassGuid=421C2D1A-7E8B-428D-9651-EE8346FF7BC5;Depth=-5.47878
43194.1856774537,WLAcquisition,Data Acquiring - WL,Unlock 3 Buttons,Click,ToolbarButton,Unlock,UIInteraction,
43194.1856803125,WLAcquisition,Data Acquiring - WL,Disable Tool Power,Click,ToolbarButton,Disable Tool Power,UIInteraction,
43194.185785,WLAcquisition,Data Acquiring - WL,Stop Dataflow,Click,ToolbarButton,Stop Data Flow,UIInteraction,
43194.1858966204,WLAcquisition,Data Acquiring - WL,Disconnect Hardware,Click,ToolbarButton,Disconnect From Hardware,UIInteraction,
43194.1859865856,Setup,Run Manager (Internal),Stop Run,Click,Button,Stop,UIInteraction,RunGuid=197E1060-BA7F-4A5B-A1D8-73B586EA34BA
43194.1860311458,Setup,Run Manager (Internal),Confirm to Stop Run,Click,Button,OK,UIInteraction,RunGuid=197E1060-BA7F-4A5B-A1D8-73B586EA34BA
43194.1860862269,Simulation,UI Framework,Close Console,Click,Button,,UIInteraction,JobGuid=9362077F-849B-43ED-9AED-DFDACFC5156F
43194.1861726389,Setup,Equipment,Copy ToolString,Click,ContextMenu,Create Copy,UIInteraction,Source TooStringGuid=C6DF0654-29B8-4336-A643-B8A2DCB3DE19;Source ToolString Name=TSStep21
43194.1863576157,Setup,Equipment,Rename ToolString,Click,ContextMenu,Rename,UIInteraction,
43194.186362581,Setup,Equipment,Rename ToolString,Input,TextBox,Run1C1,UIInteraction,ToolstringGuid=D8F8F4BF-8F54-4470-9EAD-76B7A4D8419E
43194.1863811806,Setup,Equipment,Copy ToolString,Click,ContextMenu,Create Copy,UIInteraction,Source TooStringGuid=C6DF0654-29B8-4336-A643-B8A2DCB3DE19;Source ToolString Name=TSStep21
43194.1865723264,Setup,Equipment,Rename ToolString,Click,ContextMenu,Rename,UIInteraction,
43194.1865772569,Setup,Equipment,Rename ToolString,Input,TextBox,Run1C2,UIInteraction,ToolstringGuid=81B4D590-21DA-4483-AC71-0B37C69CC99D
43194.1866025694,Setup,Equipment,Filter Equipment in Catalog,Input,TextBox,,UIInteraction,Text=Adaptor_Head
43194.1866025232,Setup,Equipment,Filter Equipment in Catalog,Input,TextBox,,UIInteraction,Text=Adaptor_Head
43194.1867492245,Setup,Equipment,Filter Equipment in Catalog,Input,TextBox,,UIInteraction,Text=FBST-B
43194.1867492824,Setup,Equipment,Filter Equipment in Catalog,Input,TextBox,,UIInteraction,Text=FBST-B
43194.1868616204,Setup,Properties & Parameters,Change Property Value,Update,GridCell,R2123,UIInteraction,OSDD=EP_SERIAL_NUMBER;EnsemblePath=FBST-B:FBSS-B:FBSS-B
43194.1868954282,Setup,Equipment,Filter Equipment in Catalog,Input,TextBox,,UIInteraction,Text=HDRS-B
43194.1868954861,Setup,Equipment,Filter Equipment in Catalog,Input,TextBox,,UIInteraction,Text=HDRS-B
43194.1870803009,Setup,Properties & Parameters,Change Property Value,Update,GridCell,4.385,UIInteraction,OSDD=EP_OUTER_DIAMETER;EnsemblePath=FBST-B:STANDOFF
43194.1870824074,Setup,Computation / Recomputation,ProcessRecomputeState,,,,UIAutomatic,JobGuid=9362077F-849B-43ED-9AED-DFDACFC5156F;State=UIS_RECOMPUTATION_STATE_PENDING;Scope=JobScope;RecompPercentageComplete=;MultipleRunsAffected=False;ActiveRunAffected=False;ActiveRunInProgress=False;RunCount=1;Run0Change0=Property;Run0Change1=Calibration;Run0Guid=197E1060-BA7F-4A5B-A1D8-73B586EA34BA
43194.187224456,Setup,Properties & Parameters,Change Property Value,Update,GridCell,1,UIInteraction,OSDD=EP_LENGTH;EnsemblePath=Adaptor_Head
43194.1872279745,Setup,Computation / Recomputation,ProcessRecomputeState,,,,UIAutomatic,JobGuid=9362077F-849B-43ED-9AED-DFDACFC5156F;State=UIS_RECOMPUTATION_STATE_PENDING;Scope=JobScope;RecompPercentageComplete=;MultipleRunsAffected=False;ActiveRunAffected=False;ActiveRunInProgress=False;RunCount=1;Run0Change0=Property;Run0Change1=Calibration;Run0Guid=197E1060-BA7F-4A5B-A1D8-73B586EA34BA
43194.1873638889,Setup,Properties & Parameters,Change Property Value,Update,GridCell,TS1,UIInteraction,OSDD=EP_SERIAL_NUMBER;EnsemblePath=LEH-QT:LEH-QT:LEH-QT
43194.1874379745,Setup,Equipment,Delete Equipment,Click,ContextMenu,Delete,UIInteraction,EquipName=EME-L;ToolPath=Used Toolstrings:Run 1 : TSStep21:HGNS-B:EME-L
43194.1874464815,Setup,Computation / Recomputation,ProcessRecomputeState,,,,UIAutomatic,JobGuid=9362077F-849B-43ED-9AED-DFDACFC5156F;State=UIS_RECOMPUTATION_STATE_PENDING;Scope=JobScope;RecompPercentageComplete=;MultipleRunsAffected=False;ActiveRunAffected=False;ActiveRunInProgress=False;RunCount=1;Run0Change0=ToolString;Run0Change1=Property;Run0Change2=Calibration;Run0Guid=197E1060-BA7F-4A5B-A1D8-73B586EA34BA
43194.1875165741,Setup,Properties & Parameters,Change Property Value,Update,GridCell,7-39ZA-LXS,UIInteraction,OSDD=EP_LCEQUIP_TYP;EnsemblePath=LOGGING_CABLE
43194.1877340509,Setup,Properties & Parameters,Change Property Value,Update,GridCell,MAGMAT_ABSENT,UIInteraction,OSDD=EP_HAS_MAG_MAT;EnsemblePath=Adaptor_Head
43194.1879582755,Setup,Properties & Parameters,Change Property Value,Update,GridCell,AH-285,UIInteraction,OSDD=EP_CUST_EQP_TYPE;EnsemblePath=FBST-B:AH-185
43194.1882502199,Setup,Equipment,Delete Equipment,Click,ContextMenu,Delete,UIInteraction,EquipName=Adaptor_Head;ToolPath=Run1C1:Adaptor_Head
43194.1883231366,Setup,Equipment,Delete Equipment,Click,ContextMenu,Delete,UIInteraction,EquipName=STANDOFF;ToolPath=Run1C1:FBST-B:STANDOFF
43194.188360706,Setup,Equipment,Delete ToolString,Click,ContextMenu,Delete,UIInteraction,ToolstringGuid=D8F8F4BF-8F54-4470-9EAD-76B7A4D8419E
43194.1884771875,Setup,Computation / Recomputation,Recompute All Pending Runs,Click,ToolbarButton,Recompute All Pending Runs,UIInteraction,
43194.1884858681,Setup,Computation / Recomputation,ProcessRecomputeState,,,,UIAutomatic,JobGuid=9362077F-849B-43ED-9AED-DFDACFC5156F;State=UIS_RECOMPUTATION_STATE_STARTING;Scope=JobScope;RecompPercentageComplete=;MultipleRunsAffected=False;ActiveRunAffected=False;ActiveRunInProgress=False;RunCount=1;Run0Change0=ToolString;Run0Change1=Property;Run0Change2=Calibration;Run0Guid=197E1060-BA7F-4A5B-A1D8-73B586EA34BA
43194.1885904167,Setup,Computation / Recomputation,ProcessRecomputeState,,,,UIAutomatic,JobGuid=9362077F-849B-43ED-9AED-DFDACFC5156F;State=UIS_RECOMPUTATION_STATE_IN_PROGRESS;Scope=JobScope;RecompPercentageComplete=;MultipleRunsAffected=False;ActiveRunAffected=False;ActiveRunInProgress=False;RunCount=1;Run0Change0=ToolString;Run0Change1=Property;Run0Change2=Calibration;Run0Guid=197E1060-BA7F-4A5B-A1D8-73B586EA34BA
43194.1887452199,Setup,Computation / Recomputation,ProcessRecomputeState,,,,UIAutomatic,JobGuid=9362077F-849B-43ED-9AED-DFDACFC5156F;State=UIS_RECOMPUTATION_STATE_SUCCEEDED;Scope=JobScope;RecompPercentageComplete=;MultipleRunsAffected=False;ActiveRunAffected=False;ActiveRunInProgress=False;RunCount=1;Run0Change0=ToolString;Run0Change1=Property;Run0Change2=Calibration;Run0Guid=197E1060-BA7F-4A5B-A1D8-73B586EA34BA
43194.1888076157,Setup,Equipment,Delete Equipment,Click,ContextMenu,Delete,UIInteraction,EquipName=AH-169;ToolPath=Used Toolstrings:Run 1 : TSStep21:AH-169
43194.1888217708,Setup,Computation / Recomputation,ProcessRecomputeState,,,,UIAutomatic,JobGuid=9362077F-849B-43ED-9AED-DFDACFC5156F;State=UIS_RECOMPUTATION_STATE_PENDING;Scope=JobScope;RecompPercentageComplete=;MultipleRunsAffected=False;ActiveRunAffected=False;ActiveRunInProgress=False;RunCount=1;Run0Change0=ToolString;Run0Guid=197E1060-BA7F-4A5B-A1D8-73B586EA34BA
43194.188892338,Setup,Equipment,Delete Equipment,Click,ContextMenu,Delete,UIInteraction,EquipName=Adaptor_Head;ToolPath=Used Toolstrings:Run 1 : TSStep21:Adaptor_Head
43194.1889000116,Setup,Computation / Recomputation,ProcessRecomputeState,,,,UIAutomatic,JobGuid=9362077F-849B-43ED-9AED-DFDACFC5156F;State=UIS_RECOMPUTATION_STATE_PENDING;Scope=JobScope;RecompPercentageComplete=;MultipleRunsAffected=False;ActiveRunAffected=False;ActiveRunInProgress=False;RunCount=1;Run0Change0=ToolString;Run0Guid=197E1060-BA7F-4A5B-A1D8-73B586EA34BA
43194.1889709606,Setup,Equipment,Delete Equipment,Click,ContextMenu,Delete,UIInteraction,EquipName=STANDOFF;ToolPath=Used Toolstrings:Run 1 : TSStep21:FBST-B:STANDOFF
43194.1889787384,Setup,Computation / Recomputation,ProcessRecomputeState,,,,UIAutomatic,JobGuid=9362077F-849B-43ED-9AED-DFDACFC5156F;State=UIS_RECOMPUTATION_STATE_PENDING;Scope=JobScope;RecompPercentageComplete=;MultipleRunsAffected=False;ActiveRunAffected=False;ActiveRunInProgress=False;RunCount=1;Run0Change0=ToolString;Run0Guid=197E1060-BA7F-4A5B-A1D8-73B586EA34BA
43194.1890063194,Setup,Computation / Recomputation,Recompute All Pending Runs,Click,ToolbarButton,Recompute All Pending Runs,UIInteraction,
43194.1890147106,Setup,Computation / Recomputation,ProcessRecomputeState,,,,UIAutomatic,JobGuid=9362077F-849B-43ED-9AED-DFDACFC5156F;State=UIS_RECOMPUTATION_STATE_STARTING;Scope=JobScope;RecompPercentageComplete=;MultipleRunsAffected=False;ActiveRunAffected=False;ActiveRunInProgress=False;RunCount=1;Run0Change0=ToolString;Run0Guid=197E1060-BA7F-4A5B-A1D8-73B586EA34BA
43194.189017338,Setup,Computation / Recomputation,ProcessRecomputeState,,,,UIAutomatic,JobGuid=9362077F-849B-43ED-9AED-DFDACFC5156F;State=UIS_RECOMPUTATION_STATE_IN_PROGRESS;Scope=JobScope;RecompPercentageComplete=;MultipleRunsAffected=False;ActiveRunAffected=False;ActiveRunInProgress=False;RunCount=1;Run0Change0=ToolString;Run0Guid=197E1060-BA7F-4A5B-A1D8-73B586EA34BA
43194.1892753704,Setup,Computation / Recomputation,ProcessRecomputeState,,,,UIAutomatic,JobGuid=9362077F-849B-43ED-9AED-DFDACFC5156F;State=UIS_RECOMPUTATION_STATE_SUCCEEDED;Scope=JobScope;RecompPercentageComplete=;MultipleRunsAffected=False;ActiveRunAffected=False;ActiveRunInProgress=False;RunCount=1;Run0Change0=ToolString;Run0Guid=197E1060-BA7F-4A5B-A1D8-73B586EA34BA
43194.1893254514,,Console/Job Manager,Stop Setup Console,Click,Button,Stop,UIInteraction,JobGuid=9362077F-849B-43ED-9AED-DFDACFC5156F
43194.1894086806,,Console/Job Manager,Stop Job,Click,Button,Stop,UIInteraction,JobGuid=9362077F-849B-43ED-9AED-DFDACFC5156F
