43194.1541848148,,Console/Job Manager,New Job,Click,Button,New,UIInteraction,
43194.1542033218,,Console/Job Manager,Input Job Name,Input,TextBox,ZAIT-E,UIInteraction,
43194.1542482292,,Console/Job Manager,Input Well Name,Input,TextBox,Automation,UIInteraction,
43194.1542922569,,Console/Job Manager,Input Client Name,Input,TextBox,BGCAT,UIInteraction,
43194.1544259375,,Console/Job Manager,Check Simulator,Click,CheckBox,Simulator,UIInteraction,CheckState=True
43194.1546059491,,Console/Job Manager,Select Auto Backup Folder,Click,ComboBox,C:\Autobackup,UIInteraction,
43194.160561875,,UI Framework,Switch Tab,Click,Tab,Job: ZAIT-E,UIInteraction,
43194.168534537,,UI Framework,Switch Tab,Click,Tab,Messages: Job Independent,UIInteraction,
43194.1685402199,,UI Framework,Close Console,Click,Button,,UIInteraction,
43194.1711371875,,UI Framework,Initialize Maxwell Manager Process Name,,,Initialize Maxwell Manager Process Name,,
43194.1711540162,,UI Framework,Start Console,,,Maxwell Manager,UIAutomatic,MachineName=HPV01-019;UserName=Engineer;UserDomainName=HPV01-019;OS=Microsoft Windows NT 6.1.7601 Service Pack 1;TimeZone=00:00:00;IPAddress_1=192.168.78.213;IPAddress_2=::1;MWVersion=9.0.100745.3100
43194.1713916667,,Console/Job Manager,Import Job Archive,Click,ContextMenu,Create Import,UIInteraction,
43194.1713989583,,Import/Export & Backup/Restore,Select file to import,Click,Button,...,UIInteraction,
43194.1714132523,,Import/Export & Backup/Restore,OK to select file,,,,UIAutomatic,FilePath=\\srv004bgc.dir.slb.com\MaxwellAT\TestData\TestData\Phase3\JobArchive\[WL_SWF_ZAITE_SETUP]_SWIrev.mwa
43194.1714744676,,Import/Export & Backup/Restore,Start Import,Click,Button,Import,UIInteraction,FilePath=\\srv004bgc.dir.slb.com\MaxwellAT\TestData\TestData\Phase3\JobArchive\[WL_SWF_ZAITE_SETUP]_SWIrev.mwa
43194.1717340394,,Import/Export & Backup/Restore,Close Import UI,Click,Button,Close,UIInteraction,
43194.1718694907,,Console/Job Manager,Select Auto Backup Folder,Click,ComboBox,C:\Autobackup,UIInteraction,
43194.1737342593,,UI Framework,Switch Tab,Click,Tab,Job: ZAIT-E,UIInteraction,
43194.2048814699,,UI Framework,Close Console,Click,Button,,UIInteraction,
43194.204878912,,UI Framework,Switch Tab,Click,Tab,Messages: Job Independent,UIInteraction,
