Time,Process,Component,Operation,Action,Control,ControlText,Category,Context
43193.6937068171,,Console/Job Manager,Start Job,Click,Button,Start,UIInteraction,JobName=CMRT-DTC;WellName=BGC;ClientName=BGC;StartDate=4/3/2018 4:38 PM;Workflow=Wireline;Simulator=True;UnitSystem=English;JobSize=0;State=Available;SideTrackId=0;SessionID=C0DFA1CA-300F-451D-80B1-2F18519F77FA;SortOrder=1;JobGUID=E7D2C59B-8A38-44C2-B461-E6D14A49F580;WellGUID=9BE3D990-3644-4A37-8354-18C276BD3E6C;BoreholeGUID=0025C5F1-66D4-4B44-A1C9-88BBAE053722;MachineName=HPV26-001;UserName=Engineer;UserDomainName=HPV26-001;OS=Microsoft Windows NT 6.1.7601 Service Pack 1;StartedJobCount=0;TimeZone=00:00:00;IPAddress_1=192.168.78.174;IPAddress_2=::1;MWVersion=9.0.100732.3100
43193.6939751968,,Console/Job Manager,Stop Job,Click,Button,Stop,UIInteraction,JobGuid=E7D2C59B-8A38-44C2-B461-E6D14A49F580
43193.6941626505,,Console/Job Manager,Start Job,Click,Button,Start,UIInteraction,JobName=CMRT-DTC;WellName=BGC;ClientName=BGC;StartDate=4/3/2018 4:38 PM;Workflow=Wireline;Simulator=True;UnitSystem=English;RTBackupDir=C:\Autobackup;JobSize=0;State=Available;SideTrackId=0;SessionID=C0DFA1CA-300F-451D-80B1-2F18519F77FA;SortOrder=1;JobGUID=E7D2C59B-8A38-44C2-B461-E6D14A49F580;WellGUID=9BE3D990-3644-4A37-8354-18C276BD3E6C;BoreholeGUID=0025C5F1-66D4-4B44-A1C9-88BBAE053722;MachineName=HPV26-001;UserName=Engineer;UserDomainName=HPV26-001;OS=Microsoft Windows NT 6.1.7601 Service Pack 1;StartedJobCount=0;TimeZone=00:00:00;IPAddress_1=192.168.78.174;IPAddress_2=::1;MWVersion=9.0.100732.3100
43193.694922963,,Console/Job Manager,Start Setup Console,Click,Button,Start...,UIInteraction,JobGuid=E7D2C59B-8A38-44C2-B461-E6D14A49F580
43193.6950185301,Setup,Calibration,Select Calibration Report Type,Click,ComboBox,Technical Concise,UIInteraction,
43193.6950212616,Setup,UI Framework,Start Console,,,Setup - Job CMRT-DTC,UIAutomatic,
43193.6950426852,,Console/Job Manager,Start Deliverables Console,Click,Button,Start...,UIInteraction,JobGuid=E7D2C59B-8A38-44C2-B461-E6D14A49F580
43193.6951026505,DeliverablesSetup,Tier Manager,Tier Template Created for Tools in My Equipment,,,LEH-QT Tier Created,Deliverables Console,
43193.6951028472,DeliverablesSetup,Tier Manager,Tier Template Created for Tools in My Equipment,,,CMRT-B Tier Created,Deliverables Console,
43193.6951027662,DeliverablesSetup,Tier Manager,Tier Template Created for Tools in My Equipment,,,DTC-H Tier Created,Deliverables Console,
43193.6951122454,DeliverablesSetup,UI Framework,Start Console,,,Deliverables Console Setup - Job CMRT-DTC,UIAutomatic,
43193.6952800926,Setup,UI Framework,Switch Tab,Click,Tab,DnI Initializations,UIInteraction,
43193.6953410648,Setup,Run Manager (Internal),Start Run,Click,Button,Start,UIInteraction,RunGuid=07AF8AE8-9914-48BB-A2C4-B2B89AB19027;ToolstringGuid=7C3E8FBA-8D7D-4F8F-8AB8-1C5A3199B2F6;DownholeEquipments=CMRT-B:DTC-H:LEH-QT;TSLevelActiveSurfaceEquips=WAFE:LOGGING_CABLE:TENSION_DEVICE:DEPTH_DEVICE
43193.6954513889,Setup,Equipment,Activate Run,Click,Button,Activate,UIInteraction,ToolstringGuid=7C3E8FBA-8D7D-4F8F-8AB8-1C5A3199B2F6;DownholeEquipments=CMRT-B:DTC-H:LEH-QT;TSLevelActiveSurfaceEquips=WAFE:LOGGING_CABLE:TENSION_DEVICE:DEPTH_DEVICE
43193.6955610532,Simulation,UI Framework,Start Console,,,Simulation Console - Job CMRT-DTC,UIAutomatic,
43193.6956479745,WLAcquisition,Calibration,Select Calibration Report Type,Click,ComboBox,Technical Concise,UIInteraction,
43193.6956891204,WLAcquisition,UI Framework,Start Console,,,Acquisition Console - Job CMRT-DTC - Run 1,UIAutomatic,
43193.695698669,WLAcquisition,Calibration,Select Calibration in Calibration Report,Click,ComboBox,HTEN Before Calibration,UIInteraction,
43193.6956986921,WLAcquisition,Calibration,Select Tool in Calibration Report,Click,ComboBox,LEH-QT,UIInteraction,ToolName=LEH-QT
43193.6959548495,WLAcquisition,Data Acquiring - WL,Connect Hardware,Click,ToolbarButton,Connect to Hardware,UIInteraction,
43193.6961217593,WLAcquisition,Data Acquiring - WL,Start Dataflow,Click,ToolbarButton,Start Data Flow,UIInteraction,
43193.6962227894,WLAcquisition,Data Acquiring - WL,Enable Tool Power,Click,ToolbarButton,Enable Tool Power,UIInteraction,
43193.6962304167,WLAcquisition,CMRT-B,Read MCAL Data,,,,UIAutomatic,TaskName=CMRT-B: Read MCAL Data
43193.6962316435,WLAcquisition,UI Framework,Switch Tab,Click,Tab,Calibrations,UIInteraction,
43193.6962929745,WLAcquisition,CMRT-B,Read EEPROM Data,,,,UIAutomatic,TaskName=CMRT-B: Read EEPROM Data
43193.6963130903,DeliverablesSetup,Computation / Recomputation,ProcessRecomputeState,,,,UIAutomatic,JobGuid=E7D2C59B-8A38-44C2-B461-E6D14A49F580;State=UIS_RECOMPUTATION_STATE_PENDING;Scope=JobScope;RecompPercentageComplete=;MultipleRunsAffected=False;ActiveRunAffected=True;ActiveRunInProgress=False;RunCount=1;Run0Change0=Calibration;Run0Guid=07AF8AE8-9914-48BB-A2C4-B2B89AB19027
43193.6963130787,Setup,Computation / Recomputation,ProcessRecomputeState,,,,UIAutomatic,JobGuid=E7D2C59B-8A38-44C2-B461-E6D14A49F580;State=UIS_RECOMPUTATION_STATE_PENDING;Scope=JobScope;RecompPercentageComplete=;MultipleRunsAffected=False;ActiveRunAffected=True;ActiveRunInProgress=False;RunCount=1;Run0Change0=Calibration;Run0Guid=07AF8AE8-9914-48BB-A2C4-B2B89AB19027
43193.6963143634,WLAcquisition,Calibration,Choose Available Calibration,Click,ComboBox,12:30:00.000 08-Jun-2008,UIInteraction,
43193.6963147917,WLAcquisition,Calibration,Choose Available Calibration,Click,ComboBox,Nominal,UIInteraction,
43193.6963149421,WLAcquisition,Calibration,Choose Available Calibration,Click,ComboBox,Nominal,UIInteraction,
43193.6963175347,WLAcquisition,Calibration,Choose Available Calibration,Click,ComboBox,12:30:00.000 08-Jun-2008,UIInteraction,
43193.6963202662,WLAcquisition,Computation / Recomputation,ProcessRecomputeState,,,,UIAutomatic,JobGuid=E7D2C59B-8A38-44C2-B461-E6D14A49F580;State=UIS_RECOMPUTATION_STATE_PENDING;Scope=JobScope;RecompPercentageComplete=;MultipleRunsAffected=False;ActiveRunAffected=True;ActiveRunInProgress=False;RunCount=1;Run0Change0=Calibration;Run0Guid=07AF8AE8-9914-48BB-A2C4-B2B89AB19027
43193.6989595602,WLAcquisition,UI Framework,Switch Tab,Click,Tab,Tool Control,UIInteraction,
43193.6990566782,WLAcquisition,CMRT-B,Enable Sonde Power,RightClick,TreeView,Enable Sonde Power,UIInteraction,TaskName=Enable Sonde Power
43193.699070706,WLAcquisition,CMRT-B,Enable Sonde Power,Click,ContextMenu,Perform,UIInteraction,TaskName=Enable Sonde Power
43193.6991951852,WLAcquisition,Tool Control,Perform Tool Control Task,Click,Button,Next,UIInteraction,TaskName=Enable Sonde Power
43193.6992510764,WLAcquisition,Tool Control,Perform Tool Control Task,Click,Button,Next,UIInteraction,TaskName=Enable Sonde Power
43193.6994163657,WLAcquisition,Tool Control,Perform Tool Control Task,Click,Button,Close,UIInteraction,TaskName=Enable Sonde Power
43193.6994670718,WLAcquisition,UI Framework,Switch Tab,Click,Tab,Operation,UIInteraction,
43193.6995403009,WLAcquisition,CMRT-B,Larmor Frequency Search,RightClick,TreeView,CMRT-B: Larmor Frequency Search,UIInteraction,TaskName=CMRT-B: Larmor Frequency Search
43193.699554919,WLAcquisition,CMRT-B,Larmor Frequency Search,Click,ContextMenu,Perform,UIInteraction,TaskName=CMRT-B: Larmor Frequency Search
43193.6997283912,WLAcquisition,Calibration,Perform Calibration Task,Click,Button,Apply,UIInteraction,TaskName=CMRT-B: Larmor Frequency Search
43193.699786169,WLAcquisition,Calibration,Perform Calibration Task,Click,Button,Apply,UIInteraction,TaskName=CMRT-B: Larmor Frequency Search
43193.6999688657,WLAcquisition,Calibration,Perform Calibration Task,Click,Button,Next,UIInteraction,TaskName=CMRT-B: Larmor Frequency Search
43193.6999931134,WLAcquisition,Calibration,Perform Calibration Task,Click,Button,OK,UIInteraction,TaskName=CMRT-B: Larmor Frequency Search
43193.7002591667,WLAcquisition,Calibration,Perform Calibration Task,Click,Button,OK,UIInteraction,TaskName=CMRT-B: Larmor Frequency Search
43193.7014113657,WLAcquisition,CMRT-B,Ringing Test,RightClick,TreeView,CMRT-B: Ringing Test,UIInteraction,TaskName=CMRT-B: Ringing Test
43193.7014253819,WLAcquisition,CMRT-B,Ringing Test,Click,ContextMenu,Perform,UIInteraction,TaskName=CMRT-B: Ringing Test
43193.7014989583,WLAcquisition,Calibration,Perform Calibration Task,Click,Button,Next,UIInteraction,TaskName=CMRT-B: Ringing Test
43193.7015481482,WLAcquisition,Calibration,Perform Calibration Task,Click,Button,Apply,UIInteraction,TaskName=CMRT-B: Ringing Test
43193.701572338,WLAcquisition,Data Acquiring - WL,Unlock 3 Buttons,Click,ToolbarButton,Unlock,UIInteraction,
43193.7015748032,WLAcquisition,Data Acquiring - WL,Disable Tool Power,Click,ToolbarButton,Disable Tool Power,UIInteraction,
43193.7016743403,WLAcquisition,Data Acquiring - WL,Stop Dataflow,Click,ToolbarButton,Stop Data Flow,UIInteraction,
43193.7017867593,WLAcquisition,Data Acquiring - WL,Disconnect Hardware,Click,ToolbarButton,Disconnect From Hardware,UIInteraction,
43193.701893669,,Console/Job Manager,Stop Acquisition Console,Click,Button,Stop,UIInteraction,JobGuid=E7D2C59B-8A38-44C2-B461-E6D14A49F580
43193.701977662,,Console/Job Manager,Start Acquisition Console,Click,Button,Start...,UIInteraction,JobGuid=E7D2C59B-8A38-44C2-B461-E6D14A49F580
43193.7020319329,WLAcquisition,Calibration,Select Calibration Report Type,Click,ComboBox,Technical Concise,UIInteraction,
43193.702058287,WLAcquisition,Computation / Recomputation,ProcessRecomputeState,,,,UIAutomatic,JobGuid=E7D2C59B-8A38-44C2-B461-E6D14A49F580;State=UIS_RECOMPUTATION_STATE_PENDING;Scope=JobScope;RecompPercentageComplete=;MultipleRunsAffected=False;ActiveRunAffected=True;ActiveRunInProgress=False;RunCount=1;Run0Change0=Calibration;Run0Guid=07AF8AE8-9914-48BB-A2C4-B2B89AB19027
43193.7020714931,WLAcquisition,UI Framework,Start Console,,,Acquisition Console - Job CMRT-DTC - Run 1,UIAutomatic,
43193.7020783102,WLAcquisition,Calibration,Select Calibration in Calibration Report,Click,ComboBox,HTEN Before Calibration,UIInteraction,
43193.7020783333,WLAcquisition,Calibration,Select Tool in Calibration Report,Click,ComboBox,LEH-QT,UIInteraction,ToolName=LEH-QT
43193.7021764468,WLAcquisition,Data Acquiring - WL,Connect Hardware,Click,ToolbarButton,Connect to Hardware,UIInteraction,
43193.7022525347,WLAcquisition,Data Acquiring - WL,Start Dataflow,Click,ToolbarButton,Start Data Flow,UIInteraction,
43193.7023634144,WLAcquisition,Data Acquiring - WL,Enable Tool Power,Click,ToolbarButton,Enable Tool Power,UIInteraction,
43193.7023710417,WLAcquisition,CMRT-B,Read MCAL Data,,,,UIAutomatic,TaskName=CMRT-B: Read MCAL Data
43193.7023724074,WLAcquisition,UI Framework,Switch Tab,Click,Tab,Calibrations,UIInteraction,
43193.7024350347,WLAcquisition,CMRT-B,Read EEPROM Data,,,,UIAutomatic,TaskName=CMRT-B: Read EEPROM Data
43193.7024447569,WLAcquisition,Calibration,Choose Available Calibration,Click,ComboBox,12:30:00.000 08-Jun-2008,UIInteraction,
43193.702445081,WLAcquisition,Calibration,Choose Available Calibration,Click,ComboBox,Nominal,UIInteraction,
43193.7024452431,WLAcquisition,Calibration,Choose Available Calibration,Click,ComboBox,Nominal,UIInteraction,
43193.7024493403,WLAcquisition,Calibration,Choose Available Calibration,Click,ComboBox,12:30:00.000 08-Jun-2008,UIInteraction,
43193.7049876968,WLAcquisition,UI Framework,Switch Tab,Click,Tab,Tool Control,UIInteraction,
43193.7050930903,WLAcquisition,CMRT-B,Enable Sonde Power,RightClick,TreeView,Enable Sonde Power,UIInteraction,TaskName=Enable Sonde Power
43193.7051070833,WLAcquisition,CMRT-B,Enable Sonde Power,Click,ContextMenu,Perform,UIInteraction,TaskName=Enable Sonde Power
43193.7052226968,WLAcquisition,Tool Control,Perform Tool Control Task,Click,Button,Next,UIInteraction,TaskName=Enable Sonde Power
43193.7052876273,WLAcquisition,Tool Control,Perform Tool Control Task,Click,Button,Next,UIInteraction,TaskName=Enable Sonde Power
43193.7054486806,WLAcquisition,Tool Control,Perform Tool Control Task,Click,Button,Close,UIInteraction,TaskName=Enable Sonde Power
43193.7054691898,WLAcquisition,UI Framework,Switch Tab,Click,Tab,Operation,UIInteraction,
43193.7055248032,WLAcquisition,CMRT-B,Ringing Test,RightClick,TreeView,CMRT-B: Ringing Test,UIInteraction,TaskName=CMRT-B: Ringing Test
43193.7055387268,WLAcquisition,CMRT-B,Ringing Test,Click,ContextMenu,Perform,UIInteraction,TaskName=CMRT-B: Ringing Test
43193.7056152431,WLAcquisition,Calibration,Perform Calibration Task,Click,Button,Next,UIInteraction,TaskName=CMRT-B: Ringing Test
43193.7056623843,WLAcquisition,Calibration,Perform Calibration Task,Click,Button,Apply,UIInteraction,TaskName=CMRT-B: Ringing Test
43193.7149964352,WLAcquisition,Calibration,Perform Calibration Task,Click,Button,Close,UIInteraction,TaskName=CMRT-B: Ringing Test
43193.7160804282,WLAcquisition,CMRT-B,Read MCAL Data,RightClick,TreeView,CMRT-B: Read MCAL Data,UIInteraction,TaskName=CMRT-B: Read MCAL Data
43193.7160944097,WLAcquisition,CMRT-B,Read MCAL Data,Click,ContextMenu,Perform,UIInteraction,TaskName=CMRT-B: Read MCAL Data
43193.7161046644,WLAcquisition,CMRT-B,Read EEPROM Data,,,,UIAutomatic,TaskName=CMRT-B: Read EEPROM Data
43193.7161171065,WLAcquisition,Calibration,Choose Available Calibration,Click,ComboBox,12:30:00.000 08-Jun-2008,UIInteraction,
43193.7210934491,WLAcquisition,CMRT-B,Noise Test,RightClick,TreeView,CMRT-B: Noise Test,UIInteraction,TaskName=CMRT-B: Noise Test
43193.7211075231,WLAcquisition,CMRT-B,Noise Test,Click,ContextMenu,Perform,UIInteraction,TaskName=CMRT-B: Noise Test
43193.7230346528,WLAcquisition,Calibration,Perform Calibration Task,Click,Button,Next,UIInteraction,TaskName=CMRT-B: Noise Test
43193.7245018403,WLAcquisition,Calibration,Perform Calibration Task,Click,Button,Apply,UIInteraction,TaskName=CMRT-B: Noise Test
43193.7263301736,WLAcquisition,Calibration,Perform Calibration Task,Click,Button,Close,UIInteraction,TaskName=CMRT-B: Noise Test
43193.7322525232,WLAcquisition,CMRT-B,Water Bottle Accumulation,RightClick,TreeView,Water Bottle Accumulation,UIInteraction,TaskName=Water Bottle Accumulation
43193.7322666204,WLAcquisition,CMRT-B,Water Bottle Accumulation,Click,ContextMenu,Perform,UIInteraction,TaskName=Water Bottle Accumulation
43193.7547839699,WLAcquisition,Calibration,Perform Calibration Task,Click,Button,Close,UIInteraction,TaskName=Water Bottle Accumulation
43193.7547870139,WLAcquisition,Calibration,Choose Available Calibration,Click,ComboBox,Nominal,UIInteraction,
43193.7557522454,WLAcquisition,Computation / Recomputation,Recompute All Pending Runs,Click,ToolbarButton,Recompute All Pending Runs,UIInteraction,
43193.7557522801,WLAcquisition,Computation / Recomputation,Start Recomputation During Acquisition,Click,ToolbarButton,Recompute All Pending Runs,UIInteraction,FeatureName=Framework.RTOOP
43193.7557524306,Setup,Computation / Recomputation,ProcessRecomputeState,,,,UIAutomatic,JobGuid=E7D2C59B-8A38-44C2-B461-E6D14A49F580;State=UIS_RECOMPUTATION_STATE_STARTING;Scope=JobScope;RecompPercentageComplete=;MultipleRunsAffected=False;ActiveRunAffected=True;ActiveRunInProgress=True;RunCount=1;Run0Change0=Calibration;Run0Guid=07AF8AE8-9914-48BB-A2C4-B2B89AB19027
43193.7557524537,DeliverablesSetup,Computation / Recomputation,ProcessRecomputeState,,,,UIAutomatic,JobGuid=E7D2C59B-8A38-44C2-B461-E6D14A49F580;State=UIS_RECOMPUTATION_STATE_STARTING;Scope=JobScope;RecompPercentageComplete=;MultipleRunsAffected=False;ActiveRunAffected=True;ActiveRunInProgress=True;RunCount=1;Run0Change0=Calibration;Run0Guid=07AF8AE8-9914-48BB-A2C4-B2B89AB19027
43193.7557528241,WLAcquisition,Computation / Recomputation,ProcessRecomputeState,,,,UIAutomatic,JobGuid=E7D2C59B-8A38-44C2-B461-E6D14A49F580;State=UIS_RECOMPUTATION_STATE_STARTING;Scope=JobScope;RecompPercentageComplete=;MultipleRunsAffected=False;ActiveRunAffected=True;ActiveRunInProgress=True;RunCount=1;Run0Change0=Calibration;Run0Guid=07AF8AE8-9914-48BB-A2C4-B2B89AB19027
43193.755892338,WLAcquisition,Computation / Recomputation,ProcessRecomputeState,,,,UIAutomatic,JobGuid=E7D2C59B-8A38-44C2-B461-E6D14A49F580;State=UIS_RECOMPUTATION_STATE_IN_PROGRESS;Scope=JobScope;RecompPercentageComplete=;MultipleRunsAffected=False;ActiveRunAffected=True;ActiveRunInProgress=True;RunCount=1;Run0Change0=Calibration;Run0Guid=07AF8AE8-9914-48BB-A2C4-B2B89AB19027
43193.755892338,Setup,Computation / Recomputation,ProcessRecomputeState,,,,UIAutomatic,JobGuid=E7D2C59B-8A38-44C2-B461-E6D14A49F580;State=UIS_RECOMPUTATION_STATE_IN_PROGRESS;Scope=JobScope;RecompPercentageComplete=;MultipleRunsAffected=False;ActiveRunAffected=True;ActiveRunInProgress=True;RunCount=1;Run0Change0=Calibration;Run0Guid=07AF8AE8-9914-48BB-A2C4-B2B89AB19027
43193.7558923611,DeliverablesSetup,Computation / Recomputation,ProcessRecomputeState,,,,UIAutomatic,JobGuid=E7D2C59B-8A38-44C2-B461-E6D14A49F580;State=UIS_RECOMPUTATION_STATE_IN_PROGRESS;Scope=JobScope;RecompPercentageComplete=;MultipleRunsAffected=False;ActiveRunAffected=True;ActiveRunInProgress=True;RunCount=1;Run0Change0=Calibration;Run0Guid=07AF8AE8-9914-48BB-A2C4-B2B89AB19027
43193.7560969213,WLAcquisition,Computation / Recomputation,ProcessRecomputeState,,,,UIAutomatic,JobGuid=E7D2C59B-8A38-44C2-B461-E6D14A49F580;State=UIS_RECOMPUTATION_STATE_SUCCEEDED;Scope=JobScope;RecompPercentageComplete=;MultipleRunsAffected=False;ActiveRunAffected=True;ActiveRunInProgress=True;RunCount=1;Run0Change0=Calibration;Run0Guid=07AF8AE8-9914-48BB-A2C4-B2B89AB19027
43193.7560969213,Setup,Computation / Recomputation,ProcessRecomputeState,,,,UIAutomatic,JobGuid=E7D2C59B-8A38-44C2-B461-E6D14A49F580;State=UIS_RECOMPUTATION_STATE_SUCCEEDED;Scope=JobScope;RecompPercentageComplete=;MultipleRunsAffected=False;ActiveRunAffected=True;ActiveRunInProgress=True;RunCount=1;Run0Change0=Calibration;Run0Guid=07AF8AE8-9914-48BB-A2C4-B2B89AB19027
43193.7560969213,DeliverablesSetup,Computation / Recomputation,ProcessRecomputeState,,,,UIAutomatic,JobGuid=E7D2C59B-8A38-44C2-B461-E6D14A49F580;State=UIS_RECOMPUTATION_STATE_SUCCEEDED;Scope=JobScope;RecompPercentageComplete=;MultipleRunsAffected=False;ActiveRunAffected=True;ActiveRunInProgress=True;RunCount=1;Run0Change0=Calibration;Run0Guid=07AF8AE8-9914-48BB-A2C4-B2B89AB19027
43193.7565351968,Simulation,UI Framework,Switch Tab,Click,Tab,CMRTB_SimUI : 2,UIInteraction,
43193.7583106597,Simulation,UI Framework,Switch Tab,Click,Tab,HWS_Simulator : 0,UIInteraction,
43193.7604429514,WLAcquisition,UI Framework,Switch Tab,Click,Tab,Tool Control,UIInteraction,
43193.7605414352,WLAcquisition,CMRT-B,Set Logging Mode,RightClick,TreeView,Set Logging Mode,UIInteraction,TaskName=Set Logging Mode
43193.7605558796,WLAcquisition,CMRT-B,Set Logging Mode,Click,ContextMenu,Perform,UIInteraction,TaskName=Set Logging Mode
43193.760768669,WLAcquisition,UI Framework,Switch Tab,Click,Tab,MD,UIInteraction,
43193.7607713889,WLAcquisition,UI Framework,Switch Tab,Click,Tab,Calibrations,UIInteraction,
43193.7608022107,Simulation,UI Framework,Switch Tab,Click,Tab,CMRTB_SimUI : 2,UIInteraction,
43193.7608692593,Simulation,UI Framework,Switch Tab,Click,Tab,HWS_Simulator : 0,UIInteraction,
43193.7610343982,WLAcquisition,CMRT-B,Enable Sonde Power,RightClick,TreeView,Enable Sonde Power,UIInteraction,TaskName=Enable Sonde Power
43193.7610483565,WLAcquisition,CMRT-B,Enable Sonde Power,Click,ContextMenu,Perform,UIInteraction,TaskName=Enable Sonde Power
43193.7611378588,WLAcquisition,Tool Control,Perform Tool Control Task,Click,Button,Close,UIInteraction,TaskName=Enable Sonde Power
43193.7611946528,WLAcquisition,UI Framework,Switch Tab,Click,Tab,Operation,UIInteraction,
43193.7612682292,WLAcquisition,Depth Log/Station Planning,Perform Logging Task,RightClick,TreeView,Depth Log,UIInteraction,TaskName=Depth Log
43193.7612826852,WLAcquisition,Depth Log/Station Planning,Perform Logging Task,Click,ContextMenu,Perform,UIInteraction,TaskName=Depth Log
43193.7617585185,WLAcquisition,Data Acquiring - WL,Start Depth Pass,Click,Button,Start,UIInteraction,PassGuid=762D53CF-0D67-4E5C-ABBA-967CDA11F7BA;Objective=Log;Direction=Up;Depth=3047.99238
43193.7618396991,WLAcquisition,Data Acquiring - WL,Continue Depth Pass,Click,Button,Continue,UIInteraction,PassGuid=762D53CF-0D67-4E5C-ABBA-967CDA11F7BA;Objective=Log;Direction=Up;Depth=3047.99238
43193.7618418056,WLAcquisition,UI Framework,Switch Tab,Click,Tab,MD,UIInteraction,
43193.7644331019,WLAcquisition,Data Acquiring - WL,Unlock Pass,Click,ToolbarButton,Click to Unlock Stop Button,UIInteraction,
43193.7645389352,WLAcquisition,Data Acquiring - WL,Stop Depth Pass,Click,Button,Stop,UIInteraction,PassGuid=762D53CF-0D67-4E5C-ABBA-967CDA11F7BA;Depth=3040.98198
43193.7646420833,WLAcquisition,UI Framework,Switch Tab,Click,Tab,Tool Control,UIInteraction,
43193.7647382176,WLAcquisition,CMRT-B,Set Logging Mode,RightClick,TreeView,Set Logging Mode,UIInteraction,TaskName=Set Logging Mode
43193.7647522917,WLAcquisition,CMRT-B,Set Logging Mode,Click,ContextMenu,Perform,UIInteraction,TaskName=Set Logging Mode
43193.7654525347,WLAcquisition,Data Acquiring - WL,Start Depth Pass,Click,Button,Start,UIInteraction,PassGuid=B1EE6AD4-56FE-4EFF-9A54-E716B9005A77;Objective=Log;Direction=Up;Depth=3040.98198
43193.7655314005,WLAcquisition,Data Acquiring - WL,Continue Depth Pass,Click,Button,Continue,UIInteraction,PassGuid=B1EE6AD4-56FE-4EFF-9A54-E716B9005A77;Objective=Log;Direction=Up;Depth=3040.98198
43193.7667971181,WLAcquisition,Data Acquiring - WL,Unlock Pass,Click,ToolbarButton,Click to Unlock Stop Button,UIInteraction,
43193.7668955208,WLAcquisition,Data Acquiring - WL,Stop Depth Pass,Click,Button,Stop,UIInteraction,PassGuid=B1EE6AD4-56FE-4EFF-9A54-E716B9005A77;Depth=3032.75238
43193.7671165394,WLAcquisition,CMRT-B,Set Logging Mode,RightClick,TreeView,Set Logging Mode,UIInteraction,TaskName=Set Logging Mode
43193.7671307407,WLAcquisition,CMRT-B,Set Logging Mode,Click,ContextMenu,Perform,UIInteraction,TaskName=Set Logging Mode
43193.7676301273,WLAcquisition,CMRT-B,Set Logging Mode,RightClick,TreeView,Set Logging Mode,UIInteraction,TaskName=Set Logging Mode
43193.767644294,WLAcquisition,CMRT-B,Set Logging Mode,Click,ContextMenu,Perform,UIInteraction,TaskName=Set Logging Mode
43193.7683022107,WLAcquisition,Data Acquiring - WL,Start Depth Pass,Click,Button,Start,UIInteraction,PassGuid=129B41BB-BF3D-499B-A5BB-DD091D9F2419;Objective=Log;Direction=Up;Depth=3032.75238
43193.7683827083,WLAcquisition,Data Acquiring - WL,Continue Depth Pass,Click,Button,Continue,UIInteraction,PassGuid=129B41BB-BF3D-499B-A5BB-DD091D9F2419;Objective=Log;Direction=Up;Depth=3032.75238
43193.7708822569,WLAcquisition,Data Acquiring - WL,Unlock Pass,Click,ToolbarButton,Click to Unlock Stop Button,UIInteraction,
43193.7709841782,WLAcquisition,Data Acquiring - WL,Stop Depth Pass,Click,Button,Stop,UIInteraction,PassGuid=129B41BB-BF3D-499B-A5BB-DD091D9F2419;Depth=3017.51238
43193.7711327546,WLAcquisition,UI Framework,Switch Tab,Click,Tab,Operation,UIInteraction,
43193.7712093634,WLAcquisition,Depth Log/Station Planning,Perform Logging Task,RightClick,TreeView,Station Log,UIInteraction,TaskName=Station Log
43193.7712233218,WLAcquisition,Depth Log/Station Planning,Perform Logging Task,Click,ContextMenu,Perform,UIInteraction,TaskName=Station Log
43193.7713066435,WLAcquisition,UI Framework,Switch Tab,Click,Tab,Tool Control,UIInteraction,
43193.7714089005,WLAcquisition,CMRT-B,Set Logging Mode,RightClick,TreeView,Set Logging Mode,UIInteraction,TaskName=Set Logging Mode
43193.7714229861,WLAcquisition,CMRT-B,Set Logging Mode,Click,ContextMenu,Perform,UIInteraction,TaskName=Set Logging Mode
43193.7717880208,WLAcquisition,Data Acquiring - WL,Start Station Pass,Click,Button,Start,UIInteraction,PassGuid=FF67B599-41D8-4034-A989-0BD41D1F2858;Main Objective=CMRT Station Log
43193.771886331,WLAcquisition,Data Acquiring - WL,Continue Station Pass,Click,Button,Continue,UIInteraction,PassGuid=FF67B599-41D8-4034-A989-0BD41D1F2858;Main Objective=CMRT Station Log
43193.7718930787,WLAcquisition,UI Framework,Switch Tab,Click,Tab,Station,UIInteraction,
43193.7722830903,WLAcquisition,Data Acquiring - WL,Unlock Pass,Click,ToolbarButton,Click to Unlock Stop Button,UIInteraction,
43193.772302037,WLAcquisition,Data Acquiring - WL,Stop Station Pass,Click,Button,Stop,UIInteraction,PassGuid=FF67B599-41D8-4034-A989-0BD41D1F2858;Depth=3017.51238
43193.7725310995,WLAcquisition,CMRT-B,Set Logging Mode,RightClick,TreeView,Set Logging Mode,UIInteraction,TaskName=Set Logging Mode
43193.7725451273,WLAcquisition,CMRT-B,Set Logging Mode,Click,ContextMenu,Perform,UIInteraction,TaskName=Set Logging Mode
43193.7729183449,WLAcquisition,Data Acquiring - WL,Start Station Pass,Click,Button,Start,UIInteraction,PassGuid=5F560ED1-19D2-4E1C-A06C-EE86D0E91B18;Main Objective=CMRT Station Log
43193.773026169,WLAcquisition,Data Acquiring - WL,Continue Station Pass,Click,Button,Continue,UIInteraction,PassGuid=5F560ED1-19D2-4E1C-A06C-EE86D0E91B18;Main Objective=CMRT Station Log
43193.7741158102,WLAcquisition,Data Acquiring - WL,Unlock Pass,Click,ToolbarButton,Click to Unlock Stop Button,UIInteraction,
43193.774133831,WLAcquisition,Data Acquiring - WL,Stop Station Pass,Click,Button,Stop,UIInteraction,PassGuid=5F560ED1-19D2-4E1C-A06C-EE86D0E91B18;Depth=3017.51238
43193.7742547454,WLAcquisition,Data Acquiring - WL,Unlock 3 Buttons,Click,ToolbarButton,Unlock,UIInteraction,
43193.7742571991,WLAcquisition,Data Acquiring - WL,Disable Tool Power,Click,ToolbarButton,Disable Tool Power,UIInteraction,
43193.7743589352,WLAcquisition,Data Acquiring - WL,Stop Dataflow,Click,ToolbarButton,Stop Data Flow,UIInteraction,
43193.7744706481,WLAcquisition,Data Acquiring - WL,Disconnect Hardware,Click,ToolbarButton,Disconnect From Hardware,UIInteraction,
43193.7745809259,Setup,Run Manager (Internal),Stop Run,Click,Button,Stop,UIInteraction,RunGuid=07AF8AE8-9914-48BB-A2C4-B2B89AB19027
43193.7746242014,Setup,Run Manager (Internal),Confirm to Stop Run,Click,Button,OK,UIInteraction,RunGuid=07AF8AE8-9914-48BB-A2C4-B2B89AB19027
43193.774704294,Simulation,UI Framework,Close Console,Click,Button,,UIInteraction,JobGuid=E7D2C59B-8A38-44C2-B461-E6D14A49F580
43193.7747552778,DeliverablesSetup,UI Framework,Switch View,Click,ToolbarButton,Deliverables Display View,UIInteraction,
43193.7748300347,DeliverablesSetup,Deliverables - Digital,Create Job Archive,Click,ContextMenu,Create,UIInteraction,ArchiveGuid=E7D2C59B-8A38-44C2-B461-E6D14A49F580;JobArchiveType=3.0
43193.7750438194,DeliverablesSetup,UI Framework,Close Console,Click,Button,,UIInteraction,JobGuid=E7D2C59B-8A38-44C2-B461-E6D14A49F580
43193.7750801042,DeliverablesSetup,UI Framework,OK to Close Deliverables - Display Console,Click,Button,OK,UIInteraction,
43193.7751598843,,Console/Job Manager,Stop Setup Console,Click,Button,Stop,UIInteraction,JobGuid=E7D2C59B-8A38-44C2-B461-E6D14A49F580
43193.7752446296,,Console/Job Manager,Stop Job,Click,Button,Stop,UIInteraction,JobGuid=E7D2C59B-8A38-44C2-B461-E6D14A49F580
