Time,Process,Component,Operation,Action,Control,ControlText,Category,Context
43194.1208143403,,Console/Job Manager,Start Job,Click,Button,Start,UIInteraction,JobName=HSD-ASGS-PGGTD;WellName=HFE;ClientName=HFE;StartDate=4/4/2018 2:53 AM;Workflow=PerfoExpress;Simulator=True;UnitSystem=English;JobSize=0;State=Available;SideTrackId=0;SessionID=3C03015A-D405-476B-8CA6-C427A3581FC1;SortOrder=1;JobGUID=3E004699-011A-4943-BB50-DA7DD3BFE5DD;WellGUID=C5D13B9E-B8D9-4285-AF40-B202C6EE9622;BoreholeGUID=FD096420-97A8-42BF-94AE-53BF5CECAD9D;MachineName=HPV01-020;UserName=Engineer;UserDomainName=HPV01-020;OS=Microsoft Windows NT 6.1.7601 Service Pack 1;StartedJobCount=0;TimeZone=00:00:00;IPAddress_1=192.168.78.198;IPAddress_2=::1;MWVersion=9.0.100745.3100
43194.1213949769,,Console/Job Manager,Stop Job,Click,Button,Stop,UIInteraction,JobGuid=3E004699-011A-4943-BB50-DA7DD3BFE5DD
43194.1214301852,,Console/Job Manager,Start Job,Click,Button,Start,UIInteraction,JobName=HSD-ASGS-PGGTD;WellName=HFE;ClientName=HFE;StartDate=4/4/2018 2:53 AM;Workflow=PerfoExpress;Simulator=True;UnitSystem=English;JobSize=0;State=Available;SideTrackId=0;SessionID=3C03015A-D405-476B-8CA6-C427A3581FC1;SortOrder=1;JobGUID=3E004699-011A-4943-BB50-DA7DD3BFE5DD;WellGUID=C5D13B9E-B8D9-4285-AF40-B202C6EE9622;BoreholeGUID=FD096420-97A8-42BF-94AE-53BF5CECAD9D;MachineName=HPV01-020;UserName=Engineer;UserDomainName=HPV01-020;OS=Microsoft Windows NT 6.1.7601 Service Pack 1;StartedJobCount=0;TimeZone=00:00:00;IPAddress_1=192.168.78.198;IPAddress_2=::1;MWVersion=9.0.100745.3100
43194.1214964352,,Console/Job Manager,Start Setup Console,Click,Button,Start...,UIInteraction,JobGuid=3E004699-011A-4943-BB50-DA7DD3BFE5DD
43194.1215461574,Setup,Calibration,Select Calibration Report Type,Click,ComboBox,Technical Concise,UIInteraction,
43194.1217132986,Setup,UI Framework,Start Console,,,Setup - Job HSD-ASGS-PGGTD,UIAutomatic,
43194.1218350694,Setup,Properties & Parameters,Show Infrequent Properties/Parameters,Click,ToolbarButton,Show Infrequent Properties,UIInteraction,
43194.1218995949,Setup,Properties & Parameters,Change Property Value,Update,GridCell,H352141 - Rigid Molded Aflas - orange,UIInteraction,OSDD=EP_WEAKPOINT_CODE;EnsemblePath=LEH-QT
43194.1220190394,Setup,Run Manager (Internal),Start Run,Click,Button,Start,UIInteraction,RunGuid=2ECA9E64-0C0D-4338-A775-BAAF16791AC0;ToolstringGuid=81DEB315-6ABA-4551-BEB6-D6EC30EF7A5A;DownholeEquipments=HSD:HSD:ASGS:ASGS:PGGT-D:LEH-QT;TSLevelActiveSurfaceEquips=DEPTH_DEVICE:TENSION_DEVICE:LOGGING_CABLE:WAFE
43194.1221254514,Setup,Equipment,Activate Run,Click,Button,Activate,UIInteraction,ToolstringGuid=81DEB315-6ABA-4551-BEB6-D6EC30EF7A5A;DownholeEquipments=HSD:HSD:ASGS:ASGS:PGGT-D:LEH-QT;TSLevelActiveSurfaceEquips=DEPTH_DEVICE:TENSION_DEVICE:LOGGING_CABLE:WAFE
43194.1222657176,Simulation,UI Framework,Start Console,,,Simulation Console - Job HSD-ASGS-PGGTD,UIAutomatic,
43194.1224173495,PerfoExpressAcquisition,Calibration,Select Calibration Report Type,Click,ComboBox,Technical Concise,UIInteraction,
43194.1224396528,PerfoExpressAcquisition,UI Framework,Start Console,,,Acquisition Console - Job HSD-ASGS-PGGTD - Run 1,UIAutomatic,
43194.1224732986,PerfoExpressAcquisition,Depth Log/Station Planning,Perform Logging Task,,,,UIAutomatic,TaskName=Depth Log
43194.1226276852,PerfoExpressAcquisition,Depth Log/Station Planning,Perform Logging Task,RightClick,TreeView,Surface Hot Check,UIInteraction,TaskName=Surface Hot Check
43194.1226420833,PerfoExpressAcquisition,Depth Log/Station Planning,Perform Logging Task,Click,ContextMenu,Perform,UIInteraction,TaskName=Surface Hot Check
43194.1231480787,PerfoExpressAcquisition,Depth Log/Station Planning,Perform Logging Task,RightClick,TreeView,Depth Log,UIInteraction,TaskName=Depth Log
43194.1251045255,PerfoExpressAcquisition,Data Acquiring - WL,Unlock Pass,Click,ToolbarButton,Click to Unlock Stop Button,UIInteraction,
43194.125202037,PerfoExpressAcquisition,Data Acquiring - WL,Stop Depth Pass,Click,Button,Stop,UIInteraction,PassGuid=98C34EC0-9092-4CE5-9A69-54B4E3133FFF;Depth=670.55746
43194.1257257986,PerfoExpressAcquisition,Data Acquiring - WL,Start Depth Pass,Click,Button,Start,UIInteraction,PassGuid=2BAA3650-756A-4747-914D-F261A73E51D1;Objective=Log;Direction=Up;Depth=655.31746
43194.128214213,PerfoExpressAcquisition,Depth Log/Station Planning,Perform Logging Task,RightClick,TreeView,AS Inventory,UIInteraction,TaskName=AS Inventory
43194.1282281829,PerfoExpressAcquisition,Depth Log/Station Planning,Perform Logging Task,Click,ContextMenu,Perform,UIInteraction,TaskName=AS Inventory
43194.128495463,PerfoExpressAcquisition,Depth Log/Station Planning,Perform Logging Task,RightClick,TreeView,Perforate/Set/Activate,UIInteraction,TaskName=Perforate/Set/Activate
43194.1285096412,PerfoExpressAcquisition,Depth Log/Station Planning,Perform Logging Task,Click,ContextMenu,Perform,UIInteraction,TaskName=Perforate/Set/Activate
43194.129329456,PerfoExpressAcquisition,Depth Log/Station Planning,Perform Logging Task,RightClick,TreeView,Perforate/Set/Activate,UIInteraction,TaskName=Perforate/Set/Activate
43194.1293435417,PerfoExpressAcquisition,Depth Log/Station Planning,Perform Logging Task,Click,ContextMenu,Perform,UIInteraction,TaskName=Perforate/Set/Activate
43194.1301894907,PerfoExpressAcquisition,Depth Log/Station Planning,Perform Logging Task,RightClick,TreeView,Perforate/Set/Activate,UIInteraction,TaskName=Perforate/Set/Activate
43194.1302035417,PerfoExpressAcquisition,Depth Log/Station Planning,Perform Logging Task,Click,ContextMenu,Perform,UIInteraction,TaskName=Perforate/Set/Activate
43194.131057338,PerfoExpressAcquisition,Depth Log/Station Planning,Perform Logging Task,RightClick,TreeView,Perforate/Set/Activate,UIInteraction,TaskName=Perforate/Set/Activate
43194.1310720718,PerfoExpressAcquisition,Depth Log/Station Planning,Perform Logging Task,Click,ContextMenu,Perform,UIInteraction,TaskName=Perforate/Set/Activate
43194.1325479167,,Console/Job Manager,Start Deliverables Console,Click,Button,Start...,UIInteraction,JobGuid=3E004699-011A-4943-BB50-DA7DD3BFE5DD
43194.1326222338,DeliverablesSetup,Tier Manager,Tier Template Created for Tools in My Equipment,,,HSD Tier Created,Deliverables Console,
43194.1326231944,DeliverablesSetup,Tier Manager,Tier Template Created for Tools in My Equipment,,,LEH-QT Tier Created,Deliverables Console,
43194.1326233565,DeliverablesSetup,Tier Manager,Tier Template Created for Tools in My Equipment,,,ASGS Tier Created,Deliverables Console,
43194.1326235764,DeliverablesSetup,Tier Manager,Tier Template Created for Tools in My Equipment,,,PGGT-D Tier Created,Deliverables Console,
43194.1327277083,DeliverablesSetup,UI Framework,Start Console,,,Deliverables Console Setup - Job HSD-ASGS-PGGTD,UIAutomatic,
43194.1327833449,DeliverablesSetup,Deliverables - Digital,Create New Template,Click,ContextMenu,New Template,UIInteraction,
43194.1328956366,DeliverablesSetup,Deliverables - Digital,Rename Component,Click,ContextMenu,Rename,UIInteraction,ComponentName=New Template;DelivTemplateGuid=45C8B30B-FDFA-4128-8144-43AF1D8E9AF9
43194.1329055324,DeliverablesSetup,Deliverables - Graphical,Rename Component,Input,TextBox,5xHSD_PGGT-D,UIInteraction,OldComponentName=New Template
43194.1330151852,DeliverablesSetup,Deliverables - Graphical,Add Catalog Format to Template,Click,ToolbarButton,Add to Template,UIInteraction,ComponentName=PGGT Correlation;ComponentCode=Component_Log
43194.1330224074,DeliverablesSetup,Deliverables - Graphical,Add Catalog Format to Template,Click,ContextMenu,5xHSD_PGGT-D,UIInteraction,ComponentName=PGGT Correlation;ComponentCode=Component_Log
43194.1330785301,DeliverablesSetup,Deliverables - Graphical,Add Catalog Format to Template,Click,ToolbarButton,Add to Template,UIInteraction,ComponentName=Perfo Gun Summary;ComponentCode=Custom_Table_PerfoGunSummary
43194.1330856829,DeliverablesSetup,Deliverables - Graphical,Add Catalog Format to Template,Click,ContextMenu,5xHSD_PGGT-D,UIInteraction,ComponentName=Perfo Gun Summary;ComponentCode=Custom_Table_PerfoGunSummary
43194.1331542245,DeliverablesSetup,Deliverables - Digital,Add Template to Deliverable,Click,ContextMenu,Run 1,UIInteraction,ComponentName=5xHSD_PGGT-D;ComponentCode=Component_None
43194.1334030787,DeliverablesSetup,Data Explorer,Click OK Button,Click,Button,OK,UIInteraction,Selection=Log[2]:Up____2149.97 (ft)__Shooting pass
43194.1334141898,DeliverablesSetup,UI Framework,Switch View,Click,ToolbarButton,Deliverables Display View,UIInteraction,
43194.133709375,DeliverablesSetup,Deliverables - Graphical,View Graphical Component,Click,ContextMenu,View,UIInteraction,ComponentName=Log ( PGGT Correlation );TemplateName=5xHSD_PGGT-D;DelivTemplateGuid=B53AAA06-F4FC-4F8C-AA02-E347DF9543DE
43194.1343891088,DeliverablesSetup,Deliverables - Graphical,View Graphical Component,Click,ContextMenu,View,UIInteraction,ComponentName=Perfo Gun Summary;TemplateName=5xHSD_PGGT-D;DelivTemplateGuid=B04CCE28-6450-4138-9A95-C2EFF4F29368
43194.1349296644,PerfoExpressAcquisition,Data Acquiring - WL,Unlock Pass,Click,ToolbarButton,Click to Unlock Stop Button,UIInteraction,
43194.1350323843,PerfoExpressAcquisition,Data Acquiring - WL,Stop Depth Pass,Click,Button,Stop,UIInteraction,PassGuid=2BAA3650-756A-4747-914D-F261A73E51D1;Depth=594.35746
43194.1350806482,PerfoExpressAcquisition,Data Acquiring - WL,Unlock 3 Buttons,Click,ToolbarButton,Unlock,UIInteraction,
43194.135082581,PerfoExpressAcquisition,Data Acquiring - WL,Disable Tool Power,Click,ToolbarButton,Disable Tool Power,UIInteraction,
43194.1351888542,PerfoExpressAcquisition,Data Acquiring - WL,Stop Dataflow,Click,ToolbarButton,Stop Data Flow,UIInteraction,
43194.1353014352,PerfoExpressAcquisition,Data Acquiring - WL,Disconnect Hardware,Click,ToolbarButton,Disconnect From Hardware,UIInteraction,
43194.1354103241,Setup,Run Manager (Internal),Stop Run,Click,Button,Stop,UIInteraction,RunGuid=2ECA9E64-0C0D-4338-A775-BAAF16791AC0
43194.1354103357,Setup,Run Manager (Internal),Cancel Stop Run,Click,Button,Cancel,UIInteraction,RunGuid=2ECA9E64-0C0D-4338-A775-BAAF16791AC0
43194.1354748148,Simulation,UI Framework,Close Console,Click,Button,,UIInteraction,JobGuid=3E004699-011A-4943-BB50-DA7DD3BFE5DD
43194.1356373264,DeliverablesSetup,UI Framework,Close Console,Click,Button,,UIInteraction,JobGuid=3E004699-011A-4943-BB50-DA7DD3BFE5DD
43194.1356533218,DeliverablesSetup,UI Framework,OK to Close Deliverables - Display Console,Click,Button,OK,UIInteraction,
43194.1357323032,,Console/Job Manager,Stop Setup Console,Click,Button,Stop,UIInteraction,JobGuid=3E004699-011A-4943-BB50-DA7DD3BFE5DD
43194.135814294,,Console/Job Manager,Stop Job,Click,Button,Stop,UIInteraction,JobGuid=3E004699-011A-4943-BB50-DA7DD3BFE5DD
