43193.6876753241,,Console/Job Manager,New Job,Click,Button,New,UIInteraction,
43193.6876909607,,Console/Job Manager,Input Job Name,Input,TextBox,10MSA0091,UIInteraction,
43193.687734213,,Console/Job Manager,Input Well Name,Input,TextBox,maderil,UIInteraction,
43193.6877786227,,Console/Job Manager,Input Client Name,Input,TextBox,BGCAT,UIInteraction,
43193.6879132755,,Console/Job Manager,Select Units,Click,ComboBox,Metric,UIInteraction,
43193.6880909491,,Console/Job Manager,Select Auto Backup Folder,Click,ComboBox,C:\AutoBackup,UIInteraction,
43193.6993220255,,UI Framework,Close Console,Click,Button,,UIInteraction,
43193.7020668403,,UI Framework,Initialize Maxwell Manager Process Name,,,Initialize Maxwell Manager Process Name,,
43193.702084537,,UI Framework,Start Console,,,Maxwell Manager,UIAutomatic,MachineName=HPV04-014;UserName=Engineer;UserDomainName=HPV04-014;OS=Microsoft Windows NT 6.1.7601 Service Pack 1;TimeZone=00:00:00;IPAddress_1=192.168.78.102;IPAddress_2=::1;MWVersion=9.0.100732.3100
43193.7023214583,,Console/Job Manager,Import Job Archive,Click,ContextMenu,Create Import,UIInteraction,
43193.7023286343,,Import/Export & Backup/Restore,Select file to import,Click,Button,...,UIInteraction,
43193.7023405093,,Import/Export & Backup/Restore,OK to select file,,,,UIAutomatic,FilePath=\\srv004bgc.dir.slb.com\MaxwellAT\TestData\TestData\Phase3\JobArchive\DnM_SWF_MP3_Setup.Dlis
43193.7024039931,,Import/Export & Backup/Restore,Start Import,Click,Button,Import,UIInteraction,FilePath=\\srv004bgc.dir.slb.com\MaxwellAT\TestData\TestData\Phase3\JobArchive\DnM_SWF_MP3_Setup.Dlis
43193.7027179398,,Import/Export & Backup/Restore,Close Import UI,Click,Button,Close,UIInteraction,
43193.7028531366,,Console/Job Manager,Select Auto Backup Folder,Click,ComboBox,C:\AutoBackup,UIInteraction,
43193.7556836806,,UI Framework,Close Console,Click,Button,,UIInteraction,
