Time,Process,Component,Operation,Action,Control,ControlText,Category,Context
43194.1208215625,,Console/Job Manager,Start Job,Click,Button,Start,UIInteraction,JobName=PLUG-SAFE-UPCT;StartDate=4/4/2018 2:53 AM;Workflow=PerfoExpress;Simulator=True;UnitSystem=English;JobSize=0;State=Available;SideTrackId=0;SessionID=417C3226-93EE-4548-BBF5-203C70BD8FE6;SortOrder=1;JobGUID=95BA300C-C875-4769-B6AB-59B8E76F8E87;WellGUID=E7A40D16-3A6B-4C42-B9C6-45901470F463;BoreholeGUID=9370F3FE-A019-4A18-9587-DE571DFAFE81;MachineName=HPV26-006;UserName=Engineer;UserDomainName=HPV26-006;OS=Microsoft Windows NT 6.1.7601 Service Pack 1;StartedJobCount=0;TimeZone=00:00:00;IPAddress_1=192.168.178.64;IPAddress_2=::1;MWVersion=9.0.100745.3100
43194.1213058681,,Console/Job Manager,Stop Job,Click,Button,Stop,UIInteraction,JobGuid=95BA300C-C875-4769-B6AB-59B8E76F8E87
43194.121329294,,Console/Job Manager,Start Job,Click,Button,Start,UIInteraction,JobName=PLUG-SAFE-UPCT;StartDate=4/4/2018 2:53 AM;Workflow=PerfoExpress;Simulator=True;UnitSystem=English;JobSize=0;State=Available;SideTrackId=0;SessionID=417C3226-93EE-4548-BBF5-203C70BD8FE6;SortOrder=1;JobGUID=95BA300C-C875-4769-B6AB-59B8E76F8E87;WellGUID=E7A40D16-3A6B-4C42-B9C6-45901470F463;BoreholeGUID=9370F3FE-A019-4A18-9587-DE571DFAFE81;MachineName=HPV26-006;UserName=Engineer;UserDomainName=HPV26-006;OS=Microsoft Windows NT 6.1.7601 Service Pack 1;StartedJobCount=0;TimeZone=00:00:00;IPAddress_1=192.168.178.64;IPAddress_2=::1;MWVersion=9.0.100745.3100
43194.1213921181,,Console/Job Manager,Start Setup Console,Click,Button,Start...,UIInteraction,JobGuid=95BA300C-C875-4769-B6AB-59B8E76F8E87
43194.1215508565,Setup,Calibration,Select Calibration Report Type,Click,ComboBox,Technical Concise,UIInteraction,
43194.1215624421,Setup,UI Framework,Start Console,,,Setup - Job PLUG-SAFE-UPCT,UIAutomatic,
43194.1216192245,Setup,Run Manager (Internal),Start Run,Click,Button,Start,UIInteraction,RunGuid=9B024EAA-A039-46F0-99CD-8D212EE18215;ToolstringGuid=7A9B6FC0-E1A3-46A9-9BF4-E8280501E999;DownholeEquipments=PLUG:SAFE:UPCT-A:MH-32;TSLevelActiveSurfaceEquips=LOGGING_CABLE:DEPTH_DEVICE:TENSION_DEVICE:WAFE
43194.1217596412,Simulation,UI Framework,Start Console,,,Simulation Console - Job PLUG-SAFE-UPCT,UIAutomatic,
43194.1218906944,PerfoExpressAcquisition,Calibration,Select Calibration Report Type,Click,ComboBox,Technical Concise,UIInteraction,
43194.1219112616,PerfoExpressAcquisition,UI Framework,Start Console,,,Acquisition Console - Job PLUG-SAFE-UPCT - Run 1,UIAutomatic,
43194.1219410995,PerfoExpressAcquisition,Depth Log/Station Planning,Perform Logging Task,,,,UIAutomatic,TaskName=Depth Log
43194.1223404051,PerfoExpressAcquisition,Depth Log/Station Planning,Perform Logging Task,RightClick,TreeView,Surface Hot Check,UIInteraction,TaskName=Surface Hot Check
43194.1223548727,PerfoExpressAcquisition,Depth Log/Station Planning,Perform Logging Task,Click,ContextMenu,Perform,UIInteraction,TaskName=Surface Hot Check
43194.1228874074,PerfoExpressAcquisition,Data Acquiring - WL,Unlock Pass,Click,ToolbarButton,Click to Unlock Stop Button,UIInteraction,
43194.1229749769,PerfoExpressAcquisition,Data Acquiring - WL,Stop Depth Pass,Click,Button,Stop,UIInteraction,PassGuid=1B8A57AD-19B2-4CED-8BFC-75A344BA0759;Depth=670.55746
43194.123574294,PerfoExpressAcquisition,Data Acquiring - WL,Start Depth Pass,Click,Button,Start,UIInteraction,PassGuid=3C38484D-9EDA-4958-8159-6F03FEA18878;Objective=Log;Direction=Up;Depth=655.31746
43194.1242796412,PerfoExpressAcquisition,Depth Log/Station Planning,Perform Logging Task,RightClick,TreeView,Reposition,UIInteraction,TaskName=Reposition
43194.1242937037,PerfoExpressAcquisition,Depth Log/Station Planning,Perform Logging Task,Click,ContextMenu,Perform,UIInteraction,TaskName=Reposition
43194.1246231366,PerfoExpressAcquisition,Depth Log/Station Planning,Perform Logging Task,RightClick,TreeView,Perforate/Set/Activate,UIInteraction,TaskName=Perforate/Set/Activate
43194.1246375694,PerfoExpressAcquisition,Depth Log/Station Planning,Perform Logging Task,Click,ContextMenu,Perform,UIInteraction,TaskName=Perforate/Set/Activate
43194.1248947685,,Console/Job Manager,Start Deliverables Console,Click,Button,Start...,UIInteraction,JobGuid=95BA300C-C875-4769-B6AB-59B8E76F8E87
43194.1249426852,DeliverablesSetup,Tier Manager,Tier Template Created for Tools in My Equipment,,,PLUG Tier Created,Deliverables Console,
43194.1249421296,DeliverablesSetup,Tier Manager,Tier Template Created for Tools in My Equipment,,,SAFE Tier Created,Deliverables Console,
43194.124942581,DeliverablesSetup,Tier Manager,Tier Template Created for Tools in My Equipment,,,UPCT-A Tier Created,Deliverables Console,
43194.1250073148,DeliverablesSetup,UI Framework,Start Console,,,Deliverables Console Setup - Job PLUG-SAFE-UPCT,UIAutomatic,
43194.1250953009,DeliverablesSetup,Deliverables - Digital,Add Template to Deliverable,Click,ContextMenu,Run 1,UIInteraction,ComponentName=PLUG-SAFE-UPCT;ComponentCode=Component_None
43194.1253356366,DeliverablesSetup,Data Explorer,Click OK Button,Click,Button,OK,UIInteraction,Selection=Log[2]:Up____2149.97 (ft)__Shooting pass
43194.1253449653,DeliverablesSetup,UI Framework,Switch View,Click,ToolbarButton,Deliverables Display View,UIInteraction,
43194.125633831,DeliverablesSetup,Deliverables - Graphical,View Graphical Component,Click,ContextMenu,View,UIInteraction,ComponentName=Log ( UPCT Correlation );TemplateName=PLUG-SAFE-UPCT;DelivTemplateGuid=F9166638-D3E5-418D-AEDA-9ECB978A6E21
43194.1262989699,DeliverablesSetup,Deliverables - Graphical,View Graphical Component,Click,ContextMenu,View,UIInteraction,ComponentName=Explosive Device Summary;TemplateName=PLUG-SAFE-UPCT;DelivTemplateGuid=E0B78BB9-08CE-419C-8125-1C12F9150FDA
43194.1267939815,PerfoExpressAcquisition,Data Acquiring - WL,Unlock Pass,Click,ToolbarButton,Click to Unlock Stop Button,UIInteraction,
43194.1268997569,PerfoExpressAcquisition,Data Acquiring - WL,Stop Depth Pass,Click,Button,Stop,UIInteraction,PassGuid=3C38484D-9EDA-4958-8159-6F03FEA18878;Depth=572.56934
43194.1269359028,PerfoExpressAcquisition,Data Acquiring - WL,Unlock 3 Buttons,Click,ToolbarButton,Unlock,UIInteraction,
43194.1269378935,PerfoExpressAcquisition,Data Acquiring - WL,Disable Tool Power,Click,ToolbarButton,Disable Tool Power,UIInteraction,
43194.1270701389,PerfoExpressAcquisition,Data Acquiring - WL,Stop Dataflow,Click,ToolbarButton,Stop Data Flow,UIInteraction,
43194.1272002199,PerfoExpressAcquisition,Data Acquiring - WL,Disconnect Hardware,Click,ToolbarButton,Disconnect From Hardware,UIInteraction,
43194.1273127546,Setup,Run Manager (Internal),Stop Run,Click,Button,Stop,UIInteraction,RunGuid=9B024EAA-A039-46F0-99CD-8D212EE18215
43194.1273127662,Setup,Run Manager (Internal),Cancel Stop Run,Click,Button,Cancel,UIInteraction,RunGuid=9B024EAA-A039-46F0-99CD-8D212EE18215
43194.1273995833,Simulation,UI Framework,Close Console,Click,Button,,UIInteraction,JobGuid=95BA300C-C875-4769-B6AB-59B8E76F8E87
43194.1275092014,DeliverablesSetup,Deliverables - Digital,Create Run Archive,Click,ContextMenu,Create,UIInteraction,ArchiveGuid=9B024EAA-A039-46F0-99CD-8D212EE18215;JobArchiveType=3.0
43194.1276840625,DeliverablesSetup,UI Framework,Close Console,Click,Button,,UIInteraction,JobGuid=95BA300C-C875-4769-B6AB-59B8E76F8E87
43194.1277212269,DeliverablesSetup,UI Framework,OK to Close Deliverables - Display Console,Click,Button,OK,UIInteraction,
43194.1277997454,,Console/Job Manager,Stop Setup Console,Click,Button,Stop,UIInteraction,JobGuid=95BA300C-C875-4769-B6AB-59B8E76F8E87
43194.1278541782,,Console/Job Manager,Start Data Central Console,Click,Button,Start...,UIInteraction,JobGuid=95BA300C-C875-4769-B6AB-59B8E76F8E87
43194.1278831366,DataCentral,UI Framework,Start Console,,,Data Central - Recompute - Job PLUG-SAFE-UPCT,UIAutomatic,
43194.1279339352,DataCentral,Computation / Recomputation,Recompute/Select Run,Click,Button,Select Run...,UIInteraction,
43194.1280029514,DataCentral,Data Explorer,Click OK Button,Click,Button,OK,UIInteraction,Selection=Run 1____02:55:11 04-Apr-2018_03:03:22 04-Apr-2018_
43194.128004375,DataCentral,Computation / Recomputation,Recompute/Confirm to Select Run,,,,UIAutomatic,RunNo=1;RunGuid=9B024EAA-A039-46F0-99CD-8D212EE18215
43194.1287654861,DataCentral,Properties & Parameters,Show Infrequent Properties/Parameters,Click,ToolbarButton,Show Infrequent Parameters,UIInteraction,
43194.1287771065,DataCentral,Computation / Recomputation,ProcessRecomputeState,,,,UIAutomatic,JobGuid=95BA300C-C875-4769-B6AB-59B8E76F8E87;State=UIS_RECOMPUTATION_STATE_PENDING;Scope=JobScope;RecompPercentageComplete=;MultipleRunsAffected=False;ActiveRunAffected=False;ActiveRunInProgress=False;RunCount=1;Run0Change0=Parameter;Run0Guid=9B024EAA-A039-46F0-99CD-8D212EE18215
43194.1287763542,DataCentral,Properties & Parameters,Change Parameter Value,Update,GridCell,1.2,UIInteraction,OSDD=GR_MULTIPLIER;EnsemblePath=UPCT-A:UPCC-A:UPCC-A
43194.1288360417,DataCentral,Computation / Recomputation,Recompute All Pending Runs,Click,ToolbarButton,Recompute All Pending Runs,UIInteraction,
43194.1288364699,DataCentral,Computation / Recomputation,ProcessRecomputeState,,,,UIAutomatic,JobGuid=95BA300C-C875-4769-B6AB-59B8E76F8E87;State=UIS_RECOMPUTATION_STATE_STARTING;Scope=JobScope;RecompPercentageComplete=;MultipleRunsAffected=False;ActiveRunAffected=False;ActiveRunInProgress=False;RunCount=1;Run0Change0=Parameter;Run0Guid=9B024EAA-A039-46F0-99CD-8D212EE18215
43194.128917338,DataCentral,Computation / Recomputation,ProcessRecomputeState,,,,UIAutomatic,JobGuid=95BA300C-C875-4769-B6AB-59B8E76F8E87;State=UIS_RECOMPUTATION_STATE_IN_PROGRESS;Scope=JobScope;RecompPercentageComplete=;MultipleRunsAffected=False;ActiveRunAffected=False;ActiveRunInProgress=False;RunCount=1;Run0Change0=Parameter;Run0Guid=9B024EAA-A039-46F0-99CD-8D212EE18215
43194.1290189931,DataCentral,Computation / Recomputation,ProcessRecomputeState,,,,UIAutomatic,JobGuid=95BA300C-C875-4769-B6AB-59B8E76F8E87;State=UIS_RECOMPUTATION_STATE_SUCCEEDED;Scope=JobScope;RecompPercentageComplete=;MultipleRunsAffected=False;ActiveRunAffected=False;ActiveRunInProgress=False;RunCount=1;Run0Change0=Parameter;Run0Guid=9B024EAA-A039-46F0-99CD-8D212EE18215
43194.1290644792,,Console/Job Manager,Stop Data Central Console,Click,Button,Stop,UIInteraction,JobGuid=95BA300C-C875-4769-B6AB-59B8E76F8E87
43194.1291499074,,Console/Job Manager,Stop Job,Click,Button,Stop,UIInteraction,JobGuid=95BA300C-C875-4769-B6AB-59B8E76F8E87
