Time,Process,Component,Operation,Action,Control,ControlText,Category,Context
43194.1790920255,,Console/Job Manager,Start Job,Click,Button,Start,UIInteraction,JobName=VSI;WellName=SKK;ClientName=BGCAT;StartDate=4/4/2018 4:17 AM;Workflow=Wireline;Simulator=True;UnitSystem=English;RTBackupDir=C:\Autobackup;JobSize=0;State=Available;SideTrackId=0;SessionID=E98FB797-2F30-4B93-A1C2-5218D67203DA;SortOrder=1;JobGUID=206301CD-27EA-48AC-8F14-F4F8258E0311;WellGUID=618C7880-20E6-41F9-BAC8-ABEAECC9615D;BoreholeGUID=22F612F8-90E8-4C95-877C-69A57DD9C360;MachineName=HPV26-003;UserName=Engineer;UserDomainName=HPV26-003;OS=Microsoft Windows NT 6.1.7601 Service Pack 1;StartedJobCount=0;TimeZone=00:00:00;IPAddress_1=192.168.78.176;IPAddress_2=::1;MWVersion=9.0.100745.3100
43194.1791675579,,Console/Job Manager,Start Setup Console,Click,Button,Start...,UIInteraction,JobGuid=206301CD-27EA-48AC-8F14-F4F8258E0311
43194.1792194329,Setup,Calibration,Select Calibration Report Type,Click,ComboBox,Technical Concise,UIInteraction,
43194.1792905787,Setup,UI Framework,Start Console,,,Setup - Job VSI,UIAutomatic,
43194.1793201042,Setup,UI Framework,Switch Tab,Click,Tab,DnI Initializations,UIInteraction,
43194.1793321296,Setup,DnI/Survey,Select Decimal,Click,RadioButton,Decimal,UIInteraction,
43194.1793515972,Setup,DnI/Survey,Enter Latitude,Input,TextBox,39,UIInteraction,
43194.1793712269,Setup,DnI/Survey,Enter Longitude,Input,TextBox,116,UIInteraction,
43194.1793815394,Setup,UI Framework,Switch Tab,Click,Tab,Equipment,UIInteraction,
43194.1794266782,Setup,DnI/Survey,Select Permanent Datum,Click,ComboBox,Mean Sea Level,UIInteraction,
43194.1794319097,Setup,DnI/Survey,Select Log Measured From,Click,ComboBox,Drill Floor,UIInteraction,
43194.1794520486,Setup,DnI/Survey,Enter Elevation of 'Log Measured From',Input,TextBox,1000,UIInteraction,LogMeasuredFrom=Drill Floor
43194.1794632523,Setup,UI Framework,Switch Tab,Click,Tab,DnI Initializations,UIInteraction,
43194.179492419,Setup,DnI/Survey,Compute DnI/Elevation,Click,Button,Compute,UIInteraction,
43194.1796193982,Setup,UI Framework,Switch Tab,Click,Tab,Wellbore,UIInteraction,
43194.1796238889,Setup,Well Setup (Internal),Select Run Number,Click,ComboBox,1,UIInteraction,RunGuid=754676B8-7D1A-4D20-A103-8DC2F18B3406
43194.1796363657,Setup,Well Setup (Internal),Enter Size for Bit Size,Update,GridCell,12.25,UIInteraction,Row=1;Column=Size (in);RunGuid=754676B8-7D1A-4D20-A103-8DC2F18B3406
43194.1796775,Setup,Well Setup (Internal),Enter Driller Top for Bit Size,Update,GridCell,0,UIInteraction,Row=1;Column=Driller Top (ft);RunGuid=754676B8-7D1A-4D20-A103-8DC2F18B3406
43194.1797193171,Setup,Well Setup (Internal),Enter Driller Bottom for Bit Size,Update,GridCell,10000,UIInteraction,Row=1;Column=Driller Bottom (ft);RunGuid=754676B8-7D1A-4D20-A103-8DC2F18B3406
43194.1797610185,Setup,Well Setup (Internal),Enter Logger Top for Bit Size,Update,GridCell,0,UIInteraction,Row=1;Column=Logger Top (ft);RunGuid=754676B8-7D1A-4D20-A103-8DC2F18B3406
43194.1797982176,Setup,UI Framework,Switch Tab,Click,Tab,Equipment,UIInteraction,
43194.1798032639,Setup,Equipment,New ToolString,Click,ToolbarButton,New ToolString,UIInteraction,ToolstringName=New ToolString;ToolstringGuid=AE344FD7-B4F7-405E-B1CA-7317B8DFEDF6
43194.1798365509,Setup,Equipment,Rename ToolString,Input,TextBox,VSI,UIInteraction,ToolstringGuid=AE344FD7-B4F7-405E-B1CA-7317B8DFEDF6
43194.1798460185,Setup,Equipment,Filter Equipment in Catalog,Input,TextBox,,UIInteraction,Text=VSIT-GA
43194.1798462731,Setup,Equipment,Filter Equipment in Catalog,Input,TextBox,,UIInteraction,Text=VSIT-GA
43194.1798508449,Setup,Equipment,Add Equipment from Catalog to ToolString,Click,ToolbarButton,Add to ToolString,UIInteraction,EquipmentName=VSIT-GA
43194.1798772222,Setup,Equipment,Filter Equipment in Catalog,Input,TextBox,,UIInteraction,Text=AH-199
43194.1798773264,Setup,Equipment,Filter Equipment in Catalog,Input,TextBox,,UIInteraction,Text=AH-199
43194.1798816204,Setup,Equipment,Add Equipment from Catalog to ToolString,Click,ToolbarButton,Add to ToolString,UIInteraction,EquipmentName=AH-199
43194.1798834606,Setup,Equipment,Filter Equipment in Catalog,Input,TextBox,,UIInteraction,Text=EDTC-B
43194.1798835764,Setup,Equipment,Filter Equipment in Catalog,Input,TextBox,,UIInteraction,Text=EDTC-B
43194.1798896296,Setup,Equipment,Add Equipment from Catalog to ToolString,Click,ToolbarButton,Add to ToolString,UIInteraction,EquipmentName=EDTC-B
43194.1798934954,Setup,Equipment,Filter Equipment in Catalog,Input,TextBox,,UIInteraction,Text=LEH-QT
43194.1798936111,Setup,Equipment,Filter Equipment in Catalog,Input,TextBox,,UIInteraction,Text=LEH-QT
43194.1798983681,Setup,Equipment,Add Equipment from Catalog to ToolString,Click,ToolbarButton,Add to ToolString,UIInteraction,EquipmentName=LEH-QT
43194.1829051852,Setup,UI Framework,Switch Tab,Click,Tab,Parameters,UIInteraction,
43194.1829083565,Setup,Properties & Parameters,Show Infrequent Properties/Parameters,Click,ToolbarButton,Show Infrequent Parameters,UIInteraction,
43194.1829561343,Setup,Properties & Parameters,Change Parameter Value,Update,GridCell,720,UIInteraction,OSDD=ULT;EnsemblePath=VSIT-GA:VSCC-G:VSCC-G
43194.1829928241,Setup,Equipment,Validate ToolString,Click,ContextMenu,Validate,UIInteraction,Validated State=TS_VALIDATION_VALID;Validated Message=<ToolStringValidation><ToolStringGuid>AE344FD7-B4F7-405E-B1CA-7317B8DFEDF6</ToolStringGuid><ToolStringName>VSI</ToolStringName><SourceAction>Validate</SourceAction><IsAutomatic>FALSE</IsAutomatic></ToolStringValidation>
43194.183188912,Setup,Well Setup (Internal),Select Run Number,Click,ComboBox,1,UIInteraction,RunGuid=754676B8-7D1A-4D20-A103-8DC2F18B3406
43194.1831998148,Setup,Well Setup (Internal),Enter Size for Casings,Update,GridCell,8.625,UIInteraction,Row=1;Column=Size (in);RunGuid=754676B8-7D1A-4D20-A103-8DC2F18B3406
43194.1832175,Setup,Well Setup (Internal),Enter Driller Top for Casings,Update,GridCell,0,UIInteraction,Row=1;Column=Driller Top (ft);RunGuid=754676B8-7D1A-4D20-A103-8DC2F18B3406
43194.1832364005,Setup,Well Setup (Internal),Enter Driller Bottom for Casings,Update,GridCell,5000,UIInteraction,Row=1;Column=Driller Bottom (ft);RunGuid=754676B8-7D1A-4D20-A103-8DC2F18B3406
43194.1832551736,Setup,Well Setup (Internal),Enter Logger Bottom for Casings,Update,GridCell,5000,UIInteraction,Row=1;Column=Logger Bottom (ft);RunGuid=754676B8-7D1A-4D20-A103-8DC2F18B3406
43194.1832728704,Setup,Well Setup (Internal),Enter Weight for Casings,Update,GridCell,83,UIInteraction,Row=1;Column=Weight (lbm/ft);RunGuid=754676B8-7D1A-4D20-A103-8DC2F18B3406
43194.183362419,Setup,Well Setup (Internal),Enter Grade for Casings,Update,GridCell,K55,UIInteraction,Row=1;Column=Grade;RunGuid=754676B8-7D1A-4D20-A103-8DC2F18B3406
43194.1833815857,Setup,Well Setup (Internal),Enter Inner Diameter for Casings,Update,GridCell,6.633,UIInteraction,Row=1;Column=Inner Diameter (in);RunGuid=754676B8-7D1A-4D20-A103-8DC2F18B3406
43194.1833997107,Setup,UI Framework,Switch Tab,Click,Tab,Runs,UIInteraction,
43194.183430625,Setup,Run Manager (Internal),Associate toolstring to run,Update,GridCell,VSI,UIInteraction,RunGuid=754676B8-7D1A-4D20-A103-8DC2F18B3406;ToolstringGuid=AE344FD7-B4F7-405E-B1CA-7317B8DFEDF6;DownholeEquipments=VSIT-GAEDTC-BLEH-QTVSIA-GAVSII-GVSII-GVSII-GVSII-GVSII-GVSII-GVSII-GVSII-GVSII-GVSII-GVSII-GVSII-GVSII-GVSII-GVSII-GAH-199;TSLevelActiveSurfaceEquips=DEPTH_DEVICETENSION_DEVICELOGGING_CABLEWAFEWSAM-ABWITM
43194.1835640046,Setup,Equipment,Close Toolstring Validation UI,Click,Button,Close,UIInteraction,ToolstringGuid=AE344FD7-B4F7-405E-B1CA-7317B8DFEDF6
43194.1835840509,Setup,Run Manager (Internal),Start Run,Click,Button,Start,UIInteraction,RunGuid=754676B8-7D1A-4D20-A103-8DC2F18B3406;ToolstringGuid=AE344FD7-B4F7-405E-B1CA-7317B8DFEDF6;DownholeEquipments=VSIT-GA:AH-199:EDTC-B:LEH-QT;TSLevelActiveSurfaceEquips=DEPTH_DEVICE:TENSION_DEVICE:LOGGING_CABLE:WAFE
43194.1835842593,Setup,Run Manager (Internal),Change Tool Zero Selection,Click,CheckBox,VSIT-GA,UIInteraction,CheckState=True
43194.1836388889,Setup,Run Manager (Internal),Confirm Tool Zero Selection,Click,Button,Confirm and Continue,UIInteraction,
43194.1837732639,Simulation,UI Framework,Start Console,,,Simulation Console - Job VSI,UIAutomatic,
43194.1838162847,WLAcquisition,Calibration,Select Calibration Report Type,Click,ComboBox,Technical Concise,UIInteraction,
43194.1838696528,WLAcquisition,UI Framework,Start Console,,,Acquisition Console - Job VSI - Run 1,UIAutomatic,
43194.1842749306,WLAcquisition,Data Acquiring - WL,Connect Hardware,Click,ToolbarButton,Connect to Hardware,UIInteraction,
43194.184491169,WLAcquisition,Data Acquiring - WL,Start Dataflow,Click,ToolbarButton,Start Data Flow,UIInteraction,
43194.1845618981,WLAcquisition,Data Acquiring - WL,Enable Tool Power,Click,ToolbarButton,Enable Tool Power,UIInteraction,
43194.1845689352,WLAcquisition,EDTC-B,Read Memory Data,,,,UIAutomatic,TaskName=EDTC-B: Read Memory Data
43194.1845725694,WLAcquisition,Calibration,Select Tool in Calibration Report,Click,ComboBox,LEH-QT,UIInteraction,ToolName=LEH-QT
43194.1845732292,WLAcquisition,UI Framework,Switch Tab,Click,Tab,Calibrations,UIInteraction,
43194.1845725463,WLAcquisition,Calibration,Select Calibration in Calibration Report,Click,ComboBox,HTEN Before Calibration,UIInteraction,
43194.1845889005,Setup,Computation / Recomputation,ProcessRecomputeState,,,,UIAutomatic,JobGuid=206301CD-27EA-48AC-8F14-F4F8258E0311;State=UIS_RECOMPUTATION_STATE_PENDING;Scope=JobScope;RecompPercentageComplete=;MultipleRunsAffected=False;ActiveRunAffected=True;ActiveRunInProgress=False;RunCount=1;Run0Change0=Calibration;Run0Guid=754676B8-7D1A-4D20-A103-8DC2F18B3406
43194.1845903009,WLAcquisition,Calibration,Choose Available Calibration,Click,ComboBox,04:25:47.386 04-Apr-2018,UIInteraction,
43194.1845914583,WLAcquisition,Computation / Recomputation,ProcessRecomputeState,,,,UIAutomatic,JobGuid=206301CD-27EA-48AC-8F14-F4F8258E0311;State=UIS_RECOMPUTATION_STATE_PENDING;Scope=JobScope;RecompPercentageComplete=;MultipleRunsAffected=False;ActiveRunAffected=True;ActiveRunInProgress=False;RunCount=1;Run0Change0=Calibration;Run0Guid=754676B8-7D1A-4D20-A103-8DC2F18B3406
43194.1845913889,WLAcquisition,Calibration,Choose Available Calibration,Click,ComboBox,04:25:47.386 04-Apr-2018,UIInteraction,
43194.1863084491,WLAcquisition,Depth Log/Station Planning,Perform Logging Task,RightClick,TreeView,Open Seismic Project,UIInteraction,TaskName=Open Seismic Project
43194.1863223958,WLAcquisition,Depth Log/Station Planning,Perform Logging Task,Click,ContextMenu,Perform,UIInteraction,TaskName=Open Seismic Project
43194.1865841435,WLAcquisition,Depth Log/Station Planning,Perform Logging Task,RightClick,TreeView,Set Geometry Information,UIInteraction,TaskName=Set Geometry Information
43194.1866021412,WLAcquisition,UI Framework,Switch Tab,Click,Tab,Geometry Information,UIInteraction,
43194.1865980787,WLAcquisition,Depth Log/Station Planning,Perform Logging Task,Click,ContextMenu,Perform,UIInteraction,TaskName=Set Geometry Information
43194.1868071528,WLAcquisition,Depth Log/Station Planning,Perform Logging Task,RightClick,TreeView,Configure Survey,UIInteraction,TaskName=Configure Survey
43194.1868209722,WLAcquisition,Depth Log/Station Planning,Perform Logging Task,Click,ContextMenu,Perform,UIInteraction,TaskName=Configure Survey
43194.1868221412,WLAcquisition,[Seismic]: SurveyObjectivesComboBox,comboBox_Objectives_SelectedIndexChanged,Click,ComboBox,ZVSP,UIInteraction,TaskName=[Seismic]: SurveyObjectivesComboBox
43194.1868229167,WLAcquisition,[Seismic]: SurveyObjectivesComboBox,comboBox_Objectives_SelectedIndexChanged,Click,ComboBox,ZVSP,UIInteraction,TaskName=[Seismic]: SurveyObjectivesComboBox
43194.1868253357,WLAcquisition,UI Framework,Switch Tab,Click,Tab,Open Seismic Project,UIInteraction,
43194.1868260417,WLAcquisition,UI Framework,Switch Tab,Click,Tab,Geometry Information,UIInteraction,
43194.1868265856,WLAcquisition,UI Framework,Switch Tab,Click,Tab,Survey Manager,UIInteraction,
43194.1868560764,WLAcquisition,[Seismic]: SurveyObjectivesComboBox,comboBox_Objectives_SelectedIndexChanged,Click,ComboBox,ZVSP,UIInteraction,TaskName=[Seismic]: SurveyObjectivesComboBox
43194.1869062731,WLAcquisition,[Seismic]: SurveyObjectivesComboBox,comboBox_Objectives_SelectedIndexChanged,Click,ComboBox,MarineWalkaway,UIInteraction,TaskName=[Seismic]: SurveyObjectivesComboBox
43194.1872981829,WLAcquisition,[Seismic]: tabControl,tabControl_SelectedIndexChanged,Click,Tab,Source,UIInteraction,TaskName=[Seismic]: tabControl
43194.1874382176,WLAcquisition,Depth Log/Station Planning,Perform Logging Task,RightClick,TreeView,Select Survey,UIInteraction,TaskName=Select Survey
43194.1874522917,WLAcquisition,Depth Log/Station Planning,Perform Logging Task,Click,ContextMenu,Perform,UIInteraction,TaskName=Select Survey
43194.1875473611,WLAcquisition,[Seismic]: SurveyComboBox,SurveyComboBox_SelectedIndexChanged,Click,ComboBox,Survey1,UIInteraction,TaskName=[Seismic]: SurveyComboBox
43194.187553206,WLAcquisition,[Seismic]: ActivateButton,ActivateButton_Click,Click,Button,Activate,UIInteraction,TaskName=[Seismic]: ActivateButton
43194.1875553704,WLAcquisition,[Seismic]: tabControl,tabControl_SelectedIndexChanged,Click,Tab,Summary,UIInteraction,TaskName=[Seismic]: tabControl
43194.1875627315,WLAcquisition,[Seismic]: SurveyNameTextBox,SurveyNameTextBox_Leave,Input,TextBox,Survey1,UIInteraction,TaskName=[Seismic]: SurveyNameTextBox
43194.1875660995,WLAcquisition,[VSI] Select Survey,VSI [VSI] Select Survey,Click,Button,Close,UIInteraction,TaskName=[VSI] Select Survey
43194.1876743171,WLAcquisition,Depth Log/Station Planning,Perform Logging Task,RightClick,TreeView,Open All Arms,UIInteraction,TaskName=Open All Arms
43194.1876881597,WLAcquisition,Depth Log/Station Planning,Perform Logging Task,Click,ContextMenu,Perform,UIInteraction,TaskName=Open All Arms
43194.1890869907,WLAcquisition,Depth Log/Station Planning,Perform Logging Task,RightClick,TreeView,Start New Station,UIInteraction,TaskName=Start New Station
43194.1891013079,WLAcquisition,Depth Log/Station Planning,Perform Logging Task,Click,ContextMenu,Perform,UIInteraction,TaskName=Start New Station
43194.1892536227,WLAcquisition,Depth Log/Station Planning,Perform Logging Task,RightClick,TreeView,Anchor All Arms,UIInteraction,TaskName=Anchor All Arms
43194.1892675,WLAcquisition,Depth Log/Station Planning,Perform Logging Task,Click,ContextMenu,Perform,UIInteraction,TaskName=Anchor All Arms
43194.1910695602,WLAcquisition,Depth Log/Station Planning,Perform Logging Task,RightClick,TreeView,Background Acquisition,UIInteraction,TaskName=Background Acquisition
43194.1910833565,WLAcquisition,Depth Log/Station Planning,Perform Logging Task,Click,ContextMenu,Perform,UIInteraction,TaskName=Background Acquisition
43194.1911798843,WLAcquisition,UI Framework,Switch Tab,Click,Tab,VSI Acquisition QC Monitor,UIInteraction,
43194.1913537847,WLAcquisition,Depth Log/Station Planning,Perform Logging Task,RightClick,TreeView,Fire With No Stack,UIInteraction,TaskName=Fire With No Stack
43194.1913677546,WLAcquisition,Depth Log/Station Planning,Perform Logging Task,Click,ContextMenu,Perform,UIInteraction,TaskName=Fire With No Stack
43194.1946602083,WLAcquisition,Depth Log/Station Planning,Perform Logging Task,RightClick,TreeView,Start New Station,UIInteraction,TaskName=Start New Station
43194.1946746528,WLAcquisition,Depth Log/Station Planning,Perform Logging Task,Click,ContextMenu,Perform,UIInteraction,TaskName=Start New Station
43194.194858588,WLAcquisition,Depth Log/Station Planning,Perform Logging Task,RightClick,TreeView,Fire With No Stack,UIInteraction,TaskName=Fire With No Stack
43194.1948724884,WLAcquisition,Depth Log/Station Planning,Perform Logging Task,Click,ContextMenu,Perform,UIInteraction,TaskName=Fire With No Stack
43194.1981682986,WLAcquisition,Depth Log/Station Planning,Perform Logging Task,RightClick,TreeView,Start New Station,UIInteraction,TaskName=Start New Station
43194.1981825694,WLAcquisition,Depth Log/Station Planning,Perform Logging Task,Click,ContextMenu,Perform,UIInteraction,TaskName=Start New Station
43194.1983602083,WLAcquisition,Depth Log/Station Planning,Perform Logging Task,RightClick,TreeView,Fire With No Stack,UIInteraction,TaskName=Fire With No Stack
43194.1983740625,WLAcquisition,Depth Log/Station Planning,Perform Logging Task,Click,ContextMenu,Perform,UIInteraction,TaskName=Fire With No Stack
43194.2016732176,WLAcquisition,Depth Log/Station Planning,Perform Logging Task,RightClick,TreeView,Start New Station,UIInteraction,TaskName=Start New Station
43194.2016874884,WLAcquisition,Depth Log/Station Planning,Perform Logging Task,Click,ContextMenu,Perform,UIInteraction,TaskName=Start New Station
43194.2018718171,WLAcquisition,Depth Log/Station Planning,Perform Logging Task,RightClick,TreeView,Fire With No Stack,UIInteraction,TaskName=Fire With No Stack
43194.2018858218,WLAcquisition,Depth Log/Station Planning,Perform Logging Task,Click,ContextMenu,Perform,UIInteraction,TaskName=Fire With No Stack
43194.2051746875,WLAcquisition,Depth Log/Station Planning,Perform Logging Task,RightClick,TreeView,Start New Station,UIInteraction,TaskName=Start New Station
43194.2051890741,WLAcquisition,Depth Log/Station Planning,Perform Logging Task,Click,ContextMenu,Perform,UIInteraction,TaskName=Start New Station
43194.2053770023,WLAcquisition,Depth Log/Station Planning,Perform Logging Task,RightClick,TreeView,Fire With No Stack,UIInteraction,TaskName=Fire With No Stack
43194.2053908796,WLAcquisition,Depth Log/Station Planning,Perform Logging Task,Click,ContextMenu,Perform,UIInteraction,TaskName=Fire With No Stack
43194.2087100232,WLAcquisition,Depth Log/Station Planning,Perform Logging Task,RightClick,TreeView,Start New Station,UIInteraction,TaskName=Start New Station
43194.208724294,WLAcquisition,Depth Log/Station Planning,Perform Logging Task,Click,ContextMenu,Perform,UIInteraction,TaskName=Start New Station
43194.208916713,WLAcquisition,Depth Log/Station Planning,Perform Logging Task,RightClick,TreeView,Fire With No Stack,UIInteraction,TaskName=Fire With No Stack
43194.2089305903,WLAcquisition,Depth Log/Station Planning,Perform Logging Task,Click,ContextMenu,Perform,UIInteraction,TaskName=Fire With No Stack
43194.2122246643,WLAcquisition,Depth Log/Station Planning,Perform Logging Task,RightClick,TreeView,Disanchor All Arms,UIInteraction,TaskName=Disanchor All Arms
43194.2122385764,WLAcquisition,Depth Log/Station Planning,Perform Logging Task,Click,ContextMenu,Perform,UIInteraction,TaskName=Disanchor All Arms
43194.2132708681,WLAcquisition,Depth Log/Station Planning,Perform Logging Task,RightClick,TreeView,Close All Arms,UIInteraction,TaskName=Close All Arms
43194.2132847454,WLAcquisition,Depth Log/Station Planning,Perform Logging Task,Click,ContextMenu,Perform,UIInteraction,TaskName=Close All Arms
43194.2143797801,WLAcquisition,Data Acquiring - WL,Disable Tool Power,Click,ToolbarButton,Disable Tool Power,UIInteraction,
43194.2143773611,WLAcquisition,Data Acquiring - WL,Unlock 3 Buttons,Click,ToolbarButton,Unlock,UIInteraction,
43194.2145269444,WLAcquisition,Data Acquiring - WL,Stop Dataflow,Click,ToolbarButton,Stop Data Flow,UIInteraction,
43194.2146448958,WLAcquisition,Data Acquiring - WL,Disconnect Hardware,Click,ToolbarButton,Disconnect From Hardware,UIInteraction,
43194.214754537,Setup,Run Manager (Internal),Stop Run,Click,Button,Stop,UIInteraction,RunGuid=754676B8-7D1A-4D20-A103-8DC2F18B3406
43194.214798044,Setup,Run Manager (Internal),Confirm to Stop Run,Click,Button,OK,UIInteraction,RunGuid=754676B8-7D1A-4D20-A103-8DC2F18B3406
43194.2148662269,Simulation,UI Framework,Close Console,Click,Button,,UIInteraction,JobGuid=206301CD-27EA-48AC-8F14-F4F8258E0311
43194.21496625,,Console/Job Manager,Stop Setup Console,Click,Button,Stop,UIInteraction,JobGuid=206301CD-27EA-48AC-8F14-F4F8258E0311
43194.2150486806,,Console/Job Manager,Stop Job,Click,Button,Stop,UIInteraction,JobGuid=206301CD-27EA-48AC-8F14-F4F8258E0311
