Time,Process,Component,Operation,Action,Control,ControlText,Category,Context
43194.0166862269,,UI Framework,Initialize Maxwell Manager Process Name,,,Initialize Maxwell Manager Process Name,,
43194.0167274537,,UI Framework,Start Console,,,Maxwell Manager,UIAutomatic,MachineName=HPV01-017;UserName=Engineer;UserDomainName=HPV01-017;OS=Microsoft Windows NT 6.1.7601 Service Pack 1;TimeZone=00:00:00;IPAddress_1=192.168.78.127;IPAddress_2=::1;MWVersion=9.0.100745.3100
43194.0167910301,,Console/Job Manager,Import Job Archive,Click,ContextMenu,Create Import,UIInteraction,
43194.0167997222,,Import/Export & Backup/Restore,Select file to import,Click,Button,...,UIInteraction,
