43194.1717433449,,UI Framework,Start Console,,,Maxwell Manager,UIAutomatic,MachineName=HPV11-013;UserName=Engineer;UserDomainName=HPV11-013;OS=Microsoft Windows NT 6.1.7601 Service Pack 1;TimeZone=00:00:00;IPAddress_1=192.168.78.252;IPAddress_2=::1;MWVersion=9.0.100745.3100
43194.1718523843,,Console/Job Manager,Import Job Archive,Click,ContextMenu,Create Import,UIInteraction,
43194.1718610995,,Import/Export & Backup/Restore,Select file to import,Click,Button,...,UIInteraction,
43194.1718939236,,Import/Export & Backup/Restore,OK to select file,,,,UIAutomatic,FilePath=C:\DataValidation\APS-C-CH\APS-C-CH_Normal_3.0.9609.1537_RA.dlis
43194.1719986806,,Import/Export & Backup/Restore,Start Import,Click,Button,Import,UIInteraction,FilePath=C:\DataValidation\APS-C-CH\APS-C-CH_Normal_3.0.9609.1537_RA.dlis
43194.1742561343,,Import/Export & Backup/Restore,Close Import UI,Click,Button,Close,UIInteraction,
43194.1743989005,,Console/Job Manager,Select Auto Backup Folder,Click,ComboBox,C:\Autobackup,UIInteraction,
43194.1846829282,,UI Framework,Close Console,Click,Button,,UIInteraction,
43194.1907340046,,UI Framework,Initialize Maxwell Manager Process Name,,,Initialize Maxwell Manager Process Name,,
43194.1907517708,,UI Framework,Start Console,,,Maxwell Manager,UIAutomatic,MachineName=HPV11-013;UserName=Engineer;UserDomainName=HPV11-013;OS=Microsoft Windows NT 6.1.7601 Service Pack 1;TimeZone=00:00:00;IPAddress_1=192.168.78.252;IPAddress_2=::1;MWVersion=9.0.100745.3100
43194.190978206,,Console/Job Manager,New Job,Click,Button,New,UIInteraction,
43194.1909939468,,Console/Job Manager,Input Job Name,Input,TextBox,HYPQ_IMT,UIInteraction,
43194.1910386806,,Console/Job Manager,Input Client Name,Input,TextBox,BGCAT,UIInteraction,
43194.1911287153,,Console/Job Manager,Check Simulator,Click,CheckBox,Simulator,UIInteraction,CheckState=True
43194.1913449884,,Console/Job Manager,Select Auto Backup Folder,Click,ComboBox,C:\Autobackup,UIInteraction,
43194.1941838889,,UI Framework,Switch Tab,Click,Tab,Job: HYPQ_IMT,UIInteraction,
43194.2191399421,,UI Framework,Switch Tab,Click,Tab,Messages: Job Independent,UIInteraction,
43194.2191428935,,UI Framework,Close Console,Click,Button,,UIInteraction,
