Time,Process,Component,Operation,Action,Control,ControlText,Category,Context
43194.1830891088,,Console/Job Manager,Start Job,Click,Button,Start,UIInteraction,JobName=MAST_EDTC;WellName=BGC;ClientName=BGCAT;StartDate=4/4/2018 4:23 AM;Workflow=Wireline;Simulator=True;UnitSystem=English;RTBackupDir=C:\Autobackup;JobSize=0;State=Available;SideTrackId=0;SessionID=47A953F9-77B6-4F90-AACE-95FEEC56AE2D;SortOrder=1;JobGUID=7655E8E4-579A-4C8A-B6ED-17258C187F89;WellGUID=1326563C-4D0C-4A06-AD32-575A0CD67A2F;BoreholeGUID=3A9EF7EA-062E-499F-9024-52D4673AC8FD;MachineName=HPV03-007;UserName=Engineer;UserDomainName=HPV03-007;OS=Microsoft Windows NT 6.1.7601 Service Pack 1;StartedJobCount=0;TimeZone=00:00:00;IPAddress_1=192.168.78.216;IPAddress_2=::1;MWVersion=9.0.100745.3100
43194.1831868518,,Console/Job Manager,Start Deliverables Console,Click,Button,Start...,UIInteraction,JobGuid=7655E8E4-579A-4C8A-B6ED-17258C187F89
43194.1833221412,DeliverablesSetup,UI Framework,Start Console,,,Deliverables Console Setup - Job MAST_EDTC,UIAutomatic,
43194.1833335301,,Console/Job Manager,Start Setup Console,Click,Button,Start...,UIInteraction,JobGuid=7655E8E4-579A-4C8A-B6ED-17258C187F89
43194.1834103356,Setup,Calibration,Select Calibration Report Type,Click,ComboBox,Technical Concise,UIInteraction,
43194.1835333102,Setup,UI Framework,Start Console,,,Setup - Job MAST_EDTC,UIAutomatic,
43194.183577419,Setup,UI Framework,Switch Tab,Click,Tab,DnI Initializations,UIInteraction,
43194.1835929861,Setup,DnI/Survey,Select Decimal,Click,RadioButton,Decimal,UIInteraction,
43194.1836137269,Setup,DnI/Survey,Enter Latitude,Input,TextBox,39,UIInteraction,
43194.1836251157,Setup,DnI/Survey,Enter Longitude,Input,TextBox,116,UIInteraction,
43194.1836361111,Setup,UI Framework,Switch Tab,Click,Tab,Equipment,UIInteraction,
43194.1836857523,Setup,DnI/Survey,Select Permanent Datum,Click,ComboBox,Mean Sea Level,UIInteraction,
43194.183692037,Setup,DnI/Survey,Select Log Measured From,Click,ComboBox,Drill Floor,UIInteraction,
43194.1837067245,Setup,DnI/Survey,Enter Elevation of 'Log Measured From',Input,TextBox,1000,UIInteraction,LogMeasuredFrom=Drill Floor
43194.1837183796,Setup,UI Framework,Switch Tab,Click,Tab,DnI Initializations,UIInteraction,
43194.1837485995,Setup,DnI/Survey,Compute DnI/Elevation,Click,Button,Compute,UIInteraction,
43194.1838847106,Setup,UI Framework,Switch Tab,Click,Tab,Wellbore,UIInteraction,
43194.1838899537,Setup,Well Setup (Internal),Select Run Number,Click,ComboBox,1,UIInteraction,RunGuid=C757A8AB-0C95-422F-A56D-E0525CCD3E18
43194.1839042014,Setup,Well Setup (Internal),Enter Size for Bit Size,Update,GridCell,12.25,UIInteraction,Row=1;Column=Size (in);RunGuid=C757A8AB-0C95-422F-A56D-E0525CCD3E18
43194.1839456481,Setup,Well Setup (Internal),Enter Driller Top for Bit Size,Update,GridCell,0,UIInteraction,Row=1;Column=Driller Top (ft);RunGuid=C757A8AB-0C95-422F-A56D-E0525CCD3E18
43194.1839881019,Setup,Well Setup (Internal),Enter Driller Bottom for Bit Size,Update,GridCell,10000,UIInteraction,Row=1;Column=Driller Bottom (ft);RunGuid=C757A8AB-0C95-422F-A56D-E0525CCD3E18
43194.1840315162,Setup,Well Setup (Internal),Enter Logger Top for Bit Size,Update,GridCell,0,UIInteraction,Row=1;Column=Logger Top (ft);RunGuid=C757A8AB-0C95-422F-A56D-E0525CCD3E18
43194.184069456,Setup,UI Framework,Switch Tab,Click,Tab,Equipment,UIInteraction,
43194.1840755324,Setup,Equipment,New ToolString,Click,ToolbarButton,New ToolString,UIInteraction,ToolstringName=New ToolString;ToolstringGuid=9EC78722-78B9-4993-8EC9-8DC958F52E9D
43194.1841160185,Setup,Equipment,Rename ToolString,Input,TextBox,MAST_EDTC,UIInteraction,ToolstringGuid=9EC78722-78B9-4993-8EC9-8DC958F52E9D
43194.1841228704,Setup,Equipment,Filter Equipment in Catalog,Input,TextBox,,UIInteraction,Text=MAST-B
43194.1841231481,Setup,Equipment,Filter Equipment in Catalog,Input,TextBox,,UIInteraction,Text=MAST-B
43194.1841280556,Setup,Equipment,Add Equipment from Catalog to ToolString,Click,ToolbarButton,Add to ToolString,UIInteraction,EquipmentName=MAST-B
43194.1841480324,Setup,Equipment,Filter Equipment in Catalog,Input,TextBox,,UIInteraction,Text=EDTC-H
43194.184148125,Setup,Equipment,Filter Equipment in Catalog,Input,TextBox,,UIInteraction,Text=EDTC-H
43194.184149537,DeliverablesSetup,Tier Manager,Tier Template Created for Tools in My Equipment,,,MAST-B Tier Created,Deliverables Console,
43194.1841527546,Setup,Equipment,Add Equipment from Catalog to ToolString,Click,ToolbarButton,Add to ToolString,UIInteraction,EquipmentName=EDTC-H
43194.1841599769,Setup,Equipment,Filter Equipment in Catalog,Input,TextBox,,UIInteraction,Text=LEH-QT
43194.1841602083,Setup,Equipment,Filter Equipment in Catalog,Input,TextBox,,UIInteraction,Text=LEH-QT
43194.1841659954,Setup,Equipment,Add Equipment from Catalog to ToolString,Click,ToolbarButton,Add to ToolString,UIInteraction,EquipmentName=LEH-QT
43194.1842856481,Setup,Equipment,Delete Equipment,Click,ContextMenu,Delete,UIInteraction,EquipName=MASS-B;ToolPath=MAST_EDTC:MAST-B:MASS-B
43194.1843182407,Setup,Equipment,Delete Equipment,Click,ContextMenu,Delete,UIInteraction,EquipName=MAXS-B;ToolPath=MAST_EDTC:MAST-B:MAXS-B
43194.1844506829,Setup,Properties & Parameters,Change Property Value,Update,GridCell,500,UIInteraction,OSDD=EP_SERIAL_NUMBER;EnsemblePath=MAST-B:MAMS-B:MAMS-BA
43194.1845904398,Setup,Properties & Parameters,Change Property Value,Update,GridCell,111,UIInteraction,OSDD=EP_SERIAL_NUMBER;EnsemblePath=EDTC-H:EDTC-H:EDTH-H
43194.1847305208,Setup,Properties & Parameters,Change Property Value,Update,GridCell,222,UIInteraction,OSDD=EP_SERIAL_NUMBER;EnsemblePath=EDTC-H:EDTC-H:EDTC-H
43194.1849317361,Setup,Well Setup (Internal),Select Run Number,Click,ComboBox,1,UIInteraction,RunGuid=C757A8AB-0C95-422F-A56D-E0525CCD3E18
43194.1849441551,Setup,Well Setup (Internal),Enter Size for Casings,Update,GridCell,8.625,UIInteraction,Row=1;Column=Size (in);RunGuid=C757A8AB-0C95-422F-A56D-E0525CCD3E18
43194.1849623727,Setup,Well Setup (Internal),Enter Driller Top for Casings,Update,GridCell,0,UIInteraction,Row=1;Column=Driller Top (ft);RunGuid=C757A8AB-0C95-422F-A56D-E0525CCD3E18
43194.1849815394,Setup,Well Setup (Internal),Enter Driller Bottom for Casings,Update,GridCell,5000,UIInteraction,Row=1;Column=Driller Bottom (ft);RunGuid=C757A8AB-0C95-422F-A56D-E0525CCD3E18
43194.1850004977,Setup,Well Setup (Internal),Enter Logger Bottom for Casings,Update,GridCell,5000,UIInteraction,Row=1;Column=Logger Bottom (ft);RunGuid=C757A8AB-0C95-422F-A56D-E0525CCD3E18
43194.1850190856,Setup,Well Setup (Internal),Enter Weight for Casings,Update,GridCell,83,UIInteraction,Row=1;Column=Weight (lbm/ft);RunGuid=C757A8AB-0C95-422F-A56D-E0525CCD3E18
43194.185108831,Setup,Well Setup (Internal),Enter Grade for Casings,Update,GridCell,K55,UIInteraction,Row=1;Column=Grade;RunGuid=C757A8AB-0C95-422F-A56D-E0525CCD3E18
43194.1851289931,Setup,Well Setup (Internal),Enter Inner Diameter for Casings,Update,GridCell,6.633,UIInteraction,Row=1;Column=Inner Diameter (in);RunGuid=C757A8AB-0C95-422F-A56D-E0525CCD3E18
43194.1851545718,Setup,Equipment,Activate ToolString for Shop Calibration,Click,ContextMenu,Activate for Checks and Calibration,UIInteraction,TooStringGuid=9EC78722-78B9-4993-8EC9-8DC958F52E9D
43194.1853928241,Simulation,UI Framework,Start Console,,,Simulation Console - Job MAST_EDTC,UIAutomatic,
43194.1854108565,ShopCalibration,Calibration,Select Calibration Report Type,Click,ComboBox,Technical Concise,UIInteraction,
43194.1855906597,ShopCalibration,Calibration,Select Calibration in Calibration Report,Click,ComboBox,HTEN Before Calibration,UIInteraction,
43194.1855915625,ShopCalibration,UI Framework,Start Console,,,Shop Calibration Console - Job MAST_EDTC,UIAutomatic,
43194.1855906829,ShopCalibration,Calibration,Select Tool in Calibration Report,Click,ComboBox,LEH-QT,UIInteraction,ToolName=LEH-QT
43194.1856293981,ShopCalibration,UI Framework,Switch Tab,Click,Tab,MD,UIInteraction,
43194.1888524421,ShopCalibration,Data Acquiring - WL,Connect Hardware,Click,ToolbarButton,Connect to Hardware,UIInteraction,
43194.1892221875,ShopCalibration,Data Acquiring - WL,Start Dataflow,Click,ToolbarButton,Start Data Flow,UIInteraction,
43194.1893581481,ShopCalibration,Tool Control,Cable Trim,,,,UIAutomatic,TaskName=Cable Trim
43194.1893576736,ShopCalibration,Data Acquiring - WL,Enable Tool Power,Click,ToolbarButton,Enable Tool Power,UIInteraction,
43194.1894168287,ShopCalibration,Tool Control,Perform Tool Control Task,Click,Button,Next,UIInteraction,TaskName=Cable Trim
43194.1894421875,ShopCalibration,Tool Control,Perform Tool Control Task,Click,Button,Close,UIInteraction,TaskName=Cable Trim
43194.1894572222,ShopCalibration,MAST-B,WFQC Monitor,,,,UIAutomatic,TaskName=MAST-B: WFQC Monitor
43194.1894702431,ShopCalibration,Before Logging Surface,Acquisition Initialization,,,,UIAutomatic,TaskName=MAST-B: Acquisition Initialization
43194.1894706597,ShopCalibration,UI Framework,Switch Tab,Click,Tab,Calibrations,UIInteraction,
43194.1894780903,ShopCalibration,Before Logging Surface,Read Data from Memory,,,,UIAutomatic,TaskName=EDTC-H: Read Data from Memory
43194.1904996181,ShopCalibration,UI Framework,Switch Tab,Click,Tab,Tool Control,UIInteraction,
43194.190551875,ShopCalibration,EDTC-H,EDTS2G Expert Mode,RightClick,TreeView,EDTC-H: EDTS2G Expert Mode,UIInteraction,TaskName=EDTC-H: EDTS2G Expert Mode
43194.1905664005,ShopCalibration,EDTC-H,EDTS2G Expert Mode,Click,ContextMenu,Perform,UIInteraction,TaskName=EDTC-H: EDTS2G Expert Mode
43194.1912283333,ShopCalibration,Calibration,Choose Available Calibration,Click,ComboBox,01:02:00.000 04-Mar-2006,UIInteraction,
43194.1912312616,ShopCalibration,Calibration,Choose Available Calibration,Click,ComboBox,01:02:00.000 04-Mar-2006,UIInteraction,
43194.1916347338,ShopCalibration,UI Framework,Switch Tab,Click,Tab,Operation,UIInteraction,
43194.1916455903,ShopCalibration,EDTC-H,Read Data from Memory,RightClick,TreeView,EDTC-H: Read Data from Memory,UIInteraction,TaskName=EDTC-H: Read Data from Memory
43194.1916615972,ShopCalibration,EDTC-H,Read Data from Memory,Click,ContextMenu,Perform,UIInteraction,TaskName=EDTC-H: Read Data from Memory
43194.1917299537,ShopCalibration,Calibration,Choose Available Calibration,Click,ComboBox,04:36:04.952 04-Apr-2018,UIInteraction,
43194.191730787,ShopCalibration,Calibration,Choose Available Calibration,Click,ComboBox,04:36:04.952 04-Apr-2018,UIInteraction,
43194.1921275116,ShopCalibration,EDTC-H,Vertical Measurement,RightClick,TreeView,Vertical Measurement,UIInteraction,TaskName=Vertical Measurement
43194.1921416319,ShopCalibration,EDTC-H,Vertical Measurement,Click,ContextMenu,Perform,UIInteraction,TaskName=Vertical Measurement
43194.1921432523,ShopCalibration,Calibration,Choose Available Calibration,Click,ComboBox,Nominal,UIInteraction,
43194.1922028588,ShopCalibration,Calibration,Perform Calibration Task,Click,Button,Next,UIInteraction,TaskName=Vertical Measurement
43194.1923387616,ShopCalibration,Calibration,Choose Available Calibration,Click,ComboBox,04:36:57.334 04-Apr-2018,UIInteraction,
43194.1935409838,Simulation,UI Framework,Switch Tab,Click,Tab,MAST : 1,UIInteraction,
43194.1938282523,ShopCalibration,MAST-B,Master Calibration Setup,RightClick,TreeView,Master Calibration Setup,UIInteraction,TaskName=Master Calibration Setup
43194.1938425231,ShopCalibration,MAST-B,Master Calibration Setup,Click,ContextMenu,Perform,UIInteraction,TaskName=Master Calibration Setup
43194.1938636343,ShopCalibration,Calibration,Perform Calibration Task,Click,Button,Next,UIInteraction,TaskName=Master Calibration Setup
43194.1940002199,ShopCalibration,Calibration,Perform Calibration Task,Click,Button,Next,UIInteraction,TaskName=Master Calibration Setup
43194.1940772917,ShopCalibration,MAST-B,0 degree accumulation step,RightClick,TreeView,step 1: 0 degree accumulation step,UIInteraction,TaskName=step 1: 0 degree accumulation step
43194.194091331,ShopCalibration,MAST-B,0 degree accumulation step,Click,ContextMenu,Perform,UIInteraction,TaskName=step 1: 0 degree accumulation step
43194.1941202778,ShopCalibration,Calibration,Perform Calibration Task,Click,Button,Next,UIInteraction,TaskName=step 1: 0 degree accumulation step
43194.1965093519,ShopCalibration,Calibration,Choose Available Calibration,Click,ComboBox,Incomplete,UIInteraction,
43194.1966041435,ShopCalibration,MAST-B,90 degree accumulation step,RightClick,TreeView,step 2: 90 degree accumulation step,UIInteraction,TaskName=step 2: 90 degree accumulation step
43194.1966184491,ShopCalibration,MAST-B,90 degree accumulation step,Click,ContextMenu,Perform,UIInteraction,TaskName=step 2: 90 degree accumulation step
43194.1966476736,ShopCalibration,Calibration,Perform Calibration Task,Click,Button,Next,UIInteraction,TaskName=step 2: 90 degree accumulation step
43194.1990326273,ShopCalibration,Calibration,Choose Available Calibration,Click,ComboBox,Incomplete,UIInteraction,
43194.199131088,ShopCalibration,MAST-B,180 degree accumulation step,RightClick,TreeView,step 3: 180 degree accumulation step,UIInteraction,TaskName=step 3: 180 degree accumulation step
43194.1991453356,ShopCalibration,MAST-B,180 degree accumulation step,Click,ContextMenu,Perform,UIInteraction,TaskName=step 3: 180 degree accumulation step
43194.1991728588,ShopCalibration,Calibration,Perform Calibration Task,Click,Button,Next,UIInteraction,TaskName=step 3: 180 degree accumulation step
43194.2015596991,ShopCalibration,Calibration,Choose Available Calibration,Click,ComboBox,Incomplete,UIInteraction,
43194.2016553704,ShopCalibration,MAST-B,270 degree accumulation step,RightClick,TreeView,step 4: 270 degree accumulation step,UIInteraction,TaskName=step 4: 270 degree accumulation step
43194.2016696991,ShopCalibration,MAST-B,270 degree accumulation step,Click,ContextMenu,Perform,UIInteraction,TaskName=step 4: 270 degree accumulation step
43194.2016983796,ShopCalibration,Calibration,Perform Calibration Task,Click,Button,Next,UIInteraction,TaskName=step 4: 270 degree accumulation step
43194.2040844792,ShopCalibration,Calibration,Perform Calibration Task,Click,Button,Close,UIInteraction,TaskName=step 4: 270 degree accumulation step
43194.2041061921,ShopCalibration,Calibration,Choose Available Calibration,Click,ComboBox,04:53:53.790 04-Apr-2018,UIInteraction,
43194.2043408796,ShopCalibration,MAST-B,Write MAMS Coefficients to Tool Memory,RightClick,TreeView,MAST-B: Write MAMS Coefficients to Tool Memory,UIInteraction,TaskName=MAST-B: Write MAMS Coefficients to Tool Memory
43194.2043550579,ShopCalibration,MAST-B,Write MAMS Coefficients to Tool Memory,Click,ContextMenu,Perform,UIInteraction,TaskName=MAST-B: Write MAMS Coefficients to Tool Memory
43194.2043764815,ShopCalibration,Calibration,Perform Calibration Task,Click,Button,Next,UIInteraction,TaskName=MAST-B: Write MAMS Coefficients to Tool Memory
43194.204430625,ShopCalibration,Calibration,Perform Calibration Task,Click,Button,Next,UIInteraction,TaskName=MAST-B: Write MAMS Coefficients to Tool Memory
43194.20508625,ShopCalibration,Calibration,Select Calibration Report Type,Click,ComboBox,Technical Concise,UIInteraction,
43194.2051217014,ShopCalibration,Calibration,Select Tool in Calibration Report,Click,ComboBox,MAST-B:500,UIInteraction,ToolName=MAST-B:500
43194.2051216898,ShopCalibration,Calibration,Select Calibration in Calibration Report,Click,ComboBox,MAST Master Characterization Coefficients,UIInteraction,
43194.2051546759,ShopCalibration,Calibration,Select Calibration in Calibration Report,Click,ComboBox,MAST Master Characterization Coefficients,UIInteraction,
43194.2054659144,ShopCalibration,MAST-B,Read MAMS Coefficients from Tool Memory,RightClick,TreeView,MAST-B: Read MAMS Coefficients from Tool Memory,UIInteraction,TaskName=MAST-B: Read MAMS Coefficients from Tool Memory
43194.2054803472,ShopCalibration,MAST-B,Read MAMS Coefficients from Tool Memory,Click,ContextMenu,Perform,UIInteraction,TaskName=MAST-B: Read MAMS Coefficients from Tool Memory
43194.2055005556,ShopCalibration,Calibration,Perform Calibration Task,Click,Button,Next,UIInteraction,TaskName=MAST-B: Read MAMS Coefficients from Tool Memory
43194.2057960532,ShopCalibration,Calibration,Choose Available Calibration,Click,ComboBox,04:52:00.000 04-Apr-2018,UIInteraction,
43194.2061803819,ShopCalibration,Depth Log/Station Planning,Perform Logging Task,RightClick,TreeView,Depth Log,UIInteraction,TaskName=Depth Log
43194.2061947917,ShopCalibration,Depth Log/Station Planning,Perform Logging Task,Click,ContextMenu,Perform,UIInteraction,TaskName=Depth Log
43194.2069306829,ShopCalibration,Data Acquiring - WL,Start Depth Pass,Click,Button,Start,UIInteraction,PassGuid=68F61737-D900-445B-BB9C-EAE1F9585BE3;Objective=Log;Direction=Up;Depth=3044.55322
43194.2069357755,ShopCalibration,UI Framework,Switch Tab,Click,Tab,MD,UIInteraction,
43194.2113633218,ShopCalibration,Data Acquiring - WL,Unlock Pass,Click,ToolbarButton,Click to Unlock Stop Button,UIInteraction,
43194.2113679745,ShopCalibration,Data Acquiring - WL,Stop Depth Pass,Click,Button,Stop,UIInteraction,PassGuid=68F61737-D900-445B-BB9C-EAE1F9585BE3;Depth=2987.03238
43194.2116761574,ShopCalibration,Data Acquiring - WL,Unlock 3 Buttons,Click,ToolbarButton,Unlock,UIInteraction,
43194.2117407292,ShopCalibration,Data Acquiring - WL,Disable Tool Power,Click,ToolbarButton,Disable Tool Power,UIInteraction,
43194.2118009375,ShopCalibration,Data Acquiring - WL,Stop Dataflow,Click,ToolbarButton,Stop Data Flow,UIInteraction,
43194.2119229167,Simulation,UI Framework,Switch Tab,Click,Tab,EDTC-H Sim : 0,UIInteraction,
43194.2119241551,Simulation,UI Framework,Switch Tab,Click,Tab,MAST : 1,UIInteraction,
43194.2119245833,Simulation,UI Framework,Switch Tab,Click,Tab,HWS_Simulator : 0,UIInteraction,
43194.2120843519,ShopCalibration,Data Acquiring - WL,Disconnect Hardware,Click,ToolbarButton,Disconnect From Hardware,UIInteraction,
43194.2121541667,ShopCalibration,UI Framework,Close Console,Click,Button,,UIInteraction,JobGuid=7655E8E4-579A-4C8A-B6ED-17258C187F89
43194.2131558912,DeliverablesSetup,UI Framework,Switch View,Click,ToolbarButton,Deliverables Display View,UIInteraction,
43194.2132437384,DeliverablesSetup,Deliverables - Digital,Create Job Archive,Click,ContextMenu,Create,UIInteraction,ArchiveGuid=7655E8E4-579A-4C8A-B6ED-17258C187F89;JobArchiveType=3.0
43194.2137058912,DeliverablesSetup,UI Framework,Close Console,Click,Button,,UIInteraction,JobGuid=7655E8E4-579A-4C8A-B6ED-17258C187F89
43194.2137443171,DeliverablesSetup,UI Framework,OK to Close Deliverables - Display Console,Click,Button,OK,UIInteraction,
43194.2138262268,,Console/Job Manager,Stop Setup Console,Click,Button,Stop,UIInteraction,JobGuid=7655E8E4-579A-4C8A-B6ED-17258C187F89
43194.2139303935,,Console/Job Manager,Stop Job,Click,Button,Stop,UIInteraction,JobGuid=7655E8E4-579A-4C8A-B6ED-17258C187F89
