Time,Process,Component,Operation,Action,Control,ControlText,Category,Context
43194.1935993403,,Console/Job Manager,Start Job,Click,Button,Start,UIInteraction,JobName=PPC-EMM-demo;WellName=bgc;ClientName=slb;StartDate=4/4/2018 4:38 AM;Workflow=Wireline;Simulator=True;UnitSystem=Metric;JobSize=0;State=Available;SideTrackId=0;SessionID=54151B17-2E88-46A2-A2AE-C4C434865C2C;SortOrder=1;JobGUID=CB1BD8CF-311B-4F82-98D6-A0AA784E448B;WellGUID=2EACFB81-8AFD-44FF-8E8A-23A60CCD9EC3;BoreholeGUID=5F9F98F0-4F59-434C-9F4E-998CA511CB73;MachineName=HPV01-007;UserName=Engineer;UserDomainName=HPV01-007;OS=Microsoft Windows NT 6.1.7601 Service Pack 1;StartedJobCount=0;TimeZone=00:00:00;IPAddress_1=192.168.78.188;IPAddress_2=::1;MWVersion=9.0.100745.3100
43194.1941204051,,Console/Job Manager,Stop Job,Click,Button,Stop,UIInteraction,JobGuid=CB1BD8CF-311B-4F82-98D6-A0AA784E448B
43194.1943179167,,Console/Job Manager,Start Job,Click,Button,Start,UIInteraction,JobName=PPC-EMM-demo;WellName=bgc;ClientName=slb;StartDate=4/4/2018 4:38 AM;Workflow=Wireline;Simulator=True;UnitSystem=Metric;RTBackupDir=C:\Autobackup;JobSize=20.9;State=Available;SideTrackId=0;SessionID=54151B17-2E88-46A2-A2AE-C4C434865C2C;SortOrder=1;JobGUID=CB1BD8CF-311B-4F82-98D6-A0AA784E448B;WellGUID=2EACFB81-8AFD-44FF-8E8A-23A60CCD9EC3;BoreholeGUID=5F9F98F0-4F59-434C-9F4E-998CA511CB73;MachineName=HPV01-007;UserName=Engineer;UserDomainName=HPV01-007;OS=Microsoft Windows NT 6.1.7601 Service Pack 1;StartedJobCount=0;TimeZone=00:00:00;IPAddress_1=192.168.78.188;IPAddress_2=::1;MWVersion=9.0.100745.3100
43194.1951041088,,Console/Job Manager,Start Deliverables Console,Click,Button,Start...,UIInteraction,JobGuid=CB1BD8CF-311B-4F82-98D6-A0AA784E448B
43194.1951658218,DeliverablesSetup,Tier Manager,Tier Template Created for Tools in My Equipment,,,LEH-QT Tier Created,Deliverables Console,
43194.1951659491,DeliverablesSetup,Tier Manager,Tier Template Created for Tools in My Equipment,,,EDTC-B Tier Created,Deliverables Console,
43194.1951660764,DeliverablesSetup,Tier Manager,Tier Template Created for Tools in My Equipment,,,PPC-B Tier Created,Deliverables Console,
43194.1951723264,DeliverablesSetup,UI Framework,Start Console,,,Deliverables Console Setup - Job PPC-EMM-demo,UIAutomatic,
43194.1953961227,DeliverablesSetup,Deliverables - Graphical,Add Catalog Format to Component,Click,ToolbarButton,Add to Component,UIInteraction,ComponentName=DLIS Standard;ComponentCode=Component_StandardDlis_Format
43194.1955568056,DeliverablesSetup,Deliverables - Graphical,Add Catalog Format to Component,Click,ToolbarButton,Add to Component,UIInteraction,ComponentName=EDTCB GR;ComponentCode=Component_Log
43194.1957040046,DeliverablesSetup,Deliverables - Graphical,Add Catalog Format to Component,Click,ToolbarButton,Add to Component,UIInteraction,ComponentName=EMS_Logging;ComponentCode=Component_Log
43194.195847963,DeliverablesSetup,Deliverables - Graphical,Add Catalog Format to Component,Click,ToolbarButton,Add to Component,UIInteraction,ComponentName=LAS Standard;ComponentCode=Component_StandardLas_Format
43194.1959929514,DeliverablesSetup,Deliverables - Digital,Add Digital Template,Click,ContextMenu,DLIS,UIInteraction,
43194.1960209838,DeliverablesSetup,Deliverables - Digital,Add Digital Template,Click,ContextMenu,LAS,UIInteraction,
43194.1960492824,DeliverablesSetup,Deliverables - Digital,Add to Template,Click,ContextMenu,New Template,UIInteraction,ComponentName=DLIS Standard;ComponentCode=Component_StandardDlis_Format
43194.1962509954,DeliverablesSetup,Deliverables - Digital,Create New Template,Click,ContextMenu,New Template,UIInteraction,
43194.1962845833,DeliverablesSetup,Deliverables - Digital,Add Component to Template,Click,ContextMenu,New Template,UIInteraction,ComponentCode=Component_Log
43194.1964905324,DeliverablesSetup,Deliverables - Digital,Add Component to Template,Click,ContextMenu,New Template,UIInteraction,ComponentCode=Component_Log
43194.196693831,DeliverablesSetup,Deliverables - Digital,Add to Template,Click,ContextMenu,New Template (1),UIInteraction,ComponentName=LAS Standard;ComponentCode=Component_StandardLas_Format
43194.196984838,DeliverablesSetup,Deliverables - Digital,Rename Component,Click,ContextMenu,Rename,UIInteraction,ComponentName=New Template;DelivTemplateGuid=7A6EE1D1-B6D5-4EEE-AFB5-22F1B3A58A30
43194.1969916667,DeliverablesSetup,Deliverables - Graphical,Rename Component,Input,TextBox,PPC-EMM,UIInteraction,OldComponentName=New Template
43194.1970425463,DeliverablesSetup,Deliverables - Digital,Add Template to Deliverable,Click,ContextMenu,Run 1,UIInteraction,ComponentName=PPC-EMM;ComponentCode=Component_None
43194.1971204977,DeliverablesSetup,Deliverables - Digital,Add Template to Deliverable,Click,ContextMenu,Run 1,UIInteraction,ComponentName=DLIS Standard;ComponentCode=Component_Template_Dlis
43194.1971975,DeliverablesSetup,Deliverables - Digital,Add Template to Deliverable,Click,ContextMenu,Run 1,UIInteraction,ComponentName=LAS Standard;ComponentCode=Component_Template_Las
43194.1973962616,DeliverablesSetup,Data Explorer,Click OK Button,Click,Button,OK,UIInteraction,Selection=Log[2]:Up____399.99 (m)_300.00 (m)_log up
43194.1975663773,DeliverablesSetup,Data Explorer,Click OK Button,Click,Button,OK,UIInteraction,Selection=Log[2]:Up____399.99 (m)_300.00 (m)_log up
43194.1977239699,DeliverablesSetup,Deliverables - Digital,Change Digital Properties,Click,ComboBox,CDDI_Availability,UIInteraction,DeliverableType=DLIS;ChangedProperty=CDDI_Availability;OldValue=Customer;NewValue=Producer
43194.1977240625,DeliverablesSetup,Deliverables - Digital,Change Property,Click,CDDIAvailabilityConverter,CDDI_Availability,UIInteraction,NewValue=Producer;OldValue=Customer
43194.1977397222,DeliverablesSetup,UI Framework,Switch View,Click,ToolbarButton,Deliverables Display View,UIInteraction,
43194.1979244213,DeliverablesSetup,Deliverables - Graphical,Print/Create PDF for Template,Click,ContextMenu,Print/PDF...,UIInteraction,ComponentName=PPC-EMM
43194.1981682292,,UI Framework,Start Console,,,PDF Printer,UIAutomatic,
43194.1983903588,,UI Framework,Close Console,Click,Button,,UIInteraction,JobGuid=CB1BD8CF-311B-4F82-98D6-A0AA784E448B
43194.1987140394,DeliverablesSetup,Deliverables - Graphical,View Graphical Component,Click,ContextMenu,View,UIInteraction,ComponentName=Log ( EDTCB GR );TemplateName=PPC-EMM;DelivTemplateGuid=353E4B63-7B53-42FA-BD7F-EAEBD61BCC1D
43194.1993701273,DeliverablesSetup,Deliverables - Graphical,View Graphical Component,Click,ContextMenu,View,UIInteraction,ComponentName=Log ( EMS_Logging );TemplateName=PPC-EMM;DelivTemplateGuid=24D6C1E4-7947-41F7-B895-4C2C528FFBC8
43194.1997355208,DeliverablesSetup,UI Framework,Switch View,Click,ToolbarButton,Deliverables Setup View,UIInteraction,
43194.1999959375,DeliverablesSetup,Deliverables - Digital,Change Digital Properties,Click,ComboBox,Data_Assignment,UIInteraction,DeliverableType=DLIS;ChangedProperty=Data_Assignment;OldValue={ Not Set };NewValue=run1: Log[2]:Up
43194.1999959491,DeliverablesSetup,Deliverables - Digital,Change Property,Click,TypeConverter,Data_Assignment,UIInteraction,NewValue=run1: Log[2]:Up;OldValue={ Not Set }
43194.199995625,DeliverablesSetup,Data Explorer,Click OK Button,Click,Button,OK,UIInteraction,Selection=Log[2]:Up____399.99 (m)_300.00 (m)_log up
43194.200256956,DeliverablesSetup,Data Explorer,Click OK Button,Click,Button,OK,UIInteraction,Selection=Log[2]:Up____399.99 (m)_300.00 (m)_log up
43194.2002573032,DeliverablesSetup,Deliverables - Digital,Change Property,Click,TypeConverter,Data_Assignment,UIInteraction,NewValue=run1: Log[2]:Up;OldValue={ Not Set }
43194.2002572801,DeliverablesSetup,Deliverables - Digital,Change Digital Properties,Click,ComboBox,Data_Assignment,UIInteraction,DeliverableType=LAS;ChangedProperty=Data_Assignment;OldValue={ Not Set };NewValue=run1: Log[2]:Up
43194.2004643403,DeliverablesSetup,Deliverables - Digital,Change Property,Click,UnitSystemConverter,Unit_System,UIInteraction,NewValue=Canadian;OldValue=Metric
43194.2004643287,DeliverablesSetup,Deliverables - Digital,Change Digital Properties,Click,ComboBox,Unit_System,UIInteraction,DeliverableType=LAS;ChangedProperty=Unit_System;OldValue=Metric;NewValue=Canadian
43194.2004862731,DeliverablesSetup,UI Framework,Switch View,Click,ToolbarButton,Deliverables Display View,UIInteraction,
43194.200603912,DeliverablesSetup,Deliverables - Digital,Create Publish Digital Deliverable,Click,ContextMenu,Create/Publish,UIInteraction,ComponentName=run1  Log[2] Up;ComponentCode=Component_Template_Dlis;DelivTemplateGuid=069BC7A6-76C8-4268-941D-B8ECC4D57144;DelivTemplatePropertyData=<gp:GraphicalFormat xmlns:gp="urn:horizon:GraphicalProductCatalogSchema"><gp:Name>Template</gp:Name><gp:Component_Code>Component_Template_Dlis</gp:Component_Code><gp:Component_Format_Ref></gp:Component_Format_Ref><gp:Properties><gp:Property><gp:Key>Type</gp:Key><gp:Value>Dlis</gp:Value></gp:Property><gp:Property><gp:Key>DataAssignment_Type</gp:Key><gp:Value>Single Pass</gp:Value></gp:Property><gp:Property><gp:Key>CDDI_Availability</gp:Key><gp:Value>Producer</gp:Value></gp:Property><gp:Property><gp:Key>Data_Assignment</gp:Key><gp:Value>39A33681-B1BC-4A7D-92B4-2D00565BF38D</gp:Value></gp:Property><gp:Property><gp:Key>Proxy_Data_Assignment</gp:Key><gp:Value /></gp:Property><gp:Property><gp:Key>File_Destination</gp:Key><gp:Value>C:\Schlumberger Horizon Data\PPC-EMM-demo\Deliverable\PPC-EMM\Digital\DLIS\</gp:Value></gp:Property><gp:Property><gp:Key>File_Name</gp:Key><gp:Value>ConPr_R01_L002Up_PPC.dlis</gp:Value></gp:Property><gp:Property><gp:Key>Index</gp:Key><gp:Value>Depth</gp:Value></gp:Property><gp:Property><gp:Key>Publish</gp:Key><gp:Value>No</gp:Value></gp:Property><gp:Property><gp:Key>Publisher</gp:Key><gp:Value /></gp:Property><gp:Property><gp:Key>LoadToRTDB</gp:Key><gp:Value>No</gp:Value></gp:Property><gp:Property><gp:Key>Update_In_Real_Time</gp:Key><gp:Value>No</gp:Value></gp:Property><gp:Property><gp:Key>_Top</gp:Key><gp:Value></gp:Value></gp:Property><gp:Property><gp:Key>Bottom</gp:Key><gp:Value></gp:Value></gp:Property><gp:Property><gp:Key>Start</gp:Key><gp:Value></gp:Value></gp:Property><gp:Property><gp:Key>Stop</gp:Key><gp:Value></gp:Value></gp:Property><gp:Property><gp:Key>Unit_System</gp:Key><gp:Value>Metric</gp:Value></gp:Property><gp:Property><gp:Key>DLIS_Compatibility</gp:Key><gp:Value>Hz Converted</gp:Value></gp:Property><gp:Property><gp:Key>Preferred_Source_Pass</gp:Key><gp:Value></gp:Value></gp:Property><gp:Property><gp:Key>Reduced_DLIS</gp:Key><gp:Value>No</gp:Value></gp:Property><gp:Property><gp:Key>Channel_Property</gp:Key><gp:Value /></gp:Property><gp:Property><gp:Key>Channel_Confliction</gp:Key><gp:Value>Include Duplicate Channel Names</gp:Value></gp:Property><gp:Property><gp:Key>HIDE</gp:Key><gp:Value /></gp:Property><gp:Property><gp:Key>HID1</gp:Key><gp:Value></gp:Value></gp:Property><gp:Property><gp:Key>HID2</gp:Key><gp:Value></gp:Value></gp:Property><gp:Property><gp:Key>OS1</gp:Key><gp:Value /></gp:Property><gp:Property><gp:Key>OS2</gp:Key><gp:Value /></gp:Property><gp:Property><gp:Key>OS3</gp:Key><gp:Value /></gp:Property><gp:Property><gp:Key>OS4</gp:Key><gp:Value /></gp:Property><gp:Property><gp:Key>OS5</gp:Key><gp:Value /></gp:Property><gp:PropertiesSnippetVersion>1.5</gp:PropertiesSnippetVersion></gp:Properties></gp:GraphicalFormat>
43194.2010484838,DeliverablesSetup,Deliverables - Digital,Create Publish Digital Deliverable,Click,ContextMenu,Create/Publish,UIInteraction,ComponentName=run1  Log[2] Up [1];ComponentCode=Component_Template_Las;DelivTemplateGuid=55F380E0-4562-41D8-99A6-B31F950167D4;DelivTemplatePropertyData=<gp:GraphicalFormat xmlns:gp="urn:horizon:GraphicalProductCatalogSchema"><gp:Name>Template</gp:Name><gp:Component_Code>Component_Template_Las</gp:Component_Code><gp:Component_Format_Ref></gp:Component_Format_Ref><gp:Properties><gp:Property><gp:Key>Type</gp:Key><gp:Value>Las</gp:Value></gp:Property><gp:Property><gp:Key>CDDI_Availability</gp:Key><gp:Value>Customer</gp:Value></gp:Property><gp:Property><gp:Key>Data_Assignment</gp:Key><gp:Value>39A33681-B1BC-4A7D-92B4-2D00565BF38D</gp:Value></gp:Property><gp:Property><gp:Key>File_Destination</gp:Key><gp:Value>C:\Schlumberger Horizon Data\PPC-EMM-demo\Deliverable\PPC-EMM\Digital\LAS\</gp:Value></gp:Property><gp:Property><gp:Key>File_Name</gp:Key><gp:Value>run1__Log_2_Up_1_.las</gp:Value></gp:Property><gp:Property><gp:Key>Index_Direction</gp:Key><gp:Value>UP</gp:Value></gp:Property><gp:Property><gp:Key>Index</gp:Key><gp:Value>Depth</gp:Value></gp:Property><gp:Property><gp:Key>Publish</gp:Key><gp:Value>No</gp:Value></gp:Property><gp:Property><gp:Key>Publisher</gp:Key><gp:Value /></gp:Property><gp:Property><gp:Key>Update_In_Real_Time</gp:Key><gp:Value>No</gp:Value></gp:Property><gp:Property><gp:Key>Survey_Type</gp:Key><gp:Value>None</gp:Value></gp:Property><gp:Property><gp:Key>_Top</gp:Key><gp:Value></gp:Value></gp:Property><gp:Property><gp:Key>Bottom</gp:Key><gp:Value></gp:Value></gp:Property><gp:Property><gp:Key>Start</gp:Key><gp:Value></gp:Value></gp:Property><gp:Property><gp:Key>Stop</gp:Key><gp:Value></gp:Value></gp:Property><gp:Property><gp:Key>Survey_Start</gp:Key><gp:Value></gp:Value></gp:Property><gp:Property><gp:Key>Survey_Stop</gp:Key><gp:Value></gp:Value></gp:Property><gp:Property><gp:Key>Depth_Step_Interval</gp:Key><gp:Value>0.1524 m</gp:Value></gp:Property><gp:Property><gp:Key>Time_Step_Interval</gp:Key><gp:Value>10 sec</gp:Value></gp:Property><gp:Property><gp:Key>Unit_System</gp:Key><gp:Value>Canadian</gp:Value></gp:Property><gp:Property><gp:Key>Output_Type</gp:Key><gp:Value>LAS Version 2.0</gp:Value></gp:Property><gp:Property><gp:Key>Index_Format</gp:Key><gp:Value>10.4</gp:Value></gp:Property><gp:Property><gp:Key>Style</gp:Key><gp:Value>SPACE</gp:Value></gp:Property><gp:Property><gp:Key>Wrap_Lines</gp:Key><gp:Value>No</gp:Value></gp:Property><gp:Property><gp:Key>Extra_Channel_Info</gp:Key><gp:Value>Yes</gp:Value></gp:Property><gp:Property><gp:Key>Interpolation</gp:Key><gp:Value>Linear</gp:Value></gp:Property><gp:Property><gp:Key>Null_Value</gp:Key><gp:Value>-999.25</gp:Value></gp:Property><gp:Property><gp:Key>Decimal_Length</gp:Key><gp:Value>5</gp:Value></gp:Property><gp:Property><gp:Key>Channel_Decimal_Length</gp:Key><gp:Value>Same As Decimal_Length</gp:Value></gp:Property><gp:Property><gp:Key>Index_Decimal_Length</gp:Key><gp:Value>Same As Decimal_Length</gp:Value></gp:Property><gp:PropertiesSnippetVersion>1.1</gp:PropertiesSnippetVersion></gp:Properties></gp:GraphicalFormat>
43194.2011699421,DeliverablesSetup,Deliverables - Digital,Create Job Archive,Click,ContextMenu,Create,UIInteraction,ArchiveGuid=CB1BD8CF-311B-4F82-98D6-A0AA784E448B;JobArchiveType=3.0
43194.2013021991,DeliverablesSetup,Deliverables - Digital,Create Run Archive,Click,ContextMenu,Create,UIInteraction,ArchiveGuid=B7371B1A-21AA-4902-9CDE-3E4142AE78CB;JobArchiveType=3.0
43194.2014640857,DeliverablesSetup,UI Framework,Close Console,Click,Button,,UIInteraction,JobGuid=CB1BD8CF-311B-4F82-98D6-A0AA784E448B
43194.2015003472,DeliverablesSetup,UI Framework,OK to Close Deliverables - Display Console,Click,Button,OK,UIInteraction,
43194.2015524537,,Console/Job Manager,Stop Job,Click,Button,Stop,UIInteraction,JobGuid=CB1BD8CF-311B-4F82-98D6-A0AA784E448B
