43194.1249844792,,Console/Job Manager,New Job,Click,Button,New,UIInteraction,
43194.1250026273,,Console/Job Manager,Input Job Name,Input,TextBox,Acq_DTA_WF,UIInteraction,
43194.1250456366,,Console/Job Manager,Input Well Name,Input,TextBox,BGC,UIInteraction,
43194.1250896412,,Console/Job Manager,Input Client Name,Input,TextBox,BGCAT,UIInteraction,
43194.1252238079,,Console/Job Manager,Check Simulator,Click,CheckBox,Simulator,UIInteraction,CheckState=True
43194.1252265509,,Console/Job Manager,Select Units,Click,ComboBox,Metric,UIInteraction,
43194.1254020023,,Console/Job Manager,Select Auto Backup Folder,Click,ComboBox,C:\Acq_DTA,UIInteraction,
43194.1302238194,,UI Framework,Switch Tab,Click,Tab,Job: Acq_DTA_WF,UIInteraction,
43194.1736045023,,Console/Job Manager,Start Job Spec Manager,Click,ToolbarButton,Job Spec Manager,UIInteraction,
43194.1736455787,,Import/Export & Backup/Restore,Select Source,Click,ComboBox,Acq_DTA_WF  WL Simulator  02:59:58 04-Apr-2018,UIInteraction,JobName=Acq_DTA_WF;EntityGuid=9325F56E-C6D8-4D6F-B8AF-BA5177875769
43194.1743467593,,Import/Export & Backup/Restore,Select/Deselect item,ByMouse,TreeView,Acq_DTA_WF  WL Simulator  02:59:58 04-Apr-2018,UIInteraction,CheckState=True
43194.1743497107,,Import/Export & Backup/Restore,Save Job Spec File,Click,Button,Save As...,UIInteraction,
43194.1743577315,,Import/Export & Backup/Restore,OK to Save Job Spec File,,,,UIAutomatic,FilePath=C:\Schlumberger Horizon Data\Acq_DTA_WF\Job Spec Files\Acq_DTA_WF.DLIS
43194.1747570949,,Import/Export & Backup/Restore,Close Job Spec UI,Click,Button,Close,UIInteraction,
43194.1750395255,,UI Framework,Switch Tab,Click,Tab,Messages: Job Independent,UIInteraction,
43194.1750457639,,UI Framework,Close Console,Click,Button,,UIInteraction,
