43194.1719609491,,Console/Job Manager,Import Job Archive,Click,ContextMenu,Create Import,UIInteraction,
43194.1719722107,,Import/Export & Backup/Restore,Select file to import,Click,Button,...,UIInteraction,
43194.1720062269,,Import/Export & Backup/Restore,OK to select file,,,,UIAutomatic,FilePath=C:\DataValidation\APS-C\APS-C_Normal_3.0.9605.1036_JA.Dlis
43194.1721124769,,Import/Export & Backup/Restore,Start Import,Click,Button,Import,UIInteraction,FilePath=C:\DataValidation\APS-C\APS-C_Normal_3.0.9605.1036_JA.Dlis
43194.1746240625,,Import/Export & Backup/Restore,Close Import UI,Click,Button,Close,UIInteraction,
43194.1747693171,,Console/Job Manager,Select Auto Backup Folder,Click,ComboBox,C:\Autobackup,UIInteraction,
43194.1836160995,,UI Framework,Close Console,Click,Button,,UIInteraction,
43194.18662625,,UI Framework,Initialize Maxwell Manager Process Name,,,Initialize Maxwell Manager Process Name,,
43194.1866447338,,UI Framework,Start Console,,,Maxwell Manager,UIAutomatic,MachineName=HPV11-008;UserName=Engineer;UserDomainName=HPV11-008;OS=Microsoft Windows NT 6.1.7601 Service Pack 1;TimeZone=00:00:00;IPAddress_1=192.168.178.2;IPAddress_2=::1;MWVersion=9.0.100745.3100
43194.1868819329,,Console/Job Manager,Import Job Archive,Click,ContextMenu,Create Import,UIInteraction,
43194.1868892708,,Import/Export & Backup/Restore,Select file to import,Click,Button,...,UIInteraction,
43194.186895706,,Import/Export & Backup/Restore,OK to select file,,,,UIAutomatic,FilePath=C:\DataValidation\GPIT-F_ABCD\GPIT-F_Normal_4.0.9163.3000_JA.Dlis
43194.1869731944,,Import/Export & Backup/Restore,Start Import,Click,Button,Import,UIInteraction,FilePath=C:\DataValidation\GPIT-F_ABCD\GPIT-F_Normal_4.0.9163.3000_JA.Dlis
43194.1885770486,,Import/Export & Backup/Restore,Close Import UI,Click,Button,Close,UIInteraction,
43194.1887133218,,Console/Job Manager,Select Auto Backup Folder,Click,ComboBox,C:\Autobackup,UIInteraction,
43194.1915189583,,UI Framework,Close Console,Click,Button,,UIInteraction,
43194.1950313079,,UI Framework,Initialize Maxwell Manager Process Name,,,Initialize Maxwell Manager Process Name,,
43194.1950527431,,UI Framework,Start Console,,,Maxwell Manager,UIAutomatic,MachineName=HPV11-008;UserName=Engineer;UserDomainName=HPV11-008;OS=Microsoft Windows NT 6.1.7601 Service Pack 1;TimeZone=00:00:00;IPAddress_1=192.168.178.2;IPAddress_2=::1;MWVersion=9.0.100745.3100
43194.1952882292,,Console/Job Manager,Import Job Archive,Click,ContextMenu,Create Import,UIInteraction,
43194.195303044,,Import/Export & Backup/Restore,OK to select file,,,,UIAutomatic,FilePath=C:\DataValidation\HGNS-H\HGNS-H_Normal_3.0.9609.1101_JA.Dlis
43194.1952963194,,Import/Export & Backup/Restore,Select file to import,Click,Button,...,UIInteraction,
43194.1953763426,,Import/Export & Backup/Restore,Start Import,Click,Button,Import,UIInteraction,FilePath=C:\DataValidation\HGNS-H\HGNS-H_Normal_3.0.9609.1101_JA.Dlis
43194.1961834838,,Import/Export & Backup/Restore,Close Import UI,Click,Button,Close,UIInteraction,
43194.1963258565,,Console/Job Manager,Select Auto Backup Folder,Click,ComboBox,C:\Autobackup,UIInteraction,
43194.1991378472,,UI Framework,Close Console,Click,Button,,UIInteraction,
43194.2035791898,,UI Framework,Initialize Maxwell Manager Process Name,,,Initialize Maxwell Manager Process Name,,
43194.2035997222,,UI Framework,Start Console,,,Maxwell Manager,UIAutomatic,MachineName=HPV11-008;UserName=Engineer;UserDomainName=HPV11-008;OS=Microsoft Windows NT 6.1.7601 Service Pack 1;TimeZone=00:00:00;IPAddress_1=192.168.178.2;IPAddress_2=::1;MWVersion=9.0.100745.3100
43194.2038355903,,Console/Job Manager,Import Job Archive,Click,ContextMenu,Create Import,UIInteraction,
43194.2038429514,,Import/Export & Backup/Restore,Select file to import,Click,Button,...,UIInteraction,
43194.2038497222,,Import/Export & Backup/Restore,OK to select file,,,,UIAutomatic,FilePath=C:\DataValidation\MAST-ABC\MAST-ABC_5.0.13105_JA.Dlis
43194.203937419,,Import/Export & Backup/Restore,Start Import,Click,Button,Import,UIInteraction,FilePath=C:\DataValidation\MAST-ABC\MAST-ABC_5.0.13105_JA.Dlis
43194.2065104398,,Import/Export & Backup/Restore,Close Import UI,Click,Button,Close,UIInteraction,
43194.2066602315,,Console/Job Manager,Select Auto Backup Folder,Click,ComboBox,C:\Autobackup,UIInteraction,
43194.2122737731,,UI Framework,Close Console,Click,Button,,UIInteraction,
