Time,Process,Component,Operation,Action,Control,ControlText,Category,Context
43194.1611490046,,Console/Job Manager,Start Job,Click,Button,Start,UIInteraction,JobName=PPC-EMM-demo;WellName=bgc;ClientName=slb;StartDate=4/4/2018 3:52 AM;Workflow=Wireline;Simulator=True;UnitSystem=Metric;JobSize=0;State=Available;SideTrackId=0;SessionID=B173A0AC-0B32-4783-99C1-F0AA9D369D15;SortOrder=1;JobGUID=8B8097B5-8ECD-4057-909E-DB049D34CB04;WellGUID=2B06B6CE-547D-481A-9EF4-87E4C4580D56;BoreholeGUID=5F20F128-48B1-4CE4-B8FF-B2AA01950970;MachineName=HPV01-007;UserName=Engineer;UserDomainName=HPV01-007;OS=Microsoft Windows NT 6.1.7601 Service Pack 1;StartedJobCount=0;TimeZone=00:00:00;IPAddress_1=192.168.78.188;IPAddress_2=::1;MWVersion=9.0.100745.3100
43194.1613995486,,Console/Job Manager,Stop Job,Click,Button,Stop,UIInteraction,JobGuid=8B8097B5-8ECD-4057-909E-DB049D34CB04
43194.1615940046,,Console/Job Manager,Start Job,Click,Button,Start,UIInteraction,JobName=PPC-EMM-demo;WellName=bgc;ClientName=slb;StartDate=4/4/2018 3:52 AM;Workflow=Wireline;Simulator=True;UnitSystem=Metric;RTBackupDir=C:\Autobackup;JobSize=0;State=Available;SideTrackId=0;SessionID=B173A0AC-0B32-4783-99C1-F0AA9D369D15;SortOrder=1;JobGUID=8B8097B5-8ECD-4057-909E-DB049D34CB04;WellGUID=2B06B6CE-547D-481A-9EF4-87E4C4580D56;BoreholeGUID=5F20F128-48B1-4CE4-B8FF-B2AA01950970;MachineName=HPV01-007;UserName=Engineer;UserDomainName=HPV01-007;OS=Microsoft Windows NT 6.1.7601 Service Pack 1;StartedJobCount=0;TimeZone=00:00:00;IPAddress_1=192.168.78.188;IPAddress_2=::1;MWVersion=9.0.100745.3100
43194.162356331,,Console/Job Manager,Start Setup Console,Click,Button,Start...,UIInteraction,JobGuid=8B8097B5-8ECD-4057-909E-DB049D34CB04
43194.162458912,Setup,Calibration,Select Calibration Report Type,Click,ComboBox,Technical Concise,UIInteraction,
43194.1624619907,Setup,UI Framework,Start Console,,,Setup - Job PPC-EMM-demo,UIAutomatic,
43194.162477419,,Console/Job Manager,Start Deliverables Console,Click,Button,Start...,UIInteraction,JobGuid=8B8097B5-8ECD-4057-909E-DB049D34CB04
43194.1625285995,DeliverablesSetup,Tier Manager,Tier Template Created for Tools in My Equipment,,,EDTC-B Tier Created,Deliverables Console,
43194.1625287384,DeliverablesSetup,Tier Manager,Tier Template Created for Tools in My Equipment,,,LEH-QT Tier Created,Deliverables Console,
43194.1625289236,DeliverablesSetup,Tier Manager,Tier Template Created for Tools in My Equipment,,,PPC-B Tier Created,Deliverables Console,
43194.1625379051,DeliverablesSetup,UI Framework,Start Console,,,Deliverables Console Setup - Job PPC-EMM-demo,UIAutomatic,
43194.1627108681,Setup,UI Framework,Switch Tab,Click,Tab,DnI Initializations,UIInteraction,
43194.1627786806,Setup,Run Manager (Internal),Start Run,Click,Button,Start,UIInteraction,RunGuid=A4A993D0-B863-4D53-BAA1-D91A270A919D;ToolstringGuid=59DCD3C0-8A65-4E94-AD76-B221D0E563E4;DownholeEquipments=PPC-B:EDTC-B:LEH-QT;TSLevelActiveSurfaceEquips=TENSION_DEVICE:WAFE:DEPTH_DEVICE:LOGGING_CABLE
43194.1629067477,Simulation,UI Framework,Start Console,,,Simulation Console - Job PPC-EMM-demo,UIAutomatic,
43194.1629677894,WLAcquisition,Calibration,Select Calibration Report Type,Click,ComboBox,Technical Concise,UIInteraction,
43194.1630057986,WLAcquisition,UI Framework,Start Console,,,Acquisition Console - Job PPC-EMM-demo - Run 1,UIAutomatic,
43194.1633654398,WLAcquisition,Data Acquiring - WL,Connect Hardware,Click,ToolbarButton,Connect to Hardware,UIInteraction,
43194.1635685764,WLAcquisition,Data Acquiring - WL,Start Dataflow,Click,ToolbarButton,Start Data Flow,UIInteraction,
43194.1636587963,WLAcquisition,Data Acquiring - WL,Enable Tool Power,Click,ToolbarButton,Enable Tool Power,UIInteraction,
43194.1636665509,WLAcquisition,EDTC-B,Read Memory Data,,,,UIAutomatic,TaskName=EDTC-B: Read Memory Data
43194.1636711111,WLAcquisition,Calibration,Select Calibration in Calibration Report,Click,ComboBox,HTEN Before Calibration,UIInteraction,
43194.1636711343,WLAcquisition,Calibration,Select Tool in Calibration Report,Click,ComboBox,LEH-QT,UIInteraction,ToolName=LEH-QT
43194.1636721296,WLAcquisition,UI Framework,Switch Tab,Click,Tab,Calibrations,UIInteraction,
43194.1636735417,WLAcquisition,PPC-B,Read CaliCoeff Memory Data,,,,UIAutomatic,TaskName=PPC-B: Read CaliCoeff Memory Data
43194.163690544,WLAcquisition,Calibration,Choose Available Calibration,Click,ComboBox,03:55:41.554 04-Apr-2018,UIInteraction,
43194.1636916204,WLAcquisition,Calibration,Choose Available Calibration,Click,ComboBox,03:55:41.554 04-Apr-2018,UIInteraction,
43194.1636989005,DeliverablesSetup,Computation / Recomputation,ProcessRecomputeState,,,,UIAutomatic,JobGuid=8B8097B5-8ECD-4057-909E-DB049D34CB04;State=UIS_RECOMPUTATION_STATE_PENDING;Scope=JobScope;RecompPercentageComplete=;MultipleRunsAffected=False;ActiveRunAffected=True;ActiveRunInProgress=False;RunCount=1;Run0Change0=Calibration;Run0Guid=A4A993D0-B863-4D53-BAA1-D91A270A919D
43194.1636989005,WLAcquisition,Computation / Recomputation,ProcessRecomputeState,,,,UIAutomatic,JobGuid=8B8097B5-8ECD-4057-909E-DB049D34CB04;State=UIS_RECOMPUTATION_STATE_PENDING;Scope=JobScope;RecompPercentageComplete=;MultipleRunsAffected=False;ActiveRunAffected=True;ActiveRunInProgress=False;RunCount=1;Run0Change0=Calibration;Run0Guid=A4A993D0-B863-4D53-BAA1-D91A270A919D
43194.1636989005,Setup,Computation / Recomputation,ProcessRecomputeState,,,,UIAutomatic,JobGuid=8B8097B5-8ECD-4057-909E-DB049D34CB04;State=UIS_RECOMPUTATION_STATE_PENDING;Scope=JobScope;RecompPercentageComplete=;MultipleRunsAffected=False;ActiveRunAffected=True;ActiveRunInProgress=False;RunCount=1;Run0Change0=Calibration;Run0Guid=A4A993D0-B863-4D53-BAA1-D91A270A919D
43194.1637025116,DeliverablesSetup,Computation / Recomputation,ProcessRecomputeState,,,,UIAutomatic,JobGuid=8B8097B5-8ECD-4057-909E-DB049D34CB04;State=UIS_RECOMPUTATION_STATE_PENDING;Scope=JobScope;RecompPercentageComplete=;MultipleRunsAffected=False;ActiveRunAffected=True;ActiveRunInProgress=False;RunCount=1;Run0Change0=Calibration;Run0Guid=A4A993D0-B863-4D53-BAA1-D91A270A919D
43194.1637047569,WLAcquisition,Calibration,Choose Available Calibration,Click,ComboBox,20:45:00.000 26-Feb-2008,UIInteraction,
43194.1637084028,Setup,Computation / Recomputation,ProcessRecomputeState,,,,UIAutomatic,JobGuid=8B8097B5-8ECD-4057-909E-DB049D34CB04;State=UIS_RECOMPUTATION_STATE_PENDING;Scope=JobScope;RecompPercentageComplete=;MultipleRunsAffected=False;ActiveRunAffected=True;ActiveRunInProgress=False;RunCount=1;Run0Change0=Calibration;Run0Guid=A4A993D0-B863-4D53-BAA1-D91A270A919D
43194.163709537,DeliverablesSetup,Computation / Recomputation,ProcessRecomputeState,,,,UIAutomatic,JobGuid=8B8097B5-8ECD-4057-909E-DB049D34CB04;State=UIS_RECOMPUTATION_STATE_PENDING;Scope=JobScope;RecompPercentageComplete=;MultipleRunsAffected=False;ActiveRunAffected=True;ActiveRunInProgress=False;RunCount=1;Run0Change0=Calibration;Run0Guid=A4A993D0-B863-4D53-BAA1-D91A270A919D
43194.163709537,Setup,Computation / Recomputation,ProcessRecomputeState,,,,UIAutomatic,JobGuid=8B8097B5-8ECD-4057-909E-DB049D34CB04;State=UIS_RECOMPUTATION_STATE_PENDING;Scope=JobScope;RecompPercentageComplete=;MultipleRunsAffected=False;ActiveRunAffected=True;ActiveRunInProgress=False;RunCount=1;Run0Change0=Calibration;Run0Guid=A4A993D0-B863-4D53-BAA1-D91A270A919D
43194.1637106366,WLAcquisition,Calibration,Choose Available Calibration,Click,ComboBox,20:45:00.000 26-Feb-2008,UIInteraction,
43194.1637122454,WLAcquisition,Calibration,Choose Available Calibration,Click,ComboBox,20:45:00.000 26-Feb-2008,UIInteraction,
43194.1637124074,WLAcquisition,Calibration,Choose Available Calibration,Click,ComboBox,20:45:00.000 26-Feb-2008,UIInteraction,
43194.1637154514,WLAcquisition,Computation / Recomputation,ProcessRecomputeState,,,,UIAutomatic,JobGuid=8B8097B5-8ECD-4057-909E-DB049D34CB04;State=UIS_RECOMPUTATION_STATE_PENDING;Scope=JobScope;RecompPercentageComplete=;MultipleRunsAffected=False;ActiveRunAffected=True;ActiveRunInProgress=False;RunCount=1;Run0Change0=Calibration;Run0Guid=A4A993D0-B863-4D53-BAA1-D91A270A919D
43194.1637155787,WLAcquisition,Computation / Recomputation,ProcessRecomputeState,,,,UIAutomatic,JobGuid=8B8097B5-8ECD-4057-909E-DB049D34CB04;State=UIS_RECOMPUTATION_STATE_PENDING;Scope=JobScope;RecompPercentageComplete=;MultipleRunsAffected=False;ActiveRunAffected=True;ActiveRunInProgress=False;RunCount=1;Run0Change0=Calibration;Run0Guid=A4A993D0-B863-4D53-BAA1-D91A270A919D
43194.1652961806,WLAcquisition,Computation / Recomputation,Recompute All Pending Runs,Click,ToolbarButton,Recompute All Pending Runs,UIInteraction,
43194.1652962037,WLAcquisition,Computation / Recomputation,Start Recomputation During Acquisition,Click,ToolbarButton,Recompute All Pending Runs,UIInteraction,FeatureName=Framework.RTOOP
43194.1652962847,Setup,Computation / Recomputation,ProcessRecomputeState,,,,UIAutomatic,JobGuid=8B8097B5-8ECD-4057-909E-DB049D34CB04;State=UIS_RECOMPUTATION_STATE_STARTING;Scope=JobScope;RecompPercentageComplete=;MultipleRunsAffected=False;ActiveRunAffected=True;ActiveRunInProgress=True;RunCount=1;Run0Change0=Calibration;Run0Guid=A4A993D0-B863-4D53-BAA1-D91A270A919D
43194.1652962963,DeliverablesSetup,Computation / Recomputation,ProcessRecomputeState,,,,UIAutomatic,JobGuid=8B8097B5-8ECD-4057-909E-DB049D34CB04;State=UIS_RECOMPUTATION_STATE_STARTING;Scope=JobScope;RecompPercentageComplete=;MultipleRunsAffected=False;ActiveRunAffected=True;ActiveRunInProgress=True;RunCount=1;Run0Change0=Calibration;Run0Guid=A4A993D0-B863-4D53-BAA1-D91A270A919D
43194.1652968287,WLAcquisition,Computation / Recomputation,ProcessRecomputeState,,,,UIAutomatic,JobGuid=8B8097B5-8ECD-4057-909E-DB049D34CB04;State=UIS_RECOMPUTATION_STATE_STARTING;Scope=JobScope;RecompPercentageComplete=;MultipleRunsAffected=False;ActiveRunAffected=True;ActiveRunInProgress=True;RunCount=1;Run0Change0=Calibration;Run0Guid=A4A993D0-B863-4D53-BAA1-D91A270A919D
43194.1653801157,DeliverablesSetup,Computation / Recomputation,ProcessRecomputeState,,,,UIAutomatic,JobGuid=8B8097B5-8ECD-4057-909E-DB049D34CB04;State=UIS_RECOMPUTATION_STATE_IN_PROGRESS;Scope=JobScope;RecompPercentageComplete=;MultipleRunsAffected=False;ActiveRunAffected=True;ActiveRunInProgress=True;RunCount=1;Run0Change0=Calibration;Run0Guid=A4A993D0-B863-4D53-BAA1-D91A270A919D
43194.1653801273,Setup,Computation / Recomputation,ProcessRecomputeState,,,,UIAutomatic,JobGuid=8B8097B5-8ECD-4057-909E-DB049D34CB04;State=UIS_RECOMPUTATION_STATE_IN_PROGRESS;Scope=JobScope;RecompPercentageComplete=;MultipleRunsAffected=False;ActiveRunAffected=True;ActiveRunInProgress=True;RunCount=1;Run0Change0=Calibration;Run0Guid=A4A993D0-B863-4D53-BAA1-D91A270A919D
43194.1653801273,WLAcquisition,Computation / Recomputation,ProcessRecomputeState,,,,UIAutomatic,JobGuid=8B8097B5-8ECD-4057-909E-DB049D34CB04;State=UIS_RECOMPUTATION_STATE_IN_PROGRESS;Scope=JobScope;RecompPercentageComplete=;MultipleRunsAffected=False;ActiveRunAffected=True;ActiveRunInProgress=True;RunCount=1;Run0Change0=Calibration;Run0Guid=A4A993D0-B863-4D53-BAA1-D91A270A919D
43194.1654459028,Setup,Computation / Recomputation,ProcessRecomputeState,,,,UIAutomatic,JobGuid=8B8097B5-8ECD-4057-909E-DB049D34CB04;State=UIS_RECOMPUTATION_STATE_SUCCEEDED;Scope=JobScope;RecompPercentageComplete=;MultipleRunsAffected=False;ActiveRunAffected=True;ActiveRunInProgress=True;RunCount=1;Run0Change0=Calibration;Run0Guid=A4A993D0-B863-4D53-BAA1-D91A270A919D
43194.1654459028,WLAcquisition,Computation / Recomputation,ProcessRecomputeState,,,,UIAutomatic,JobGuid=8B8097B5-8ECD-4057-909E-DB049D34CB04;State=UIS_RECOMPUTATION_STATE_SUCCEEDED;Scope=JobScope;RecompPercentageComplete=;MultipleRunsAffected=False;ActiveRunAffected=True;ActiveRunInProgress=True;RunCount=1;Run0Change0=Calibration;Run0Guid=A4A993D0-B863-4D53-BAA1-D91A270A919D
43194.1654459144,DeliverablesSetup,Computation / Recomputation,ProcessRecomputeState,,,,UIAutomatic,JobGuid=8B8097B5-8ECD-4057-909E-DB049D34CB04;State=UIS_RECOMPUTATION_STATE_SUCCEEDED;Scope=JobScope;RecompPercentageComplete=;MultipleRunsAffected=False;ActiveRunAffected=True;ActiveRunInProgress=True;RunCount=1;Run0Change0=Calibration;Run0Guid=A4A993D0-B863-4D53-BAA1-D91A270A919D
43194.1656148958,WLAcquisition,PPC-B,Caliper Zero Measurement,RightClick,TreeView,Caliper Zero Measurement,UIInteraction,TaskName=Caliper Zero Measurement
43194.1656288773,WLAcquisition,PPC-B,Caliper Zero Measurement,Click,ContextMenu,Perform,UIInteraction,TaskName=Caliper Zero Measurement
43194.1658445023,WLAcquisition,UI Framework,Switch Tab,Click,Tab,Tool Control,UIInteraction,
43194.1659281713,WLAcquisition,PPC-B,EMM Caliper Open,RightClick,TreeView,PPC-B: EMM Caliper Open,UIInteraction,TaskName=PPC-B: EMM Caliper Open
43194.1659421181,WLAcquisition,PPC-B,EMM Caliper Open,Click,ContextMenu,Perform,UIInteraction,TaskName=PPC-B: EMM Caliper Open
43194.1661220139,Simulation,UI Framework,Switch Tab,Click,Tab,PPC-B : 1,UIInteraction,
43194.1662432407,WLAcquisition,Tool Control,Perform Tool Control Task,Click,Button,OK,UIInteraction,TaskName=PPC-B: EMM Caliper Open
43194.1663289236,WLAcquisition,Calibration,Perform Calibration Task,Click,Button,Next,UIInteraction,TaskName=Caliper Zero Measurement
43194.1667272569,WLAcquisition,PPC-B,EMM Caliper Close,RightClick,TreeView,PPC-B: EMM Caliper Close,UIInteraction,TaskName=PPC-B: EMM Caliper Close
43194.1667413194,WLAcquisition,PPC-B,EMM Caliper Close,Click,ContextMenu,Perform,UIInteraction,TaskName=PPC-B: EMM Caliper Close
43194.1668084144,WLAcquisition,Tool Control,Perform Tool Control Task,Click,Button,OK,UIInteraction,TaskName=PPC-B: EMM Caliper Close
43194.1668294444,WLAcquisition,Calibration,Perform Calibration Task,Click,Button,Close,UIInteraction,TaskName=Caliper Zero Measurement
43194.1668356597,WLAcquisition,Calibration,Choose Available Calibration,Click,ComboBox,Incomplete,UIInteraction,
43194.166884919,WLAcquisition,UI Framework,Switch Tab,Click,Tab,Operation,UIInteraction,
43194.1669866204,WLAcquisition,PPC-B,Caliper Plus Measurement,RightClick,TreeView,Caliper Plus Measurement,UIInteraction,TaskName=Caliper Plus Measurement
43194.1670010185,WLAcquisition,PPC-B,Caliper Plus Measurement,Click,ContextMenu,Perform,UIInteraction,TaskName=Caliper Plus Measurement
43194.1672128472,WLAcquisition,UI Framework,Switch Tab,Click,Tab,Tool Control,UIInteraction,
43194.1672880093,WLAcquisition,PPC-B,EMM Caliper Open,RightClick,TreeView,PPC-B: EMM Caliper Open,UIInteraction,TaskName=PPC-B: EMM Caliper Open
43194.1673020602,WLAcquisition,PPC-B,EMM Caliper Open,Click,ContextMenu,Perform,UIInteraction,TaskName=PPC-B: EMM Caliper Open
43194.1675910069,WLAcquisition,Tool Control,Perform Tool Control Task,Click,Button,OK,UIInteraction,TaskName=PPC-B: EMM Caliper Open
43194.1676659143,WLAcquisition,Calibration,Perform Calibration Task,Click,Button,Next,UIInteraction,TaskName=Caliper Plus Measurement
43194.1680596065,WLAcquisition,PPC-B,EMM Caliper Close,RightClick,TreeView,PPC-B: EMM Caliper Close,UIInteraction,TaskName=PPC-B: EMM Caliper Close
43194.1680735764,WLAcquisition,PPC-B,EMM Caliper Close,Click,ContextMenu,Perform,UIInteraction,TaskName=PPC-B: EMM Caliper Close
43194.1681363657,WLAcquisition,Tool Control,Perform Tool Control Task,Click,Button,OK,UIInteraction,TaskName=PPC-B: EMM Caliper Close
43194.1681583796,WLAcquisition,Calibration,Perform Calibration Task,Click,Button,Close,UIInteraction,TaskName=Caliper Plus Measurement
43194.1681725116,Setup,Computation / Recomputation,ProcessRecomputeState,,,,UIAutomatic,JobGuid=8B8097B5-8ECD-4057-909E-DB049D34CB04;State=UIS_RECOMPUTATION_STATE_PENDING;Scope=JobScope;RecompPercentageComplete=;MultipleRunsAffected=False;ActiveRunAffected=True;ActiveRunInProgress=True;RunCount=1;Run0Change0=Calibration;Run0Guid=A4A993D0-B863-4D53-BAA1-D91A270A919D
43194.1681725231,DeliverablesSetup,Computation / Recomputation,ProcessRecomputeState,,,,UIAutomatic,JobGuid=8B8097B5-8ECD-4057-909E-DB049D34CB04;State=UIS_RECOMPUTATION_STATE_PENDING;Scope=JobScope;RecompPercentageComplete=;MultipleRunsAffected=False;ActiveRunAffected=True;ActiveRunInProgress=True;RunCount=1;Run0Change0=Calibration;Run0Guid=A4A993D0-B863-4D53-BAA1-D91A270A919D
43194.1681736806,WLAcquisition,Calibration,Choose Available Calibration,Click,ComboBox,04:02:09.313 04-Apr-2018,UIInteraction,
43194.1681737153,WLAcquisition,Computation / Recomputation,ProcessRecomputeState,,,,UIAutomatic,JobGuid=8B8097B5-8ECD-4057-909E-DB049D34CB04;State=UIS_RECOMPUTATION_STATE_PENDING;Scope=JobScope;RecompPercentageComplete=;MultipleRunsAffected=False;ActiveRunAffected=True;ActiveRunInProgress=True;RunCount=1;Run0Change0=Calibration;Run0Guid=A4A993D0-B863-4D53-BAA1-D91A270A919D
43194.1682548727,WLAcquisition,UI Framework,Switch Tab,Click,Tab,Operation,UIInteraction,
43194.1683529745,WLAcquisition,LEH-QT,Zero,RightClick,TreeView,Zero,UIInteraction,TaskName=Zero
43194.1683672106,WLAcquisition,LEH-QT,Zero,Click,ContextMenu,Perform,UIInteraction,TaskName=Zero
43194.1684212269,Simulation,UI Framework,Switch Tab,Click,Tab,HWS_Simulator : 0,UIInteraction,
43194.1686781019,WLAcquisition,Calibration,Perform Calibration Task,Click,Button,Next,UIInteraction,TaskName=Zero
43194.1688519676,WLAcquisition,Computation / Recomputation,Recompute All Pending Runs,Click,ToolbarButton,Recompute All Pending Runs,UIInteraction,
43194.1688519792,WLAcquisition,Computation / Recomputation,Start Recomputation During Acquisition,Click,ToolbarButton,Recompute All Pending Runs,UIInteraction,FeatureName=Framework.RTOOP
43194.1688520602,DeliverablesSetup,Computation / Recomputation,ProcessRecomputeState,,,,UIAutomatic,JobGuid=8B8097B5-8ECD-4057-909E-DB049D34CB04;State=UIS_RECOMPUTATION_STATE_STARTING;Scope=JobScope;RecompPercentageComplete=;MultipleRunsAffected=False;ActiveRunAffected=True;ActiveRunInProgress=True;RunCount=1;Run0Change0=Calibration;Run0Guid=A4A993D0-B863-4D53-BAA1-D91A270A919D
43194.1688521181,Setup,Computation / Recomputation,ProcessRecomputeState,,,,UIAutomatic,JobGuid=8B8097B5-8ECD-4057-909E-DB049D34CB04;State=UIS_RECOMPUTATION_STATE_STARTING;Scope=JobScope;RecompPercentageComplete=;MultipleRunsAffected=False;ActiveRunAffected=True;ActiveRunInProgress=True;RunCount=1;Run0Change0=Calibration;Run0Guid=A4A993D0-B863-4D53-BAA1-D91A270A919D
43194.168852338,WLAcquisition,Computation / Recomputation,ProcessRecomputeState,,,,UIAutomatic,JobGuid=8B8097B5-8ECD-4057-909E-DB049D34CB04;State=UIS_RECOMPUTATION_STATE_STARTING;Scope=JobScope;RecompPercentageComplete=;MultipleRunsAffected=False;ActiveRunAffected=True;ActiveRunInProgress=True;RunCount=1;Run0Change0=Calibration;Run0Guid=A4A993D0-B863-4D53-BAA1-D91A270A919D
43194.1688545486,DeliverablesSetup,Computation / Recomputation,ProcessRecomputeState,,,,UIAutomatic,JobGuid=8B8097B5-8ECD-4057-909E-DB049D34CB04;State=UIS_RECOMPUTATION_STATE_IN_PROGRESS;Scope=JobScope;RecompPercentageComplete=;MultipleRunsAffected=False;ActiveRunAffected=True;ActiveRunInProgress=True;RunCount=1;Run0Change0=Calibration;Run0Guid=A4A993D0-B863-4D53-BAA1-D91A270A919D
43194.1688545486,Setup,Computation / Recomputation,ProcessRecomputeState,,,,UIAutomatic,JobGuid=8B8097B5-8ECD-4057-909E-DB049D34CB04;State=UIS_RECOMPUTATION_STATE_IN_PROGRESS;Scope=JobScope;RecompPercentageComplete=;MultipleRunsAffected=False;ActiveRunAffected=True;ActiveRunInProgress=True;RunCount=1;Run0Change0=Calibration;Run0Guid=A4A993D0-B863-4D53-BAA1-D91A270A919D
43194.1688545602,WLAcquisition,Computation / Recomputation,ProcessRecomputeState,,,,UIAutomatic,JobGuid=8B8097B5-8ECD-4057-909E-DB049D34CB04;State=UIS_RECOMPUTATION_STATE_IN_PROGRESS;Scope=JobScope;RecompPercentageComplete=;MultipleRunsAffected=False;ActiveRunAffected=True;ActiveRunInProgress=True;RunCount=1;Run0Change0=Calibration;Run0Guid=A4A993D0-B863-4D53-BAA1-D91A270A919D
43194.1689117593,Setup,Computation / Recomputation,ProcessRecomputeState,,,,UIAutomatic,JobGuid=8B8097B5-8ECD-4057-909E-DB049D34CB04;State=UIS_RECOMPUTATION_STATE_SUCCEEDED;Scope=JobScope;RecompPercentageComplete=;MultipleRunsAffected=False;ActiveRunAffected=True;ActiveRunInProgress=True;RunCount=1;Run0Change0=Calibration;Run0Guid=A4A993D0-B863-4D53-BAA1-D91A270A919D
43194.1689117593,DeliverablesSetup,Computation / Recomputation,ProcessRecomputeState,,,,UIAutomatic,JobGuid=8B8097B5-8ECD-4057-909E-DB049D34CB04;State=UIS_RECOMPUTATION_STATE_SUCCEEDED;Scope=JobScope;RecompPercentageComplete=;MultipleRunsAffected=False;ActiveRunAffected=True;ActiveRunInProgress=True;RunCount=1;Run0Change0=Calibration;Run0Guid=A4A993D0-B863-4D53-BAA1-D91A270A919D
43194.1689117593,WLAcquisition,Computation / Recomputation,ProcessRecomputeState,,,,UIAutomatic,JobGuid=8B8097B5-8ECD-4057-909E-DB049D34CB04;State=UIS_RECOMPUTATION_STATE_SUCCEEDED;Scope=JobScope;RecompPercentageComplete=;MultipleRunsAffected=False;ActiveRunAffected=True;ActiveRunInProgress=True;RunCount=1;Run0Change0=Calibration;Run0Guid=A4A993D0-B863-4D53-BAA1-D91A270A919D
43194.1691089468,WLAcquisition,LEH-QT,Plus,RightClick,TreeView,Plus,UIInteraction,TaskName=Plus
43194.1691230324,WLAcquisition,LEH-QT,Plus,Click,ContextMenu,Perform,UIInteraction,TaskName=Plus
43194.1693816319,WLAcquisition,Calibration,Perform Calibration Task,Click,Button,Next,UIInteraction,TaskName=Plus
43194.1695142477,Setup,Computation / Recomputation,ProcessRecomputeState,,,,UIAutomatic,JobGuid=8B8097B5-8ECD-4057-909E-DB049D34CB04;State=UIS_RECOMPUTATION_STATE_PENDING;Scope=JobScope;RecompPercentageComplete=;MultipleRunsAffected=False;ActiveRunAffected=True;ActiveRunInProgress=True;RunCount=1;Run0Change0=Calibration;Run0Guid=A4A993D0-B863-4D53-BAA1-D91A270A919D
43194.1695142477,DeliverablesSetup,Computation / Recomputation,ProcessRecomputeState,,,,UIAutomatic,JobGuid=8B8097B5-8ECD-4057-909E-DB049D34CB04;State=UIS_RECOMPUTATION_STATE_PENDING;Scope=JobScope;RecompPercentageComplete=;MultipleRunsAffected=False;ActiveRunAffected=True;ActiveRunInProgress=True;RunCount=1;Run0Change0=Calibration;Run0Guid=A4A993D0-B863-4D53-BAA1-D91A270A919D
43194.1695154745,WLAcquisition,Computation / Recomputation,ProcessRecomputeState,,,,UIAutomatic,JobGuid=8B8097B5-8ECD-4057-909E-DB049D34CB04;State=UIS_RECOMPUTATION_STATE_PENDING;Scope=JobScope;RecompPercentageComplete=;MultipleRunsAffected=False;ActiveRunAffected=True;ActiveRunInProgress=True;RunCount=1;Run0Change0=Calibration;Run0Guid=A4A993D0-B863-4D53-BAA1-D91A270A919D
43194.1695154514,WLAcquisition,Calibration,Choose Available Calibration,Click,ComboBox,04:04:05.320 04-Apr-2018,UIInteraction,
43194.1695591435,WLAcquisition,Computation / Recomputation,Recompute All Pending Runs,Click,ToolbarButton,Recompute All Pending Runs,UIInteraction,
43194.1695592245,Setup,Computation / Recomputation,ProcessRecomputeState,,,,UIAutomatic,JobGuid=8B8097B5-8ECD-4057-909E-DB049D34CB04;State=UIS_RECOMPUTATION_STATE_STARTING;Scope=JobScope;RecompPercentageComplete=;MultipleRunsAffected=False;ActiveRunAffected=True;ActiveRunInProgress=True;RunCount=1;Run0Change0=Calibration;Run0Guid=A4A993D0-B863-4D53-BAA1-D91A270A919D
43194.1695591782,WLAcquisition,Computation / Recomputation,Start Recomputation During Acquisition,Click,ToolbarButton,Recompute All Pending Runs,UIInteraction,FeatureName=Framework.RTOOP
43194.1695592245,DeliverablesSetup,Computation / Recomputation,ProcessRecomputeState,,,,UIAutomatic,JobGuid=8B8097B5-8ECD-4057-909E-DB049D34CB04;State=UIS_RECOMPUTATION_STATE_STARTING;Scope=JobScope;RecompPercentageComplete=;MultipleRunsAffected=False;ActiveRunAffected=True;ActiveRunInProgress=True;RunCount=1;Run0Change0=Calibration;Run0Guid=A4A993D0-B863-4D53-BAA1-D91A270A919D
43194.1695594792,WLAcquisition,Computation / Recomputation,ProcessRecomputeState,,,,UIAutomatic,JobGuid=8B8097B5-8ECD-4057-909E-DB049D34CB04;State=UIS_RECOMPUTATION_STATE_STARTING;Scope=JobScope;RecompPercentageComplete=;MultipleRunsAffected=False;ActiveRunAffected=True;ActiveRunInProgress=True;RunCount=1;Run0Change0=Calibration;Run0Guid=A4A993D0-B863-4D53-BAA1-D91A270A919D
43194.1695616667,Setup,Computation / Recomputation,ProcessRecomputeState,,,,UIAutomatic,JobGuid=8B8097B5-8ECD-4057-909E-DB049D34CB04;State=UIS_RECOMPUTATION_STATE_IN_PROGRESS;Scope=JobScope;RecompPercentageComplete=;MultipleRunsAffected=False;ActiveRunAffected=True;ActiveRunInProgress=True;RunCount=1;Run0Change0=Calibration;Run0Guid=A4A993D0-B863-4D53-BAA1-D91A270A919D
43194.1695616667,WLAcquisition,Computation / Recomputation,ProcessRecomputeState,,,,UIAutomatic,JobGuid=8B8097B5-8ECD-4057-909E-DB049D34CB04;State=UIS_RECOMPUTATION_STATE_IN_PROGRESS;Scope=JobScope;RecompPercentageComplete=;MultipleRunsAffected=False;ActiveRunAffected=True;ActiveRunInProgress=True;RunCount=1;Run0Change0=Calibration;Run0Guid=A4A993D0-B863-4D53-BAA1-D91A270A919D
43194.1695616782,DeliverablesSetup,Computation / Recomputation,ProcessRecomputeState,,,,UIAutomatic,JobGuid=8B8097B5-8ECD-4057-909E-DB049D34CB04;State=UIS_RECOMPUTATION_STATE_IN_PROGRESS;Scope=JobScope;RecompPercentageComplete=;MultipleRunsAffected=False;ActiveRunAffected=True;ActiveRunInProgress=True;RunCount=1;Run0Change0=Calibration;Run0Guid=A4A993D0-B863-4D53-BAA1-D91A270A919D
43194.1696194676,WLAcquisition,Computation / Recomputation,ProcessRecomputeState,,,,UIAutomatic,JobGuid=8B8097B5-8ECD-4057-909E-DB049D34CB04;State=UIS_RECOMPUTATION_STATE_SUCCEEDED;Scope=JobScope;RecompPercentageComplete=;MultipleRunsAffected=False;ActiveRunAffected=True;ActiveRunInProgress=True;RunCount=1;Run0Change0=Calibration;Run0Guid=A4A993D0-B863-4D53-BAA1-D91A270A919D
43194.169619456,Setup,Computation / Recomputation,ProcessRecomputeState,,,,UIAutomatic,JobGuid=8B8097B5-8ECD-4057-909E-DB049D34CB04;State=UIS_RECOMPUTATION_STATE_SUCCEEDED;Scope=JobScope;RecompPercentageComplete=;MultipleRunsAffected=False;ActiveRunAffected=True;ActiveRunInProgress=True;RunCount=1;Run0Change0=Calibration;Run0Guid=A4A993D0-B863-4D53-BAA1-D91A270A919D
43194.1696194676,DeliverablesSetup,Computation / Recomputation,ProcessRecomputeState,,,,UIAutomatic,JobGuid=8B8097B5-8ECD-4057-909E-DB049D34CB04;State=UIS_RECOMPUTATION_STATE_SUCCEEDED;Scope=JobScope;RecompPercentageComplete=;MultipleRunsAffected=False;ActiveRunAffected=True;ActiveRunInProgress=True;RunCount=1;Run0Change0=Calibration;Run0Guid=A4A993D0-B863-4D53-BAA1-D91A270A919D
43194.1698231713,WLAcquisition,EDTC-B,Zero,RightClick,TreeView,Zero,UIInteraction,TaskName=Zero
43194.1698371759,WLAcquisition,EDTC-B,Zero,Click,ContextMenu,Perform,UIInteraction,TaskName=Zero
43194.1698385069,WLAcquisition,Calibration,Choose Available Calibration,Click,ComboBox,Nominal,UIInteraction,
43194.16983875,WLAcquisition,Calibration,Choose Available Calibration,Click,ComboBox,Nominal,UIInteraction,
43194.1699037037,Simulation,UI Framework,Switch Tab,Click,Tab,EDTCB Simulator : 0,UIInteraction,
43194.1700202778,WLAcquisition,Calibration,Perform Calibration Task,Click,Button,Next,UIInteraction,TaskName=Zero
43194.1704273264,WLAcquisition,Calibration,Choose Available Calibration,Click,ComboBox,Incomplete,UIInteraction,
43194.1706278588,WLAcquisition,EDTC-B,Plus,RightClick,TreeView,Plus,UIInteraction,TaskName=Plus
43194.1706419097,WLAcquisition,EDTC-B,Plus,Click,ContextMenu,Perform,UIInteraction,TaskName=Plus
43194.1708196412,WLAcquisition,Calibration,Perform Calibration Task,Click,Button,Next,UIInteraction,TaskName=Plus
43194.1715818056,DeliverablesSetup,Computation / Recomputation,ProcessRecomputeState,,,,UIAutomatic,JobGuid=8B8097B5-8ECD-4057-909E-DB049D34CB04;State=UIS_RECOMPUTATION_STATE_PENDING;Scope=JobScope;RecompPercentageComplete=;MultipleRunsAffected=False;ActiveRunAffected=True;ActiveRunInProgress=True;RunCount=1;Run0Change0=Calibration;Run0Guid=A4A993D0-B863-4D53-BAA1-D91A270A919D
43194.1715818056,Setup,Computation / Recomputation,ProcessRecomputeState,,,,UIAutomatic,JobGuid=8B8097B5-8ECD-4057-909E-DB049D34CB04;State=UIS_RECOMPUTATION_STATE_PENDING;Scope=JobScope;RecompPercentageComplete=;MultipleRunsAffected=False;ActiveRunAffected=True;ActiveRunInProgress=True;RunCount=1;Run0Change0=Calibration;Run0Guid=A4A993D0-B863-4D53-BAA1-D91A270A919D
43194.1715822685,WLAcquisition,Calibration,Choose Available Calibration,Click,ComboBox,04:07:03.863 04-Apr-2018,UIInteraction,
43194.1715822917,WLAcquisition,Computation / Recomputation,ProcessRecomputeState,,,,UIAutomatic,JobGuid=8B8097B5-8ECD-4057-909E-DB049D34CB04;State=UIS_RECOMPUTATION_STATE_PENDING;Scope=JobScope;RecompPercentageComplete=;MultipleRunsAffected=False;ActiveRunAffected=True;ActiveRunInProgress=True;RunCount=1;Run0Change0=Calibration;Run0Guid=A4A993D0-B863-4D53-BAA1-D91A270A919D
43194.1717102546,WLAcquisition,EDTC-B,Gamma-Ray Plateau Check,RightClick,TreeView,EDTC-B: Gamma-Ray Plateau Check,UIInteraction,TaskName=EDTC-B: Gamma-Ray Plateau Check
43194.1717247338,WLAcquisition,EDTC-B,Gamma-Ray Plateau Check,Click,ContextMenu,Perform,UIInteraction,TaskName=EDTC-B: Gamma-Ray Plateau Check
43194.1735713889,WLAcquisition,Calibration,Choose Available Calibration,Click,ComboBox,04:09:56.237 04-Apr-2018,UIInteraction,
43194.1738279861,WLAcquisition,EDTC-B,Accelerometer Calibration,RightClick,TreeView,EDTC-B: Accelerometer Calibration,UIInteraction,TaskName=EDTC-B: Accelerometer Calibration
43194.1738423727,WLAcquisition,EDTC-B,Accelerometer Calibration,Click,ContextMenu,Perform,UIInteraction,TaskName=EDTC-B: Accelerometer Calibration
43194.1738431597,WLAcquisition,Calibration,Choose Available Calibration,Click,ComboBox,Nominal,UIInteraction,
43194.1739169907,WLAcquisition,Calibration,Perform Calibration Task,Click,Button,Next,UIInteraction,TaskName=Vertical Measurement
43194.1740433333,DeliverablesSetup,Computation / Recomputation,ProcessRecomputeState,,,,UIAutomatic,JobGuid=8B8097B5-8ECD-4057-909E-DB049D34CB04;State=UIS_RECOMPUTATION_STATE_PENDING;Scope=JobScope;RecompPercentageComplete=;MultipleRunsAffected=False;ActiveRunAffected=True;ActiveRunInProgress=True;RunCount=1;Run0Change0=Calibration;Run0Guid=A4A993D0-B863-4D53-BAA1-D91A270A919D
43194.1740433333,Setup,Computation / Recomputation,ProcessRecomputeState,,,,UIAutomatic,JobGuid=8B8097B5-8ECD-4057-909E-DB049D34CB04;State=UIS_RECOMPUTATION_STATE_PENDING;Scope=JobScope;RecompPercentageComplete=;MultipleRunsAffected=False;ActiveRunAffected=True;ActiveRunInProgress=True;RunCount=1;Run0Change0=Calibration;Run0Guid=A4A993D0-B863-4D53-BAA1-D91A270A919D
43194.1740434259,WLAcquisition,Calibration,Choose Available Calibration,Click,ComboBox,04:10:36.977 04-Apr-2018,UIInteraction,
43194.1740434375,WLAcquisition,Computation / Recomputation,ProcessRecomputeState,,,,UIAutomatic,JobGuid=8B8097B5-8ECD-4057-909E-DB049D34CB04;State=UIS_RECOMPUTATION_STATE_PENDING;Scope=JobScope;RecompPercentageComplete=;MultipleRunsAffected=False;ActiveRunAffected=True;ActiveRunInProgress=True;RunCount=1;Run0Change0=Calibration;Run0Guid=A4A993D0-B863-4D53-BAA1-D91A270A919D
43194.1742001968,WLAcquisition,PPC-B,Downhole Electronics Test,RightClick,TreeView,Downhole Electronics Test,UIInteraction,TaskName=Downhole Electronics Test
43194.1742144329,WLAcquisition,PPC-B,Downhole Electronics Test,Click,ContextMenu,Perform,UIInteraction,TaskName=Downhole Electronics Test
43194.1742721065,WLAcquisition,Calibration,Choose Available Calibration,Click,ComboBox,Incomplete,UIInteraction,
43194.1744852315,WLAcquisition,PPC-B,Cartridge Temperature Test,RightClick,TreeView,Cartridge Temperature Test,UIInteraction,TaskName=Cartridge Temperature Test
43194.1744997801,WLAcquisition,PPC-B,Cartridge Temperature Test,Click,ContextMenu,Perform,UIInteraction,TaskName=Cartridge Temperature Test
43194.1745570833,WLAcquisition,Calibration,Choose Available Calibration,Click,ComboBox,Incomplete,UIInteraction,
43194.1748163542,WLAcquisition,PPC-B,Power Control LVDT Test,RightClick,TreeView,Power Control LVDT Test,UIInteraction,TaskName=Power Control LVDT Test
43194.1748305556,WLAcquisition,PPC-B,Power Control LVDT Test,Click,ContextMenu,Perform,UIInteraction,TaskName=Power Control LVDT Test
43194.1748476852,WLAcquisition,Calibration,Choose Available Calibration,Click,ComboBox,04:11:46.523 04-Apr-2018,UIInteraction,
43194.1750203819,WLAcquisition,Depth Log/Station Planning,Perform Logging Task,RightClick,TreeView,Depth Log,UIInteraction,TaskName=Depth Log
43194.1750343866,WLAcquisition,Depth Log/Station Planning,Perform Logging Task,Click,ContextMenu,Perform,UIInteraction,TaskName=Depth Log
43194.1757433102,WLAcquisition,Data Acquiring - WL,Start Depth Pass,Click,Button,Start,UIInteraction,PassGuid=BECC3E62-819C-4950-8782-BF14FE99223F;Objective=Log;Direction=Down;Depth=299.9994
43194.1757464583,WLAcquisition,UI Framework,Switch Tab,Click,Tab,MD,UIInteraction,
43194.1845523843,WLAcquisition,Data Acquiring - WL,Unlock Pass,Click,ToolbarButton,Click to Unlock Stop Button,UIInteraction,
43194.184663125,WLAcquisition,Data Acquiring - WL,Stop Depth Pass,Click,Button,Stop,UIInteraction,PassGuid=BECC3E62-819C-4950-8782-BF14FE99223F;Depth=399.9992
43194.1849718171,WLAcquisition,Properties & Parameters,Show Infrequent Properties/Parameters,Click,ToolbarButton,Show Infrequent Parameters,UIInteraction,
43194.1850679051,WLAcquisition,Properties & Parameters,Change Parameter Value,Update,GridCell,On,UIInteraction,OSDD=EFC;EnsemblePath=PPC-B:EMM-B:EMM-B
43194.1850679745,Setup,Computation / Recomputation,ProcessRecomputeState,,,,UIAutomatic,JobGuid=8B8097B5-8ECD-4057-909E-DB049D34CB04;State=UIS_RECOMPUTATION_STATE_PENDING;Scope=JobScope;RecompPercentageComplete=;MultipleRunsAffected=False;ActiveRunAffected=True;ActiveRunInProgress=True;RunCount=1;Run0Change0=Parameter;Run0Change1=Calibration;Run0Guid=A4A993D0-B863-4D53-BAA1-D91A270A919D
43194.1850679745,DeliverablesSetup,Computation / Recomputation,ProcessRecomputeState,,,,UIAutomatic,JobGuid=8B8097B5-8ECD-4057-909E-DB049D34CB04;State=UIS_RECOMPUTATION_STATE_PENDING;Scope=JobScope;RecompPercentageComplete=;MultipleRunsAffected=False;ActiveRunAffected=True;ActiveRunInProgress=True;RunCount=1;Run0Change0=Parameter;Run0Change1=Calibration;Run0Guid=A4A993D0-B863-4D53-BAA1-D91A270A919D
43194.1850679861,WLAcquisition,Computation / Recomputation,ProcessRecomputeState,,,,UIAutomatic,JobGuid=8B8097B5-8ECD-4057-909E-DB049D34CB04;State=UIS_RECOMPUTATION_STATE_PENDING;Scope=JobScope;RecompPercentageComplete=;MultipleRunsAffected=False;ActiveRunAffected=True;ActiveRunInProgress=True;RunCount=1;Run0Change0=Parameter;Run0Change1=Calibration;Run0Guid=A4A993D0-B863-4D53-BAA1-D91A270A919D
43194.1853164583,WLAcquisition,Properties & Parameters,Change Parameter Value,Update,GridCell,On,UIInteraction,OSDD=ESCL;EnsemblePath=PPC-B:EMM-B:EMM-B
43194.1853165509,DeliverablesSetup,Computation / Recomputation,ProcessRecomputeState,,,,UIAutomatic,JobGuid=8B8097B5-8ECD-4057-909E-DB049D34CB04;State=UIS_RECOMPUTATION_STATE_PENDING;Scope=JobScope;RecompPercentageComplete=;MultipleRunsAffected=False;ActiveRunAffected=True;ActiveRunInProgress=True;RunCount=1;Run0Change0=Parameter;Run0Change1=Calibration;Run0Guid=A4A993D0-B863-4D53-BAA1-D91A270A919D
43194.1853165509,Setup,Computation / Recomputation,ProcessRecomputeState,,,,UIAutomatic,JobGuid=8B8097B5-8ECD-4057-909E-DB049D34CB04;State=UIS_RECOMPUTATION_STATE_PENDING;Scope=JobScope;RecompPercentageComplete=;MultipleRunsAffected=False;ActiveRunAffected=True;ActiveRunInProgress=True;RunCount=1;Run0Change0=Parameter;Run0Change1=Calibration;Run0Guid=A4A993D0-B863-4D53-BAA1-D91A270A919D
43194.185316713,WLAcquisition,Computation / Recomputation,ProcessRecomputeState,,,,UIAutomatic,JobGuid=8B8097B5-8ECD-4057-909E-DB049D34CB04;State=UIS_RECOMPUTATION_STATE_PENDING;Scope=JobScope;RecompPercentageComplete=;MultipleRunsAffected=False;ActiveRunAffected=True;ActiveRunInProgress=True;RunCount=1;Run0Change0=Parameter;Run0Change1=Calibration;Run0Guid=A4A993D0-B863-4D53-BAA1-D91A270A919D
43194.185647662,WLAcquisition,Depth Log/Station Planning,Perform Logging Task,RightClick,TreeView,Depth Log,UIInteraction,TaskName=Depth Log
43194.1856618981,WLAcquisition,Depth Log/Station Planning,Perform Logging Task,Click,ContextMenu,Perform,UIInteraction,TaskName=Depth Log
43194.186135787,WLAcquisition,Data Acquiring - WL,Start Depth Pass,Click,Button,Start,UIInteraction,PassGuid=CBCB268B-4B45-44D0-8540-644A56E59010;Objective=Log;Direction=Up;Depth=399.9992
43194.1876588657,WLAcquisition,Data Acquiring - WL,Unlock Pass,Click,ToolbarButton,Click to Unlock Stop Button,UIInteraction,
43194.1877587153,WLAcquisition,Data Acquiring - WL,Stop Depth Pass,Click,Button,Stop,UIInteraction,PassGuid=CBCB268B-4B45-44D0-8540-644A56E59010;Depth=299.99686
43194.1878886227,WLAcquisition,Data Acquiring - WL,Unlock 3 Buttons,Click,ToolbarButton,Unlock,UIInteraction,
43194.187890787,WLAcquisition,Data Acquiring - WL,Disable Tool Power,Click,ToolbarButton,Disable Tool Power,UIInteraction,
43194.1880006597,WLAcquisition,Data Acquiring - WL,Stop Dataflow,Click,ToolbarButton,Stop Data Flow,UIInteraction,
43194.1881129514,WLAcquisition,Data Acquiring - WL,Disconnect Hardware,Click,ToolbarButton,Disconnect From Hardware,UIInteraction,
43194.1882119213,Setup,Run Manager (Internal),Stop Run,Click,Button,Stop,UIInteraction,RunGuid=A4A993D0-B863-4D53-BAA1-D91A270A919D
43194.1882645718,Setup,Run Manager (Internal),Confirm to Stop Run,Click,Button,OK,UIInteraction,RunGuid=A4A993D0-B863-4D53-BAA1-D91A270A919D
43194.1883302778,Simulation,UI Framework,Close Console,Click,Button,,UIInteraction,JobGuid=8B8097B5-8ECD-4057-909E-DB049D34CB04
43194.1883988542,Setup,Computation / Recomputation,Recompute All Pending Runs,Click,ToolbarButton,Recompute All Pending Runs,UIInteraction,
43194.1883989352,DeliverablesSetup,Computation / Recomputation,ProcessRecomputeState,,,,UIAutomatic,JobGuid=8B8097B5-8ECD-4057-909E-DB049D34CB04;State=UIS_RECOMPUTATION_STATE_STARTING;Scope=JobScope;RecompPercentageComplete=;MultipleRunsAffected=False;ActiveRunAffected=True;ActiveRunInProgress=False;RunCount=1;Run0Change0=Parameter;Run0Change1=Calibration;Run0Guid=A4A993D0-B863-4D53-BAA1-D91A270A919D
43194.1884010532,Setup,Computation / Recomputation,ProcessRecomputeState,,,,UIAutomatic,JobGuid=8B8097B5-8ECD-4057-909E-DB049D34CB04;State=UIS_RECOMPUTATION_STATE_STARTING;Scope=JobScope;RecompPercentageComplete=;MultipleRunsAffected=False;ActiveRunAffected=True;ActiveRunInProgress=False;RunCount=1;Run0Change0=Parameter;Run0Change1=Calibration;Run0Guid=A4A993D0-B863-4D53-BAA1-D91A270A919D
43194.1884460069,DeliverablesSetup,Computation / Recomputation,ProcessRecomputeState,,,,UIAutomatic,JobGuid=8B8097B5-8ECD-4057-909E-DB049D34CB04;State=UIS_RECOMPUTATION_STATE_IN_PROGRESS;Scope=JobScope;RecompPercentageComplete=;MultipleRunsAffected=False;ActiveRunAffected=True;ActiveRunInProgress=False;RunCount=1;Run0Change0=Parameter;Run0Change1=Calibration;Run0Guid=A4A993D0-B863-4D53-BAA1-D91A270A919D
43194.188446794,Setup,Computation / Recomputation,ProcessRecomputeState,,,,UIAutomatic,JobGuid=8B8097B5-8ECD-4057-909E-DB049D34CB04;State=UIS_RECOMPUTATION_STATE_IN_PROGRESS;Scope=JobScope;RecompPercentageComplete=;MultipleRunsAffected=False;ActiveRunAffected=True;ActiveRunInProgress=False;RunCount=1;Run0Change0=Parameter;Run0Change1=Calibration;Run0Guid=A4A993D0-B863-4D53-BAA1-D91A270A919D
43194.1885077546,Setup,Computation / Recomputation,ProcessRecomputeState,,,,UIAutomatic,JobGuid=8B8097B5-8ECD-4057-909E-DB049D34CB04;State=UIS_RECOMPUTATION_STATE_SUCCEEDED;Scope=JobScope;RecompPercentageComplete=;MultipleRunsAffected=False;ActiveRunAffected=True;ActiveRunInProgress=False;RunCount=1;Run0Change0=Parameter;Run0Change1=Calibration;Run0Guid=A4A993D0-B863-4D53-BAA1-D91A270A919D
43194.1885077546,DeliverablesSetup,Computation / Recomputation,ProcessRecomputeState,,,,UIAutomatic,JobGuid=8B8097B5-8ECD-4057-909E-DB049D34CB04;State=UIS_RECOMPUTATION_STATE_SUCCEEDED;Scope=JobScope;RecompPercentageComplete=;MultipleRunsAffected=False;ActiveRunAffected=True;ActiveRunInProgress=False;RunCount=1;Run0Change0=Parameter;Run0Change1=Calibration;Run0Guid=A4A993D0-B863-4D53-BAA1-D91A270A919D
43194.1885262847,,Console/Job Manager,Start Data Central Console,Click,Button,Start...,UIInteraction,JobGuid=8B8097B5-8ECD-4057-909E-DB049D34CB04
43194.1885563079,DataCentral,UI Framework,Start Console,,,Data Central - Recompute - Job PPC-EMM-demo,UIAutomatic,
43194.1886876505,DataCentral,Computation / Recomputation,Recompute/Select Run,Click,Button,Select Run...,UIInteraction,
43194.1887606829,DataCentral,Data Explorer,Click OK Button,Click,Button,OK,UIInteraction,Selection=Run 1____03:54:24 04-Apr-2018_04:31:08 04-Apr-2018_
43194.1887625231,DataCentral,Computation / Recomputation,Recompute/Confirm to Select Run,,,,UIAutomatic,RunNo=1;RunGuid=A4A993D0-B863-4D53-BAA1-D91A270A919D
43194.1888341088,Setup,Calibration,Choose Available Calibration,Click,ComboBox,04:04:05.320 04-Apr-2018,UIInteraction,
43194.1888359606,Setup,Calibration,Select Calibration in Calibration Report,Click,ComboBox,HTEN Before Calibration,UIInteraction,
43194.1888359722,Setup,Calibration,Select Tool in Calibration Report,Click,ComboBox,LEH-QT,UIInteraction,ToolName=LEH-QT
43194.1895616088,DataCentral,Properties & Parameters,Show Infrequent Properties/Parameters,Click,ToolbarButton,Show Infrequent Parameters,UIInteraction,
43194.1895995949,DataCentral,Properties & Parameters,Change Parameter Value,Update,GridCell,21,UIInteraction,OSDD=SHT;EnsemblePath=Borehole
43194.1896002546,Setup,Computation / Recomputation,ProcessRecomputeState,,,,UIAutomatic,JobGuid=8B8097B5-8ECD-4057-909E-DB049D34CB04;State=UIS_RECOMPUTATION_STATE_PENDING;Scope=JobScope;RecompPercentageComplete=;MultipleRunsAffected=False;ActiveRunAffected=False;ActiveRunInProgress=False;RunCount=1;Run0Change0=Parameter;Run0Guid=A4A993D0-B863-4D53-BAA1-D91A270A919D
43194.1896002546,DeliverablesSetup,Computation / Recomputation,ProcessRecomputeState,,,,UIAutomatic,JobGuid=8B8097B5-8ECD-4057-909E-DB049D34CB04;State=UIS_RECOMPUTATION_STATE_PENDING;Scope=JobScope;RecompPercentageComplete=;MultipleRunsAffected=False;ActiveRunAffected=False;ActiveRunInProgress=False;RunCount=1;Run0Change0=Parameter;Run0Guid=A4A993D0-B863-4D53-BAA1-D91A270A919D
43194.1896006134,DataCentral,Computation / Recomputation,ProcessRecomputeState,,,,UIAutomatic,JobGuid=8B8097B5-8ECD-4057-909E-DB049D34CB04;State=UIS_RECOMPUTATION_STATE_PENDING;Scope=JobScope;RecompPercentageComplete=;MultipleRunsAffected=False;ActiveRunAffected=False;ActiveRunInProgress=False;RunCount=1;Run0Change0=Parameter;Run0Guid=A4A993D0-B863-4D53-BAA1-D91A270A919D
43194.1896566435,DataCentral,Computation / Recomputation,Recompute All Pending Runs,Click,ToolbarButton,Recompute All Pending Runs,UIInteraction,
43194.1896567708,DeliverablesSetup,Computation / Recomputation,ProcessRecomputeState,,,,UIAutomatic,JobGuid=8B8097B5-8ECD-4057-909E-DB049D34CB04;State=UIS_RECOMPUTATION_STATE_STARTING;Scope=JobScope;RecompPercentageComplete=;MultipleRunsAffected=False;ActiveRunAffected=False;ActiveRunInProgress=False;RunCount=1;Run0Change0=Parameter;Run0Guid=A4A993D0-B863-4D53-BAA1-D91A270A919D
43194.1896567824,Setup,Computation / Recomputation,ProcessRecomputeState,,,,UIAutomatic,JobGuid=8B8097B5-8ECD-4057-909E-DB049D34CB04;State=UIS_RECOMPUTATION_STATE_STARTING;Scope=JobScope;RecompPercentageComplete=;MultipleRunsAffected=False;ActiveRunAffected=False;ActiveRunInProgress=False;RunCount=1;Run0Change0=Parameter;Run0Guid=A4A993D0-B863-4D53-BAA1-D91A270A919D
43194.1896572106,DataCentral,Computation / Recomputation,ProcessRecomputeState,,,,UIAutomatic,JobGuid=8B8097B5-8ECD-4057-909E-DB049D34CB04;State=UIS_RECOMPUTATION_STATE_STARTING;Scope=JobScope;RecompPercentageComplete=;MultipleRunsAffected=False;ActiveRunAffected=False;ActiveRunInProgress=False;RunCount=1;Run0Change0=Parameter;Run0Guid=A4A993D0-B863-4D53-BAA1-D91A270A919D
43194.1896607523,DeliverablesSetup,Computation / Recomputation,ProcessRecomputeState,,,,UIAutomatic,JobGuid=8B8097B5-8ECD-4057-909E-DB049D34CB04;State=UIS_RECOMPUTATION_STATE_IN_PROGRESS;Scope=JobScope;RecompPercentageComplete=;MultipleRunsAffected=False;ActiveRunAffected=False;ActiveRunInProgress=False;RunCount=1;Run0Change0=Parameter;Run0Guid=A4A993D0-B863-4D53-BAA1-D91A270A919D
43194.1896607639,DataCentral,Computation / Recomputation,ProcessRecomputeState,,,,UIAutomatic,JobGuid=8B8097B5-8ECD-4057-909E-DB049D34CB04;State=UIS_RECOMPUTATION_STATE_IN_PROGRESS;Scope=JobScope;RecompPercentageComplete=;MultipleRunsAffected=False;ActiveRunAffected=False;ActiveRunInProgress=False;RunCount=1;Run0Change0=Parameter;Run0Guid=A4A993D0-B863-4D53-BAA1-D91A270A919D
43194.1896608333,Setup,Computation / Recomputation,ProcessRecomputeState,,,,UIAutomatic,JobGuid=8B8097B5-8ECD-4057-909E-DB049D34CB04;State=UIS_RECOMPUTATION_STATE_IN_PROGRESS;Scope=JobScope;RecompPercentageComplete=;MultipleRunsAffected=False;ActiveRunAffected=False;ActiveRunInProgress=False;RunCount=1;Run0Change0=Parameter;Run0Guid=A4A993D0-B863-4D53-BAA1-D91A270A919D
43194.1898162616,DeliverablesSetup,Computation / Recomputation,ProcessRecomputeState,,,,UIAutomatic,JobGuid=8B8097B5-8ECD-4057-909E-DB049D34CB04;State=UIS_RECOMPUTATION_STATE_SUCCEEDED;Scope=JobScope;RecompPercentageComplete=;MultipleRunsAffected=False;ActiveRunAffected=False;ActiveRunInProgress=False;RunCount=1;Run0Change0=Parameter;Run0Guid=A4A993D0-B863-4D53-BAA1-D91A270A919D
43194.1898166435,Setup,Computation / Recomputation,ProcessRecomputeState,,,,UIAutomatic,JobGuid=8B8097B5-8ECD-4057-909E-DB049D34CB04;State=UIS_RECOMPUTATION_STATE_SUCCEEDED;Scope=JobScope;RecompPercentageComplete=;MultipleRunsAffected=False;ActiveRunAffected=False;ActiveRunInProgress=False;RunCount=1;Run0Change0=Parameter;Run0Guid=A4A993D0-B863-4D53-BAA1-D91A270A919D
43194.1898181019,DataCentral,Computation / Recomputation,ProcessRecomputeState,,,,UIAutomatic,JobGuid=8B8097B5-8ECD-4057-909E-DB049D34CB04;State=UIS_RECOMPUTATION_STATE_SUCCEEDED;Scope=JobScope;RecompPercentageComplete=;MultipleRunsAffected=False;ActiveRunAffected=False;ActiveRunInProgress=False;RunCount=1;Run0Change0=Parameter;Run0Guid=A4A993D0-B863-4D53-BAA1-D91A270A919D
43194.1901832176,,Console/Job Manager,Stop Data Central Console,Click,Button,Stop,UIInteraction,JobGuid=8B8097B5-8ECD-4057-909E-DB049D34CB04
43194.1902710301,DeliverablesSetup,UI Framework,Switch View,Click,ToolbarButton,Deliverables Display View,UIInteraction,
43194.1903458565,DeliverablesSetup,Deliverables - Digital,Create Job Archive,Click,ContextMenu,Create,UIInteraction,ArchiveGuid=8B8097B5-8ECD-4057-909E-DB049D34CB04;JobArchiveType=3.0
43194.1905439468,DeliverablesSetup,UI Framework,Close Console,Click,Button,,UIInteraction,JobGuid=8B8097B5-8ECD-4057-909E-DB049D34CB04
43194.1905819097,DeliverablesSetup,UI Framework,OK to Close Deliverables - Display Console,Click,Button,OK,UIInteraction,
43194.1906628472,,Console/Job Manager,Stop Setup Console,Click,Button,Stop,UIInteraction,JobGuid=8B8097B5-8ECD-4057-909E-DB049D34CB04
43194.1907465394,,Console/Job Manager,Stop Job,Click,Button,Stop,UIInteraction,JobGuid=8B8097B5-8ECD-4057-909E-DB049D34CB04
