Time,Process,Component,Operation,Action,Control,ControlText,Category,Context
43193.6754806019,,Console/Job Manager,Start Job,Click,Button,Start,UIInteraction,JobName=10MSA0091;WellName=maderil;ClientName=BGCAT;StartDate=4/3/2018 4:12 PM;Workflow=D&M;Simulator=False;UnitSystem=Metric;RTBackupDir=C:\AutoBackup;JobSize=0;State=Available;SideTrackId=0;SessionID=49A7893E-C959-4846-8BE0-9EAFB0EB5EC2;SortOrder=1;JobGUID=45A55992-993C-47DF-9E99-167184D593D7;WellGUID=2C4492B0-47F1-4985-BBDC-042DFF382DAA;BoreholeGUID=6FFBD139-A49A-4B66-B94E-CFC9364C5893;MachineName=HPV01-001;UserName=Engineer;UserDomainName=HPV01-001;OS=Microsoft Windows NT 6.1.7601 Service Pack 1;StartedJobCount=0;TimeZone=00:00:00;IPAddress_1=192.168.78.73;IPAddress_2=::1;MWVersion=9.0.100732.3100
43193.6759592245,,Console/Job Manager,Start Setup Console,Click,Button,Start...,UIInteraction,JobGuid=45A55992-993C-47DF-9E99-167184D593D7
43193.6761606829,Setup,UI Framework,Start Console,,,Setup - Job 10MSA0091,UIAutomatic,
43193.6761924537,Setup,Equipment,New ToolString,Click,ToolbarButton,New ToolString,UIInteraction,ToolstringName=New ToolString;ToolstringGuid=AD641DBB-FB34-4A6D-8E00-1CD1728F56DE
43193.67622375,Setup,Equipment,Rename ToolString,Input,TextBox,Run1,UIInteraction,ToolstringGuid=AD641DBB-FB34-4A6D-8E00-1CD1728F56DE
43193.6762702431,Setup,Equipment,Filter Equipment in Catalog,Input,TextBox,,UIInteraction,Text=bit
43193.6762704861,Setup,Equipment,Filter Equipment in Catalog,Input,TextBox,,UIInteraction,Text=bit
43193.676288125,Setup,Equipment,Add Equipment from Catalog to ToolString,Click,ToolbarButton,Add to ToolString,UIInteraction,EquipmentName=PDC Bit:Generic PDC Bit
43193.6762910532,Setup,Equipment,Filter Equipment in Catalog,Input,TextBox,,UIInteraction,Text=Stabilizer
43193.6762912732,Setup,Equipment,Filter Equipment in Catalog,Input,TextBox,,UIInteraction,Text=Stabilizer
43193.6762964352,Setup,Equipment,Add Equipment from Catalog to ToolString,Click,ToolbarButton,Add to ToolString,UIInteraction,EquipmentName=Stabilizer:3 1/8"
43193.6762981713,Setup,Equipment,Filter Equipment in Catalog,Input,TextBox,,UIInteraction,Text=Sub
43193.6762984144,Setup,Equipment,Filter Equipment in Catalog,Input,TextBox,,UIInteraction,Text=Sub
43193.6763044676,Setup,Equipment,Add Equipment from Catalog to ToolString,Click,ToolbarButton,Add to ToolString,UIInteraction,EquipmentName=Float Sub:4 3/4"
43193.6763062269,Setup,Equipment,Filter Equipment in Catalog,Input,TextBox,,UIInteraction,Text=ARC
43193.6763068287,Setup,Equipment,Filter Equipment in Catalog,Input,TextBox,,UIInteraction,Text=ARC
43193.6763126736,Setup,Equipment,Add Equipment from Catalog to ToolString,Click,ToolbarButton,Add to ToolString,UIInteraction,EquipmentName=ARC:4 3/4"
43193.6763227662,Setup,Equipment,Filter Equipment in Catalog,Input,TextBox,,UIInteraction,Text=ShortPulse
43193.6763229282,Setup,Equipment,Filter Equipment in Catalog,Input,TextBox,,UIInteraction,Text=ShortPulse
43193.6763272338,Setup,Equipment,Add Equipment from Catalog to ToolString,Click,ToolbarButton,Add to ToolString,UIInteraction,EquipmentName=ShortPulse:4 3/4"
43193.6763360069,Setup,Equipment,Filter Equipment in Catalog,Input,TextBox,,UIInteraction,Text=SonicScope
43193.6763361111,Setup,Equipment,Filter Equipment in Catalog,Input,TextBox,,UIInteraction,Text=SonicScope
43193.6763406366,Setup,Equipment,Add Equipment from Catalog to ToolString,Click,ToolbarButton,Add to ToolString,UIInteraction,EquipmentName=SonicScope:4 3/4"
43193.6763710764,Setup,Equipment,Add Equipment from Catalog to ToolString,Click,ToolbarButton,Add to ToolString,UIInteraction,EquipmentName=ADN:4 3/4" A
43193.6763664815,Setup,Equipment,Filter Equipment in Catalog,Input,TextBox,,UIInteraction,Text=ADN
43193.6763663426,Setup,Equipment,Filter Equipment in Catalog,Input,TextBox,,UIInteraction,Text=ADN
43193.6765173958,Setup,Properties & Parameters,Change Property Value,Update,GridCell,0.22,UIInteraction,OSDD=EP_LENGTH;EnsemblePath=Generic PDC Bit
43193.6766549537,Setup,Properties & Parameters,Change Property Value,Update,GridCell,6,UIInteraction,OSDD=EP_MAX_OD;EnsemblePath=Generic PDC Bit
43193.6768053241,Setup,Properties & Parameters,Change Property Value,Update,GridCell,6,UIInteraction,OSDD=EP_NO_OF_NOZZLES;EnsemblePath=Generic PDC Bit
43193.6769109838,Setup,Units,Show Unit System Manager,Click,MenuItem,Unit System Manager,UIInteraction,
43193.6770090394,Setup,Units,Change unit type,Click,ContextMenu,1/32 in,UIInteraction,OldValue=mm;UnitQuantity=OilfieldGaugeLength
43193.6771102199,Setup,Units,Save unit change to a different file,Click,Button,Save As...,UIInteraction,UnitSystem=BGCAT10MSA009103APR18
43193.6771118056,Setup,Units,Select unit system,Click,ComboBox,BGCAT10MSA009103APR18,UIInteraction,
43193.6771223495,Setup,Units,Select unit system,Click,ComboBox,BGCAT10MSA009103APR18,UIInteraction,
43193.6771305671,Setup,Units,Close Unit System Manager,Click,Button,Close,UIInteraction,
43193.6772400231,Setup,Properties & Parameters,Change Property Value,Update,GridCell,14,UIInteraction,OSDD=EP_NOZZLE_SIZE1;EnsemblePath=Generic PDC Bit
43193.6773778357,Setup,Properties & Parameters,Change Property Value,Update,GridCell,14,UIInteraction,OSDD=EP_NOZZLE_SIZE2;EnsemblePath=Generic PDC Bit
43193.6775102546,Setup,Properties & Parameters,Change Property Value,Update,GridCell,12,UIInteraction,OSDD=EP_NOZZLE_SIZE3;EnsemblePath=Generic PDC Bit
43193.6776444213,Setup,Properties & Parameters,Change Property Value,Update,GridCell,12,UIInteraction,OSDD=EP_NOZZLE_SIZE4;EnsemblePath=Generic PDC Bit
43193.6777786111,Setup,Properties & Parameters,Change Property Value,Update,GridCell,12,UIInteraction,OSDD=EP_NOZZLE_SIZE5;EnsemblePath=Generic PDC Bit
43193.6779112847,Setup,Properties & Parameters,Change Property Value,Update,GridCell,12,UIInteraction,OSDD=EP_NOZZLE_SIZE6;EnsemblePath=Generic PDC Bit
43193.6780513542,Setup,Properties & Parameters,Change Property Value,Update,GridCell,6,UIInteraction,OSDD=EP_OUTER_DIAMETER;EnsemblePath=Generic PDC Bit
43193.67819,Setup,Properties & Parameters,Change Property Value,Update,GridCell,PDC001,UIInteraction,OSDD=EP_SERIAL_NUMBER;EnsemblePath=Generic PDC Bit
43193.6783226273,Setup,Properties & Parameters,Change Property Value,Update,GridCell,4.75,UIInteraction,OSDD=EP_BLADE_OD;EnsemblePath=Stab: 3 1/8"
43193.6784767824,Setup,Properties & Parameters,Change Property Value,Update,GridCell,1.75,UIInteraction,OSDD=EP_INNER_DIAMETER;EnsemblePath=Stab: 3 1/8"
43193.6785884607,Setup,Properties & Parameters,Change Property Value,Update,GridCell,1.75,UIInteraction,OSDD=EP_LENGTH;EnsemblePath=Stab: 3 1/8"
43193.6787283565,Setup,Properties & Parameters,Change Property Value,Update,GridCell,STB001,UIInteraction,OSDD=EP_SERIAL_NUMBER;EnsemblePath=Stab: 3 1/8"
43193.6788644792,Setup,Properties & Parameters,Change Property Value,Update,GridCell,1.22,UIInteraction,OSDD=EP_LENGTH;EnsemblePath=Flt Sub: 4 3/4"
43193.6789984722,Setup,Properties & Parameters,Change Property Value,Update,GridCell,FL001,UIInteraction,OSDD=EP_SERIAL_NUMBER;EnsemblePath=Flt Sub: 4 3/4"
43193.6791354282,Setup,Properties & Parameters,Change Property Value,Update,GridCell,3.2,UIInteraction,OSDD=EP_ROP_TO_TOOL_BTM;EnsemblePath=ARC5:ARC5
43193.6792723264,Setup,Properties & Parameters,Change Property Value,Update,GridCell,7.13,UIInteraction,OSDD=COMB_TOOL_LEN;EnsemblePath=ARC5:ARC5
43193.679406956,Setup,Properties & Parameters,Change Property Value,Update,GridCell,BA001,UIInteraction,OSDD=EP_SERIAL_NUMBER;EnsemblePath=ARC5:ARC5:ADBM
43193.6795426389,Setup,Properties & Parameters,Change Property Value,Update,GridCell,Non-Mag Chassis,UIInteraction,OSDD=FileCodeDescription;EnsemblePath=ARC5:ARC5:ARDC
43193.6797546181,Setup,Properties & Parameters,Change Property Value,Update,GridCell,DC123,UIInteraction,OSDD=EP_SERIAL_NUMBER;EnsemblePath=ARC5:ARC5:ARDC
43193.6798873843,Setup,Properties & Parameters,Change Property Value,Update,GridCell,E867,UIInteraction,OSDD=EP_SERIAL_NUMBER;EnsemblePath=ARC5:ARC5:AREA
43193.6800199537,Setup,Properties & Parameters,Change Property Value,Update,GridCell,909001,UIInteraction,OSDD=EP_SERIAL_NUMBER;EnsemblePath=ARC5:ARC5:ARSS
43193.6801534259,Setup,Properties & Parameters,Change Property Value,Update,GridCell,1.9,UIInteraction,OSDD=EP_ROP_TO_TOOL_BTM;EnsemblePath=SHORT475:SHORT475
43193.6802895718,Setup,Properties & Parameters,Change Property Value,Update,GridCell,9.17,UIInteraction,OSDD=COMB_TOOL_LEN;EnsemblePath=SHORT475:SHORT475
43193.6804264005,Setup,Properties & Parameters,Change Property Value,Update,GridCell,Dc002,UIInteraction,OSDD=EP_SERIAL_NUMBER;EnsemblePath=SHORT475:SHORT475:BMDC4
43193.6805593634,Setup,Properties & Parameters,Change Property Value,Update,GridCell,E232,UIInteraction,OSDD=EP_SERIAL_NUMBER;EnsemblePath=SHORT475:SHORT475:BMPC4
43193.680691169,Setup,Properties & Parameters,Change Property Value,Update,GridCell,Ip1,UIInteraction,OSDD=EP_SERIAL_NUMBER;EnsemblePath=SHORT475:SHORT475:IPTA
43193.6807792477,Setup,UI Framework,Switch Tab,Click,Tab,Parameters,UIInteraction,
43193.6808238079,Setup,Properties & Parameters,Change Parameter Value,Update,GridCell,0,UIInteraction,OSDD=TFO;EnsemblePath=SHORT475:SHORT475
43193.6809104282,Setup,UI Framework,Switch Tab,Click,Tab,Properties,UIInteraction,
43193.6809124074,Setup,Properties & Parameters,Show Infrequent Properties/Parameters,Click,ToolbarButton,Show Infrequent Properties,UIInteraction,
43193.6809579977,Setup,Properties & Parameters,Change Property Value,Update,GridCell,4.75,UIInteraction,OSDD=EP_OUTER_DIAMETER;EnsemblePath=SONICSCOPE4:Crossover:XOS
43193.6811406829,Setup,Properties & Parameters,Change Property Value,Update,GridCell,6.3,UIInteraction,OSDD=EP_ROP_TO_TOOL_BTM;EnsemblePath=SONICSCOPE4
43193.6812550116,Setup,Properties & Parameters,Change Property Value,Update,GridCell,90923,UIInteraction,OSDD=EP_SERIAL_NUMBER;EnsemblePath=SONICSCOPE4:Crossover:XOS
43193.6813885764,Setup,Properties & Parameters,Change Property Value,Update,GridCell,EXT00561,UIInteraction,OSDD=EP_SERIAL_NUMBER;EnsemblePath=SONICSCOPE4:Drill Collar:Lower Extender
43193.6815221065,Setup,Properties & Parameters,Change Property Value,Update,GridCell,ET325,UIInteraction,OSDD=EP_SERIAL_NUMBER;EnsemblePath=SONICSCOPE4:Drill Collar:Lower Stabilizer
43193.6816622801,Setup,Properties & Parameters,Change Property Value,Update,GridCell,9.12,UIInteraction,OSDD=EP_LENGTH;EnsemblePath=SONICSCOPE4:Drill Collar:MP4DC
43193.6818073148,Setup,Properties & Parameters,Change Property Value,Update,GridCell,DCS356,UIInteraction,OSDD=EP_SERIAL_NUMBER;EnsemblePath=SONICSCOPE4:Drill Collar:MP4DC
43193.6819411227,Setup,Properties & Parameters,Change Property Value,Update,GridCell,MP436,UIInteraction,OSDD=EP_SERIAL_NUMBER;EnsemblePath=SONICSCOPE4:Drill Collar:MP4LC
43193.6820747685,Setup,Properties & Parameters,Change Property Value,Update,GridCell,PU879,UIInteraction,OSDD=EP_SERIAL_NUMBER;EnsemblePath=SONICSCOPE4:Drill Collar:MP4UC
43193.6821095602,Setup,Equipment,Validate ToolString,Click,ContextMenu,Validate,UIInteraction,Validated State=TS_VALIDATION_PREVENTION;Validated Message=<ToolStringValidation><ToolStringGuid>AD641DBB-FB34-4A6D-8E00-1CD1728F56DE</ToolStringGuid><ToolStringName>Run1</ToolStringName><SourceAction>Validate</SourceAction><IsAutomatic>FALSE</IsAutomatic><Error><EquipmentGuid>E070C32C-835A-4E37-AB8E-AA8EC4C7F4C9</EquipmentGuid><EquipmentName>ADN4</EquipmentName><EquipmentType>Segment</EquipmentType><ErrorInfo><![CDATA[The downhole software version must be selected.
The chassis file code must be selected.
The collar file code must be selected.
]]></ErrorInfo><ValidationType>EQUIP_CONFIG_VALIDATION_PREVENTION</ValidationType></Error></ToolStringValidation>
43193.6822195718,Setup,UI Framework,Switch Tab,Click,Tab,DnI Initializations Run - 1,UIInteraction,
43193.6822318403,Setup,DnI/Survey,Select DMS,Click,RadioButton,DMS,UIInteraction,
43193.6822646412,Setup,DnI/Survey,Enter Longitude,Input,TextBox, 93 : 19 : 06.820 W,UIInteraction,
43193.682253669,Setup,DnI/Survey,Enter Latitude,Input,TextBox, 18 : 09 : 42.498 N,UIInteraction,
43193.6822758796,Setup,UI Framework,Switch Tab,Click,Tab,Equipment,UIInteraction,
43193.6823137616,Setup,DnI/Survey,Select Permanent Datum,Click,ComboBox,Mean Sea Level,UIInteraction,
43193.6823186574,Setup,DnI/Survey,Select Log Measured From,Click,ComboBox,Drill Floor,UIInteraction,
43193.682328588,Setup,DnI/Survey,Enter Elevation of 'Log Measured From',Input,TextBox,19,UIInteraction,LogMeasuredFrom=Drill Floor
43193.6823361343,Setup,DnI/Survey,Select Add Reference to Ground Level,Click,ComboBox,Yes,UIInteraction,
43193.6823447338,Setup,DnI/Survey,Enter Elevation of ground level,Input,TextBox,10,UIInteraction,
43193.6823570139,Setup,UI Framework,Switch Tab,Click,Tab,DnI Initializations Run - 1,UIInteraction,
43193.6823766551,Setup,UI Framework,Switch Tab,Click,Tab,Equipment,UIInteraction,
43193.6823944329,Setup,DnI/Survey,Enter MD,Input,TextBox,0,UIInteraction,
43193.682398669,Setup,DnI/Survey,Enter INCL,Input,TextBox,0,UIInteraction,
43193.682403206,Setup,DnI/Survey,Enter AZIM,Input,TextBox,0,UIInteraction,
43193.6824074421,Setup,DnI/Survey,Enter TVD,Input,TextBox,0,UIInteraction,
43193.6824121759,Setup,DnI/Survey,Enter N/-S,Input,TextBox,0,UIInteraction,
43193.6824164468,Setup,DnI/Survey,Enter E/-W,Input,TextBox,0,UIInteraction,
43193.6824403357,Setup,UI Framework,Switch Tab,Click,Tab,DnI Initializations Run - 1,UIInteraction,
43193.682466713,Setup,UI Framework,Switch Tab,Click,Tab,Equipment,UIInteraction,
43193.682492581,Setup,DnI/Survey,Select True North,Click,RadioButton,True North,UIInteraction,
43193.6825064468,Setup,UI Framework,Switch Tab,Click,Tab,DnI Initializations Run - 1,UIInteraction,
43193.6825350231,Setup,DnI/Survey,Compute DnI/Elevation,Click,Button,Compute,UIInteraction,
43193.6827313889,Setup,UI Framework,Switch Tab,Click,Tab,Equipment,UIInteraction,
43193.6827417361,Setup,Equipment,Validate ToolString,Click,ContextMenu,Validate,UIInteraction,Validated State=TS_VALIDATION_PREVENTION;Validated Message=<ToolStringValidation><ToolStringGuid>AD641DBB-FB34-4A6D-8E00-1CD1728F56DE</ToolStringGuid><ToolStringName>Run1</ToolStringName><SourceAction>Validate</SourceAction><IsAutomatic>FALSE</IsAutomatic><Error><EquipmentGuid>E070C32C-835A-4E37-AB8E-AA8EC4C7F4C9</EquipmentGuid><EquipmentName>ADN4</EquipmentName><EquipmentType>Segment</EquipmentType><ErrorInfo><![CDATA[The downhole software version must be selected.
The chassis file code must be selected.
The collar file code must be selected.
]]></ErrorInfo><ValidationType>EQUIP_CONFIG_VALIDATION_PREVENTION</ValidationType></Error></ToolStringValidation>
43193.6828992824,Setup,Run Manager (Internal),Associate toolstring to run,Update,GridCell,Run1,UIInteraction,RunGuid=76761EC0-D64C-435F-865E-6121CF569F9E;ToolstringGuid=AD641DBB-FB34-4A6D-8E00-1CD1728F56DE;DownholeEquipments=ARC5SHORT475SONICSCOPE4ADN4Generic PDC BitStab: 3 1/8"Flt Sub: 4 3/4";TSLevelActiveSurfaceEquips=DRILLING_SURFACE
43193.6830326736,Setup,Equipment,Close Toolstring Validation UI,Click,Button,Close,UIInteraction,ToolstringGuid=AD641DBB-FB34-4A6D-8E00-1CD1728F56DE
43193.6830348727,Setup,UI Framework,Switch Tab,Click,Tab,DnI Initializations Run - 1,UIInteraction,
43193.6834831134,Setup,UI Framework,Switch Tab,Click,Tab,Equipment,UIInteraction,
43193.6836423148,Setup,UI Framework,Switch Tab,Click,Tab,Well Properties,UIInteraction,
43193.6836465856,Setup,Well Setup (Internal),Select Header Type,Click,ComboBox,ESF Land,UIInteraction,
43193.6836618866,Setup,Well Setup (Internal),Change Property Value,Update,GridCell,Mexico,UIInteraction,OSDD=COUN
43193.6836865625,Setup,Well Setup (Internal),Select Header Type,Click,ComboBox,ESF Land,UIInteraction,
43193.6837043519,Setup,Well Setup (Internal),Change Property Value,Update,GridCell,X=18.161805,UIInteraction,OSDD=FL1
43193.6837292361,Setup,Well Setup (Internal),Select Header Type,Click,ComboBox,ESF Land,UIInteraction,
43193.683746956,Setup,Well Setup (Internal),Change Property Value,Update,GridCell,Y=-93.318661,UIInteraction,OSDD=FL2
43193.6837717593,Setup,Well Setup (Internal),Select Header Type,Click,ComboBox,ESF Land,UIInteraction,
43193.683789456,Setup,Well Setup (Internal),Change Property Value,Update,GridCell,Madrefil,UIInteraction,OSDD=FN
43193.6838140162,Setup,Well Setup (Internal),Select Header Type,Click,ComboBox,ESF Land,UIInteraction,
43193.6838305787,Setup,Well Setup (Internal),Change Property Value,Update,GridCell,Ground,UIInteraction,OSDD=LUL
43193.6838556366,Setup,Well Setup (Internal),Select Header Type,Click,ComboBox,ESF Land,UIInteraction,
43193.6838734144,Setup,Well Setup (Internal),Change Property Value,Update,GridCell,FX004,UIInteraction,OSDD=LUN
43193.6838977546,Setup,Well Setup (Internal),Select Header Type,Click,ComboBox,ESF Land,UIInteraction,
43193.6839158449,Setup,Well Setup (Internal),Change Property Value,Update,GridCell,Mexico,UIInteraction,OSDD=NATI
43193.6839408218,Setup,Well Setup (Internal),Select Header Type,Click,ComboBox,ESF Land,UIInteraction,
43193.683956956,Setup,Well Setup (Internal),Change Property Value,Update,GridCell,AD2,UIInteraction,OSDD=RIGN
43193.6839817014,Setup,Well Setup (Internal),Select Header Type,Click,ComboBox,ESF Land,UIInteraction,
43193.6840004398,Setup,Well Setup (Internal),Change Property Value,Update,GridCell,Land Rig,UIInteraction,OSDD=RIGTYP
43193.6840301736,Setup,Well Setup (Internal),Select Header Type,Click,ComboBox,ESF Land,UIInteraction,
43193.6840505671,Setup,Well Setup (Internal),Change Property Value,Update,GridCell,10MSA0091,UIInteraction,OSDD=SON
43193.6840754282,Setup,Well Setup (Internal),Select Header Type,Click,ComboBox,ESF Land,UIInteraction,
43193.6840973148,Setup,Well Setup (Internal),Change Property Value,Update,GridCell,01-Sep-2010,UIInteraction,OSDD=SPUD_DATE
43193.6841218403,Setup,Well Setup (Internal),Select Header Type,Click,ComboBox,ESF Land,UIInteraction,
43193.6841429167,Setup,Well Setup (Internal),Change Property Value,Update,GridCell,Mexico,UIInteraction,OSDD=STAT
43193.6841640972,Setup,UI Framework,Switch Tab,Click,Tab,Wellbore,UIInteraction,
43193.6841689815,Setup,Well Setup (Internal),Select Run Number,Click,ComboBox,1,UIInteraction,RunGuid=76761EC0-D64C-435F-865E-6121CF569F9E
43193.6841783912,Setup,Well Setup (Internal),Enter Size for Bit Size,Update,GridCell,26,UIInteraction,Row=1;Column=Size (in);RunGuid=76761EC0-D64C-435F-865E-6121CF569F9E
43193.6841978819,Setup,Well Setup (Internal),Enter Driller Bottom for Bit Size,Update,GridCell,1000,UIInteraction,Row=1;Column=Driller Bottom (m);RunGuid=76761EC0-D64C-435F-865E-6121CF569F9E
43193.6842189583,Setup,Well Setup (Internal),Select Run Number,Click,ComboBox,1,UIInteraction,RunGuid=76761EC0-D64C-435F-865E-6121CF569F9E
43193.6842246181,Setup,Well Setup (Internal),Add Row for Bit Size,Click,ToolbarButton,Add Row,UIInteraction,Row=2;RunGuid=76761EC0-D64C-435F-865E-6121CF569F9E
43193.6842316551,Setup,Well Setup (Internal),Enter Size for Bit Size,Update,GridCell,17.5,UIInteraction,Row=2;Column=Size (in);RunGuid=76761EC0-D64C-435F-865E-6121CF569F9E
43193.6842505324,Setup,Well Setup (Internal),Enter Driller Bottom for Bit Size,Update,GridCell,3372,UIInteraction,Row=2;Column=Driller Bottom (m);RunGuid=76761EC0-D64C-435F-865E-6121CF569F9E
43193.6842701852,Setup,Well Setup (Internal),Select Run Number,Click,ComboBox,1,UIInteraction,RunGuid=76761EC0-D64C-435F-865E-6121CF569F9E
43193.6842756713,Setup,Well Setup (Internal),Add Row for Bit Size,Click,ToolbarButton,Add Row,UIInteraction,Row=3;RunGuid=76761EC0-D64C-435F-865E-6121CF569F9E
43193.6842823495,Setup,Well Setup (Internal),Enter Size for Bit Size,Update,GridCell,14.5,UIInteraction,Row=3;Column=Size (in);RunGuid=76761EC0-D64C-435F-865E-6121CF569F9E
43193.6843011227,Setup,Well Setup (Internal),Enter Driller Bottom for Bit Size,Update,GridCell,3847,UIInteraction,Row=3;Column=Driller Bottom (m);RunGuid=76761EC0-D64C-435F-865E-6121CF569F9E
43193.6843204977,Setup,Well Setup (Internal),Select Run Number,Click,ComboBox,1,UIInteraction,RunGuid=76761EC0-D64C-435F-865E-6121CF569F9E
43193.6843259606,Setup,Well Setup (Internal),Add Row for Bit Size,Click,ToolbarButton,Add Row,UIInteraction,Row=4;RunGuid=76761EC0-D64C-435F-865E-6121CF569F9E
43193.684333044,Setup,Well Setup (Internal),Enter Size for Bit Size,Update,GridCell,12.25,UIInteraction,Row=4;Column=Size (in);RunGuid=76761EC0-D64C-435F-865E-6121CF569F9E
43193.6843514468,Setup,Well Setup (Internal),Enter Driller Bottom for Bit Size,Update,GridCell,5328,UIInteraction,Row=4;Column=Driller Bottom (m);RunGuid=76761EC0-D64C-435F-865E-6121CF569F9E
43193.6843701273,Setup,Well Setup (Internal),Select Run Number,Click,ComboBox,1,UIInteraction,RunGuid=76761EC0-D64C-435F-865E-6121CF569F9E
43193.6843760648,Setup,Well Setup (Internal),Add Row for Bit Size,Click,ToolbarButton,Add Row,UIInteraction,Row=5;RunGuid=76761EC0-D64C-435F-865E-6121CF569F9E
43193.6843827662,Setup,Well Setup (Internal),Enter Size for Bit Size,Update,GridCell,8.5,UIInteraction,Row=5;Column=Size (in);RunGuid=76761EC0-D64C-435F-865E-6121CF569F9E
43193.6844009491,Setup,Well Setup (Internal),Enter Driller Bottom for Bit Size,Update,GridCell,6465,UIInteraction,Row=5;Column=Driller Bottom (m);RunGuid=76761EC0-D64C-435F-865E-6121CF569F9E
43193.6844207986,Setup,Well Setup (Internal),Select Run Number,Click,ComboBox,1,UIInteraction,RunGuid=76761EC0-D64C-435F-865E-6121CF569F9E
43193.6844303125,Setup,Well Setup (Internal),Enter Size for Casings,Update,GridCell,20,UIInteraction,Row=1;Column=Size (in);RunGuid=76761EC0-D64C-435F-865E-6121CF569F9E
43193.6844478588,Setup,Well Setup (Internal),Enter Driller Top for Casings,Update,GridCell,0,UIInteraction,Row=1;Column=Driller Top (m);RunGuid=76761EC0-D64C-435F-865E-6121CF569F9E
43193.6844669213,Setup,Well Setup (Internal),Enter Driller Bottom for Casings,Update,GridCell,1000,UIInteraction,Row=1;Column=Driller Bottom (m);RunGuid=76761EC0-D64C-435F-865E-6121CF569F9E
43193.684485625,Setup,Well Setup (Internal),Enter Weight for Casings,Update,GridCell,129.3,UIInteraction,Row=1;Column=Weight (kg/m);RunGuid=76761EC0-D64C-435F-865E-6121CF569F9E
43193.6845718519,Setup,Well Setup (Internal),Enter Grade for Casings,Update,GridCell,X52,UIInteraction,Row=1;Column=Grade;RunGuid=76761EC0-D64C-435F-865E-6121CF569F9E
43193.684590162,Setup,Well Setup (Internal),Select Run Number,Click,ComboBox,1,UIInteraction,RunGuid=76761EC0-D64C-435F-865E-6121CF569F9E
43193.6845957755,Setup,Well Setup (Internal),Add Row for Casings,Click,ToolbarButton,Add Row,UIInteraction,Row=2;RunGuid=76761EC0-D64C-435F-865E-6121CF569F9E
43193.6846038079,Setup,Well Setup (Internal),Enter Size for Casings,Update,GridCell,13.375,UIInteraction,Row=2;Column=Size (in);RunGuid=76761EC0-D64C-435F-865E-6121CF569F9E
43193.6846214468,Setup,Well Setup (Internal),Enter Driller Top for Casings,Update,GridCell,0,UIInteraction,Row=2;Column=Driller Top (m);RunGuid=76761EC0-D64C-435F-865E-6121CF569F9E
43193.6846403472,Setup,Well Setup (Internal),Enter Driller Bottom for Casings,Update,GridCell,3372,UIInteraction,Row=2;Column=Driller Bottom (m);RunGuid=76761EC0-D64C-435F-865E-6121CF569F9E
43193.6846595486,Setup,Well Setup (Internal),Enter Weight for Casings,Update,GridCell,72.92,UIInteraction,Row=2;Column=Weight (kg/m);RunGuid=76761EC0-D64C-435F-865E-6121CF569F9E
43193.684743044,Setup,Well Setup (Internal),Enter Grade for Casings,Update,GridCell,P110,UIInteraction,Row=2;Column=Grade;RunGuid=76761EC0-D64C-435F-865E-6121CF569F9E
43193.6847612616,Setup,Well Setup (Internal),Select Run Number,Click,ComboBox,1,UIInteraction,RunGuid=76761EC0-D64C-435F-865E-6121CF569F9E
43193.684767338,Setup,Well Setup (Internal),Add Row for Casings,Click,ToolbarButton,Add Row,UIInteraction,Row=3;RunGuid=76761EC0-D64C-435F-865E-6121CF569F9E
43193.6847746991,Setup,Well Setup (Internal),Enter Size for Casings,Update,GridCell,11.75,UIInteraction,Row=3;Column=Size (in);RunGuid=76761EC0-D64C-435F-865E-6121CF569F9E
43193.6847932639,Setup,Well Setup (Internal),Enter Driller Top for Casings,Update,GridCell,3138,UIInteraction,Row=3;Column=Driller Top (m);RunGuid=76761EC0-D64C-435F-865E-6121CF569F9E
43193.6848117477,Setup,Well Setup (Internal),Enter Driller Bottom for Casings,Update,GridCell,3847,UIInteraction,Row=3;Column=Driller Bottom (m);RunGuid=76761EC0-D64C-435F-865E-6121CF569F9E
43193.6848306366,Setup,Well Setup (Internal),Enter Weight for Casings,Update,GridCell,65.48,UIInteraction,Row=3;Column=Weight (kg/m);RunGuid=76761EC0-D64C-435F-865E-6121CF569F9E
43193.6848552894,Setup,Well Setup (Internal),Enter Liner Hanger for Casings,Update,GridCell,Yes,UIInteraction,Row=3;Column=Liner Hanger;RunGuid=76761EC0-D64C-435F-865E-6121CF569F9E
43193.6848732523,Setup,Well Setup (Internal),Select Run Number,Click,ComboBox,1,UIInteraction,RunGuid=76761EC0-D64C-435F-865E-6121CF569F9E
43193.6848788773,Setup,Well Setup (Internal),Add Row for Casings,Click,ToolbarButton,Add Row,UIInteraction,Row=4;RunGuid=76761EC0-D64C-435F-865E-6121CF569F9E
43193.6848863773,Setup,Well Setup (Internal),Enter Size for Casings,Update,GridCell,9.625,UIInteraction,Row=4;Column=Size (in);RunGuid=76761EC0-D64C-435F-865E-6121CF569F9E
43193.684903912,Setup,Well Setup (Internal),Enter Driller Top for Casings,Update,GridCell,0,UIInteraction,Row=4;Column=Driller Top (m);RunGuid=76761EC0-D64C-435F-865E-6121CF569F9E
43193.6849223727,Setup,Well Setup (Internal),Enter Driller Bottom for Casings,Update,GridCell,5328,UIInteraction,Row=4;Column=Driller Bottom (m);RunGuid=76761EC0-D64C-435F-865E-6121CF569F9E
43193.6849401852,Setup,Well Setup (Internal),Enter Weight for Casings,Update,GridCell,62.5,UIInteraction,Row=4;Column=Weight (kg/m);RunGuid=76761EC0-D64C-435F-865E-6121CF569F9E
43193.684958912,Setup,Well Setup (Internal),Select Run Number,Click,ComboBox,1,UIInteraction,RunGuid=76761EC0-D64C-435F-865E-6121CF569F9E
43193.6849645718,Setup,Well Setup (Internal),Add Row for Casings,Click,ToolbarButton,Add Row,UIInteraction,Row=5;RunGuid=76761EC0-D64C-435F-865E-6121CF569F9E
43193.6849706944,Setup,Well Setup (Internal),Enter Size for Casings,Update,GridCell,7,UIInteraction,Row=5;Column=Size (in);RunGuid=76761EC0-D64C-435F-865E-6121CF569F9E
43193.684989456,Setup,Well Setup (Internal),Enter Driller Top for Casings,Update,GridCell,4196,UIInteraction,Row=5;Column=Driller Top (m);RunGuid=76761EC0-D64C-435F-865E-6121CF569F9E
43193.6850080093,Setup,Well Setup (Internal),Enter Driller Bottom for Casings,Update,GridCell,6465,UIInteraction,Row=5;Column=Driller Bottom (m);RunGuid=76761EC0-D64C-435F-865E-6121CF569F9E
43193.6850272106,Setup,Well Setup (Internal),Enter Weight for Casings,Update,GridCell,35.72,UIInteraction,Row=5;Column=Weight (kg/m);RunGuid=76761EC0-D64C-435F-865E-6121CF569F9E
43193.685053044,Setup,Well Setup (Internal),Enter Liner Hanger for Casings,Update,GridCell,Yes,UIInteraction,Row=5;Column=Liner Hanger;RunGuid=76761EC0-D64C-435F-865E-6121CF569F9E
43193.6850676157,Setup,UI Framework,Switch Tab,Click,Tab,Equipment,UIInteraction,
43193.6851317477,Setup,UI Framework,Switch Tab,Click,Tab,Parameters,UIInteraction,
43193.6851813079,Setup,Properties & Parameters,Change Parameter Value,Update,GridCell,Oil,UIInteraction,OSDD=DFT_CATEGORY;EnsemblePath=Borehole
43193.6853619676,Setup,Properties & Parameters,Change Parameter Value,Update,GridCell,Synthetic Oil,UIInteraction,OSDD=DFT_OIL;EnsemblePath=Borehole
43193.685584456,Setup,Properties & Parameters,Change Parameter Value,Update,GridCell,0.8,UIInteraction,OSDD=BHK;EnsemblePath=Borehole
43193.6857282292,Setup,Properties & Parameters,Change Parameter Value,Update,GridCell,37957,UIInteraction,OSDD=BSAL;EnsemblePath=Borehole
43193.6858699768,Setup,Properties & Parameters,Change Parameter Value,Update,GridCell,1.65,UIInteraction,OSDD=DFD;EnsemblePath=Borehole
43193.6859044097,,Console/Job Manager,Start Deliverables Console,Click,Button,Start...,UIInteraction,JobGuid=45A55992-993C-47DF-9E99-167184D593D7
43193.6859891898,DeliverablesSetup,Tier Manager,Tier Template Created for Tools in My Equipment,,,ARC5 Tier Created,Deliverables Console,
43193.6859896065,DeliverablesSetup,Tier Manager,Tier Template Created for Tools in My Equipment,,,SHORT475 Tier Created,Deliverables Console,
43193.6859897106,DeliverablesSetup,Tier Manager,Tier Template Created for Tools in My Equipment,,,ADN4 Tier Created,Deliverables Console,
43193.6859898032,DeliverablesSetup,Tier Manager,Tier Template Created for Tools in My Equipment,,,SONICSCOPE4 Tier Created,Deliverables Console,
43193.6860673611,DeliverablesSetup,UI Framework,Start Console,,,Deliverables Console Setup - Job 10MSA0091,UIAutomatic,
43193.6860999769,DeliverablesSetup,UI Framework,Switch View,Click,ToolbarButton,Deliverables Display View,UIInteraction,
43193.6861751157,DeliverablesSetup,Deliverables - Digital,Create Job Archive,Click,ContextMenu,Create,UIInteraction,ArchiveGuid=45A55992-993C-47DF-9E99-167184D593D7;JobArchiveType=3.0
43193.6865453935,DeliverablesSetup,UI Framework,Close Console,Click,Button,,UIInteraction,JobGuid=45A55992-993C-47DF-9E99-167184D593D7
43193.6865880093,DeliverablesSetup,UI Framework,OK to Close Deliverables - Display Console,Click,Button,OK,UIInteraction,
43193.686668588,,Console/Job Manager,Stop Setup Console,Click,Button,Stop,UIInteraction,JobGuid=45A55992-993C-47DF-9E99-167184D593D7
43193.6867495486,,Console/Job Manager,Stop Job,Click,Button,Stop,UIInteraction,JobGuid=45A55992-993C-47DF-9E99-167184D593D7
