43194.1335962847,,UI Framework,Start Console,,,Maxwell Manager,UIAutomatic,MachineName=HPV01-011;UserName=Engineer;UserDomainName=HPV01-011;OS=Microsoft Windows NT 6.1.7601 Service Pack 1;TimeZone=00:00:00;IPAddress_1=192.168.78.169;IPAddress_2=::1;MWVersion=9.0.100745.3100
43194.1337146412,,Console/Job Manager,Import Job Archive,Click,ContextMenu,Create Import,UIInteraction,
43194.1337221875,,Import/Export & Backup/Restore,Select file to import,Click,Button,...,UIInteraction,
43194.1337560185,,Import/Export & Backup/Restore,OK to select file,,,,UIAutomatic,FilePath=\\srv004bgc.dir.slb.com\MaxwellAT\TestData\TestData\Phase3\Display\Archive\JA_Wrap_bold.Dlis
43194.1338316782,,Import/Export & Backup/Restore,Start Import,Click,Button,Import,UIInteraction,FilePath=\\srv004bgc.dir.slb.com\MaxwellAT\TestData\TestData\Phase3\Display\Archive\JA_Wrap_bold.Dlis
43194.1352203241,,Import/Export & Backup/Restore,Close Import UI,Click,Button,Close,UIInteraction,
43194.1353590741,,Console/Job Manager,Select Auto Backup Folder,Click,ComboBox,C:\Autobackup,UIInteraction,
43194.1960000579,,UI Framework,Close Console,Click,Button,,UIInteraction,
