Time,Process,Component,Operation,Action,Control,ControlText,Category,Context
43194.0166635764,,UI Framework,Initialize Maxwell Manager Process Name,,,Initialize Maxwell Manager Process Name,,
43194.0167071759,,UI Framework,Start Console,,,Maxwell Manager,UIAutomatic,MachineName=HPV01-012;UserName=Engineer;UserDomainName=HPV01-012;OS=Microsoft Windows NT 6.1.7601 Service Pack 1;TimeZone=00:00:00;IPAddress_1=192.168.78.120;IPAddress_2=::1;MWVersion=9.0.100745.3100
43194.0167640625,,Console/Job Manager,New Job,Click,Button,New,UIInteraction,
43194.0167837384,,Console/Job Manager,Input Job Name,Input,TextBox,Acq_PEX_Calibra,UIInteraction,
