Time,Process,Component,Operation,Action,Control,ControlText,Category,Context
43194.1254277083,,Console/Job Manager,Start Job,Click,Button,Start,UIInteraction,JobName=Acq_EDTA_WF;WellName=BGC;ClientName=BGCAT;StartDate=4/4/2018 2:59 AM;Workflow=Wireline;Simulator=True;UnitSystem=Metric;RTBackupDir=C:\AcqEDTA;JobSize=0;State=Available;SideTrackId=0;SessionID=7EE2F9F0-48EF-423A-82CC-960A8D30AF79;SortOrder=1;JobGUID=DF65A20D-290A-4393-B9E5-0A7889A2E5FE;WellGUID=68D2399A-1FB5-4FF1-BA0E-07C5C21C33BB;BoreholeGUID=8C22A217-22BE-490D-9FBC-5A8ED5010864;MachineName=HPV26-005;UserName=Engineer;UserDomainName=HPV26-005;OS=Microsoft Windows NT 6.1.7601 Service Pack 1;StartedJobCount=0;TimeZone=00:00:00;IPAddress_1=192.168.178.19;IPAddress_2=::1;MWVersion=9.0.100745.3100
43194.1257679977,,Console/Job Manager,Start Deliverables Console,Click,Button,Start...,UIInteraction,JobGuid=DF65A20D-290A-4393-B9E5-0A7889A2E5FE
43194.1259374653,DeliverablesSetup,UI Framework,Start Console,,,Deliverables Console Setup - Job Acq_EDTA_WF,UIAutomatic,
43194.1259508102,,Console/Job Manager,Start Setup Console,Click,Button,Start...,UIInteraction,JobGuid=DF65A20D-290A-4393-B9E5-0A7889A2E5FE
43194.1261365509,Setup,Calibration,Select Calibration Report Type,Click,ComboBox,Technical Concise,UIInteraction,
43194.1261417361,Setup,UI Framework,Start Console,,,Setup - Job Acq_EDTA_WF,UIAutomatic,
43194.1261821528,Setup,Equipment,New ToolString,Click,ToolbarButton,New ToolString,UIInteraction,ToolstringName=New ToolString;ToolstringGuid=8EF89756-3A4B-485C-8651-4276746B2A52
43194.1262186111,Setup,Equipment,Rename ToolString,Input,TextBox,EDTA-A1,UIInteraction,ToolstringGuid=8EF89756-3A4B-485C-8651-4276746B2A52
43194.1262295255,Setup,Equipment,Filter Equipment in Catalog,Input,TextBox,,UIInteraction,Text=MRPS-D
43194.1262300116,Setup,Equipment,Filter Equipment in Catalog,Input,TextBox,,UIInteraction,Text=MRPS-D
43194.1262345602,Setup,Equipment,Add Equipment from Catalog to ToolString,Click,ToolbarButton,Add to ToolString,UIInteraction,EquipmentName=MRPS-D
43194.1262639931,Setup,Equipment,Filter Equipment in Catalog,Input,TextBox,,UIInteraction,Text=MRHY-B
43194.1262640857,Setup,Equipment,Filter Equipment in Catalog,Input,TextBox,,UIInteraction,Text=MRHY-B
43194.126264537,DeliverablesSetup,Tier Manager,Tier Template Created for Tools in My Equipment,,,MRPS-D Tier Created,Deliverables Console,
43194.1262684722,Setup,Equipment,Add Equipment from Catalog to ToolString,Click,ToolbarButton,Add to ToolString,UIInteraction,EquipmentName=MRHY-B
43194.1262722569,DeliverablesSetup,Tier Manager,Tier Template Created for Tools in My Equipment,,,MRHY-B Tier Created,Deliverables Console,
43194.1262731597,Setup,Equipment,Filter Equipment in Catalog,Input,TextBox,,UIInteraction,Text=MRPC-C
43194.1262777083,Setup,Equipment,Add Equipment from Catalog to ToolString,Click,ToolbarButton,Add to ToolString,UIInteraction,EquipmentName=MRPC-C
43194.1262730093,Setup,Equipment,Filter Equipment in Catalog,Input,TextBox,,UIInteraction,Text=MRPC-C
43194.1262835069,DeliverablesSetup,Tier Manager,Tier Template Created for Tools in My Equipment,,,MRPC-C Tier Created,Deliverables Console,
43194.1262843287,Setup,Equipment,Filter Equipment in Catalog,Input,TextBox,,UIInteraction,Text=EDTA-A
43194.1262844329,Setup,Equipment,Filter Equipment in Catalog,Input,TextBox,,UIInteraction,Text=EDTA-A
43194.1262888773,Setup,Equipment,Add Equipment from Catalog to ToolString,Click,ToolbarButton,Add to ToolString,UIInteraction,EquipmentName=EDTA-A
43194.1262945833,DeliverablesSetup,Tier Manager,Tier Template Created for Tools in My Equipment,,,EDTA-A Tier Created,Deliverables Console,
43194.1262951968,Setup,Equipment,Filter Equipment in Catalog,Input,TextBox,,UIInteraction,Text=EDTC-B
43194.1262952894,Setup,Equipment,Filter Equipment in Catalog,Input,TextBox,,UIInteraction,Text=EDTC-B
43194.1262995255,Setup,Equipment,Add Equipment from Catalog to ToolString,Click,ToolbarButton,Add to ToolString,UIInteraction,EquipmentName=EDTC-B
43194.1263062269,DeliverablesSetup,Tier Manager,Tier Template Created for Tools in My Equipment,,,EDTC-B Tier Created,Deliverables Console,
43194.1263066551,Setup,Equipment,Filter Equipment in Catalog,Input,TextBox,,UIInteraction,Text=LEH-QT
43194.1263067593,Setup,Equipment,Filter Equipment in Catalog,Input,TextBox,,UIInteraction,Text=LEH-QT
43194.1263113542,Setup,Equipment,Add Equipment from Catalog to ToolString,Click,ToolbarButton,Add to ToolString,UIInteraction,EquipmentName=LEH-QT
43194.1263180208,DeliverablesSetup,Tier Manager,Tier Template Created for Tools in My Equipment,,,LEH-QT Tier Created,Deliverables Console,
43194.1263954861,Setup,UI Framework,Switch Tab,Click,Tab,Parameters,UIInteraction,
43194.1263992014,Setup,Properties & Parameters,Show Infrequent Properties/Parameters,Click,ToolbarButton,Show Infrequent Parameters,UIInteraction,
43194.1264635532,Setup,Properties & Parameters,Change Parameter Value,Update,GridCell,150KHZ,UIInteraction,OSDD=TBR;EnsemblePath=EDTA-A:EDTA-A:EDTA-AA
43194.1265799074,Setup,Equipment,Activate ToolString for Shop Calibration,Click,ContextMenu,Activate for Checks and Calibration,UIInteraction,TooStringGuid=8EF89756-3A4B-485C-8651-4276746B2A52
43194.1267595255,Simulation,UI Framework,Start Console,,,Simulation Console - Job Acq_EDTA_WF,UIAutomatic,
43194.1267957407,ShopCalibration,Calibration,Select Calibration Report Type,Click,ComboBox,Technical Concise,UIInteraction,
43194.1268832639,ShopCalibration,Calibration,Select Calibration in Calibration Report,Click,ComboBox,HTEN Before Calibration,UIInteraction,
43194.1268832755,ShopCalibration,Calibration,Select Tool in Calibration Report,Click,ComboBox,LEH-QT,UIInteraction,ToolName=LEH-QT
43194.1268838194,ShopCalibration,UI Framework,Start Console,,,Shop Calibration Console - Job Acq_EDTA_WF,UIAutomatic,
43194.1268902894,ShopCalibration,UI Framework,Switch Tab,Click,Tab,MD,UIInteraction,
43194.1302271296,ShopCalibration,Data Acquiring - WL,Connect Hardware,Click,ToolbarButton,Connect to Hardware,UIInteraction,
43194.1305027315,ShopCalibration,Properties & Parameters,Show Infrequent Properties/Parameters,Click,ToolbarButton,Show Infrequent Parameters,UIInteraction,
43194.1305750463,ShopCalibration,Properties & Parameters,Change Parameter Value,Update,GridCell,300KHZ,UIInteraction,OSDD=TBR;EnsemblePath=EDTA-A:EDTA-A:EDTA-AA
43194.1306121181,ShopCalibration,Data Acquiring - WL,Disconnect Hardware,Click,ToolbarButton,Disconnect From Hardware,UIInteraction,
43194.1341796065,ShopCalibration,Data Acquiring - WL,Connect Hardware,Click,ToolbarButton,Connect to Hardware,UIInteraction,
43194.1344654051,ShopCalibration,Properties & Parameters,Change Parameter Value,Update,GridCell,400KHZ,UIInteraction,OSDD=TBR;EnsemblePath=EDTA-A:EDTA-A:EDTA-AA
43194.1344895602,ShopCalibration,Data Acquiring - WL,Start Dataflow,Click,ToolbarButton,Start Data Flow,UIInteraction,
43194.1346498843,ShopCalibration,Data Acquiring - WL,Enable Tool Power,Click,ToolbarButton,Enable Tool Power,UIInteraction,
43194.1346571875,ShopCalibration,Before Logging Surface,Read Memory Data,,,,UIAutomatic,TaskName=EDTC-B: Read Memory Data
43194.1346576389,ShopCalibration,UI Framework,Switch Tab,Click,Tab,Calibrations,UIInteraction,
43194.1346720833,ShopCalibration,Calibration,Choose Available Calibration,Click,ComboBox,03:13:55.212 04-Apr-2018,UIInteraction,
43194.1346731134,ShopCalibration,Calibration,Choose Available Calibration,Click,ComboBox,03:13:55.212 04-Apr-2018,UIInteraction,
43194.1354613194,ShopCalibration,Data Acquiring - WL,Unlock 3 Buttons,Click,ToolbarButton,Unlock,UIInteraction,
43194.1354660417,ShopCalibration,Data Acquiring - WL,Disable Tool Power,Click,ToolbarButton,Disable Tool Power,UIInteraction,
43194.1357437731,ShopCalibration,Data Acquiring - WL,Stop Dataflow,Click,ToolbarButton,Stop Data Flow,UIInteraction,
43194.135924294,ShopCalibration,Data Acquiring - WL,Disconnect Hardware,Click,ToolbarButton,Disconnect From Hardware,UIInteraction,
43194.136043287,ShopCalibration,UI Framework,Close Console,Click,Button,,UIInteraction,JobGuid=DF65A20D-290A-4393-B9E5-0A7889A2E5FE
43194.1365881019,Setup,Properties & Parameters,Change Parameter Value,Update,GridCell,100KHZ,UIInteraction,OSDD=TBR;EnsemblePath=EDTA-A:EDTA-A:EDTA-AA
43194.1367049537,Setup,Equipment,Activate ToolString for Shop Calibration,Click,ContextMenu,Activate for Checks and Calibration,UIInteraction,TooStringGuid=8EF89756-3A4B-485C-8651-4276746B2A52
43194.1368692014,Simulation,UI Framework,Start Console,,,Simulation Console - Job Acq_EDTA_WF,UIAutomatic,
43194.1368706713,ShopCalibration,Calibration,Select Calibration Report Type,Click,ComboBox,Technical Concise,UIInteraction,
43194.1369148495,ShopCalibration,Calibration,Select Calibration in Calibration Report,Click,ComboBox,HTEN Before Calibration,UIInteraction,
43194.1369148727,ShopCalibration,Calibration,Select Tool in Calibration Report,Click,ComboBox,LEH-QT,UIInteraction,ToolName=LEH-QT
43194.136915706,ShopCalibration,UI Framework,Start Console,,,Shop Calibration Console - Job Acq_EDTA_WF,UIAutomatic,
43194.1369206134,ShopCalibration,UI Framework,Switch Tab,Click,Tab,MD,UIInteraction,
43194.1403509259,ShopCalibration,Data Acquiring - WL,Connect Hardware,Click,ToolbarButton,Connect to Hardware,UIInteraction,
43194.1405855903,ShopCalibration,Properties & Parameters,Show Infrequent Properties/Parameters,Click,ToolbarButton,Show Infrequent Parameters,UIInteraction,
43194.1406692245,ShopCalibration,Properties & Parameters,Change Parameter Value,Update,GridCell,150KHZ,UIInteraction,OSDD=TBR;EnsemblePath=EDTA-A:EDTA-A:EDTA-AA
43194.1407122222,ShopCalibration,Data Acquiring - WL,Disconnect Hardware,Click,ToolbarButton,Disconnect From Hardware,UIInteraction,
43194.1407895255,ShopCalibration,UI Framework,Close Console,Click,Button,,UIInteraction,JobGuid=DF65A20D-290A-4393-B9E5-0A7889A2E5FE
43194.141196875,Setup,Run Manager (Internal),Associate toolstring to run,Update,GridCell,EDTA-A1,UIInteraction,RunGuid=E3497223-FBAF-4F1A-AD9C-6C51E76F6A5B;ToolstringGuid=8EF89756-3A4B-485C-8651-4276746B2A52;DownholeEquipments=MRPS-DMRHY-BMRPC-CEDTA-AEDTC-BLEH-QT;TSLevelActiveSurfaceEquips=DEPTH_DEVICETENSION_DEVICELOGGING_CABLEWAFEMRPPMRTMWITM
43194.1413542245,Setup,Equipment,Close Toolstring Validation UI,Click,Button,Close,UIInteraction,ToolstringGuid=8EF89756-3A4B-485C-8651-4276746B2A52
43194.1414743519,Setup,Properties & Parameters,Change Parameter Value,Update,GridCell,200KHZ,UIInteraction,OSDD=TBR;EnsemblePath=EDTA-A:EDTA-A:EDTA-AA
43194.1415925116,Setup,Run Manager (Internal),Start Run,Click,Button,Start,UIInteraction,RunGuid=E3497223-FBAF-4F1A-AD9C-6C51E76F6A5B;ToolstringGuid=8EF89756-3A4B-485C-8651-4276746B2A52;DownholeEquipments=MRPS-D:MRHY-B:MRPC-C:EDTA-A:EDTC-B:LEH-QT;TSLevelActiveSurfaceEquips=DEPTH_DEVICE:TENSION_DEVICE:LOGGING_CABLE:WAFE
43194.1415927083,Setup,Run Manager (Internal),Change Tool Zero Selection,Click,CheckBox,MRPS-D,UIInteraction,CheckState=True
43194.1416387732,Setup,Run Manager (Internal),Confirm Tool Zero Selection,Click,Button,Confirm and Continue,UIInteraction,
43194.1417150579,Setup,Equipment,Activate Run,Click,Button,Activate,UIInteraction,ToolstringGuid=8EF89756-3A4B-485C-8651-4276746B2A52;DownholeEquipments=MRPS-D:MRHY-B:MRPC-C:EDTA-A:EDTC-B:LEH-QT;TSLevelActiveSurfaceEquips=DEPTH_DEVICE:TENSION_DEVICE:LOGGING_CABLE:WAFE
43194.1418002199,Simulation,UI Framework,Start Console,,,Simulation Console - Job Acq_EDTA_WF,UIAutomatic,
43194.141821088,WLAcquisition,Calibration,Select Calibration Report Type,Click,ComboBox,Technical Concise,UIInteraction,
43194.1418487847,WLAcquisition,UI Framework,Start Console,,,Acquisition Console - Job Acq_EDTA_WF - Run 1,UIAutomatic,
43194.1418559954,WLAcquisition,Calibration,Select Calibration in Calibration Report,Click,ComboBox,HTEN Before Calibration,UIInteraction,
43194.1418560185,WLAcquisition,Calibration,Select Tool in Calibration Report,Click,ComboBox,LEH-QT,UIInteraction,ToolName=LEH-QT
43194.1423416088,WLAcquisition,Properties & Parameters,Show Infrequent Properties/Parameters,Click,ToolbarButton,Show Infrequent Parameters,UIInteraction,
43194.1424194792,WLAcquisition,Properties & Parameters,Change Parameter Value,Update,GridCell,100KHZ,UIInteraction,OSDD=TBR;EnsemblePath=EDTA-A:EDTA-A:EDTA-AA
43194.1424821875,WLAcquisition,Data Acquiring - WL,Connect Hardware,Click,ToolbarButton,Connect to Hardware,UIInteraction,
43194.1427488426,WLAcquisition,Properties & Parameters,Change Parameter Value,Update,GridCell,150KHZ,UIInteraction,OSDD=TBR;EnsemblePath=EDTA-A:EDTA-A:EDTA-AA
43194.1428257523,WLAcquisition,Data Acquiring - WL,Start Dataflow,Click,ToolbarButton,Start Data Flow,UIInteraction,
43194.1430828935,WLAcquisition,Data Acquiring - WL,Enable Tool Power,Click,ToolbarButton,Enable Tool Power,UIInteraction,
43194.1430899421,WLAcquisition,EDTC-B,Read Memory Data,,,,UIAutomatic,TaskName=EDTC-B: Read Memory Data
43194.1430902199,WLAcquisition,UI Framework,Switch Tab,Click,Tab,Calibrations,UIInteraction,
43194.1431020833,WLAcquisition,Calibration,Choose Available Calibration,Click,ComboBox,03:13:55.213 04-Apr-2018,UIInteraction,
43194.1431047454,WLAcquisition,Calibration,Choose Available Calibration,Click,ComboBox,03:26:03.752 04-Apr-2018,UIInteraction,
43194.1448343634,WLAcquisition,Depth Log/Station Planning,Perform Logging Task,RightClick,TreeView,Depth Log,UIInteraction,TaskName=Depth Log
43194.1448489352,WLAcquisition,Depth Log/Station Planning,Perform Logging Task,Click,ContextMenu,Perform,UIInteraction,TaskName=Depth Log
43194.1455679745,WLAcquisition,Data Acquiring - WL,Start Depth Pass,Click,Button,Start,UIInteraction,PassGuid=0C8CB5E3-83BA-4D4B-ACA9-3092C6136CEF;Objective=Log;Direction=Down;Depth=3004.12912
43194.1455709375,WLAcquisition,UI Framework,Switch Tab,Click,Tab,MD,UIInteraction,
43194.1459929051,WLAcquisition,Data Acquiring - WL,Unlock Pass,Click,ToolbarButton,Click to Unlock Stop Button,UIInteraction,
43194.1460919444,WLAcquisition,Data Acquiring - WL,Stop Depth Pass,Click,Button,Stop,UIInteraction,PassGuid=0C8CB5E3-83BA-4D4B-ACA9-3092C6136CEF;Depth=3007.93912
43194.1462091435,WLAcquisition,Data Acquiring - WL,Unlock 3 Buttons,Click,ToolbarButton,Unlock,UIInteraction,
43194.1462116204,WLAcquisition,Data Acquiring - WL,Disable Tool Power,Click,ToolbarButton,Disable Tool Power,UIInteraction,
43194.1464486111,WLAcquisition,Data Acquiring - WL,Stop Dataflow,Click,ToolbarButton,Stop Data Flow,UIInteraction,
43194.1467621875,WLAcquisition,Data Acquiring - WL,Disconnect Hardware,Click,ToolbarButton,Disconnect From Hardware,UIInteraction,
43194.1468751968,,Console/Job Manager,Stop Acquisition Console,Click,Button,Stop,UIInteraction,JobGuid=DF65A20D-290A-4393-B9E5-0A7889A2E5FE
43194.1469556713,,Console/Job Manager,Start Acquisition Console,Click,Button,Start...,UIInteraction,JobGuid=DF65A20D-290A-4393-B9E5-0A7889A2E5FE
43194.1470200116,WLAcquisition,Calibration,Select Calibration Report Type,Click,ComboBox,Technical Concise,UIInteraction,
43194.1470312384,WLAcquisition,UI Framework,Start Console,,,Acquisition Console - Job Acq_EDTA_WF - Run 1,UIAutomatic,
43194.1470385069,WLAcquisition,Calibration,Select Calibration in Calibration Report,Click,ComboBox,HTEN Before Calibration,UIInteraction,
43194.1470385301,WLAcquisition,Calibration,Select Tool in Calibration Report,Click,ComboBox,LEH-QT,UIInteraction,ToolName=LEH-QT
43194.147265544,WLAcquisition,Properties & Parameters,Show Infrequent Properties/Parameters,Click,ToolbarButton,Show Infrequent Parameters,UIInteraction,
43194.1473627894,WLAcquisition,Data Acquiring - WL,Connect Hardware,Click,ToolbarButton,Connect to Hardware,UIInteraction,
43194.1477271875,WLAcquisition,Data Acquiring - WL,Start Dataflow,Click,ToolbarButton,Start Data Flow,UIInteraction,
43194.1480624074,WLAcquisition,Data Acquiring - WL,Enable Tool Power,Click,ToolbarButton,Enable Tool Power,UIInteraction,
43194.1480695139,WLAcquisition,EDTC-B,Read Memory Data,,,,UIAutomatic,TaskName=EDTC-B: Read Memory Data
43194.1480697917,WLAcquisition,UI Framework,Switch Tab,Click,Tab,Calibrations,UIInteraction,
43194.1480803125,WLAcquisition,Calibration,Choose Available Calibration,Click,ComboBox,03:26:03.753 04-Apr-2018,UIInteraction,
43194.1480826505,WLAcquisition,Calibration,Choose Available Calibration,Click,ComboBox,03:33:13.880 04-Apr-2018,UIInteraction,
43194.1498143519,WLAcquisition,Depth Log/Station Planning,Perform Logging Task,RightClick,TreeView,Depth Log,UIInteraction,TaskName=Depth Log
43194.1498289468,WLAcquisition,Depth Log/Station Planning,Perform Logging Task,Click,ContextMenu,Perform,UIInteraction,TaskName=Depth Log
43194.1503296296,WLAcquisition,Data Acquiring - WL,Start Depth Pass,Click,Button,Start,UIInteraction,PassGuid=D0F89557-3ECC-4531-A484-23928BB1C928;Objective=Log;Direction=Up;Depth=3034.40846
43194.1503317593,WLAcquisition,UI Framework,Switch Tab,Click,Tab,MD,UIInteraction,
43194.1508427894,WLAcquisition,Data Acquiring - WL,Unlock Pass,Click,ToolbarButton,Click to Unlock Stop Button,UIInteraction,
43194.1509417361,WLAcquisition,Data Acquiring - WL,Stop Depth Pass,Click,Button,Stop,UIInteraction,PassGuid=D0F89557-3ECC-4531-A484-23928BB1C928;Depth=3030.982
43194.1510672338,WLAcquisition,Data Acquiring - WL,Unlock 3 Buttons,Click,ToolbarButton,Unlock,UIInteraction,
43194.1510696181,WLAcquisition,Data Acquiring - WL,Disable Tool Power,Click,ToolbarButton,Disable Tool Power,UIInteraction,
43194.1514507755,WLAcquisition,Data Acquiring - WL,Stop Dataflow,Click,ToolbarButton,Stop Data Flow,UIInteraction,
43194.151631956,WLAcquisition,Data Acquiring - WL,Disconnect Hardware,Click,ToolbarButton,Disconnect From Hardware,UIInteraction,
43194.1517356481,Setup,Run Manager (Internal),Stop Run,Click,Button,Stop,UIInteraction,RunGuid=E3497223-FBAF-4F1A-AD9C-6C51E76F6A5B
43194.1517915509,Setup,Run Manager (Internal),Confirm to Stop Run,Click,Button,OK,UIInteraction,RunGuid=E3497223-FBAF-4F1A-AD9C-6C51E76F6A5B
43194.1518629398,Simulation,UI Framework,Close Console,Click,Button,,UIInteraction,JobGuid=DF65A20D-290A-4393-B9E5-0A7889A2E5FE
43194.1519434722,Setup,Run Manager (Internal),Start Run,Click,Button,Start,UIInteraction,RunGuid=E3497223-FBAF-4F1A-AD9C-6C51E76F6A5B;ToolstringGuid=8EF89756-3A4B-485C-8651-4276746B2A52;DownholeEquipments=MRPS-D:MRHY-B:MRPC-C:EDTA-A:EDTC-B:LEH-QT;TSLevelActiveSurfaceEquips=DEPTH_DEVICE:TENSION_DEVICE:LOGGING_CABLE:WAFE
43194.1520550926,Setup,Equipment,Activate Run,Click,Button,Activate,UIInteraction,ToolstringGuid=8EF89756-3A4B-485C-8651-4276746B2A52;DownholeEquipments=MRPS-D:MRHY-B:MRPC-C:EDTA-A:EDTC-B:LEH-QT;TSLevelActiveSurfaceEquips=DEPTH_DEVICE:TENSION_DEVICE:LOGGING_CABLE:WAFE
43194.1521319444,Simulation,UI Framework,Start Console,,,Simulation Console - Job Acq_EDTA_WF,UIAutomatic,
43194.1521517014,WLAcquisition,Calibration,Select Calibration Report Type,Click,ComboBox,Technical Concise,UIInteraction,
43194.1521803588,WLAcquisition,UI Framework,Start Console,,,Acquisition Console - Job Acq_EDTA_WF - Run 1,UIAutomatic,
43194.1521874537,WLAcquisition,Calibration,Select Calibration in Calibration Report,Click,ComboBox,HTEN Before Calibration,UIInteraction,
43194.1521874769,WLAcquisition,Calibration,Select Tool in Calibration Report,Click,ComboBox,LEH-QT,UIInteraction,ToolName=LEH-QT
43194.15269875,WLAcquisition,Properties & Parameters,Show Infrequent Properties/Parameters,Click,ToolbarButton,Show Infrequent Parameters,UIInteraction,
43194.1527851736,WLAcquisition,Properties & Parameters,Change Parameter Value,Update,GridCell,100KHZ,UIInteraction,OSDD=TBR;EnsemblePath=EDTA-A:EDTA-A:EDTA-AA
43194.1528625232,WLAcquisition,Data Acquiring - WL,Connect Hardware,Click,ToolbarButton,Connect to Hardware,UIInteraction,
43194.1531868403,WLAcquisition,Properties & Parameters,Change Parameter Value,Update,GridCell,150KHZ,UIInteraction,OSDD=TBR;EnsemblePath=EDTA-A:EDTA-A:EDTA-AA
43194.1532660185,WLAcquisition,Data Acquiring - WL,Start Dataflow,Click,ToolbarButton,Start Data Flow,UIInteraction,
43194.1533947107,WLAcquisition,Data Acquiring - WL,Enable Tool Power,Click,ToolbarButton,Enable Tool Power,UIInteraction,
43194.1534018866,WLAcquisition,EDTC-B,Read Memory Data,,,,UIAutomatic,TaskName=EDTC-B: Read Memory Data
43194.1534020949,WLAcquisition,UI Framework,Switch Tab,Click,Tab,Calibrations,UIInteraction,
43194.1534148032,WLAcquisition,Calibration,Choose Available Calibration,Click,ComboBox,03:33:13.880 04-Apr-2018,UIInteraction,
43194.153417419,WLAcquisition,Calibration,Choose Available Calibration,Click,ComboBox,03:40:54.745 04-Apr-2018,UIInteraction,
43194.1551539468,WLAcquisition,Depth Log/Station Planning,Perform Logging Task,RightClick,TreeView,Depth Log,UIInteraction,TaskName=Depth Log
43194.1551686227,WLAcquisition,Depth Log/Station Planning,Perform Logging Task,Click,ContextMenu,Perform,UIInteraction,TaskName=Depth Log
43194.1556641782,WLAcquisition,Data Acquiring - WL,Start Depth Pass,Click,Button,Start,UIInteraction,PassGuid=0156ED4F-C01B-4110-A681-1A214EC246A0;Objective=Log;Direction=Up;Depth=2999.994
43194.1556669329,WLAcquisition,UI Framework,Switch Tab,Click,Tab,MD,UIInteraction,
43194.1561746759,WLAcquisition,Data Acquiring - WL,Unlock Pass,Click,ToolbarButton,Click to Unlock Stop Button,UIInteraction,
43194.1562878241,WLAcquisition,Data Acquiring - WL,Stop Depth Pass,Click,Button,Stop,UIInteraction,PassGuid=0156ED4F-C01B-4110-A681-1A214EC246A0;Depth=2996.01128
43194.156405081,WLAcquisition,Data Acquiring - WL,Unlock 3 Buttons,Click,ToolbarButton,Unlock,UIInteraction,
43194.1564074537,WLAcquisition,Data Acquiring - WL,Disable Tool Power,Click,ToolbarButton,Disable Tool Power,UIInteraction,
43194.1567572222,WLAcquisition,Data Acquiring - WL,Stop Dataflow,Click,ToolbarButton,Stop Data Flow,UIInteraction,
43194.1570772801,WLAcquisition,Data Acquiring - WL,Disconnect Hardware,Click,ToolbarButton,Disconnect From Hardware,UIInteraction,
43194.1571726042,Setup,Run Manager (Internal),Stop Run,Click,Button,Stop,UIInteraction,RunGuid=E3497223-FBAF-4F1A-AD9C-6C51E76F6A5B
43194.1572183796,Setup,Run Manager (Internal),Confirm to Stop Run,Click,Button,OK,UIInteraction,RunGuid=E3497223-FBAF-4F1A-AD9C-6C51E76F6A5B
43194.157284838,Simulation,UI Framework,Close Console,Click,Button,,UIInteraction,JobGuid=DF65A20D-290A-4393-B9E5-0A7889A2E5FE
43194.1573575694,Setup,Equipment,Copy ToolString,Click,ContextMenu,Create Copy,UIInteraction,Source TooStringGuid=8EF89756-3A4B-485C-8651-4276746B2A52;Source ToolString Name=EDTA-A1
43194.1575388773,Setup,Equipment,Rename ToolString,Click,ContextMenu,Rename,UIInteraction,
43194.1575457639,Setup,Equipment,Rename ToolString,Input,TextBox,EDTA-A2,UIInteraction,ToolstringGuid=77AE3CC1-F250-4FED-89DB-8B6564A58892
43194.1575748032,Setup,Run Manager (Internal),Create new run,Click,ToolbarButton,New Run,UIInteraction,JobGuid=DF65A20D-290A-4393-B9E5-0A7889A2E5FE
43194.1576992014,Setup,Run Manager (Internal),Associate toolstring to run,Update,GridCell,EDTA-A2,UIInteraction,RunGuid=4D478048-AD95-41B3-95C9-4A872BFE1CCD;ToolstringGuid=77AE3CC1-F250-4FED-89DB-8B6564A58892;DownholeEquipments=MRPS-DMRHY-BMRPC-CEDTA-AEDTC-BLEH-QT;TSLevelActiveSurfaceEquips=DEPTH_DEVICETENSION_DEVICELOGGING_CABLEWAFEMRPPMRTMWITM
43194.157856331,Setup,Equipment,Close Toolstring Validation UI,Click,Button,Close,UIInteraction,ToolstringGuid=77AE3CC1-F250-4FED-89DB-8B6564A58892
43194.1579800116,Setup,Properties & Parameters,Change Parameter Value,Update,GridCell,400KHZ,UIInteraction,OSDD=TBR;EnsemblePath=EDTA-A:EDTA-A:EDTA-AA
43194.1581027894,Setup,Run Manager (Internal),Start Run,Click,Button,Start,UIInteraction,RunGuid=4D478048-AD95-41B3-95C9-4A872BFE1CCD;ToolstringGuid=77AE3CC1-F250-4FED-89DB-8B6564A58892;DownholeEquipments=MRPS-D:MRHY-B:MRPC-C:EDTA-A:EDTC-B:LEH-QT;TSLevelActiveSurfaceEquips=DEPTH_DEVICE:TENSION_DEVICE:LOGGING_CABLE:WAFE
43194.1581029977,Setup,Run Manager (Internal),Change Tool Zero Selection,Click,CheckBox,MRPS-D,UIInteraction,CheckState=True
43194.1581475116,Setup,Run Manager (Internal),Confirm Tool Zero Selection,Click,Button,Confirm and Continue,UIInteraction,
43194.1582285301,Setup,Equipment,Activate Run,Click,Button,Activate,UIInteraction,ToolstringGuid=77AE3CC1-F250-4FED-89DB-8B6564A58892;DownholeEquipments=MRPS-D:MRHY-B:MRPC-C:EDTA-A:EDTC-B:LEH-QT;TSLevelActiveSurfaceEquips=DEPTH_DEVICE:TENSION_DEVICE:LOGGING_CABLE:WAFE
43194.1583329514,Simulation,UI Framework,Start Console,,,Simulation Console - Job Acq_EDTA_WF,UIAutomatic,
43194.1583820833,WLAcquisition,Calibration,Select Calibration Report Type,Click,ComboBox,Technical Concise,UIInteraction,
43194.1583936921,WLAcquisition,UI Framework,Start Console,,,Acquisition Console - Job Acq_EDTA_WF - Run 2,UIAutomatic,
43194.1584009144,WLAcquisition,Calibration,Select Calibration in Calibration Report,Click,ComboBox,HTEN Before Calibration,UIInteraction,
43194.1584009259,WLAcquisition,Calibration,Select Tool in Calibration Report,Click,ComboBox,LEH-QT,UIInteraction,ToolName=LEH-QT
43194.1587360764,WLAcquisition,Data Acquiring - WL,Connect Hardware,Click,ToolbarButton,Connect to Hardware,UIInteraction,
43194.159056713,WLAcquisition,Properties & Parameters,Show Infrequent Properties/Parameters,Click,ToolbarButton,Show Infrequent Parameters,UIInteraction,
43194.1591444792,WLAcquisition,Properties & Parameters,Change Parameter Value,Update,GridCell,100KHZ,UIInteraction,OSDD=TBR;EnsemblePath=EDTA-A:EDTA-A:EDTA-AA
43194.1592292708,WLAcquisition,Data Acquiring - WL,Start Dataflow,Click,ToolbarButton,Start Data Flow,UIInteraction,
43194.1595345486,WLAcquisition,Data Acquiring - WL,Enable Tool Power,Click,ToolbarButton,Enable Tool Power,UIInteraction,
43194.1595418519,WLAcquisition,EDTC-B,Read Memory Data,,,,UIAutomatic,TaskName=EDTC-B: Read Memory Data
43194.1595420718,WLAcquisition,UI Framework,Switch Tab,Click,Tab,Calibrations,UIInteraction,
43194.1595540509,WLAcquisition,Calibration,Choose Available Calibration,Click,ComboBox,03:40:54.747 04-Apr-2018,UIInteraction,
43194.1595568866,WLAcquisition,Calibration,Choose Available Calibration,Click,ComboBox,03:49:45.242 04-Apr-2018,UIInteraction,
43194.1614780208,WLAcquisition,Depth Log/Station Planning,Perform Logging Task,RightClick,TreeView,Depth Log,UIInteraction,TaskName=Depth Log
43194.1614921759,WLAcquisition,Depth Log/Station Planning,Perform Logging Task,Click,ContextMenu,Perform,UIInteraction,TaskName=Depth Log
43194.161997662,WLAcquisition,Data Acquiring - WL,Start Depth Pass,Click,Button,Start,UIInteraction,PassGuid=2BC1833D-1637-41BB-A5F9-52DF4844D038;Objective=Log;Direction=Up;Depth=2999.994
43194.1620009028,WLAcquisition,UI Framework,Switch Tab,Click,Tab,MD,UIInteraction,
43194.1625213889,WLAcquisition,Data Acquiring - WL,Unlock Pass,Click,ToolbarButton,Click to Unlock Stop Button,UIInteraction,
43194.1626352894,WLAcquisition,Data Acquiring - WL,Stop Depth Pass,Click,Button,Stop,UIInteraction,PassGuid=2BC1833D-1637-41BB-A5F9-52DF4844D038;Depth=2996.0062
43194.1627948495,WLAcquisition,Data Acquiring - WL,Unlock 3 Buttons,Click,ToolbarButton,Unlock,UIInteraction,
43194.1627972107,WLAcquisition,Data Acquiring - WL,Disable Tool Power,Click,ToolbarButton,Disable Tool Power,UIInteraction,
43194.1631646296,WLAcquisition,Data Acquiring - WL,Stop Dataflow,Click,ToolbarButton,Stop Data Flow,UIInteraction,
43194.1634492477,WLAcquisition,Data Acquiring - WL,Disconnect Hardware,Click,ToolbarButton,Disconnect From Hardware,UIInteraction,
43194.1635655093,Setup,Run Manager (Internal),Stop Run,Click,Button,Stop,UIInteraction,RunGuid=4D478048-AD95-41B3-95C9-4A872BFE1CCD
43194.1636116898,Setup,Run Manager (Internal),Confirm to Stop Run,Click,Button,OK,UIInteraction,RunGuid=4D478048-AD95-41B3-95C9-4A872BFE1CCD
43194.1637186806,Simulation,UI Framework,Close Console,Click,Button,,UIInteraction,JobGuid=DF65A20D-290A-4393-B9E5-0A7889A2E5FE
43194.1637496528,Setup,Equipment,New ToolString,Click,ToolbarButton,New ToolString,UIInteraction,ToolstringName=New ToolString;ToolstringGuid=C1FDBC94-17A7-4093-A965-658535F3EDDB
43194.1637896991,Setup,Equipment,Rename ToolString,Input,TextBox,EDTA-A3-MIFA,UIInteraction,ToolstringGuid=C1FDBC94-17A7-4093-A965-658535F3EDDB
43194.1637967593,Setup,Equipment,Filter Equipment in Catalog,Input,TextBox,,UIInteraction,Text=MRMS-NB
43194.1637966551,Setup,Equipment,Filter Equipment in Catalog,Input,TextBox,,UIInteraction,Text=MRMS-NB
43194.163801875,Setup,Equipment,Add Equipment from Catalog to ToolString,Click,ToolbarButton,Add to ToolString,UIInteraction,EquipmentName=MRMS-NB
43194.1638105671,Setup,Equipment,Filter Equipment in Catalog,Input,TextBox,,UIInteraction,Text=MIFA-ND
43194.1638098148,DeliverablesSetup,Tier Manager,Tier Template Created for Tools in My Equipment,,,MRMS-NB Tier Created,Deliverables Console,
43194.1638103588,Setup,Equipment,Filter Equipment in Catalog,Input,TextBox,,UIInteraction,Text=MIFA-ND
43194.1638150116,Setup,Equipment,Add Equipment from Catalog to ToolString,Click,ToolbarButton,Add to ToolString,UIInteraction,EquipmentName=MIFA-ND
43194.1638224653,DeliverablesSetup,Tier Manager,Tier Template Created for Tools in My Equipment,,,MIFA-ND Tier Created,Deliverables Console,
43194.163823044,Setup,Equipment,Filter Equipment in Catalog,Input,TextBox,,UIInteraction,Text=MRHY-NB
43194.1638231366,Setup,Equipment,Filter Equipment in Catalog,Input,TextBox,,UIInteraction,Text=MRHY-NB
43194.1638276852,Setup,Equipment,Add Equipment from Catalog to ToolString,Click,ToolbarButton,Add to ToolString,UIInteraction,EquipmentName=MRHY-NB
43194.1638317477,Setup,Equipment,Filter Equipment in Catalog,Input,TextBox,,UIInteraction,Text=MRPS-NB
43194.163831875,Setup,Equipment,Filter Equipment in Catalog,Input,TextBox,,UIInteraction,Text=MRPS-NB
43194.1638363657,Setup,Equipment,Add Equipment from Catalog to ToolString,Click,ToolbarButton,Add to ToolString,UIInteraction,EquipmentName=MRPS-NB
43194.1638446875,Setup,Equipment,Filter Equipment in Catalog,Input,TextBox,,UIInteraction,Text=MRBA-NA
43194.1638448495,Setup,Equipment,Filter Equipment in Catalog,Input,TextBox,,UIInteraction,Text=MRBA-NA
43194.1638491782,Setup,Equipment,Add Equipment from Catalog to ToolString,Click,ToolbarButton,Add to ToolString,UIInteraction,EquipmentName=MRBA-NA
43194.1638547106,Setup,Equipment,Filter Equipment in Catalog,Input,TextBox,,UIInteraction,Text=MRPO-NB
43194.163855,Setup,Equipment,Filter Equipment in Catalog,Input,TextBox,,UIInteraction,Text=MRPO-NB
43194.163859838,Setup,Equipment,Add Equipment from Catalog to ToolString,Click,ToolbarButton,Add to ToolString,UIInteraction,EquipmentName=MRPO-NB
43194.1638681481,Setup,Equipment,Filter Equipment in Catalog,Input,TextBox,,UIInteraction,Text=MRPQ-ND
43194.1638682639,Setup,Equipment,Filter Equipment in Catalog,Input,TextBox,,UIInteraction,Text=MRPQ-ND
43194.1638727315,Setup,Equipment,Add Equipment from Catalog to ToolString,Click,ToolbarButton,Add to ToolString,UIInteraction,EquipmentName=MRPQ-ND
43194.1638872801,DeliverablesSetup,Tier Manager,Tier Template Created for Tools in My Equipment,,,MRPQ-ND Tier Created,Deliverables Console,
43194.1638875463,Setup,Equipment,Filter Equipment in Catalog,Input,TextBox,,UIInteraction,Text=MRHY-NB
43194.1638877199,Setup,Equipment,Filter Equipment in Catalog,Input,TextBox,,UIInteraction,Text=MRHY-NB
43194.1638922454,Setup,Equipment,Add Equipment from Catalog to ToolString,Click,ToolbarButton,Add to ToolString,UIInteraction,EquipmentName=MRHY-NB
43194.1639058681,Setup,Equipment,Filter Equipment in Catalog,Input,TextBox,,UIInteraction,Text=MIFA-ND
43194.1639060995,Setup,Equipment,Filter Equipment in Catalog,Input,TextBox,,UIInteraction,Text=MIFA-ND
43194.1639107176,Setup,Equipment,Add Equipment from Catalog to ToolString,Click,ToolbarButton,Add to ToolString,UIInteraction,EquipmentName=MIFA-ND
43194.163926794,Setup,Equipment,Filter Equipment in Catalog,Input,TextBox,,UIInteraction,Text=MRSC-ND
43194.1639269907,Setup,Equipment,Filter Equipment in Catalog,Input,TextBox,,UIInteraction,Text=MRSC-ND
43194.1639315394,Setup,Equipment,Add Equipment from Catalog to ToolString,Click,ToolbarButton,Add to ToolString,UIInteraction,EquipmentName=MRSC-ND
43194.1639490278,Setup,Equipment,Filter Equipment in Catalog,Input,TextBox,,UIInteraction,Text=MRSC-ND
43194.1639491898,Setup,Equipment,Filter Equipment in Catalog,Input,TextBox,,UIInteraction,Text=MRSC-ND
43194.1639536458,Setup,Equipment,Add Equipment from Catalog to ToolString,Click,ToolbarButton,Add to ToolString,UIInteraction,EquipmentName=MRSC-ND
43194.163973588,Setup,Equipment,Filter Equipment in Catalog,Input,TextBox,,UIInteraction,Text=MRSC-ND
43194.1639738079,Setup,Equipment,Filter Equipment in Catalog,Input,TextBox,,UIInteraction,Text=MRSC-ND
43194.1639784954,Setup,Equipment,Add Equipment from Catalog to ToolString,Click,ToolbarButton,Add to ToolString,UIInteraction,EquipmentName=MRSC-ND
43194.1640015278,Setup,Equipment,Filter Equipment in Catalog,Input,TextBox,,UIInteraction,Text=MRMS-NB
43194.1640017245,Setup,Equipment,Filter Equipment in Catalog,Input,TextBox,,UIInteraction,Text=MRMS-NB
43194.1640062153,Setup,Equipment,Add Equipment from Catalog to ToolString,Click,ToolbarButton,Add to ToolString,UIInteraction,EquipmentName=MRMS-NB
43194.1640400579,Setup,Equipment,Filter Equipment in Catalog,Input,TextBox,,UIInteraction,Text=MRMS-NB
43194.1640402083,Setup,Equipment,Filter Equipment in Catalog,Input,TextBox,,UIInteraction,Text=MRMS-NB
43194.1640448611,Setup,Equipment,Add Equipment from Catalog to ToolString,Click,ToolbarButton,Add to ToolString,UIInteraction,EquipmentName=MRMS-NB
43194.1640844097,Setup,Equipment,Filter Equipment in Catalog,Input,TextBox,,UIInteraction,Text=MRPC-NB
43194.1640846065,Setup,Equipment,Filter Equipment in Catalog,Input,TextBox,,UIInteraction,Text=MRPC-NB
43194.1640891319,Setup,Equipment,Add Equipment from Catalog to ToolString,Click,ToolbarButton,Add to ToolString,UIInteraction,EquipmentName=MRPC-NB
43194.1641275926,Setup,Equipment,Filter Equipment in Catalog,Input,TextBox,,UIInteraction,Text=EDTA-A
43194.1641276968,Setup,Equipment,Filter Equipment in Catalog,Input,TextBox,,UIInteraction,Text=EDTA-A
43194.1641322338,Setup,Equipment,Add Equipment from Catalog to ToolString,Click,ToolbarButton,Add to ToolString,UIInteraction,EquipmentName=EDTA-A
43194.1641720139,Setup,Equipment,Filter Equipment in Catalog,Input,TextBox,,UIInteraction,Text=EDTC-B
43194.1641721759,Setup,Equipment,Filter Equipment in Catalog,Input,TextBox,,UIInteraction,Text=EDTC-B
43194.1641768519,Setup,Equipment,Add Equipment from Catalog to ToolString,Click,ToolbarButton,Add to ToolString,UIInteraction,EquipmentName=EDTC-B
43194.1642207176,Setup,Equipment,Filter Equipment in Catalog,Input,TextBox,,UIInteraction,Text=LEH-QT
43194.1642255903,Setup,Equipment,Add Equipment from Catalog to ToolString,Click,ToolbarButton,Add to ToolString,UIInteraction,EquipmentName=LEH-QT
43194.1642208102,Setup,Equipment,Filter Equipment in Catalog,Input,TextBox,,UIInteraction,Text=LEH-QT
43194.165444213,Setup,Properties & Parameters,Change Parameter Value,Update,GridCell,150KHZ,UIInteraction,OSDD=TBR;EnsemblePath=EDTA-A:EDTA-A:EDTA-AA
43194.1655715278,Setup,Run Manager (Internal),Create new run,Click,ToolbarButton,New Run,UIInteraction,JobGuid=DF65A20D-290A-4393-B9E5-0A7889A2E5FE
43194.1656965509,Setup,Run Manager (Internal),Associate toolstring to run,Update,GridCell,EDTA-A3-MIFA,UIInteraction,RunGuid=760DBE8C-E659-45FE-A0AF-E7E483DAD4E1;ToolstringGuid=C1FDBC94-17A7-4093-A965-658535F3EDDB;DownholeEquipments=MRMS-NBMIFA-NDMRHY-NBMRPS-NBMRBA-NAMRPO-NBMRPQ-NDMRHY-NBMIFA-NDMRSC-NDMRSC-NDMRSC-NDMRMS-NBMRMS-NBMRPC-NBEDTA-AEDTC-BLEH-QT;TSLevelActiveSurfaceEquips=DEPTH_DEVICETENSION_DEVICELOGGING_CABLEWAFEMRPPMRTMWITM
43194.1658655671,Setup,Equipment,Close Toolstring Validation UI,Click,Button,Close,UIInteraction,ToolstringGuid=C1FDBC94-17A7-4093-A965-658535F3EDDB
43194.1659126157,Setup,Run Manager (Internal),Start Run,Click,Button,Start,UIInteraction,RunGuid=760DBE8C-E659-45FE-A0AF-E7E483DAD4E1;ToolstringGuid=C1FDBC94-17A7-4093-A965-658535F3EDDB;DownholeEquipments=MRMS-NB:MIFA-ND:MRHY-NB:MRPS-NB:MRBA-NA:MRPO-NB:MRPQ-ND:MRHY-NB:MIFA-ND:MRSC-ND:MRSC-ND:MRSC-ND:MRMS-NB:MRMS-NB:MRPC-NB:EDTA-A:EDTC-B:LEH-QT;TSLevelActiveSurfaceEquips=TENSION_DEVICE:DEPTH_DEVICE:LOGGING_CABLE:WAFE
43194.1659129514,Setup,Run Manager (Internal),Change Tool Zero Selection,Click,CheckBox,MRPS-NB,UIInteraction,CheckState=True
43194.1659672917,Setup,Run Manager (Internal),Confirm Tool Zero Selection,Click,Button,Confirm and Continue,UIInteraction,
43194.1661188194,Setup,Equipment,Activate Run,Click,Button,Activate,UIInteraction,ToolstringGuid=C1FDBC94-17A7-4093-A965-658535F3EDDB;DownholeEquipments=MRMS-NB:MIFA-ND:MRHY-NB:MRPS-NB:MRBA-NA:MRPO-NB:MRPQ-ND:MRHY-NB:MIFA-ND:MRSC-ND:MRSC-ND:MRSC-ND:MRMS-NB:MRMS-NB:MRPC-NB:EDTA-A:EDTC-B:LEH-QT;TSLevelActiveSurfaceEquips=TENSION_DEVICE:DEPTH_DEVICE:LOGGING_CABLE:WAFE
43194.1669205556,Simulation,UI Framework,Start Console,,,Simulation Console - Job Acq_EDTA_WF,UIAutomatic,
43194.1669349074,WLAcquisition,Calibration,Select Calibration Report Type,Click,ComboBox,Technical Concise,UIInteraction,
43194.1669528125,WLAcquisition,UI Framework,Start Console,,,Acquisition Console - Job Acq_EDTA_WF - Run 3,UIAutomatic,
43194.1669621528,WLAcquisition,Calibration,Select Calibration in Calibration Report,Click,ComboBox,HTEN Before Calibration,UIInteraction,
43194.1669621759,WLAcquisition,Calibration,Select Tool in Calibration Report,Click,ComboBox,LEH-QT,UIInteraction,ToolName=LEH-QT
43194.1671183796,WLAcquisition,Data Acquiring - WL,Connect Hardware,Click,ToolbarButton,Connect to Hardware,UIInteraction,
43194.1676085417,WLAcquisition,Properties & Parameters,Show Infrequent Properties/Parameters,Click,ToolbarButton,Show Infrequent Parameters,UIInteraction,
43194.1677268866,WLAcquisition,Properties & Parameters,Change Parameter Value,Update,GridCell,200KHZ,UIInteraction,OSDD=TBR;EnsemblePath=EDTA-A:EDTA-A:EDTA-AA
43194.1678230903,WLAcquisition,Data Acquiring - WL,Start Dataflow,Click,ToolbarButton,Start Data Flow,UIInteraction,
43194.1680471528,WLAcquisition,Data Acquiring - WL,Enable Tool Power,Click,ToolbarButton,Enable Tool Power,UIInteraction,
43194.1680574421,WLAcquisition,EDTC-B,Read Memory Data,,,,UIAutomatic,TaskName=EDTC-B: Read Memory Data
43194.1680576505,WLAcquisition,UI Framework,Switch Tab,Click,Tab,Calibrations,UIInteraction,
43194.1682667824,WLAcquisition,UI Framework,Switch Tab,Click,Tab,MIFA-ND[1]: Auto Read Coefficients,UIInteraction,
43194.1682698032,WLAcquisition,Calibration,Choose Available Calibration,Click,ComboBox,03:49:45.243 04-Apr-2018,UIInteraction,
43194.1682728241,WLAcquisition,Calibration,Choose Available Calibration,Click,ComboBox,04:02:00.653 04-Apr-2018,UIInteraction,
43194.168485706,WLAcquisition,UI Framework,Switch Tab,Click,Tab,MIFA-ND[2]: Auto Read Coefficients,UIInteraction,
43194.1705468518,WLAcquisition,Depth Log/Station Planning,Perform Logging Task,RightClick,TreeView,Depth Log,UIInteraction,TaskName=Depth Log
43194.1705612384,WLAcquisition,Depth Log/Station Planning,Perform Logging Task,Click,ContextMenu,Perform,UIInteraction,TaskName=Depth Log
43194.1711107639,WLAcquisition,Data Acquiring - WL,Start Depth Pass,Click,Button,Start,UIInteraction,PassGuid=BBA7D18A-AB88-49F9-AB33-9E32A3C89C85;Objective=Log;Direction=Up;Depth=2999.994
43194.1711149884,WLAcquisition,UI Framework,Switch Tab,Click,Tab,MD,UIInteraction,
43194.1716542824,WLAcquisition,Data Acquiring - WL,Unlock Pass,Click,ToolbarButton,Click to Unlock Stop Button,UIInteraction,
43194.1717735185,WLAcquisition,Data Acquiring - WL,Stop Depth Pass,Click,Button,Stop,UIInteraction,PassGuid=BBA7D18A-AB88-49F9-AB33-9E32A3C89C85;Depth=2995.90968
43194.1719252662,WLAcquisition,Data Acquiring - WL,Disable Tool Power,Click,ToolbarButton,Disable Tool Power,UIInteraction,
43194.1719228819,WLAcquisition,Data Acquiring - WL,Unlock 3 Buttons,Click,ToolbarButton,Unlock,UIInteraction,
43194.1725348264,WLAcquisition,Data Acquiring - WL,Stop Dataflow,Click,ToolbarButton,Stop Data Flow,UIInteraction,
43194.1728361574,WLAcquisition,Data Acquiring - WL,Disconnect Hardware,Click,ToolbarButton,Disconnect From Hardware,UIInteraction,
43194.1729360185,Setup,Run Manager (Internal),Stop Run,Click,Button,Stop,UIInteraction,RunGuid=760DBE8C-E659-45FE-A0AF-E7E483DAD4E1
43194.1729922106,Setup,Run Manager (Internal),Confirm to Stop Run,Click,Button,OK,UIInteraction,RunGuid=760DBE8C-E659-45FE-A0AF-E7E483DAD4E1
43194.1730921875,Simulation,UI Framework,Close Console,Click,Button,,UIInteraction,JobGuid=DF65A20D-290A-4393-B9E5-0A7889A2E5FE
43194.1732764236,DeliverablesSetup,UI Framework,Switch View,Click,ToolbarButton,Deliverables Display View,UIInteraction,
43194.173352419,DeliverablesSetup,Deliverables - Digital,Create Job Archive,Click,ContextMenu,Create,UIInteraction,ArchiveGuid=DF65A20D-290A-4393-B9E5-0A7889A2E5FE;JobArchiveType=3.0
43194.1738422917,DeliverablesSetup,Deliverables - Digital,Create Run Archive,Click,ContextMenu,Create,UIInteraction,ArchiveGuid=E3497223-FBAF-4F1A-AD9C-6C51E76F6A5B;JobArchiveType=3.0
43194.1739999074,DeliverablesSetup,Deliverables - Digital,Create Run Archive,Click,ContextMenu,Create,UIInteraction,ArchiveGuid=4D478048-AD95-41B3-95C9-4A872BFE1CCD;JobArchiveType=3.0
43194.1741083333,DeliverablesSetup,Deliverables - Digital,Create Run Archive,Click,ContextMenu,Create,UIInteraction,ArchiveGuid=760DBE8C-E659-45FE-A0AF-E7E483DAD4E1;JobArchiveType=3.0
43194.1755227199,DeliverablesSetup,UI Framework,Close Console,Click,Button,,UIInteraction,JobGuid=DF65A20D-290A-4393-B9E5-0A7889A2E5FE
43194.1755758218,DeliverablesSetup,UI Framework,OK to Close Deliverables - Display Console,Click,Button,OK,UIInteraction,
43194.1756561458,,Console/Job Manager,Stop Setup Console,Click,Button,Stop,UIInteraction,JobGuid=DF65A20D-290A-4393-B9E5-0A7889A2E5FE
43194.1757401968,,Console/Job Manager,Stop Job,Click,Button,Stop,UIInteraction,JobGuid=DF65A20D-290A-4393-B9E5-0A7889A2E5FE
