Time,Process,Component,Operation,Action,Control,ControlText,Category,Context
43194.0171959375,,Console/Job Manager,Start Job,Click,Button,Start,UIInteraction,JobName=CMRT-DTC;WellName=BGC;ClientName=BGCAT;StartDate=4/4/2018 12:24 AM;Workflow=Wireline;Simulator=True;UnitSystem=English;RTBackupDir=C:\Autobackup;JobSize=0;State=Available;SideTrackId=0;SessionID=1527F71C-9D79-41A4-A03B-1EEE9717D991;SortOrder=1;JobGUID=3BB55B68-893E-4F55-9140-56F99D1A8522;WellGUID=3B433832-D79A-4169-B387-D20C8A0DC956;BoreholeGUID=C0870D9E-9626-4E4C-B747-041D6F2ED4D5;MachineName=HPV01-011;UserName=Engineer;UserDomainName=HPV01-011;OS=Microsoft Windows NT 6.1.7601 Service Pack 1;StartedJobCount=0;TimeZone=00:00:00;IPAddress_1=192.168.78.169;IPAddress_2=::1;MWVersion=9.0.100745.3100
43194.0176402778,,Console/Job Manager,Start Deliverables Console,Click,Button,Start...,UIInteraction,JobGuid=3BB55B68-893E-4F55-9140-56F99D1A8522
43194.0178144907,DeliverablesSetup,UI Framework,Start Console,,,Deliverables Console Setup - Job CMRT-DTC,UIAutomatic,
43194.0178336111,,Console/Job Manager,Start Setup Console,Click,Button,Start...,UIInteraction,JobGuid=3BB55B68-893E-4F55-9140-56F99D1A8522
43194.0179975,Setup,Calibration,Select Calibration Report Type,Click,ComboBox,Technical Concise,UIInteraction,
43194.0180085764,Setup,UI Framework,Start Console,,,Setup - Job CMRT-DTC,UIAutomatic,
43194.0180546412,Setup,Equipment,New ToolString,Click,ToolbarButton,New ToolString,UIInteraction,ToolstringName=New ToolString;ToolstringGuid=4F629AE3-7DFE-4520-A4F8-7B976D00145A
43194.0180932986,Setup,Equipment,Rename ToolString,Input,TextBox,New ToolString,UIInteraction,ToolstringGuid=4F629AE3-7DFE-4520-A4F8-7B976D00145A
43194.0180933102,Setup,Equipment,Rename ToolString,,,,UIAutomatic,State=Cancel
43194.0181034607,Setup,Equipment,Filter Equipment in Catalog,Input,TextBox,,UIInteraction,Text=CMRT-B
43194.0181037037,Setup,Equipment,Filter Equipment in Catalog,Input,TextBox,,UIInteraction,Text=CMRT-B
43194.0181065509,Setup,Equipment,Rename ToolString,Input,TextBox,New ToolString,UIInteraction,ToolstringGuid=4F629AE3-7DFE-4520-A4F8-7B976D00145A
43194.0181083912,Setup,Equipment,Add Equipment from Catalog to ToolString,Click,ToolbarButton,Add to ToolString,UIInteraction,EquipmentName=CMRT-B
43194.0181217824,Setup,Equipment,Filter Equipment in Catalog,Input,TextBox,,UIInteraction,Text=DTC-H
43194.0181218981,Setup,Equipment,Filter Equipment in Catalog,Input,TextBox,,UIInteraction,Text=DTC-H
43194.0181222569,DeliverablesSetup,Tier Manager,Tier Template Created for Tools in My Equipment,,,CMRT-B Tier Created,Deliverables Console,
43194.0181262269,Setup,Equipment,Add Equipment from Catalog to ToolString,Click,ToolbarButton,Add to ToolString,UIInteraction,EquipmentName=DTC-H
43194.0181303472,Setup,Equipment,Filter Equipment in Catalog,Input,TextBox,,UIInteraction,Text=LEH-QT
43194.0181304514,Setup,Equipment,Filter Equipment in Catalog,Input,TextBox,,UIInteraction,Text=LEH-QT
43194.0181354167,Setup,Equipment,Add Equipment from Catalog to ToolString,Click,ToolbarButton,Add to ToolString,UIInteraction,EquipmentName=LEH-QT
43194.0182028819,Setup,Equipment,Rename ToolString,Click,ContextMenu,Rename,UIInteraction,
43194.0182105671,Setup,Equipment,Rename ToolString,Input,TextBox,CMRT-DTC,UIInteraction,ToolstringGuid=4F629AE3-7DFE-4520-A4F8-7B976D00145A
43194.0183441782,Setup,Properties & Parameters,Change Property Value,Update,GridCell,100,UIInteraction,OSDD=EP_SERIAL_NUMBER;EnsemblePath=CMRT-B:CMRC:CMRC
43194.0183631019,Setup,Properties & Parameters,Change Property Value,Update,GridCell,100,UIInteraction,OSDD=EP_SERIAL_NUMBER;EnsemblePath=CMRT-B:CMRC:CMRH
43194.0183825579,Setup,Properties & Parameters,Change Property Value,Update,GridCell,100,UIInteraction,OSDD=EP_SERIAL_NUMBER;EnsemblePath=CMRT-B:CMRS:CMRS
43194.0185183218,Setup,Properties & Parameters,Change Property Value,Update,GridCell,200,UIInteraction,OSDD=EP_SERIAL_NUMBER;EnsemblePath=CMRT-B:CMRC:CMRH
43194.0186518634,Setup,Properties & Parameters,Change Property Value,Update,GridCell,200,UIInteraction,OSDD=EP_SERIAL_NUMBER;EnsemblePath=CMRT-B:CMRC:CMRC
43194.0186781713,Setup,UI Framework,Switch Tab,Click,Tab,DnI Initializations,UIInteraction,
43194.0186976736,Setup,DnI/Survey,Select Decimal,Click,RadioButton,Decimal,UIInteraction,
43194.0187180324,Setup,DnI/Survey,Enter Latitude,Input,TextBox,39,UIInteraction,
43194.0187283218,Setup,DnI/Survey,Enter Longitude,Input,TextBox,116,UIInteraction,
43194.0187388194,Setup,UI Framework,Switch Tab,Click,Tab,Equipment,UIInteraction,
43194.0187794444,Setup,DnI/Survey,Select Permanent Datum,Click,ComboBox,Mean Sea Level,UIInteraction,
43194.0187913542,Setup,DnI/Survey,Enter Elevation of 'Log Measured From',Input,TextBox,1000,UIInteraction,LogMeasuredFrom=Drill Floor
43194.0187846528,Setup,DnI/Survey,Select Log Measured From,Click,ComboBox,Drill Floor,UIInteraction,
43194.0188024306,Setup,UI Framework,Switch Tab,Click,Tab,DnI Initializations,UIInteraction,
43194.0188321181,Setup,DnI/Survey,Compute DnI/Elevation,Click,Button,Compute,UIInteraction,
43194.0189593519,Setup,UI Framework,Switch Tab,Click,Tab,Wellbore,UIInteraction,
43194.018963912,Setup,Well Setup (Internal),Select Run Number,Click,ComboBox,1,UIInteraction,RunGuid=22FDA8CD-A163-4A0C-AFAB-BFDE0175D44B
43194.0189742245,Setup,Well Setup (Internal),Enter Size for Bit Size,Update,GridCell,17.5,UIInteraction,Row=1;Column=Size (in);RunGuid=22FDA8CD-A163-4A0C-AFAB-BFDE0175D44B
43194.0189919097,Setup,Well Setup (Internal),Enter Driller Top for Bit Size,Update,GridCell,0,UIInteraction,Row=1;Column=Driller Top (ft);RunGuid=22FDA8CD-A163-4A0C-AFAB-BFDE0175D44B
43194.0190103935,Setup,Well Setup (Internal),Enter Driller Bottom for Bit Size,Update,GridCell,10000,UIInteraction,Row=1;Column=Driller Bottom (ft);RunGuid=22FDA8CD-A163-4A0C-AFAB-BFDE0175D44B
43194.0190312847,Setup,Well Setup (Internal),Select Run Number,Click,ComboBox,1,UIInteraction,RunGuid=22FDA8CD-A163-4A0C-AFAB-BFDE0175D44B
43194.019042037,Setup,Well Setup (Internal),Enter Size for Casings,Update,GridCell,10.75,UIInteraction,Row=1;Column=Size (in);RunGuid=22FDA8CD-A163-4A0C-AFAB-BFDE0175D44B
43194.0190593634,Setup,Well Setup (Internal),Enter Driller Top for Casings,Update,GridCell,0,UIInteraction,Row=1;Column=Driller Top (ft);RunGuid=22FDA8CD-A163-4A0C-AFAB-BFDE0175D44B
43194.0190777894,Setup,Well Setup (Internal),Enter Driller Bottom for Casings,Update,GridCell,5000,UIInteraction,Row=1;Column=Driller Bottom (ft);RunGuid=22FDA8CD-A163-4A0C-AFAB-BFDE0175D44B
43194.0190960185,Setup,Well Setup (Internal),Enter Weight for Casings,Update,GridCell,109,UIInteraction,Row=1;Column=Weight (lbm/ft);RunGuid=22FDA8CD-A163-4A0C-AFAB-BFDE0175D44B
43194.0191884722,Setup,Well Setup (Internal),Enter Grade for Casings,Update,GridCell,K55,UIInteraction,Row=1;Column=Grade;RunGuid=22FDA8CD-A163-4A0C-AFAB-BFDE0175D44B
43194.0192062732,Setup,UI Framework,Switch Tab,Click,Tab,Runs,UIInteraction,
43194.0192402894,Setup,Run Manager (Internal),Associate toolstring to run,Update,GridCell,CMRT-DTC,UIInteraction,RunGuid=22FDA8CD-A163-4A0C-AFAB-BFDE0175D44B;ToolstringGuid=4F629AE3-7DFE-4520-A4F8-7B976D00145A;DownholeEquipments=CMRT-BDTC-HLEH-QTEME-F;TSLevelActiveSurfaceEquips=DEPTH_DEVICETENSION_DEVICELOGGING_CABLEWAFEWITMDTM
43194.0193748958,Setup,Equipment,Close Toolstring Validation UI,Click,Button,Close,UIInteraction,ToolstringGuid=4F629AE3-7DFE-4520-A4F8-7B976D00145A
43194.0193822222,DeliverablesSetup,UI Framework,Switch View,Click,ToolbarButton,Deliverables Display View,UIInteraction,
43194.0194577546,DeliverablesSetup,Deliverables - Digital,Create Job Archive,Click,ContextMenu,Create,UIInteraction,ArchiveGuid=3BB55B68-893E-4F55-9140-56F99D1A8522;JobArchiveType=3.0
43194.0198905903,DeliverablesSetup,UI Framework,Close Console,Click,Button,,UIInteraction,JobGuid=3BB55B68-893E-4F55-9140-56F99D1A8522
43194.0199250231,DeliverablesSetup,UI Framework,OK to Close Deliverables - Display Console,Click,Button,OK,UIInteraction,
43194.0200051852,,Console/Job Manager,Stop Setup Console,Click,Button,Stop,UIInteraction,JobGuid=3BB55B68-893E-4F55-9140-56F99D1A8522
43194.0200869676,,Console/Job Manager,Stop Job,Click,Button,Stop,UIInteraction,JobGuid=3BB55B68-893E-4F55-9140-56F99D1A8522
