43194.0167018634,,Console/Job Manager,Import Job Archive,Click,ContextMenu,Create Import,UIInteraction,
43194.0167089236,,Import/Export & Backup/Restore,Select file to import,Click,Button,...,UIInteraction,
43194.0167243634,,Import/Export & Backup/Restore,OK to select file,,,,UIAutomatic,FilePath=\\srv004bgc.dir.slb.com\MaxwellAT\TestData\TestData\Phase3\OutofProcess\DnM_ARC6_ADN6_Sonic6_SETUP.Dlis
43194.0167945139,,Import/Export & Backup/Restore,Start Import,Click,Button,Import,UIInteraction,FilePath=\\srv004bgc.dir.slb.com\MaxwellAT\TestData\TestData\Phase3\OutofProcess\DnM_ARC6_ADN6_Sonic6_SETUP.Dlis
43194.0174907755,,Import/Export & Backup/Restore,Close Import UI,Click,Button,Close,UIInteraction,
43194.0183229745,,Console/Job Manager,Select Auto Backup Folder,Click,ComboBox,C:\AutoBackup,UIInteraction,
43194.0768498727,,UI Framework,Close Console,Click,Button,,UIInteraction,
