43193.6874061806,,Console/Job Manager,New Job,Click,Button,New,UIInteraction,
43193.6874238542,,Console/Job Manager,Input Job Name,Input,TextBox,CMRT-DTC,UIInteraction,
43193.6874671528,,Console/Job Manager,Input Well Name,Input,TextBox,BGC,UIInteraction,
43193.6875112616,,Console/Job Manager,Input Client Name,Input,TextBox,BGCAT,UIInteraction,
43193.6876086111,,Console/Job Manager,Select Workflow,Click,ComboBox,Wireline,UIInteraction,
43193.6876482523,,Console/Job Manager,Check Simulator,Click,CheckBox,Simulator,UIInteraction,CheckState=True
43193.6878276273,,Console/Job Manager,Select Auto Backup Folder,Click,ComboBox,C:\Autobackup,UIInteraction,
43193.6907319792,,UI Framework,Close Console,Click,Button,,UIInteraction,
43193.6933653125,,UI Framework,Initialize Maxwell Manager Process Name,,,Initialize Maxwell Manager Process Name,,
43193.6933813889,,UI Framework,Start Console,,,Maxwell Manager,UIAutomatic,MachineName=HPV26-001;UserName=Engineer;UserDomainName=HPV26-001;OS=Microsoft Windows NT 6.1.7601 Service Pack 1;TimeZone=00:00:00;IPAddress_1=192.168.78.174;IPAddress_2=::1;MWVersion=9.0.100732.3100
43193.6936192477,,Console/Job Manager,Import Job Archive,Click,ContextMenu,Create Import,UIInteraction,
43193.6936263079,,Import/Export & Backup/Restore,Select file to import,Click,Button,...,UIInteraction,
43193.6936391667,,Import/Export & Backup/Restore,OK to select file,,,,UIAutomatic,FilePath=\\srv004bgc.dir.slb.com\MaxwellAT\TestData\TestData\Phase3\JobArchive\WL_SWF_CMRT_Setup.Dlis
43193.693700544,,Import/Export & Backup/Restore,Start Import,Click,Button,Import,UIInteraction,FilePath=\\srv004bgc.dir.slb.com\MaxwellAT\TestData\TestData\Phase3\JobArchive\WL_SWF_CMRT_Setup.Dlis
43193.6939898032,,Import/Export & Backup/Restore,Close Import UI,Click,Button,Close,UIInteraction,
43193.694120706,,Console/Job Manager,Select Auto Backup Folder,Click,ComboBox,C:\Autobackup,UIInteraction,
43193.6959601389,,UI Framework,Switch Tab,Click,Tab,Job: CMRT-DTC,UIInteraction,
43193.7752467014,,UI Framework,Switch Tab,Click,Tab,Messages: Job Independent,UIInteraction,
43193.7752525,,UI Framework,Close Console,Click,Button,,UIInteraction,
