Time,Process,Component,Operation,Action,Control,ControlText,Category,Context
43193.6878381134,,Console/Job Manager,Start Job,Click,Button,Start,UIInteraction,JobName=CMRT-DTC;WellName=BGC;ClientName=BGCAT;StartDate=4/3/2018 4:29 PM;Workflow=Wireline;Simulator=True;UnitSystem=English;RTBackupDir=C:\Autobackup;JobSize=0;State=Available;SideTrackId=0;SessionID=14C1626A-D716-4600-9981-EB4852BC5EBD;SortOrder=1;JobGUID=95B08A94-2CD7-422F-9C27-C96E99B78F4F;WellGUID=D01DBDA6-8A4E-497A-96CF-E44D2801C638;BoreholeGUID=54753E4D-F98B-4896-BEE5-E408D3C7A079;MachineName=HPV26-001;UserName=Engineer;UserDomainName=HPV26-001;OS=Microsoft Windows NT 6.1.7601 Service Pack 1;StartedJobCount=0;TimeZone=00:00:00;IPAddress_1=192.168.78.174;IPAddress_2=::1;MWVersion=9.0.100732.3100
43193.6882793634,,Console/Job Manager,Start Deliverables Console,Click,Button,Start...,UIInteraction,JobGuid=95B08A94-2CD7-422F-9C27-C96E99B78F4F
43193.6884920486,DeliverablesSetup,UI Framework,Start Console,,,Deliverables Console Setup - Job CMRT-DTC,UIAutomatic,
43193.6885101505,,Console/Job Manager,Start Setup Console,Click,Button,Start...,UIInteraction,JobGuid=95B08A94-2CD7-422F-9C27-C96E99B78F4F
43193.6885864931,Setup,Calibration,Select Calibration Report Type,Click,ComboBox,Technical Concise,UIInteraction,
43193.6886881597,Setup,UI Framework,Start Console,,,Setup - Job CMRT-DTC,UIAutomatic,
43193.6887329167,Setup,Equipment,New ToolString,Click,ToolbarButton,New ToolString,UIInteraction,ToolstringName=New ToolString;ToolstringGuid=D6C08A20-92F0-4E90-928E-EED119E81D00
43193.6887764005,Setup,Equipment,Rename ToolString,Input,TextBox,New ToolString,UIInteraction,ToolstringGuid=D6C08A20-92F0-4E90-928E-EED119E81D00
43193.6887764236,Setup,Equipment,Rename ToolString,,,,UIAutomatic,State=Cancel
43193.6887870602,Setup,Equipment,Filter Equipment in Catalog,Input,TextBox,,UIInteraction,Text=CMRT-B
43193.6887873148,Setup,Equipment,Filter Equipment in Catalog,Input,TextBox,,UIInteraction,Text=CMRT-B
43193.6887900579,Setup,Equipment,Rename ToolString,Input,TextBox,New ToolString,UIInteraction,ToolstringGuid=D6C08A20-92F0-4E90-928E-EED119E81D00
43193.6887918634,Setup,Equipment,Add Equipment from Catalog to ToolString,Click,ToolbarButton,Add to ToolString,UIInteraction,EquipmentName=CMRT-B
43193.6888041204,Setup,Equipment,Filter Equipment in Catalog,Input,TextBox,,UIInteraction,Text=DTC-H
43193.6888042361,Setup,Equipment,Filter Equipment in Catalog,Input,TextBox,,UIInteraction,Text=DTC-H
43193.6888045949,DeliverablesSetup,Tier Manager,Tier Template Created for Tools in My Equipment,,,CMRT-B Tier Created,Deliverables Console,
43193.688808588,Setup,Equipment,Add Equipment from Catalog to ToolString,Click,ToolbarButton,Add to ToolString,UIInteraction,EquipmentName=DTC-H
43193.6888125,Setup,Equipment,Filter Equipment in Catalog,Input,TextBox,,UIInteraction,Text=LEH-QT
43193.6888126042,Setup,Equipment,Filter Equipment in Catalog,Input,TextBox,,UIInteraction,Text=LEH-QT
43193.6888171296,Setup,Equipment,Add Equipment from Catalog to ToolString,Click,ToolbarButton,Add to ToolString,UIInteraction,EquipmentName=LEH-QT
43193.6888880671,Setup,Equipment,Rename ToolString,Click,ContextMenu,Rename,UIInteraction,
43193.688895787,Setup,Equipment,Rename ToolString,Input,TextBox,CMRT-DTC,UIInteraction,ToolstringGuid=D6C08A20-92F0-4E90-928E-EED119E81D00
43193.6890305903,Setup,Properties & Parameters,Change Property Value,Update,GridCell,100,UIInteraction,OSDD=EP_SERIAL_NUMBER;EnsemblePath=CMRT-B:CMRC:CMRC
43193.689049537,Setup,Properties & Parameters,Change Property Value,Update,GridCell,100,UIInteraction,OSDD=EP_SERIAL_NUMBER;EnsemblePath=CMRT-B:CMRC:CMRH
43193.6890695486,Setup,Properties & Parameters,Change Property Value,Update,GridCell,100,UIInteraction,OSDD=EP_SERIAL_NUMBER;EnsemblePath=CMRT-B:CMRS:CMRS
43193.6892071296,Setup,Properties & Parameters,Change Property Value,Update,GridCell,200,UIInteraction,OSDD=EP_SERIAL_NUMBER;EnsemblePath=CMRT-B:CMRC:CMRH
43193.6893404514,Setup,Properties & Parameters,Change Property Value,Update,GridCell,200,UIInteraction,OSDD=EP_SERIAL_NUMBER;EnsemblePath=CMRT-B:CMRC:CMRC
43193.6893667014,Setup,UI Framework,Switch Tab,Click,Tab,DnI Initializations,UIInteraction,
43193.6893808102,Setup,DnI/Survey,Select Decimal,Click,RadioButton,Decimal,UIInteraction,
43193.6894008218,Setup,DnI/Survey,Enter Latitude,Input,TextBox,39,UIInteraction,
43193.6894117708,Setup,DnI/Survey,Enter Longitude,Input,TextBox,116,UIInteraction,
43193.6894221644,Setup,UI Framework,Switch Tab,Click,Tab,Equipment,UIInteraction,
43193.6894625694,Setup,DnI/Survey,Select Permanent Datum,Click,ComboBox,Mean Sea Level,UIInteraction,
43193.6894678009,Setup,DnI/Survey,Select Log Measured From,Click,ComboBox,Drill Floor,UIInteraction,
43193.6894767245,Setup,DnI/Survey,Enter Elevation of 'Log Measured From',Input,TextBox,1000,UIInteraction,LogMeasuredFrom=Drill Floor
43193.6894882639,Setup,UI Framework,Switch Tab,Click,Tab,DnI Initializations,UIInteraction,
43193.6895180671,Setup,DnI/Survey,Compute DnI/Elevation,Click,Button,Compute,UIInteraction,
43193.6896463773,Setup,UI Framework,Switch Tab,Click,Tab,Wellbore,UIInteraction,
43193.6896510532,Setup,Well Setup (Internal),Select Run Number,Click,ComboBox,1,UIInteraction,RunGuid=10B7F1B9-8A35-4B1C-9D3D-60A279BCDD1E
43193.6896614236,Setup,Well Setup (Internal),Enter Size for Bit Size,Update,GridCell,17.5,UIInteraction,Row=1;Column=Size (in);RunGuid=10B7F1B9-8A35-4B1C-9D3D-60A279BCDD1E
43193.6896791782,Setup,Well Setup (Internal),Enter Driller Top for Bit Size,Update,GridCell,0,UIInteraction,Row=1;Column=Driller Top (ft);RunGuid=10B7F1B9-8A35-4B1C-9D3D-60A279BCDD1E
43193.6896982639,Setup,Well Setup (Internal),Enter Driller Bottom for Bit Size,Update,GridCell,10000,UIInteraction,Row=1;Column=Driller Bottom (ft);RunGuid=10B7F1B9-8A35-4B1C-9D3D-60A279BCDD1E
43193.6897217245,Setup,Well Setup (Internal),Select Run Number,Click,ComboBox,1,UIInteraction,RunGuid=10B7F1B9-8A35-4B1C-9D3D-60A279BCDD1E
43193.6897325347,Setup,Well Setup (Internal),Enter Size for Casings,Update,GridCell,10.75,UIInteraction,Row=1;Column=Size (in);RunGuid=10B7F1B9-8A35-4B1C-9D3D-60A279BCDD1E
43193.6897501505,Setup,Well Setup (Internal),Enter Driller Top for Casings,Update,GridCell,0,UIInteraction,Row=1;Column=Driller Top (ft);RunGuid=10B7F1B9-8A35-4B1C-9D3D-60A279BCDD1E
43193.6897691204,Setup,Well Setup (Internal),Enter Driller Bottom for Casings,Update,GridCell,5000,UIInteraction,Row=1;Column=Driller Bottom (ft);RunGuid=10B7F1B9-8A35-4B1C-9D3D-60A279BCDD1E
43193.689787419,Setup,Well Setup (Internal),Enter Weight for Casings,Update,GridCell,109,UIInteraction,Row=1;Column=Weight (lbm/ft);RunGuid=10B7F1B9-8A35-4B1C-9D3D-60A279BCDD1E
43193.6898807755,Setup,Well Setup (Internal),Enter Grade for Casings,Update,GridCell,K55,UIInteraction,Row=1;Column=Grade;RunGuid=10B7F1B9-8A35-4B1C-9D3D-60A279BCDD1E
43193.6898985995,Setup,UI Framework,Switch Tab,Click,Tab,Runs,UIInteraction,
43193.6899333565,Setup,Run Manager (Internal),Associate toolstring to run,Update,GridCell,CMRT-DTC,UIInteraction,RunGuid=10B7F1B9-8A35-4B1C-9D3D-60A279BCDD1E;ToolstringGuid=D6C08A20-92F0-4E90-928E-EED119E81D00;DownholeEquipments=CMRT-BDTC-HLEH-QTEME-F;TSLevelActiveSurfaceEquips=DEPTH_DEVICETENSION_DEVICELOGGING_CABLEWAFEWITMDTM
43193.6900678125,Setup,Equipment,Close Toolstring Validation UI,Click,Button,Close,UIInteraction,ToolstringGuid=D6C08A20-92F0-4E90-928E-EED119E81D00
43193.6900756019,DeliverablesSetup,UI Framework,Switch View,Click,ToolbarButton,Deliverables Display View,UIInteraction,
43193.6901512384,DeliverablesSetup,Deliverables - Digital,Create Job Archive,Click,ContextMenu,Create,UIInteraction,ArchiveGuid=95B08A94-2CD7-422F-9C27-C96E99B78F4F;JobArchiveType=3.0
43193.6905201042,DeliverablesSetup,UI Framework,Close Console,Click,Button,,UIInteraction,JobGuid=95B08A94-2CD7-422F-9C27-C96E99B78F4F
43193.6905548148,DeliverablesSetup,UI Framework,OK to Close Deliverables - Display Console,Click,Button,OK,UIInteraction,
43193.6906354167,,Console/Job Manager,Stop Setup Console,Click,Button,Stop,UIInteraction,JobGuid=95B08A94-2CD7-422F-9C27-C96E99B78F4F
43193.6907182755,,Console/Job Manager,Stop Job,Click,Button,Stop,UIInteraction,JobGuid=95B08A94-2CD7-422F-9C27-C96E99B78F4F
