43193.6803120833,,Import/Export & Backup/Restore,Select file to import,Click,Button,...,UIInteraction,
43193.6803291204,,Import/Export & Backup/Restore,OK to select file,,,,UIAutomatic,FilePath=C:\DataValidation\APS-C\APS-C_Normal_3.0.9605.1036_JA.Dlis
43193.6804211111,,Import/Export & Backup/Restore,Start Import,Click,Button,Import,UIInteraction,FilePath=C:\DataValidation\APS-C\APS-C_Normal_3.0.9605.1036_JA.Dlis
43193.6829624769,,Import/Export & Backup/Restore,Close Import UI,Click,Button,Close,UIInteraction,
43193.6831034954,,Console/Job Manager,Select Auto Backup Folder,Click,ComboBox,C:\Autobackup,UIInteraction,
43193.6919899884,,UI Framework,Close Console,Click,Button,,UIInteraction,
43193.6949984028,,UI Framework,Initialize Maxwell Manager Process Name,,,Initialize Maxwell Manager Process Name,,
43193.6950217014,,UI Framework,Start Console,,,Maxwell Manager,UIAutomatic,MachineName=HPV03-010;UserName=Engineer;UserDomainName=HPV03-010;OS=Microsoft Windows NT 6.1.7601 Service Pack 1;TimeZone=00:00:00;IPAddress_1=192.168.178.59;IPAddress_2=::1;MWVersion=9.0.100732.3100
43193.6952537153,,Console/Job Manager,Import Job Archive,Click,ContextMenu,Create Import,UIInteraction,
43193.6952617361,,Import/Export & Backup/Restore,Select file to import,Click,Button,...,UIInteraction,
43193.6953477662,,Import/Export & Backup/Restore,OK to select file,,,,UIAutomatic,FilePath=\\srv004bgc.dir.slb.com\MaxwellAT\TestData\TestData\Phase3\JobArchive\DnM_SWF_ARC6_ADN6_Sonic6_SETUP.Dlis
43193.6954005556,,Import/Export & Backup/Restore,Start Import,Click,Button,Import,UIInteraction,FilePath=\\srv004bgc.dir.slb.com\MaxwellAT\TestData\TestData\Phase3\JobArchive\DnM_SWF_ARC6_ADN6_Sonic6_SETUP.Dlis
43193.6958596875,,Import/Export & Backup/Restore,Close Import UI,Click,Button,Close,UIInteraction,
43193.6959976852,,Console/Job Manager,Select Auto Backup Folder,Click,ComboBox,C:\Autobackup,UIInteraction,
43193.7570009838,,UI Framework,Close Console,Click,Button,,UIInteraction,
