Time,Process,Component,Operation,Action,Control,ControlText,Category,Context
43193.7835191435,,Console/Job Manager,Start Job,Click,Button,Start,UIInteraction,JobName=ADN6;WellName=1-OGX-1-RJS;ClientName=OGX PETROLEO & GASLTDA.;StartDate=4/3/2018 6:48 PM;Workflow=D&M;Simulator=False;UnitSystem=Metric;JobSize=0;State=Available;SideTrackId=0;SessionID=7F83930A-B688-44C4-8695-C8D0E588DCF6;SortOrder=1;JobGUID=742F2076-618A-47EA-ABD8-4F920AE19771;WellGUID=FF84F452-D11B-4227-86EA-DD91156E4BF8;BoreholeGUID=137BF78C-4EB7-4D5A-B704-837B0B28D332;MachineName=HPV02-003;UserName=Engineer;UserDomainName=HPV02-003;OS=Microsoft Windows NT 6.1.7601 Service Pack 1;StartedJobCount=0;TimeZone=00:00:00;IPAddress_1=192.168.78.154;IPAddress_2=::1;MWVersion=9.0.100733.3100
43193.7841987732,,Console/Job Manager,Stop Job,Click,Button,Stop,UIInteraction,JobGuid=742F2076-618A-47EA-ABD8-4F920AE19771
43193.7850608912,,Console/Job Manager,Start Job,Click,Button,Start,UIInteraction,JobName=ADN6;WellName=1-OGX-1-RJS;ClientName=OGX PETROLEO & GASLTDA.;StartDate=4/3/2018 6:48 PM;Workflow=D&M;Simulator=False;UnitSystem=Metric;RTBackupDir=C:\AutoBackup;JobSize=0;State=Available;SideTrackId=0;SessionID=7F83930A-B688-44C4-8695-C8D0E588DCF6;SortOrder=1;JobGUID=742F2076-618A-47EA-ABD8-4F920AE19771;WellGUID=FF84F452-D11B-4227-86EA-DD91156E4BF8;BoreholeGUID=137BF78C-4EB7-4D5A-B704-837B0B28D332;MachineName=HPV02-003;UserName=Engineer;UserDomainName=HPV02-003;OS=Microsoft Windows NT 6.1.7601 Service Pack 1;StartedJobCount=0;TimeZone=00:00:00;IPAddress_1=192.168.78.154;IPAddress_2=::1;MWVersion=9.0.100733.3100
43193.7851305556,,Console/Job Manager,Start Setup Console,Click,Button,Start...,UIInteraction,JobGuid=742F2076-618A-47EA-ABD8-4F920AE19771
43193.7852943519,Setup,UI Framework,Start Console,,,Setup - Job ADN6,UIAutomatic,
43193.7853451505,Setup,Run Manager (Internal),Start Run,Click,Button,Start,UIInteraction,RunGuid=1A178AED-F4AE-4995-9532-3018819C91F5;ToolstringGuid=0DEF0FA3-FDA7-4483-B0F9-AA4C2267E72F;DownholeEquipments=Bit: 8 1/2":Stabilizer:PDXTRA_675:NMDC: 6 3/4":Stab: 6 3/4":NMDC: 6 3/4":Stab: 6 3/4":ARC6:TELE675:Stab: 6 3/4":SONICVISION6:ADN6C;TSLevelActiveSurfaceEquips=DRILLING_SURFACE
43193.785453044,Setup,Equipment,Activate Run,Click,Button,Activate,UIInteraction,ToolstringGuid=0DEF0FA3-FDA7-4483-B0F9-AA4C2267E72F;DownholeEquipments=Bit: 8 1/2":Stabilizer:PDXTRA_675:NMDC: 6 3/4":Stab: 6 3/4":NMDC: 6 3/4":Stab: 6 3/4":ARC6:TELE675:Stab: 6 3/4":SONICVISION6:ADN6C;TSLevelActiveSurfaceEquips=DRILLING_SURFACE
43193.7856458796,DnMAcquisition,Data Acquiring - D&M,HSPM Control/Set Location,Click,ComboBox,LOCAL,UIInteraction,
43193.7856459028,DnMAcquisition,Data Acquiring - D&M,HSPM Control/Set Recover Buffer,Click,ComboBox,No,UIInteraction,
43193.7856758796,DnMAcquisition,UI Framework,Start Console,,,Acquisition Console - Job ADN6 - Run 1,UIAutomatic,
43193.7865411343,DnMAcquisition,Manage Tasks,HSPM Control,DoubleClick,TreeView,HSPM Control,UIInteraction,TaskName=HSPM Control
43193.7865564236,DnMAcquisition,Data Acquiring - D&M,HSPM Control/Set Recover Buffer,Click,ComboBox,No,UIInteraction,
43193.7865743287,DnMAcquisition,Data Acquiring - D&M,HSPM Control/Connect HSPM,Click,Button,Connect,UIInteraction,
43193.7866064236,DnMAcquisition,Data Acquiring - D&M,HSPM Control/Buffer Recovery Warning/OK,Click,Button,OK,UIInteraction,
43193.7871417014,DnMAcquisition,UI Framework,Switch Tab,Click,Tab,Data Gauges,UIInteraction,
43193.7872033681,DnMAcquisition,UI Framework,Switch Tab,Click,Tab,Time,UIInteraction,
43193.7872778009,DnMAcquisition,Data Gauge / Alerts,Delete DataGauge,Click,ToolbarButton,Delete Selected Gauge,UIInteraction,Channel OSDD= TSTA
43193.7873299769,DnMAcquisition,UI Framework,Switch Tab,Click,Tab,Data Gauges,UIInteraction,
43193.7874369907,DnMAcquisition,Data Gauge / Alerts,Add Data Gauge,Click,ToolbarButton,Add Data Gauges...,UIInteraction,
43193.7875697338,DnMAcquisition,Data Explorer,Change Focused Item to Up-Level,Click,ToolbarButton,Level Up,UIInteraction,
43193.7875697569,DnMAcquisition,Data Explorer,Change Current Focused Item,,,,UIAutomatic,EntityName=Run 1;EntityType=16;EntityGuid=1A178AED-F4AE-4995-9532-3018819C91F5
43193.7876460764,DnMAcquisition,Data Explorer,Change Focused Item to Up-Level,Click,ToolbarButton,Level Up,UIInteraction,
43193.787646088,DnMAcquisition,Data Explorer,Change Current Focused Item,,,,UIAutomatic,EntityName=1-OGX-1-RJS;EntityType=8;EntityGuid=137BF78C-4EB7-4D5A-B704-837B0B28D332
43193.7877230556,DnMAcquisition,Data Explorer,Change Focused Item to Up-Level,Click,ToolbarButton,Level Up,UIInteraction,
43193.7877230671,DnMAcquisition,Data Explorer,Change Current Focused Item,,,,UIAutomatic,EntityName=1-OGX-1-RJS;EntityType=4;EntityGuid=FF84F452-D11B-4227-86EA-DD91156E4BF8
43193.787798912,DnMAcquisition,Data Explorer,Change Focused Item to Up-Level,Click,ToolbarButton,Level Up,UIInteraction,
43193.7877989236,DnMAcquisition,Data Explorer,Change Current Focused Item,,,,UIAutomatic,EntityName=ADN6;EntityType=2;EntityGuid=742F2076-618A-47EA-ABD8-4F920AE19771
43193.7879044907,DnMAcquisition,Data Explorer,Change Current Focused Item,,,,UIAutomatic,EntityName=1-OGX-1-RJS;EntityType=4;EntityGuid=FF84F452-D11B-4227-86EA-DD91156E4BF8
43193.7879604977,DnMAcquisition,Data Explorer,Change Current Focused Item,,,,UIAutomatic,EntityName=1-OGX-1-RJS;EntityType=8;EntityGuid=137BF78C-4EB7-4D5A-B704-837B0B28D332
43193.7880158449,DnMAcquisition,Data Explorer,Change Current Focused Item,,,,UIAutomatic,EntityName=Run 1;EntityType=16;EntityGuid=1A178AED-F4AE-4995-9532-3018819C91F5
43193.7880745602,DnMAcquisition,Data Explorer,Change Current Focused Item,,,,UIAutomatic,EntityName=TimeLogicalAcq;EntityType=32;EntityGuid=84E62072-726A-451F-A6BC-5D29640DC0F9
43193.788152419,DnMAcquisition,Data Explorer,Click OK Button,Click,Button,OK,UIInteraction,Selection=STICK_STICK_RT_Stick Slip Indicator_TELE675_1___
43193.7881525926,DnMAcquisition,Data Gauge / Alerts,Select Channel in Channel Selection Dialog,Click,Button,OK,UIInteraction,Channel OSDD=STICK
43193.7882297106,Setup,Units,Show Unit System Manager,Click,MenuItem,Unit System Manager,UIInteraction,
43193.7883171991,Setup,Units,Change unit type,Click,ContextMenu,gal/min,UIInteraction,OldValue=L/min;UnitQuantity=MudFlowrate
43193.7883258681,Setup,Units,Save unit change to a different file,Click,Button,Save As...,UIInteraction,UnitSystem=OGXPETROLEO3
43193.7883266088,Setup,Units,Select unit system,Click,ComboBox,OGXPETROLEO3,UIInteraction,
43193.7883366319,Setup,Units,Select unit system,Click,ComboBox,OGXPETROLEO3,UIInteraction,
43193.7883609607,Setup,Units,Close Unit System Manager,Click,Button,Close,UIInteraction,
43193.7884045486,DnMAcquisition,Data Gauge / Alerts,Add Data Gauge,Click,ToolbarButton,Add Data Gauges...,UIInteraction,
43193.7885274768,DnMAcquisition,Data Explorer,Change Current Focused Item,,,,UIAutomatic,EntityName=Run 1;EntityType=16;EntityGuid=1A178AED-F4AE-4995-9532-3018819C91F5
43193.7885274653,DnMAcquisition,Data Explorer,Change Focused Item to Up-Level,Click,ToolbarButton,Level Up,UIInteraction,
43193.7886053356,DnMAcquisition,Data Explorer,Change Focused Item to Up-Level,Click,ToolbarButton,Level Up,UIInteraction,
43193.7886053472,DnMAcquisition,Data Explorer,Change Current Focused Item,,,,UIAutomatic,EntityName=1-OGX-1-RJS;EntityType=8;EntityGuid=137BF78C-4EB7-4D5A-B704-837B0B28D332
43193.7886793056,DnMAcquisition,Data Explorer,Change Focused Item to Up-Level,Click,ToolbarButton,Level Up,UIInteraction,
43193.7886793171,DnMAcquisition,Data Explorer,Change Current Focused Item,,,,UIAutomatic,EntityName=1-OGX-1-RJS;EntityType=4;EntityGuid=FF84F452-D11B-4227-86EA-DD91156E4BF8
43193.7887567245,DnMAcquisition,Data Explorer,Change Focused Item to Up-Level,Click,ToolbarButton,Level Up,UIInteraction,
43193.7887567361,DnMAcquisition,Data Explorer,Change Current Focused Item,,,,UIAutomatic,EntityName=ADN6;EntityType=2;EntityGuid=742F2076-618A-47EA-ABD8-4F920AE19771
43193.788855162,DnMAcquisition,Data Explorer,Change Current Focused Item,,,,UIAutomatic,EntityName=1-OGX-1-RJS;EntityType=4;EntityGuid=FF84F452-D11B-4227-86EA-DD91156E4BF8
43193.7889133102,DnMAcquisition,Data Explorer,Change Current Focused Item,,,,UIAutomatic,EntityName=1-OGX-1-RJS;EntityType=8;EntityGuid=137BF78C-4EB7-4D5A-B704-837B0B28D332
43193.7889657523,DnMAcquisition,Data Explorer,Change Current Focused Item,,,,UIAutomatic,EntityName=Run 1;EntityType=16;EntityGuid=1A178AED-F4AE-4995-9532-3018819C91F5
43193.789018831,DnMAcquisition,Data Explorer,Change Current Focused Item,,,,UIAutomatic,EntityName=TimeLogicalAcq;EntityType=32;EntityGuid=84E62072-726A-451F-A6BC-5D29640DC0F9
43193.7890830324,DnMAcquisition,Data Gauge / Alerts,Select Channel in Channel Selection Dialog,Click,Button,OK,UIInteraction,Channel OSDD=DATP_4304
43193.7890829861,DnMAcquisition,Data Explorer,Click OK Button,Click,Button,OK,UIInteraction,Selection=DATP_4304_DATP_4304_RT_Sonic Generic Data Point 3_SONICVISION6_1___
43193.7891788889,DnMAcquisition,Data Gauge / Alerts,Add Data Gauge,Click,ToolbarButton,Add Data Gauges...,UIInteraction,
43193.789301412,DnMAcquisition,Data Explorer,Change Focused Item to Up-Level,Click,ToolbarButton,Level Up,UIInteraction,
43193.7893014236,DnMAcquisition,Data Explorer,Change Current Focused Item,,,,UIAutomatic,EntityName=Run 1;EntityType=16;EntityGuid=1A178AED-F4AE-4995-9532-3018819C91F5
43193.7893790394,DnMAcquisition,Data Explorer,Change Focused Item to Up-Level,Click,ToolbarButton,Level Up,UIInteraction,
43193.7893790509,DnMAcquisition,Data Explorer,Change Current Focused Item,,,,UIAutomatic,EntityName=1-OGX-1-RJS;EntityType=8;EntityGuid=137BF78C-4EB7-4D5A-B704-837B0B28D332
43193.7894535185,DnMAcquisition,Data Explorer,Change Focused Item to Up-Level,Click,ToolbarButton,Level Up,UIInteraction,
43193.7894535185,DnMAcquisition,Data Explorer,Change Current Focused Item,,,,UIAutomatic,EntityName=1-OGX-1-RJS;EntityType=4;EntityGuid=FF84F452-D11B-4227-86EA-DD91156E4BF8
43193.7895272106,DnMAcquisition,Data Explorer,Change Focused Item to Up-Level,Click,ToolbarButton,Level Up,UIInteraction,
43193.7895272222,DnMAcquisition,Data Explorer,Change Current Focused Item,,,,UIAutomatic,EntityName=ADN6;EntityType=2;EntityGuid=742F2076-618A-47EA-ABD8-4F920AE19771
43193.7896286921,DnMAcquisition,Data Explorer,Change Current Focused Item,,,,UIAutomatic,EntityName=1-OGX-1-RJS;EntityType=4;EntityGuid=FF84F452-D11B-4227-86EA-DD91156E4BF8
43193.7896861343,DnMAcquisition,Data Explorer,Change Current Focused Item,,,,UIAutomatic,EntityName=1-OGX-1-RJS;EntityType=8;EntityGuid=137BF78C-4EB7-4D5A-B704-837B0B28D332
43193.7897397569,DnMAcquisition,Data Explorer,Change Current Focused Item,,,,UIAutomatic,EntityName=Run 1;EntityType=16;EntityGuid=1A178AED-F4AE-4995-9532-3018819C91F5
43193.7897922917,DnMAcquisition,Data Explorer,Change Current Focused Item,,,,UIAutomatic,EntityName=TimeLogicalAcq;EntityType=32;EntityGuid=84E62072-726A-451F-A6BC-5D29640DC0F9
43193.7898626157,DnMAcquisition,Data Gauge / Alerts,Select Channel in Channel Selection Dialog,Click,Button,OK,UIInteraction,Channel OSDD=ORION_RP34B
43193.7898625694,DnMAcquisition,Data Explorer,Click OK Button,Click,Button,OK,UIInteraction,Selection=ORION_RP34B_ORION_RP34B_Orion-compressed Flag Phase Shift Res 34 in Blended_ARC6_1___
43193.7899564931,DnMAcquisition,Data Gauge / Alerts,Add Data Gauge,Click,ToolbarButton,Add Data Gauges...,UIInteraction,
43193.7900779745,DnMAcquisition,Data Explorer,Change Focused Item to Up-Level,Click,ToolbarButton,Level Up,UIInteraction,
43193.7900779745,DnMAcquisition,Data Explorer,Change Current Focused Item,,,,UIAutomatic,EntityName=Run 1;EntityType=16;EntityGuid=1A178AED-F4AE-4995-9532-3018819C91F5
43193.7901556134,DnMAcquisition,Data Explorer,Change Current Focused Item,,,,UIAutomatic,EntityName=1-OGX-1-RJS;EntityType=8;EntityGuid=137BF78C-4EB7-4D5A-B704-837B0B28D332
43193.7901555903,DnMAcquisition,Data Explorer,Change Focused Item to Up-Level,Click,ToolbarButton,Level Up,UIInteraction,
43193.7902303704,DnMAcquisition,Data Explorer,Change Current Focused Item,,,,UIAutomatic,EntityName=1-OGX-1-RJS;EntityType=4;EntityGuid=FF84F452-D11B-4227-86EA-DD91156E4BF8
43193.7902303588,DnMAcquisition,Data Explorer,Change Focused Item to Up-Level,Click,ToolbarButton,Level Up,UIInteraction,
43193.7903043519,DnMAcquisition,Data Explorer,Change Focused Item to Up-Level,Click,ToolbarButton,Level Up,UIInteraction,
43193.7903043634,DnMAcquisition,Data Explorer,Change Current Focused Item,,,,UIAutomatic,EntityName=ADN6;EntityType=2;EntityGuid=742F2076-618A-47EA-ABD8-4F920AE19771
43193.7904028819,DnMAcquisition,Data Explorer,Change Current Focused Item,,,,UIAutomatic,EntityName=1-OGX-1-RJS;EntityType=4;EntityGuid=FF84F452-D11B-4227-86EA-DD91156E4BF8
43193.7904602431,DnMAcquisition,Data Explorer,Change Current Focused Item,,,,UIAutomatic,EntityName=1-OGX-1-RJS;EntityType=8;EntityGuid=137BF78C-4EB7-4D5A-B704-837B0B28D332
43193.7905137037,DnMAcquisition,Data Explorer,Change Current Focused Item,,,,UIAutomatic,EntityName=Run 1;EntityType=16;EntityGuid=1A178AED-F4AE-4995-9532-3018819C91F5
43193.7905667477,DnMAcquisition,Data Explorer,Change Current Focused Item,,,,UIAutomatic,EntityName=TimeLogicalAcq;EntityType=32;EntityGuid=84E62072-726A-451F-A6BC-5D29640DC0F9
43193.7906339931,DnMAcquisition,Data Explorer,Click OK Button,Click,Button,OK,UIInteraction,Selection=FAR_A_FAR_A_Unfiltered Average Far Total Count Rate_ADN6C_1___
43193.7906340394,DnMAcquisition,Data Gauge / Alerts,Select Channel in Channel Selection Dialog,Click,Button,OK,UIInteraction,Channel OSDD=FAR_A
43193.7907915625,DnMAcquisition,UI Framework,Switch Tab,Click,Tab,Time,UIInteraction,
43193.7908408449,DnMAcquisition,UI Framework,Switch Tab,Click,Tab,Alarms,UIInteraction,
43193.7908820833,DnMAcquisition,UI Framework,Switch Tab,Click,Tab,Time,UIInteraction,
43193.7908827431,DnMAcquisition,UI Framework,Switch Tab,Click,Tab,Data Gauges,UIInteraction,
43193.7909548148,DnMAcquisition,Data Gauge / Alerts,Launch Alarm Manager,Click,ToolbarButton,Launch Alarms Manager...,UIInteraction,
43193.7909548611,DnMAcquisition,UI Framework,Switch Tab,Click,Tab,Alarms,UIInteraction,
43193.7911820139,DnMAcquisition,Data Gauge / Alerts,Enable/Disable Alarm,Click,CheckBox,DHAP,UIInteraction,CheckState=True
43193.7911863079,DnMAcquisition,Data Gauge / Alerts,Enable/Disable Beep,Click,CheckBox,DHAP,UIInteraction,CheckState=True
43193.791189537,DnMAcquisition,Data Gauge / Alerts,Enable/Disable Display Gauge,Click,CheckBox,DHAP,UIInteraction,CheckState=True
43193.7912038889,DnMAcquisition,UI Framework,Switch Tab,Click,Tab,Data Gauges,UIInteraction,
43193.7912459606,DnMAcquisition,Data Gauge / Alerts,Launch Alarm Manager,Click,ToolbarButton,Launch Alarms Manager...,UIInteraction,
43193.7912460185,DnMAcquisition,UI Framework,Switch Tab,Click,Tab,Alarms,UIInteraction,
43193.7912940278,DnMAcquisition,Data Explorer,Change Current Focused Item,,,,UIAutomatic,EntityName=TimeLogicalAcq;EntityType=32;EntityGuid=84E62072-726A-451F-A6BC-5D29640DC0F9
43193.7913251968,DnMAcquisition,Data Explorer,Click OK Button,Click,Button,OK,UIInteraction,Selection=TRPM_TRPM_RT_MWD Turbine Rotation Speed_TELE675_1___
43193.7913894907,DnMAcquisition,UI Framework,Switch Tab,Click,Tab,Data Gauges,UIInteraction,
43193.7915309375,DnMAcquisition,Viewers,HSPM Telemetry Monitor,DoubleClick,TreeView,HSPM Telemetry Monitor,UIInteraction,TaskName=HSPM Telemetry Monitor
43193.7915721991,DnMAcquisition,Data Tasks,Parameters,DoubleClick,TreeView,Parameters,UIInteraction,TaskName=Parameters
43193.7917610069,DnMAcquisition,Properties & Parameters,Change Parameter Value,Update,GridCell,62079.93,UIInteraction,OSDD=BSAL;EnsemblePath=Borehole
43193.7917615509,Setup,Computation / Recomputation,ProcessRecomputeState,,,,UIAutomatic,JobGuid=742F2076-618A-47EA-ABD8-4F920AE19771;State=UIS_RECOMPUTATION_STATE_PENDING;Scope=JobScope;RecompPercentageComplete=;MultipleRunsAffected=False;ActiveRunAffected=True;ActiveRunInProgress=False;RunCount=1;Run0Change0=Parameter;Run0Guid=1A178AED-F4AE-4995-9532-3018819C91F5
43193.791761713,DnMAcquisition,Computation / Recomputation,ProcessRecomputeState,,,,UIAutomatic,JobGuid=742F2076-618A-47EA-ABD8-4F920AE19771;State=UIS_RECOMPUTATION_STATE_PENDING;Scope=JobScope;RecompPercentageComplete=;MultipleRunsAffected=False;ActiveRunAffected=True;ActiveRunInProgress=False;RunCount=1;Run0Change0=Parameter;Run0Guid=1A178AED-F4AE-4995-9532-3018819C91F5
43193.7919191898,DnMAcquisition,Properties & Parameters,Change Parameter Value,Update,GridCell,1.3,UIInteraction,OSDD=DFD;EnsemblePath=Borehole
43193.791919294,Setup,Computation / Recomputation,ProcessRecomputeState,,,,UIAutomatic,JobGuid=742F2076-618A-47EA-ABD8-4F920AE19771;State=UIS_RECOMPUTATION_STATE_PENDING;Scope=JobScope;RecompPercentageComplete=;MultipleRunsAffected=False;ActiveRunAffected=True;ActiveRunInProgress=False;RunCount=1;Run0Change0=Parameter;Run0Guid=1A178AED-F4AE-4995-9532-3018819C91F5
43193.7919198958,DnMAcquisition,Computation / Recomputation,ProcessRecomputeState,,,,UIAutomatic,JobGuid=742F2076-618A-47EA-ABD8-4F920AE19771;State=UIS_RECOMPUTATION_STATE_PENDING;Scope=JobScope;RecompPercentageComplete=;MultipleRunsAffected=False;ActiveRunAffected=True;ActiveRunInProgress=False;RunCount=1;Run0Change0=Parameter;Run0Guid=1A178AED-F4AE-4995-9532-3018819C91F5
43193.7920725579,DnMAcquisition,Properties & Parameters,Change Parameter Value,Update,GridCell,1.4,UIInteraction,OSDD=FLEV;EnsemblePath=Borehole
43193.7920726389,Setup,Computation / Recomputation,ProcessRecomputeState,,,,UIAutomatic,JobGuid=742F2076-618A-47EA-ABD8-4F920AE19771;State=UIS_RECOMPUTATION_STATE_PENDING;Scope=JobScope;RecompPercentageComplete=;MultipleRunsAffected=False;ActiveRunAffected=True;ActiveRunInProgress=False;RunCount=1;Run0Change0=Parameter;Run0Guid=1A178AED-F4AE-4995-9532-3018819C91F5
43193.7920731134,DnMAcquisition,Computation / Recomputation,ProcessRecomputeState,,,,UIAutomatic,JobGuid=742F2076-618A-47EA-ABD8-4F920AE19771;State=UIS_RECOMPUTATION_STATE_PENDING;Scope=JobScope;RecompPercentageComplete=;MultipleRunsAffected=False;ActiveRunAffected=True;ActiveRunInProgress=False;RunCount=1;Run0Change0=Parameter;Run0Guid=1A178AED-F4AE-4995-9532-3018819C91F5
43193.7921075463,,Console/Job Manager,Start Rig Floor Console,Click,Button,Start...,UIInteraction,JobGuid=742F2076-618A-47EA-ABD8-4F920AE19771
43193.7921532755,RigFloor,UI Framework,Start Console,,,Rig Floor Console - Job ADN6,UIAutomatic,
43193.7921796065,,Console/Job Manager,Start Witness Console Console,Click,Button,Start...,UIInteraction,JobGuid=742F2076-618A-47EA-ABD8-4F920AE19771
43193.7921922222,Witness,UI Framework,Start Console,,,Witness Console - Job ADN6,UIAutomatic,
43193.7922943287,WitnessDisplay,UI Framework,Start Console,,,Witness Display Console - Drilling View - Job ADN6,UIAutomatic,
43193.7995175116,RigFloor,Data Explorer,Click OK Button,Click,Button,OK,UIInteraction,Selection=ECD_ECD_RT_Equivalent Circulating Density_ARC6_1___
43193.7995859954,RigFloor,Data Explorer,Click OK Button,Click,Button,OK,UIInteraction,Selection=ESD_ESD_Equivalent Static Density_ARC6_1___
43193.7996570139,RigFloor,Data Explorer,Click OK Button,Click,Button,OK,UIInteraction,Selection=SHKR_SHKR_Shock Rate_PDXTRA_675_1___
43193.7997290394,RigFloor,Data Explorer,Click OK Button,Click,Button,OK,UIInteraction,Selection=TRPM_TRPM_RT_MWD Turbine Rotation Speed_TELE675_1___
43193.7997976389,RigFloor,Data Explorer,Click OK Button,Click,Button,OK,UIInteraction,Selection=AZIM_AZIM_Measured Azimuth_DnMWorkflow_1___
43193.7998685995,RigFloor,Data Explorer,Click OK Button,Click,Button,OK,UIInteraction,Selection=INCL_INCL_Hole inclination_DnMWorkflow_1___
43193.800106088,DnMAcquisition,Manage Tasks,Survey Manager,DoubleClick,TreeView,Survey Manager,UIInteraction,TaskName=Survey Manager
43193.8399384722,DnMAcquisition,Data Acquiring - D&M,Survey Manager/Export ASCII Survey,Click,ContextMenu,Export ASCII Survey Listing,UIInteraction,
43193.8399542708,DnMAcquisition,Data Acquiring - D&M,Survey Manager/Export Survey,Click,Button,Export Survey,UIInteraction,Surveys path=C:\TestComplete;Surveys name=PrintSurveyList.csv
43193.8399773843,DnMAcquisition,Data Acquiring - D&M,Survey Manager/Calculate TVD from MD,Click,ToolbarButton,Calculate TVD from MD,UIInteraction,
43193.8400930324,DnMAcquisition,Computation / Recomputation,Recompute All Pending Runs,Click,ToolbarButton,Recompute All Pending Runs,UIInteraction,
43193.840093044,DnMAcquisition,Computation / Recomputation,Start Recomputation During Acquisition,Click,ToolbarButton,Recompute All Pending Runs,UIInteraction,FeatureName=Framework.RTOOP
43193.8400931481,Setup,Computation / Recomputation,ProcessRecomputeState,,,,UIAutomatic,JobGuid=742F2076-618A-47EA-ABD8-4F920AE19771;State=UIS_RECOMPUTATION_STATE_STARTING;Scope=JobScope;RecompPercentageComplete=;MultipleRunsAffected=False;ActiveRunAffected=True;ActiveRunInProgress=True;RunCount=1;Run0Change0=Parameter;Run0Guid=1A178AED-F4AE-4995-9532-3018819C91F5
43193.8400934606,DnMAcquisition,Computation / Recomputation,ProcessRecomputeState,,,,UIAutomatic,JobGuid=742F2076-618A-47EA-ABD8-4F920AE19771;State=UIS_RECOMPUTATION_STATE_STARTING;Scope=JobScope;RecompPercentageComplete=;MultipleRunsAffected=False;ActiveRunAffected=True;ActiveRunInProgress=True;RunCount=1;Run0Change0=Parameter;Run0Guid=1A178AED-F4AE-4995-9532-3018819C91F5
43193.8400940741,Setup,Computation / Recomputation,ProcessRecomputeState,,,,UIAutomatic,JobGuid=742F2076-618A-47EA-ABD8-4F920AE19771;State=UIS_RECOMPUTATION_STATE_IN_PROGRESS;Scope=JobScope;RecompPercentageComplete=;MultipleRunsAffected=False;ActiveRunAffected=True;ActiveRunInProgress=True;RunCount=1;Run0Change0=Parameter;Run0Guid=1A178AED-F4AE-4995-9532-3018819C91F5
43193.8400940741,DnMAcquisition,Computation / Recomputation,ProcessRecomputeState,,,,UIAutomatic,JobGuid=742F2076-618A-47EA-ABD8-4F920AE19771;State=UIS_RECOMPUTATION_STATE_IN_PROGRESS;Scope=JobScope;RecompPercentageComplete=;MultipleRunsAffected=False;ActiveRunAffected=True;ActiveRunInProgress=True;RunCount=1;Run0Change0=Parameter;Run0Guid=1A178AED-F4AE-4995-9532-3018819C91F5
43193.8403153704,Setup,Computation / Recomputation,ProcessRecomputeState,,,,UIAutomatic,JobGuid=742F2076-618A-47EA-ABD8-4F920AE19771;State=UIS_RECOMPUTATION_STATE_SUCCEEDED;Scope=JobScope;RecompPercentageComplete=;MultipleRunsAffected=False;ActiveRunAffected=True;ActiveRunInProgress=True;RunCount=1;Run0Change0=Parameter;Run0Guid=1A178AED-F4AE-4995-9532-3018819C91F5
43193.8403154514,DnMAcquisition,Computation / Recomputation,ProcessRecomputeState,,,,UIAutomatic,JobGuid=742F2076-618A-47EA-ABD8-4F920AE19771;State=UIS_RECOMPUTATION_STATE_SUCCEEDED;Scope=JobScope;RecompPercentageComplete=;MultipleRunsAffected=False;ActiveRunAffected=True;ActiveRunInProgress=True;RunCount=1;Run0Change0=Parameter;Run0Guid=1A178AED-F4AE-4995-9532-3018819C91F5
43193.840381875,DnMAcquisition,Manage Tasks,Survey Manager,DoubleClick,TreeView,Survey Manager,UIInteraction,TaskName=Survey Manager
43193.8405487732,DnMAcquisition,Data Acquiring - D&M,Survey Manager/Accept survey,Click,Button,Accept,UIInteraction,
43193.840558125,DnMAcquisition,Computation / Recomputation,ProcessRecomputeState,,,,UIAutomatic,JobGuid=742F2076-618A-47EA-ABD8-4F920AE19771;State=UIS_RECOMPUTATION_STATE_STARTING;Scope=JobScope;RecompPercentageComplete=;MultipleRunsAffected=False;ActiveRunAffected=True;ActiveRunInProgress=True;RunCount=1;Run0Change0=LastSurvey;Run0Guid=1A178AED-F4AE-4995-9532-3018819C91F5
43193.840558125,Setup,Computation / Recomputation,ProcessRecomputeState,,,,UIAutomatic,JobGuid=742F2076-618A-47EA-ABD8-4F920AE19771;State=UIS_RECOMPUTATION_STATE_STARTING;Scope=JobScope;RecompPercentageComplete=;MultipleRunsAffected=False;ActiveRunAffected=True;ActiveRunInProgress=True;RunCount=1;Run0Change0=LastSurvey;Run0Guid=1A178AED-F4AE-4995-9532-3018819C91F5
43193.840558831,Setup,Computation / Recomputation,ProcessRecomputeState,,,,UIAutomatic,JobGuid=742F2076-618A-47EA-ABD8-4F920AE19771;State=UIS_RECOMPUTATION_STATE_IN_PROGRESS;Scope=JobScope;RecompPercentageComplete=;MultipleRunsAffected=False;ActiveRunAffected=True;ActiveRunInProgress=True;RunCount=1;Run0Change0=LastSurvey;Run0Guid=1A178AED-F4AE-4995-9532-3018819C91F5
43193.8405590741,DnMAcquisition,Computation / Recomputation,ProcessRecomputeState,,,,UIAutomatic,JobGuid=742F2076-618A-47EA-ABD8-4F920AE19771;State=UIS_RECOMPUTATION_STATE_IN_PROGRESS;Scope=JobScope;RecompPercentageComplete=;MultipleRunsAffected=False;ActiveRunAffected=True;ActiveRunInProgress=True;RunCount=1;Run0Change0=LastSurvey;Run0Guid=1A178AED-F4AE-4995-9532-3018819C91F5
43193.8420389815,Setup,Computation / Recomputation,ProcessRecomputeState,,,,UIAutomatic,JobGuid=742F2076-618A-47EA-ABD8-4F920AE19771;State=UIS_RECOMPUTATION_STATE_SUCCEEDED;Scope=JobScope;RecompPercentageComplete=;MultipleRunsAffected=False;ActiveRunAffected=True;ActiveRunInProgress=True;RunCount=1;Run0Change0=LastSurvey;Run0Guid=1A178AED-F4AE-4995-9532-3018819C91F5
43193.8420412384,DnMAcquisition,Computation / Recomputation,ProcessRecomputeState,,,,UIAutomatic,JobGuid=742F2076-618A-47EA-ABD8-4F920AE19771;State=UIS_RECOMPUTATION_STATE_SUCCEEDED;Scope=JobScope;RecompPercentageComplete=;MultipleRunsAffected=False;ActiveRunAffected=True;ActiveRunInProgress=True;RunCount=1;Run0Change0=LastSurvey;Run0Guid=1A178AED-F4AE-4995-9532-3018819C91F5
43193.8421261921,DnMAcquisition,Manage Tasks,HSPM Control,DoubleClick,TreeView,HSPM Control,UIInteraction,TaskName=HSPM Control
43193.8421262847,DnMAcquisition,Data Acquiring - D&M,HSPM Control/Set Recover Buffer,Click,ComboBox,No,UIInteraction,
43193.8421262732,DnMAcquisition,Data Acquiring - D&M,HSPM Control/Set Location,Click,ComboBox,LOCAL,UIInteraction,
43193.8421530556,DnMAcquisition,Data Acquiring - D&M,HSPM Control/Disconnect,Click,Button,Disconnect,UIInteraction,
43193.8425428009,,Console/Job Manager,Stop Acquisition Console,Click,Button,Stop,UIInteraction,JobGuid=742F2076-618A-47EA-ABD8-4F920AE19771
43193.8426045486,,Console/Job Manager,Stop Rig Floor Console,Click,Button,Stop,UIInteraction,JobGuid=742F2076-618A-47EA-ABD8-4F920AE19771
43193.8426684259,Setup,Run Manager (Internal),Stop Run,Click,Button,Stop,UIInteraction,RunGuid=1A178AED-F4AE-4995-9532-3018819C91F5
43193.8427097685,Setup,Run Manager (Internal),Confirm to Stop Run,Click,Button,OK,UIInteraction,RunGuid=1A178AED-F4AE-4995-9532-3018819C91F5
43193.8429153241,,Console/Job Manager,Stop Setup Console,Click,Button,Stop,UIInteraction,JobGuid=742F2076-618A-47EA-ABD8-4F920AE19771
43193.8429945023,,Console/Job Manager,Start Deliverables Console,Click,Button,Start...,UIInteraction,JobGuid=742F2076-618A-47EA-ABD8-4F920AE19771
43193.8430701042,DeliverablesSetup,Tier Manager,Tier Template Created for Tools in My Equipment,,,TELE675 Tier Created,Deliverables Console,
43193.8430707986,DeliverablesSetup,Tier Manager,Tier Template Created for Tools in My Equipment,,,SONICVISION6 Tier Created,Deliverables Console,
43193.8430708912,DeliverablesSetup,Tier Manager,Tier Template Created for Tools in My Equipment,,,ADN6C Tier Created,Deliverables Console,
43193.8430709954,DeliverablesSetup,Tier Manager,Tier Template Created for Tools in My Equipment,,,ARC6 Tier Created,Deliverables Console,
43193.8430714236,DeliverablesSetup,Tier Manager,Tier Template Created for Tools in My Equipment,,,PDXTRA_675 Tier Created,Deliverables Console,
43193.8430900579,DeliverablesSetup,UI Framework,Start Console,,,Deliverables Console Setup - Job ADN6,UIAutomatic,
43193.8431222801,DeliverablesSetup,UI Framework,Switch View,Click,ToolbarButton,Deliverables Display View,UIInteraction,
43193.8431977778,DeliverablesSetup,Deliverables - Digital,Create Job Archive,Click,ContextMenu,Create,UIInteraction,ArchiveGuid=742F2076-618A-47EA-ABD8-4F920AE19771;JobArchiveType=3.0
43193.8435935417,DeliverablesSetup,UI Framework,Close Console,Click,Button,,UIInteraction,JobGuid=742F2076-618A-47EA-ABD8-4F920AE19771
43193.8436264815,DeliverablesSetup,UI Framework,OK to Close Deliverables - Display Console,Click,Button,OK,UIInteraction,
43193.8436788194,,Console/Job Manager,Stop Job,Click,Button,Stop,UIInteraction,JobGuid=742F2076-618A-47EA-ABD8-4F920AE19771
