Time,Process,Component,Operation,Action,Control,ControlText,Category,Context
43193.6920034722,,UI Framework,Initialize Maxwell Manager Process Name,,,Initialize Maxwell Manager Process Name,,
43193.6920569444,,UI Framework,Start Console,,,Maxwell Manager,UIAutomatic,MachineName=HPV03-013;UserName=Engineer;UserDomainName=HPV03-013;OS=Microsoft Windows NT 6.1.7601 Service Pack 1;TimeZone=00:00:00;IPAddress_1=192.168.78.106;IPAddress_2=::1;MWVersion=9.0.100732.3100
43193.692088044,,Console/Job Manager,New Job,Click,Button,New,UIInteraction,
43193.6921112963,,Console/Job Manager,Input Job Name,Input,TextBox,TC_XTRA-B_N3,UIInteraction,
43193.6921592014,,Console/Job Manager,Input Well Name,Input,TextBox,HCS,UIInteraction,
