Time,Process,Component,Operation,Action,Control,ControlText,Category,Context
43193.9307518403,,UI Framework,Initialize Maxwell Manager Process Name,,,Initialize Maxwell Manager Process Name,,
43193.9308182986,,UI Framework,Start Console,,,Maxwell Manager,UIAutomatic,MachineName=HPV03-013;UserName=Engineer;UserDomainName=HPV03-013;OS=Microsoft Windows NT 6.1.7601 Service Pack 1;TimeZone=00:00:00;IPAddress_1=192.168.78.106;IPAddress_2=::1;MWVersion=9.0.100742.3100
43193.9308467014,,Console/Job Manager,Import Job Archive,Click,ContextMenu,Create Import,UIInteraction,
43193.9308582176,,Import/Export & Backup/Restore,Select file to import,Click,Button,...,UIInteraction,
43193.9308850116,,Import/Export & Backup/Restore,OK to select file,,,,UIAutomatic,FilePath=C:\DataValidation\USIT-E-IBC\USIT-E-IBC_Normal_4.0.9244.3000_JA.Dlis
