Time,Process,Component,Operation,Action,Control,ControlText,Category,Context
43193.9302383912,,UI Framework,Initialize Maxwell Manager Process Name,,,Initialize Maxwell Manager Process Name,,
43193.9302951273,,UI Framework,Start Console,,,Maxwell Manager,UIAutomatic,MachineName=HPV21-004;UserName=Engineer;UserDomainName=HPV21-004;OS=Microsoft Windows NT 6.1.7601 Service Pack 1;TimeZone=00:00:00;IPAddress_1=192.168.178.12;IPAddress_2=::1;MWVersion=9.0.100742.3100
43193.9304229051,,Console/Job Manager,New Job,Click,Button,New,UIInteraction,
43193.9304404514,,Console/Job Manager,Input Job Name,Input,TextBox,10MSA0091,UIInteraction,
