Time,Process,Component,Operation,Action,Control,ControlText,Category,Context
43194.1623875347,,Console/Job Manager,Start Job,Click,Button,Start,UIInteraction,JobName=WPIT_Demo;WellName=bgc;ClientName=BGCAT;StartDate=4/4/2018 3:53 AM;Workflow=Wireline;Simulator=True;UnitSystem=English;RTBackupDir=C:\Autobackup;JobSize=0;State=Available;SideTrackId=0;SessionID=D7A4813E-703B-48F0-8590-A185346E7B2C;SortOrder=1;JobGUID=2C3343D6-97FC-4938-A7BD-AD0779E5944A;WellGUID=1AA1C0A3-4AAB-4179-B5B5-CC83EF3F74DC;BoreholeGUID=E9A93DBF-7BB9-40B2-88FF-304915797879;MachineName=HPV11-017;UserName=Engineer;UserDomainName=HPV11-017;OS=Microsoft Windows NT 6.1.7601 Service Pack 1;StartedJobCount=0;TimeZone=00:00:00;IPAddress_1=192.168.178.23;IPAddress_2=::1;MWVersion=9.0.100745.3100
43194.1624792593,,Console/Job Manager,Start Deliverables Console,Click,Button,Start...,UIInteraction,JobGuid=2C3343D6-97FC-4938-A7BD-AD0779E5944A
43194.1626332639,DeliverablesSetup,UI Framework,Start Console,,,Deliverables Console Setup - Job WPIT_Demo,UIAutomatic,
43194.1626625,,Console/Job Manager,Start Setup Console,Click,Button,Start...,UIInteraction,JobGuid=2C3343D6-97FC-4938-A7BD-AD0779E5944A
43194.1627310185,Setup,Calibration,Select Calibration Report Type,Click,ComboBox,Technical Concise,UIInteraction,
43194.1628006713,Setup,UI Framework,Start Console,,,Setup - Job WPIT_Demo,UIAutomatic,
43194.1628471181,Setup,Equipment,New ToolString,Click,ToolbarButton,New ToolString,UIInteraction,ToolstringName=New ToolString;ToolstringGuid=029F6E52-2044-4861-BFA0-4A5B4A50B0D5
43194.1628858102,Setup,Equipment,Rename ToolString,Input,TextBox,New ToolString,UIInteraction,ToolstringGuid=029F6E52-2044-4861-BFA0-4A5B4A50B0D5
43194.1628858333,Setup,Equipment,Rename ToolString,,,,UIAutomatic,State=Cancel
43194.1628966898,Setup,Equipment,Filter Equipment in Catalog,Input,TextBox,,UIInteraction,Text=WSPDL-AA
43194.1628971875,Setup,Equipment,Filter Equipment in Catalog,Input,TextBox,,UIInteraction,Text=WSPDL-AA
43194.162900463,Setup,Equipment,Rename ToolString,Input,TextBox,New ToolString,UIInteraction,ToolstringGuid=029F6E52-2044-4861-BFA0-4A5B4A50B0D5
43194.162902338,Setup,Equipment,Add Equipment from Catalog to ToolString,Click,ToolbarButton,Add to ToolString,UIInteraction,EquipmentName=WSPDL-AA
43194.1629059144,Setup,Equipment,Filter Equipment in Catalog,Input,TextBox,,UIInteraction,Text=HSD
43194.1629060301,Setup,Equipment,Filter Equipment in Catalog,Input,TextBox,,UIInteraction,Text=HSD
43194.162910625,Setup,Equipment,Add Equipment from Catalog to ToolString,Click,ToolbarButton,Add to ToolString,UIInteraction,EquipmentName=HSD
43194.1629156713,Setup,Equipment,Filter Equipment in Catalog,Input,TextBox,,UIInteraction,Text=WSPDU-AA
43194.1629157755,Setup,Equipment,Filter Equipment in Catalog,Input,TextBox,,UIInteraction,Text=WSPDU-AA
43194.1629191088,DeliverablesSetup,Tier Manager,Tier Template Created for Tools in My Equipment,,,HSD Tier Created,Deliverables Console,
43194.1629205208,Setup,Equipment,Add Equipment from Catalog to ToolString,Click,ToolbarButton,Add to ToolString,UIInteraction,EquipmentName=WSPDU-AA
43194.1629224074,Setup,Equipment,Filter Equipment in Catalog,Input,TextBox,,UIInteraction,Text=AH-283
43194.1629225231,Setup,Equipment,Filter Equipment in Catalog,Input,TextBox,,UIInteraction,Text=AH-283
43194.1629287731,Setup,Equipment,Add Equipment from Catalog to ToolString,Click,ToolbarButton,Add to ToolString,UIInteraction,EquipmentName=AH-283
43194.1629312037,Setup,Equipment,Filter Equipment in Catalog,Input,TextBox,,UIInteraction,Text=GDCT-AA
43194.1629313426,Setup,Equipment,Filter Equipment in Catalog,Input,TextBox,,UIInteraction,Text=GDCT-AA
43194.1629368287,Setup,Equipment,Add Equipment from Catalog to ToolString,Click,ToolbarButton,Add to ToolString,UIInteraction,EquipmentName=GDCT-AA
43194.1629407986,DeliverablesSetup,Tier Manager,Tier Template Created for Tools in My Equipment,,,GDCT-AA Tier Created,Deliverables Console,
43194.1629413657,Setup,Equipment,Filter Equipment in Catalog,Input,TextBox,,UIInteraction,Text=AH-166
43194.1629414699,Setup,Equipment,Filter Equipment in Catalog,Input,TextBox,,UIInteraction,Text=AH-166
43194.1629465856,Setup,Equipment,Add Equipment from Catalog to ToolString,Click,ToolbarButton,Add to ToolString,UIInteraction,EquipmentName=AH-166
43194.1629488426,Setup,Equipment,Filter Equipment in Catalog,Input,TextBox,,UIInteraction,Text=WPIT-AC
43194.1629547801,Setup,Equipment,Add Equipment from Catalog to ToolString,Click,ToolbarButton,Add to ToolString,UIInteraction,EquipmentName=WPIT-AC
43194.1629487269,Setup,Equipment,Filter Equipment in Catalog,Input,TextBox,,UIInteraction,Text=WPIT-AC
43194.1629606482,DeliverablesSetup,Tier Manager,Tier Template Created for Tools in My Equipment,,,WPIT-AC Tier Created,Deliverables Console,
43194.1629613889,Setup,Equipment,Filter Equipment in Catalog,Input,TextBox,,UIInteraction,Text=SAH-L
43194.1629614931,Setup,Equipment,Filter Equipment in Catalog,Input,TextBox,,UIInteraction,Text=SAH-L
43194.1629663773,Setup,Equipment,Add Equipment from Catalog to ToolString,Click,ToolbarButton,Add to ToolString,UIInteraction,EquipmentName=SAH-L
43194.1629685301,Setup,Equipment,Filter Equipment in Catalog,Input,TextBox,,UIInteraction,Text=PEK-E
43194.162968669,Setup,Equipment,Filter Equipment in Catalog,Input,TextBox,,UIInteraction,Text=PEK-E
43194.1629745139,Setup,Equipment,Add Equipment from Catalog to ToolString,Click,ToolbarButton,Add to ToolString,UIInteraction,EquipmentName=PEK-E
43194.163050544,Setup,UI Framework,Switch Tab,Click,Tab,Depth Reference Table,UIInteraction,
43194.1632250694,Setup,Depth Reference Table,Add row for depth reference,Click,ToolbarButton,Add row,UIInteraction,
43194.1633856597,Setup,Depth Reference Table,Add row for depth reference,Click,ToolbarButton,Add row,UIInteraction,
43194.163546794,Setup,Depth Reference Table,Add row for depth reference,Click,ToolbarButton,Add row,UIInteraction,
43194.1637073495,Setup,Depth Reference Table,Add row for depth reference,Click,ToolbarButton,Add row,UIInteraction,
43194.1638681019,Setup,Depth Reference Table,Add row for depth reference,Click,ToolbarButton,Add row,UIInteraction,
43194.1640291204,Setup,Depth Reference Table,Add row for depth reference,Click,ToolbarButton,Add row,UIInteraction,
43194.1641907639,Setup,Depth Reference Table,Add row for depth reference,Click,ToolbarButton,Add row,UIInteraction,
43194.1642833565,Setup,UI Framework,Switch Tab,Click,Tab,Equipment,UIInteraction,
43194.1644040394,Setup,UI Framework,Switch Tab,Click,Tab,Depth Reference Table,UIInteraction,
43194.1645219444,Setup,UI Framework,Switch Tab,Click,Tab,Client Requested Intervals,UIInteraction,
43194.1645554514,Setup,UI Framework,Switch Tab,Click,Tab,Equipment,UIInteraction,
43194.1646785995,Setup,Properties & Parameters,Change Property Value,Update,GridCell,999,UIInteraction,OSDD=EP_SERIAL_NUMBER;EnsemblePath=WITM
43194.1646981018,Setup,Properties & Parameters,Change Property Value,Update,GridCell,999,UIInteraction,OSDD=EP_SERIAL_NUMBER;EnsemblePath=WPIT-AC:WPIT-AC:WPIT-25
43194.1648228819,Setup,Equipment,Rename ToolString,Click,ContextMenu,Rename,UIInteraction,
43194.1648290509,Setup,Equipment,Rename ToolString,Input,TextBox,Gyro_Run,UIInteraction,ToolstringGuid=029F6E52-2044-4861-BFA0-4A5B4A50B0D5
43194.164943044,Setup,Properties & Parameters,Change Property Value,Update,GridCell,999,UIInteraction,OSDD=EP_SERIAL_NUMBER;EnsemblePath=GDCT-AA:GDCT-AA:GDCT-AA
43194.1649926505,Setup,Equipment,Copy ToolString,Click,ContextMenu,Create Copy,UIInteraction,Source TooStringGuid=029F6E52-2044-4861-BFA0-4A5B4A50B0D5;Source ToolString Name=Gyro_Run
43194.1660845602,Setup,UI Framework,Switch Tab,Click,Tab,DnI Initializations,UIInteraction,
43194.1660886574,Setup,DnI/Survey,Select Decimal,Click,RadioButton,Decimal,UIInteraction,
43194.1661093056,Setup,DnI/Survey,Enter Latitude,Input,TextBox,40,UIInteraction,
43194.1661209491,Setup,DnI/Survey,Enter Longitude,Input,TextBox,116,UIInteraction,
43194.1661340394,Setup,UI Framework,Switch Tab,Click,Tab,Equipment,UIInteraction,
43194.1661554514,Setup,DnI/Survey,Select Permanent Datum,Click,ComboBox,Mean Sea Level,UIInteraction,
43194.1661617014,Setup,DnI/Survey,Select Log Measured From,Click,ComboBox,Drill Floor,UIInteraction,
43194.1661691667,Setup,DnI/Survey,Enter Elevation of 'Log Measured From',Input,TextBox,30,UIInteraction,LogMeasuredFrom=Drill Floor
43194.1661810764,Setup,UI Framework,Switch Tab,Click,Tab,DnI Initializations,UIInteraction,
43194.1662123727,Setup,DnI/Survey,Compute DnI/Elevation,Click,Button,Compute,UIInteraction,
43194.1663464815,Setup,UI Framework,Switch Tab,Click,Tab,Wellbore,UIInteraction,
43194.1663514931,Setup,Well Setup (Internal),Select Run Number,Click,ComboBox,1,UIInteraction,RunGuid=BAD2DE3C-D7E2-47BD-A5F8-F05C2FDE4030
43194.1663625463,Setup,Well Setup (Internal),Enter Size for Bit Size,Update,GridCell,9.875,UIInteraction,Row=1;Column=Size (in);RunGuid=BAD2DE3C-D7E2-47BD-A5F8-F05C2FDE4030
43194.1663809491,Setup,Well Setup (Internal),Enter Driller Top for Bit Size,Update,GridCell,0,UIInteraction,Row=1;Column=Driller Top (ft);RunGuid=BAD2DE3C-D7E2-47BD-A5F8-F05C2FDE4030
43194.1663993866,Setup,Well Setup (Internal),Enter Driller Bottom for Bit Size,Update,GridCell,300,UIInteraction,Row=1;Column=Driller Bottom (ft);RunGuid=BAD2DE3C-D7E2-47BD-A5F8-F05C2FDE4030
43194.1664201505,Setup,Well Setup (Internal),Select Run Number,Click,ComboBox,1,UIInteraction,RunGuid=BAD2DE3C-D7E2-47BD-A5F8-F05C2FDE4030
43194.1664268634,Setup,Well Setup (Internal),Add Row for Bit Size,Click,ToolbarButton,Add Row,UIInteraction,Row=2;RunGuid=BAD2DE3C-D7E2-47BD-A5F8-F05C2FDE4030
43194.1664321759,Setup,Well Setup (Internal),Enter Size for Bit Size,Update,GridCell,6,UIInteraction,Row=2;Column=Size (in);RunGuid=BAD2DE3C-D7E2-47BD-A5F8-F05C2FDE4030
43194.1664509491,Setup,Well Setup (Internal),Enter Driller Bottom for Bit Size,Update,GridCell,5000,UIInteraction,Row=2;Column=Driller Bottom (ft);RunGuid=BAD2DE3C-D7E2-47BD-A5F8-F05C2FDE4030
43194.166470463,Setup,Well Setup (Internal),Select Run Number,Click,ComboBox,1,UIInteraction,RunGuid=BAD2DE3C-D7E2-47BD-A5F8-F05C2FDE4030
43194.1664825,Setup,Well Setup (Internal),Enter Size for Casings,Update,GridCell,8.625,UIInteraction,Row=1;Column=Size (in);RunGuid=BAD2DE3C-D7E2-47BD-A5F8-F05C2FDE4030
43194.1665003241,Setup,Well Setup (Internal),Enter Driller Top for Casings,Update,GridCell,0,UIInteraction,Row=1;Column=Driller Top (ft);RunGuid=BAD2DE3C-D7E2-47BD-A5F8-F05C2FDE4030
43194.166518588,Setup,Well Setup (Internal),Enter Driller Bottom for Casings,Update,GridCell,300,UIInteraction,Row=1;Column=Driller Bottom (ft);RunGuid=BAD2DE3C-D7E2-47BD-A5F8-F05C2FDE4030
43194.1665380556,Setup,Well Setup (Internal),Enter Weight for Casings,Update,GridCell,60.69,UIInteraction,Row=1;Column=Weight (lbm/ft);RunGuid=BAD2DE3C-D7E2-47BD-A5F8-F05C2FDE4030
43194.1666337384,Setup,Well Setup (Internal),Enter Grade for Casings,Update,GridCell,H50,UIInteraction,Row=1;Column=Grade;RunGuid=BAD2DE3C-D7E2-47BD-A5F8-F05C2FDE4030
43194.1666537847,Setup,Well Setup (Internal),Select Run Number,Click,ComboBox,1,UIInteraction,RunGuid=BAD2DE3C-D7E2-47BD-A5F8-F05C2FDE4030
43194.1666606134,Setup,Well Setup (Internal),Add Row for Casings,Click,ToolbarButton,Add Row,UIInteraction,Row=2;RunGuid=BAD2DE3C-D7E2-47BD-A5F8-F05C2FDE4030
43194.166667581,Setup,Well Setup (Internal),Enter Size for Casings,Update,GridCell,5.5,UIInteraction,Row=2;Column=Size (in);RunGuid=BAD2DE3C-D7E2-47BD-A5F8-F05C2FDE4030
43194.1666856481,Setup,Well Setup (Internal),Enter Driller Top for Casings,Update,GridCell,300,UIInteraction,Row=2;Column=Driller Top (ft);RunGuid=BAD2DE3C-D7E2-47BD-A5F8-F05C2FDE4030
43194.1667045718,Setup,Well Setup (Internal),Enter Driller Bottom for Casings,Update,GridCell,5000,UIInteraction,Row=2;Column=Driller Bottom (ft);RunGuid=BAD2DE3C-D7E2-47BD-A5F8-F05C2FDE4030
43194.1667241782,Setup,Well Setup (Internal),Enter Weight for Casings,Update,GridCell,52.49,UIInteraction,Row=2;Column=Weight (lbm/ft);RunGuid=BAD2DE3C-D7E2-47BD-A5F8-F05C2FDE4030
43194.1667979051,Setup,Well Setup (Internal),Enter Grade for Casings,Update,GridCell,H40,UIInteraction,Row=2;Column=Grade;RunGuid=BAD2DE3C-D7E2-47BD-A5F8-F05C2FDE4030
43194.1668126852,Setup,UI Framework,Switch Tab,Click,Tab,Equipment,UIInteraction,
43194.1670603356,Setup,UI Framework,Switch Tab,Click,Tab,Runs,UIInteraction,
43194.1670950116,Setup,Run Manager (Internal),Associate toolstring to run,Update,GridCell,Gyro_Run,UIInteraction,RunGuid=BAD2DE3C-D7E2-47BD-A5F8-F05C2FDE4030;ToolstringGuid=029F6E52-2044-4861-BFA0-4A5B4A50B0D5;DownholeEquipments=HSDGDCT-AAWPIT-ACWSPDL-AAWSPDU-AAAH-283AH-166SAH-LPEK-E;TSLevelActiveSurfaceEquips=DEPTH_DEVICETENSION_DEVICELOGGING_CABLEWAFEWITMWITM
43194.1676494213,Setup,UI Framework,Switch Tab,Click,Tab,Client Requested Intervals,UIInteraction,
43194.1678483218,Setup,UI Framework,Switch Tab,Click,Tab,Depth Reference Table,UIInteraction,
43194.1679048727,Setup,Depth Reference Table,Save depth reference,Click,ToolbarButton,Save Depth References,UIInteraction,FilePath=C:\Schlumberger Horizon Data\WPIT_Demo\DepthReferenceTable.xls
43194.1680698495,Setup,Depth Reference Table,Delete row for depth reference,Click,ToolbarButton,Delete Row,UIInteraction,
43194.1681030903,Setup,Depth Reference Table,Delete row for depth reference,Click,ToolbarButton,Delete Row,UIInteraction,
43194.1681334722,Setup,Depth Reference Table,Delete row for depth reference,Click,ToolbarButton,Delete Row,UIInteraction,
43194.1683049653,Setup,Depth Reference Table,Import depth reference file,Click,ToolbarButton,Import Depth References,UIInteraction,FilePath=C:\Schlumberger Horizon Data\WPIT_Demo\DepthReferenceTable.xls
43194.1683738426,Setup,UI Framework,Switch Tab,Click,Tab,Wellbore,UIInteraction,
43194.1683788773,Setup,Well Setup (Internal),Select Run Number,Click,ComboBox,1,UIInteraction,RunGuid=BAD2DE3C-D7E2-47BD-A5F8-F05C2FDE4030
43194.1683865278,Setup,Well Setup (Internal),Add Row for Casings,Click,ToolbarButton,Add Row,UIInteraction,Row=3;RunGuid=BAD2DE3C-D7E2-47BD-A5F8-F05C2FDE4030
43194.1684046875,Setup,Well Setup (Internal),Enter Size for Casings,Update,GridCell,5.5,UIInteraction,Row=3;Column=Size (in);RunGuid=BAD2DE3C-D7E2-47BD-A5F8-F05C2FDE4030
43194.1684237847,Setup,Well Setup (Internal),Enter Driller Top for Casings,Update,GridCell,300,UIInteraction,Row=3;Column=Driller Top (ft);RunGuid=BAD2DE3C-D7E2-47BD-A5F8-F05C2FDE4030
43194.1684429398,Setup,Well Setup (Internal),Enter Driller Bottom for Casings,Update,GridCell,4000,UIInteraction,Row=3;Column=Driller Bottom (ft);RunGuid=BAD2DE3C-D7E2-47BD-A5F8-F05C2FDE4030
43194.1684619213,Setup,Well Setup (Internal),Enter Weight for Casings,Update,GridCell,52.49,UIInteraction,Row=3;Column=Weight (lbm/ft);RunGuid=BAD2DE3C-D7E2-47BD-A5F8-F05C2FDE4030
43194.1685368403,Setup,Well Setup (Internal),Enter Grade for Casings,Update,GridCell,H40,UIInteraction,Row=3;Column=Grade;RunGuid=BAD2DE3C-D7E2-47BD-A5F8-F05C2FDE4030
43194.1685514468,Setup,UI Framework,Switch Tab,Click,Tab,Equipment,UIInteraction,
43194.1685948958,Setup,Properties & Parameters,Change Property Value,Update,GridCell,20000,UIInteraction,OSDD=LCL;EnsemblePath=LOGGING_CABLE
43194.1686753009,Setup,Properties & Parameters,Change Property Value,Update,GridCell,1-32ZA,UIInteraction,OSDD=EP_LCEQUIP_TYP;EnsemblePath=LOGGING_CABLE
43194.1687872917,DeliverablesSetup,UI Framework,Switch View,Click,ToolbarButton,Deliverables Display View,UIInteraction,
43194.1688627431,DeliverablesSetup,Deliverables - Digital,Create Job Archive,Click,ContextMenu,Create,UIInteraction,ArchiveGuid=2C3343D6-97FC-4938-A7BD-AD0779E5944A;JobArchiveType=3.0
43194.1690696875,DeliverablesSetup,UI Framework,Close Console,Click,Button,,UIInteraction,JobGuid=2C3343D6-97FC-4938-A7BD-AD0779E5944A
43194.1691066898,DeliverablesSetup,UI Framework,OK to Close Deliverables - Display Console,Click,Button,OK,UIInteraction,
43194.1691896528,,Console/Job Manager,Stop Setup Console,Click,Button,Stop,UIInteraction,JobGuid=2C3343D6-97FC-4938-A7BD-AD0779E5944A
43194.1692509954,,Console/Job Manager,Stop Job,Click,Button,Stop,UIInteraction,JobGuid=2C3343D6-97FC-4938-A7BD-AD0779E5944A
