43193.7792288194,,Console/Job Manager,New Job,Click,Button,New,UIInteraction,
43193.7792455324,,Console/Job Manager,Input Job Name,Input,TextBox,09IOC0042-B,UIInteraction,
43193.7792929282,,Console/Job Manager,Input Well Name,Input,TextBox,1-OGX-1_RJS,UIInteraction,
43193.7793370718,,Console/Job Manager,Input Client Name,Input,TextBox,BGCAT,UIInteraction,
43193.7794704167,,Console/Job Manager,Select Units,Click,ComboBox,Metric,UIInteraction,
43193.7796440278,,Console/Job Manager,Select Auto Backup Folder,Click,ComboBox,C:\AutoBackup,UIInteraction,
43193.7802861458,,Console/Job Manager,Start Job Spec Manager,Click,ToolbarButton,Job Spec Manager,UIInteraction,
43193.7803245833,,Import/Export & Backup/Restore,Select Target,Click,ComboBox,09IOC0042-B  D&M  18:42:05 03-Apr-2018,UIInteraction,JobName=09IOC0042-B;EntityGuid=29E7047A-337A-47BA-9CBF-029E4D029E32
43193.7803618634,,Import/Export & Backup/Restore,Select Source,Click,Button,...,UIInteraction,
43193.7803758565,,Import/Export & Backup/Restore,OK to Select Source,,,,UIAutomatic,FilePath=\\srv004bgc.dir.slb.com\MaxwellAT\TestData\TestData\Phase3\ARC6_ADN6_Sonic6\JobSpec_09IOC0042.dlis
43193.7819023958,,Import/Export & Backup/Restore,Select/Deselect item,ByMouse,TreeView,09IOC0042-B  DnM  03:03:25 26-Jun-2012,UIInteraction,CheckState=True
43193.7819166435,,Import/Export & Backup/Restore,Restore Job Spec File,Click,Button,Restore,UIInteraction,
43193.7820271875,,Import/Export & Backup/Restore,Close Job Spec UI,Click,Button,Close,UIInteraction,
43193.7881971875,,UI Framework,Close Console,Click,Button,,UIInteraction,
43193.7908262963,,UI Framework,Initialize Maxwell Manager Process Name,,,Initialize Maxwell Manager Process Name,,
43193.7908434144,,UI Framework,Start Console,,,Maxwell Manager,UIAutomatic,MachineName=HPV04-010;UserName=Engineer;UserDomainName=HPV04-010;OS=Microsoft Windows NT 6.1.7601 Service Pack 1;TimeZone=00:00:00;IPAddress_1=192.168.78.223;IPAddress_2=::1;MWVersion=9.0.100733.3100
43193.791080081,,Console/Job Manager,Import Job Archive,Click,ContextMenu,Create Import,UIInteraction,
43193.7910870486,,Import/Export & Backup/Restore,Select file to import,Click,Button,...,UIInteraction,
43193.7910933681,,Import/Export & Backup/Restore,OK to select file,,,,UIAutomatic,FilePath=\\srv004bgc.dir.slb.com\MaxwellAT\TestData\TestData\Phase3\JobArchive\DnM_SWF_ARC6_ADN6_Sonic6_SETUP.Dlis
43193.7911444444,,Import/Export & Backup/Restore,Start Import,Click,Button,Import,UIInteraction,FilePath=\\srv004bgc.dir.slb.com\MaxwellAT\TestData\TestData\Phase3\JobArchive\DnM_SWF_ARC6_ADN6_Sonic6_SETUP.Dlis
43193.7914507176,,Import/Export & Backup/Restore,Close Import UI,Click,Button,Close,UIInteraction,
43193.7915836574,,Console/Job Manager,Select Auto Backup Folder,Click,ComboBox,C:\AutoBackup,UIInteraction,
43193.8515359028,,UI Framework,Close Console,Click,Button,,UIInteraction,
