Time,Process,Component,Operation,Action,Control,ControlText,Category,Context
43194.1317958449,,Console/Job Manager,Start Job,Click,Button,Start,UIInteraction,JobName=Perfo_Demo;WellName=bgc;ClientName=slb;StartDate=4/4/2018 3:09 AM;Workflow=PerfoExpress;Simulator=True;UnitSystem=English;JobSize=0;State=Available;SideTrackId=0;SessionID=7290503D-A36B-4B40-88F9-A06CE9FD88C4;SortOrder=1;JobGUID=34902134-AAA8-4F76-A83F-FDD04FA87E73;WellGUID=D5718D80-E78B-4AB6-BCCC-BEE52DC2B438;BoreholeGUID=6FC21EFC-2EBF-4416-9361-D4AEE78CC444;MachineName=HPV04-010;UserName=Engineer;UserDomainName=HPV04-010;OS=Microsoft Windows NT 6.1.7601 Service Pack 1;StartedJobCount=0;TimeZone=00:00:00;IPAddress_1=192.168.78.223;IPAddress_2=::1;MWVersion=9.0.100745.3100
43194.1320871296,,Console/Job Manager,Stop Job,Click,Button,Stop,UIInteraction,JobGuid=34902134-AAA8-4F76-A83F-FDD04FA87E73
43194.1322659954,,Console/Job Manager,Start Job,Click,Button,Start,UIInteraction,JobName=Perfo_Demo;WellName=bgc;ClientName=slb;StartDate=4/4/2018 3:09 AM;Workflow=PerfoExpress;Simulator=True;UnitSystem=English;RTBackupDir=C:\Autobackup;JobSize=0;State=Available;SideTrackId=0;SessionID=7290503D-A36B-4B40-88F9-A06CE9FD88C4;SortOrder=1;JobGUID=34902134-AAA8-4F76-A83F-FDD04FA87E73;WellGUID=D5718D80-E78B-4AB6-BCCC-BEE52DC2B438;BoreholeGUID=6FC21EFC-2EBF-4416-9361-D4AEE78CC444;MachineName=HPV04-010;UserName=Engineer;UserDomainName=HPV04-010;OS=Microsoft Windows NT 6.1.7601 Service Pack 1;StartedJobCount=0;TimeZone=00:00:00;IPAddress_1=192.168.78.223;IPAddress_2=::1;MWVersion=9.0.100745.3100
43194.133032581,,Console/Job Manager,Start Setup Console,Click,Button,Start...,UIInteraction,JobGuid=34902134-AAA8-4F76-A83F-FDD04FA87E73
43194.133155706,Setup,Calibration,Select Calibration Report Type,Click,ComboBox,Technical Concise,UIInteraction,
43194.1331634144,Setup,UI Framework,Start Console,,,Setup - Job Perfo_Demo,UIAutomatic,
43194.1331891088,,Console/Job Manager,Start Deliverables Console,Click,Button,Start...,UIInteraction,JobGuid=34902134-AAA8-4F76-A83F-FDD04FA87E73
43194.1332408449,DeliverablesSetup,Tier Manager,Tier Template Created for Tools in My Equipment,,,PGGT-CC Tier Created,Deliverables Console,
43194.1332409838,DeliverablesSetup,Tier Manager,Tier Template Created for Tools in My Equipment,,,HSD Tier Created,Deliverables Console,
43194.1332509491,DeliverablesSetup,UI Framework,Start Console,,,Deliverables Console Setup - Job Perfo_Demo,UIAutomatic,
43194.1334138889,Setup,UI Framework,Switch Tab,Click,Tab,DnI Initializations,UIInteraction,
43194.1334784954,Setup,Run Manager (Internal),Start Run,Click,Button,Start,UIInteraction,RunGuid=2D8678EC-1A9C-4A72-896D-F931C35DB211;ToolstringGuid=54B7CF73-5280-4E8D-A3E0-A09B68B8D4B3;DownholeEquipments=HSD:HSD:HSD:PGGT-CC:MH-28;TSLevelActiveSurfaceEquips=WAFE:DEPTH_DEVICE:LOGGING_CABLE:TENSION_DEVICE
43194.1336103009,Simulation,UI Framework,Start Console,,,Simulation Console - Job Perfo_Demo,UIAutomatic,
43194.133693912,PerfoExpressAcquisition,Calibration,Select Calibration Report Type,Click,ComboBox,Technical Concise,UIInteraction,
43194.1337144676,PerfoExpressAcquisition,UI Framework,Start Console,,,Acquisition Console - Job Perfo_Demo - Run 1,UIAutomatic,
43194.1337907176,PerfoExpressAcquisition,Depth Log/Station Planning,Perform Logging Task,,,,UIAutomatic,TaskName=Depth Log
43194.1341553356,PerfoExpressAcquisition,Depth Log/Station Planning,Perform Logging Task,RightClick,TreeView,Surface Hot Check,UIInteraction,TaskName=Surface Hot Check
43194.1341694097,PerfoExpressAcquisition,Depth Log/Station Planning,Perform Logging Task,Click,ContextMenu,Perform,UIInteraction,TaskName=Surface Hot Check
43194.1456951736,PerfoExpressAcquisition,Depth Log/Station Planning,Perform Logging Task,RightClick,TreeView,Perforate/Set/Activate,UIInteraction,TaskName=Perforate/Set/Activate
43194.1457091204,PerfoExpressAcquisition,Depth Log/Station Planning,Perform Logging Task,Click,ContextMenu,Perform,UIInteraction,TaskName=Perforate/Set/Activate
43194.1460231597,PerfoExpressAcquisition,Depth Log/Station Planning,Perform Logging Task,RightClick,TreeView,Perforate/Set/Activate,UIInteraction,TaskName=Perforate/Set/Activate
43194.1460371296,PerfoExpressAcquisition,Depth Log/Station Planning,Perform Logging Task,Click,ContextMenu,Perform,UIInteraction,TaskName=Perforate/Set/Activate
43194.1468667477,PerfoExpressAcquisition,Depth Log/Station Planning,Perform Logging Task,RightClick,TreeView,Perforate/Set/Activate,UIInteraction,TaskName=Perforate/Set/Activate
43194.1468806482,PerfoExpressAcquisition,Depth Log/Station Planning,Perform Logging Task,Click,ContextMenu,Perform,UIInteraction,TaskName=Perforate/Set/Activate
43194.1477566319,PerfoExpressAcquisition,Depth Log/Station Planning,Perform Logging Task,RightClick,TreeView,Perforate/Set/Activate,UIInteraction,TaskName=Perforate/Set/Activate
43194.1477707176,PerfoExpressAcquisition,Depth Log/Station Planning,Perform Logging Task,Click,ContextMenu,Perform,UIInteraction,TaskName=Perforate/Set/Activate
43194.1497179514,PerfoExpressAcquisition,Data Acquiring - WL,Unlock Pass,Click,ToolbarButton,Click to Unlock Stop Button,UIInteraction,
43194.1498120139,PerfoExpressAcquisition,Data Acquiring - WL,Stop Depth Pass,Click,Button,Stop,UIInteraction,PassGuid=1B2047F5-9B05-4AE1-8DF8-F29B0F446C2A;Depth=304.79746
43194.1499389699,Setup,Run Manager (Internal),Next run,Click,Button,Next Run,UIInteraction,ToolstringName=Run1_3Guns
43194.1499389931,Setup,Run Manager (Internal),Stop Run,Click,Button,Stop,UIInteraction,RunGuid=2D8678EC-1A9C-4A72-896D-F931C35DB211
43194.1499390046,Setup,Run Manager (Internal),Cancel Stop Run,Click,Button,Cancel,UIInteraction,RunGuid=2D8678EC-1A9C-4A72-896D-F931C35DB211
43194.1500192593,Simulation,UI Framework,Close Console,Click,Button,,UIInteraction,JobGuid=34902134-AAA8-4F76-A83F-FDD04FA87E73
43194.150021956,Setup,Run Manager (Internal),Start Run,Click,Button,Start,UIInteraction,RunGuid=634CE38F-3D2E-4B77-9E82-2841D96D8517;ToolstringGuid=BE45AB86-61BD-42BC-A5E7-B485910212BD;DownholeEquipments=HSD:HSD:PGGT-CC:MH-28;TSLevelActiveSurfaceEquips=DEPTH_DEVICE:LOGGING_CABLE:TENSION_DEVICE:WAFE
43194.1503394676,Simulation,UI Framework,Start Console,,,Simulation Console - Job Perfo_Demo,UIAutomatic,
43194.150370162,PerfoExpressAcquisition,Calibration,Select Calibration Report Type,Click,ComboBox,Technical Concise,UIInteraction,
43194.1503953357,PerfoExpressAcquisition,UI Framework,Start Console,,,Acquisition Console - Job Perfo_Demo - Run 2,UIAutomatic,
43194.1504240278,PerfoExpressAcquisition,Depth Log/Station Planning,Perform Logging Task,,,,UIAutomatic,TaskName=Depth Log
43194.1574556597,PerfoExpressAcquisition,Depth Log/Station Planning,Perform Logging Task,RightClick,TreeView,Perforate/Set/Activate,UIInteraction,TaskName=Perforate/Set/Activate
43194.157469537,PerfoExpressAcquisition,Depth Log/Station Planning,Perform Logging Task,Click,ContextMenu,Perform,UIInteraction,TaskName=Perforate/Set/Activate
43194.1588684954,PerfoExpressAcquisition,Depth Log/Station Planning,Perform Logging Task,RightClick,TreeView,Perforate/Set/Activate,UIInteraction,TaskName=Perforate/Set/Activate
43194.1588825,PerfoExpressAcquisition,Depth Log/Station Planning,Perform Logging Task,Click,ContextMenu,Perform,UIInteraction,TaskName=Perforate/Set/Activate
43194.160815081,PerfoExpressAcquisition,Data Acquiring - WL,Unlock Pass,Click,ToolbarButton,Click to Unlock Stop Button,UIInteraction,
43194.160924838,PerfoExpressAcquisition,Data Acquiring - WL,Stop Depth Pass,Click,Button,Stop,UIInteraction,PassGuid=FCC099F3-7DD8-46F3-90DC-2B60149D6848;Depth=259.07746
43194.1610524421,,Console/Job Manager,Stop Acquisition Console,Click,Button,Stop,UIInteraction,JobGuid=34902134-AAA8-4F76-A83F-FDD04FA87E73
43194.161064919,PerfoExpressAcquisition,UI Framework,OK to Close Acquisition Console Console,Click,Button,OK,UIInteraction,
43194.1611314583,Setup,Run Manager (Internal),Stop Run,Click,Button,Stop,UIInteraction,RunGuid=634CE38F-3D2E-4B77-9E82-2841D96D8517
43194.1611314699,Setup,Run Manager (Internal),Cancel Stop Run,Click,Button,Cancel,UIInteraction,RunGuid=634CE38F-3D2E-4B77-9E82-2841D96D8517
43194.1611817014,Simulation,UI Framework,Close Console,Click,Button,,UIInteraction,JobGuid=34902134-AAA8-4F76-A83F-FDD04FA87E73
43194.1613303588,Setup,Run Manager (Internal),Start Run,Click,Button,Start,UIInteraction,RunGuid=2258C810-127F-44E4-A7ED-2EC4A649F0EA;ToolstringGuid=932D6C90-5EB2-43C0-B4F3-F637AB312816;DownholeEquipments=HSD:PGGT-CC:MH-28;TSLevelActiveSurfaceEquips=LOGGING_CABLE:TENSION_DEVICE:DEPTH_DEVICE:WAFE
43194.16142875,Simulation,UI Framework,Start Console,,,Simulation Console - Job Perfo_Demo,UIAutomatic,
43194.1614663657,PerfoExpressAcquisition,Calibration,Select Calibration Report Type,Click,ComboBox,Technical Concise,UIInteraction,
43194.161495787,PerfoExpressAcquisition,UI Framework,Start Console,,,Acquisition Console - Job Perfo_Demo - Run 3,UIAutomatic,
43194.1615253241,PerfoExpressAcquisition,Depth Log/Station Planning,Perform Logging Task,,,,UIAutomatic,TaskName=Depth Log
43194.1669348727,PerfoExpressAcquisition,Data Acquiring - WL,Unlock Pass,Click,ToolbarButton,Click to Unlock Stop Button,UIInteraction,
43194.1670333449,PerfoExpressAcquisition,Data Acquiring - WL,Stop Depth Pass,Click,Button,Stop,UIInteraction,PassGuid=3180706B-426C-4FC9-9C0B-BA5187EC2AAC;Depth=243.83746
43194.1670887268,Setup,Run Manager (Internal),Stop Run,Click,Button,Stop,UIInteraction,RunGuid=2258C810-127F-44E4-A7ED-2EC4A649F0EA
43194.1670887384,Setup,Run Manager (Internal),Cancel Stop Run,Click,Button,Cancel,UIInteraction,RunGuid=2258C810-127F-44E4-A7ED-2EC4A649F0EA
43194.1671653935,Simulation,UI Framework,Close Console,Click,Button,,UIInteraction,JobGuid=34902134-AAA8-4F76-A83F-FDD04FA87E73
43194.1672786921,DeliverablesSetup,UI Framework,Switch View,Click,ToolbarButton,Deliverables Display View,UIInteraction,
43194.1673535417,DeliverablesSetup,Deliverables - Digital,Create Job Archive,Click,ContextMenu,Create,UIInteraction,ArchiveGuid=34902134-AAA8-4F76-A83F-FDD04FA87E73;JobArchiveType=3.0
43194.1675538889,DeliverablesSetup,UI Framework,Close Console,Click,Button,,UIInteraction,JobGuid=34902134-AAA8-4F76-A83F-FDD04FA87E73
43194.1675957292,DeliverablesSetup,UI Framework,OK to Close Deliverables - Display Console,Click,Button,OK,UIInteraction,
43194.1676761111,,Console/Job Manager,Stop Setup Console,Click,Button,Stop,UIInteraction,JobGuid=34902134-AAA8-4F76-A83F-FDD04FA87E73
43194.1677575232,,Console/Job Manager,Stop Job,Click,Button,Stop,UIInteraction,JobGuid=34902134-AAA8-4F76-A83F-FDD04FA87E73
