Time,Process,Component,Operation,Action,Control,ControlText,Category,Context
43194.1265660995,,Console/Job Manager,Start Job,Click,Button,Start,UIInteraction,JobName=Perfo_DTZ;WellName=BGC;ClientName=BGCAT;StartDate=4/4/2018 3:01 AM;Workflow=Wireline;Simulator=True;UnitSystem=English;RTBackupDir=C:\Perfo_RTBU;JobSize=0;State=Available;SideTrackId=0;SessionID=4EA8C3B7-2941-42D9-9915-EFFBC546CC00;SortOrder=1;JobGUID=FE6AF5F6-B8E5-400B-BFB9-BCA63694E7C6;WellGUID=A135D8DD-6D84-4A1C-9F02-270CDB0338C9;BoreholeGUID=BAF75DBA-D615-49CE-9C42-E8B8000F36D2;MachineName=HPV02-009;UserName=Engineer;UserDomainName=HPV02-009;OS=Microsoft Windows NT 6.1.7601 Service Pack 1;StartedJobCount=0;TimeZone=00:00:00;IPAddress_1=192.168.78.170;IPAddress_2=::1;MWVersion=9.0.100745.3100
43194.1270606597,,Console/Job Manager,Start Deliverables Console,Click,Button,Start...,UIInteraction,JobGuid=FE6AF5F6-B8E5-400B-BFB9-BCA63694E7C6
43194.1273873958,DeliverablesSetup,UI Framework,Start Console,,,Deliverables Console Setup - Job Perfo_DTZ,UIAutomatic,
43194.1274115046,,Console/Job Manager,Start Setup Console,Click,Button,Start...,UIInteraction,JobGuid=FE6AF5F6-B8E5-400B-BFB9-BCA63694E7C6
43194.1276572569,Setup,Calibration,Select Calibration Report Type,Click,ComboBox,Technical Concise,UIInteraction,
43194.1276627199,Setup,UI Framework,Start Console,,,Setup - Job Perfo_DTZ,UIAutomatic,
43194.127710162,Setup,UI Framework,Switch Tab,Click,Tab,DnI Initializations,UIInteraction,
43194.1277246759,Setup,DnI/Survey,Select Decimal,Click,RadioButton,Decimal,UIInteraction,
43194.1277449653,Setup,DnI/Survey,Enter Latitude,Input,TextBox,39,UIInteraction,
43194.1277553704,Setup,DnI/Survey,Enter Longitude,Input,TextBox,116,UIInteraction,
43194.1277658681,Setup,UI Framework,Switch Tab,Click,Tab,Equipment,UIInteraction,
43194.1278104861,Setup,DnI/Survey,Select Permanent Datum,Click,ComboBox,Mean Sea Level,UIInteraction,
43194.1278156829,Setup,DnI/Survey,Select Log Measured From,Click,ComboBox,Drill Floor,UIInteraction,
43194.1278220486,Setup,DnI/Survey,Enter Elevation of 'Log Measured From',Input,TextBox,1000,UIInteraction,LogMeasuredFrom=Drill Floor
43194.1278334144,Setup,UI Framework,Switch Tab,Click,Tab,DnI Initializations,UIInteraction,
43194.1278628241,Setup,DnI/Survey,Compute DnI/Elevation,Click,Button,Compute,UIInteraction,
43194.1279893171,Setup,UI Framework,Switch Tab,Click,Tab,Wellbore,UIInteraction,
43194.127993912,Setup,Well Setup (Internal),Select Run Number,Click,ComboBox,1,UIInteraction,RunGuid=E0CFC19B-1011-45CF-81DD-F5E6B6E6779B
43194.1280065278,Setup,Well Setup (Internal),Enter Size for Bit Size,Update,GridCell,17.5,UIInteraction,Row=1;Column=Size (in);RunGuid=E0CFC19B-1011-45CF-81DD-F5E6B6E6779B
43194.1280475926,Setup,Well Setup (Internal),Enter Driller Top for Bit Size,Update,GridCell,0,UIInteraction,Row=1;Column=Driller Top (ft);RunGuid=E0CFC19B-1011-45CF-81DD-F5E6B6E6779B
43194.1280894907,Setup,Well Setup (Internal),Enter Driller Bottom for Bit Size,Update,GridCell,10000,UIInteraction,Row=1;Column=Driller Bottom (ft);RunGuid=E0CFC19B-1011-45CF-81DD-F5E6B6E6779B
43194.1281329745,Setup,Well Setup (Internal),Select Run Number,Click,ComboBox,1,UIInteraction,RunGuid=E0CFC19B-1011-45CF-81DD-F5E6B6E6779B
43194.1281435532,Setup,Well Setup (Internal),Enter Size for Casings,Update,GridCell,10.75,UIInteraction,Row=1;Column=Size (in);RunGuid=E0CFC19B-1011-45CF-81DD-F5E6B6E6779B
43194.1281843287,Setup,Well Setup (Internal),Enter Driller Top for Casings,Update,GridCell,0,UIInteraction,Row=1;Column=Driller Top (ft);RunGuid=E0CFC19B-1011-45CF-81DD-F5E6B6E6779B
43194.128226088,Setup,Well Setup (Internal),Enter Driller Bottom for Casings,Update,GridCell,5000,UIInteraction,Row=1;Column=Driller Bottom (ft);RunGuid=E0CFC19B-1011-45CF-81DD-F5E6B6E6779B
43194.1282674306,Setup,Well Setup (Internal),Enter Weight for Casings,Update,GridCell,109,UIInteraction,Row=1;Column=Weight (lbm/ft);RunGuid=E0CFC19B-1011-45CF-81DD-F5E6B6E6779B
43194.1283619676,Setup,Well Setup (Internal),Enter Grade for Casings,Update,GridCell,K55,UIInteraction,Row=1;Column=Grade;RunGuid=E0CFC19B-1011-45CF-81DD-F5E6B6E6779B
43194.1283993056,Setup,UI Framework,Switch Tab,Click,Tab,Equipment,UIInteraction,
43194.1284067477,Setup,Equipment,New ToolString,Click,ToolbarButton,New ToolString,UIInteraction,ToolstringName=New ToolString;ToolstringGuid=C754235B-FEC3-4AC1-9202-318DF5572D7C
43194.1284452778,Setup,Equipment,Rename ToolString,Input,TextBox,New ToolString,UIInteraction,ToolstringGuid=C754235B-FEC3-4AC1-9202-318DF5572D7C
43194.1284453009,Setup,Equipment,Rename ToolString,,,,UIAutomatic,State=Cancel
43194.1284573032,Setup,Equipment,Filter Equipment in Catalog,Input,TextBox,,UIInteraction,Text=HSD
43194.1284575463,Setup,Equipment,Filter Equipment in Catalog,Input,TextBox,,UIInteraction,Text=HSD
43194.1284603935,Setup,Equipment,Rename ToolString,Input,TextBox,New ToolString,UIInteraction,ToolstringGuid=C754235B-FEC3-4AC1-9202-318DF5572D7C
43194.1284621065,Setup,Equipment,Add Equipment from Catalog to ToolString,Click,ToolbarButton,Add to ToolString,UIInteraction,EquipmentName=HSD
43194.1284747106,Setup,Equipment,Filter Equipment in Catalog,Input,TextBox,,UIInteraction,Text=UPCT-A
43194.1284748032,Setup,Equipment,Filter Equipment in Catalog,Input,TextBox,,UIInteraction,Text=UPCT-A
43194.1284759028,DeliverablesSetup,Tier Manager,Tier Template Created for Tools in My Equipment,,,HSD Tier Created,Deliverables Console,
43194.1284791898,Setup,Equipment,Add Equipment from Catalog to ToolString,Click,ToolbarButton,Add to ToolString,UIInteraction,EquipmentName=UPCT-A
43194.1284842708,DeliverablesSetup,Tier Manager,Tier Template Created for Tools in My Equipment,,,UPCT-A Tier Created,Deliverables Console,
43194.1284853125,Setup,Equipment,Filter Equipment in Catalog,Input,TextBox,,UIInteraction,Text=AH-38
43194.1284854167,Setup,Equipment,Filter Equipment in Catalog,Input,TextBox,,UIInteraction,Text=AH-38
43194.128489838,Setup,Equipment,Add Equipment from Catalog to ToolString,Click,ToolbarButton,Add to ToolString,UIInteraction,EquipmentName=AH-38
43194.1284919329,Setup,Equipment,Filter Equipment in Catalog,Input,TextBox,,UIInteraction,Text=MH-22
43194.1284920602,Setup,Equipment,Filter Equipment in Catalog,Input,TextBox,,UIInteraction,Text=MH-22
43194.128498044,Setup,Equipment,Add Equipment from Catalog to ToolString,Click,ToolbarButton,Add to ToolString,UIInteraction,EquipmentName=MH-22
43194.1285809954,Setup,Equipment,Rename ToolString,Click,ContextMenu,Rename,UIInteraction,
43194.1285898264,Setup,Equipment,Rename ToolString,Input,TextBox,DynamicToolZero,UIInteraction,ToolstringGuid=C754235B-FEC3-4AC1-9202-318DF5572D7C
43194.1286183449,Setup,Equipment,Delete Equipment,Click,ContextMenu,Delete,UIInteraction,EquipName=UPCT-A;ToolPath=DynamicToolZero:UPCT-A
43194.1287236343,Setup,Equipment,Filter Equipment in Catalog,Input,TextBox,,UIInteraction,Text=
43194.128723831,Setup,Equipment,Filter Equipment in Catalog,Input,TextBox,,UIInteraction,Text=
43194.1287277083,Setup,Equipment,Add Equipment from MyEquipment to ToolString,Click,ToolbarButton,Add to ToolString,UIInteraction,EquipmentName=UPCT-A
43194.1288020486,Setup,Equipment,Delete Equipment,Click,ContextMenu,Delete,UIInteraction,EquipName=HSD;ToolPath=DynamicToolZero:HSD
43194.1289785301,Setup,Properties & Parameters,Change Property Value,Update,GridCell,Tool Bottom,UIInteraction,OSDD=Tool_Zero;EnsemblePath=DynamicToolZero
43194.1291252431,Setup,Equipment,Filter Equipment in Catalog,Input,TextBox,,UIInteraction,Text=
43194.1291252894,Setup,Equipment,Filter Equipment in Catalog,Input,TextBox,,UIInteraction,Text=
43194.1291319676,Setup,Equipment,Add Equipment from MyEquipment to ToolString,Click,ToolbarButton,Add to ToolString,UIInteraction,EquipmentName=HSD
43194.1291895255,Setup,UI Framework,Switch Tab,Click,Tab,Runs,UIInteraction,
43194.1292272685,Setup,Run Manager (Internal),Associate toolstring to run,Update,GridCell,DynamicToolZero,UIInteraction,RunGuid=E0CFC19B-1011-45CF-81DD-F5E6B6E6779B;ToolstringGuid=C754235B-FEC3-4AC1-9202-318DF5572D7C;DownholeEquipments=HSDUPCT-AAH-38MH-22;TSLevelActiveSurfaceEquips=DEPTH_DEVICETENSION_DEVICELOGGING_CABLEWAFEWITMWITM
43194.1293613079,Setup,Equipment,Close Toolstring Validation UI,Click,Button,Close,UIInteraction,ToolstringGuid=C754235B-FEC3-4AC1-9202-318DF5572D7C
43194.1293684491,DeliverablesSetup,UI Framework,Switch View,Click,ToolbarButton,Deliverables Display View,UIInteraction,
43194.1294432292,DeliverablesSetup,Deliverables - Digital,Create Job Archive,Click,ContextMenu,Create,UIInteraction,ArchiveGuid=FE6AF5F6-B8E5-400B-BFB9-BCA63694E7C6;JobArchiveType=3.0
43194.1297350463,DeliverablesSetup,UI Framework,Close Console,Click,Button,,UIInteraction,JobGuid=FE6AF5F6-B8E5-400B-BFB9-BCA63694E7C6
43194.1297689236,DeliverablesSetup,UI Framework,OK to Close Deliverables - Display Console,Click,Button,OK,UIInteraction,
43194.1298490509,,Console/Job Manager,Stop Setup Console,Click,Button,Stop,UIInteraction,JobGuid=FE6AF5F6-B8E5-400B-BFB9-BCA63694E7C6
43194.1299331713,,Console/Job Manager,Stop Job,Click,Button,Stop,UIInteraction,JobGuid=FE6AF5F6-B8E5-400B-BFB9-BCA63694E7C6
