Time,Process,Component,Operation,Action,Control,ControlText,Category,Context
43193.9303159259,,UI Framework,Initialize Maxwell Manager Process Name,,,Initialize Maxwell Manager Process Name,,
43193.9303722801,,UI Framework,Start Console,,,Maxwell Manager,UIAutomatic,MachineName=HPV03-016;UserName=Engineer;UserDomainName=HPV03-016;OS=Microsoft Windows NT 6.1.7601 Service Pack 1;TimeZone=00:00:00;IPAddress_1=192.168.78.239;IPAddress_2=::1;MWVersion=9.0.100742.3100
43193.9304827662,,Console/Job Manager,Import Job Archive,Click,ContextMenu,Create Import,UIInteraction,
43193.930496875,,Import/Export & Backup/Restore,Select file to import,Click,Button,...,UIInteraction,
43193.9305195949,,Import/Export & Backup/Restore,OK to select file,,,,UIAutomatic,FilePath=C:\DataValidation\USIT-E-USI_ICE\USIT-E-USI_ICE-Yes_5.0.22830.3100_JA.Dlis
