Time,Process,Component,Operation,Action,Control,ControlText,Category,Context
43194.1913565509,,Console/Job Manager,Start Job,Click,Button,Start,UIInteraction,JobName=HYPQ_IMT;ClientName=BGCAT;StartDate=4/4/2018 4:35 AM;Workflow=Wireline;Simulator=True;UnitSystem=English;RTBackupDir=C:\Autobackup;JobSize=0;State=Available;SideTrackId=0;SessionID=20E213FC-6BB4-48AD-AC18-B7B37ACC96D0;SortOrder=1;JobGUID=75972349-0660-4FD9-9010-9855FF869A49;WellGUID=07E162E1-EFE2-435D-9855-FB9D755E08A2;BoreholeGUID=78428A6F-74D2-4A4F-824A-43DD0415A4A6;MachineName=HPV11-013;UserName=Engineer;UserDomainName=HPV11-013;OS=Microsoft Windows NT 6.1.7601 Service Pack 1;StartedJobCount=0;TimeZone=00:00:00;IPAddress_1=192.168.78.252;IPAddress_2=::1;MWVersion=9.0.100745.3100
43194.1914412153,,Console/Job Manager,Start Setup Console,Click,Button,Start...,UIInteraction,JobGuid=75972349-0660-4FD9-9010-9855FF869A49
43194.1916350579,Setup,Calibration,Select Calibration Report Type,Click,ComboBox,Technical Concise,UIInteraction,
43194.1916473727,Setup,UI Framework,Start Console,,,Setup - Job HYPQ_IMT,UIAutomatic,
43194.1916853935,Setup,Equipment,New ToolString,Click,ToolbarButton,New ToolString,UIInteraction,ToolstringName=New ToolString;ToolstringGuid=BB62F347-DDE0-4043-8177-39F0E0C36F8E
43194.1917228704,Setup,Equipment,Rename ToolString,Input,TextBox,HYPQ_IMT,UIInteraction,ToolstringGuid=BB62F347-DDE0-4043-8177-39F0E0C36F8E
43194.1917330556,Setup,Equipment,Filter Equipment in Catalog,Input,TextBox,,UIInteraction,Text=MDT-BN
43194.1917335069,Setup,Equipment,Filter Equipment in Catalog,Input,TextBox,,UIInteraction,Text=MDT-BN
43194.1917380556,Setup,Equipment,Add Equipment from Catalog to ToolString,Click,ToolbarButton,Add to ToolString,UIInteraction,EquipmentName=MDT-BN
43194.1917505556,Setup,Equipment,Filter Equipment in Catalog,Input,TextBox,,UIInteraction,Text=MRPQ-XP
43194.1917507407,Setup,Equipment,Filter Equipment in Catalog,Input,TextBox,,UIInteraction,Text=MRPQ-XP
43194.1917549537,Setup,Equipment,Add Equipment from Catalog to ToolString,Click,ToolbarButton,Add to ToolString,UIInteraction,EquipmentName=MRPQ-XP
43194.1917746065,Setup,Equipment,Filter Equipment in Catalog,Input,TextBox,,UIInteraction,Text=MRHY-XP
43194.1917747222,Setup,Equipment,Filter Equipment in Catalog,Input,TextBox,,UIInteraction,Text=MRHY-XP
43194.191778831,Setup,Equipment,Add Equipment from Catalog to ToolString,Click,ToolbarButton,Add to ToolString,UIInteraction,EquipmentName=MRHY-XP
43194.1917842245,Setup,Equipment,Filter Equipment in Catalog,Input,TextBox,,UIInteraction,Text=MRPC-NC
43194.1917844329,Setup,Equipment,Filter Equipment in Catalog,Input,TextBox,,UIInteraction,Text=MRPC-NC
43194.1917887847,Setup,Equipment,Add Equipment from Catalog to ToolString,Click,ToolbarButton,Add to ToolString,UIInteraction,EquipmentName=MRPC-NC
43194.1917975579,Setup,Equipment,Filter Equipment in Catalog,Input,TextBox,,UIInteraction,Text=EDTA-A
43194.1917976736,Setup,Equipment,Filter Equipment in Catalog,Input,TextBox,,UIInteraction,Text=EDTA-A
43194.1918074884,Setup,Equipment,Filter Equipment in Catalog,Input,TextBox,,UIInteraction,Text=EDTC-B
43194.1918019676,Setup,Equipment,Add Equipment from Catalog to ToolString,Click,ToolbarButton,Add to ToolString,UIInteraction,EquipmentName=EDTA-A
43194.1918077083,Setup,Equipment,Filter Equipment in Catalog,Input,TextBox,,UIInteraction,Text=EDTC-B
43194.1918120023,Setup,Equipment,Add Equipment from Catalog to ToolString,Click,ToolbarButton,Add to ToolString,UIInteraction,EquipmentName=EDTC-B
43194.1918198843,Setup,Equipment,Filter Equipment in Catalog,Input,TextBox,,UIInteraction,Text=LEH-Q
43194.1918200347,Setup,Equipment,Filter Equipment in Catalog,Input,TextBox,,UIInteraction,Text=LEH-Q
43194.1918245949,Setup,Equipment,Add Equipment from Catalog to ToolString,Click,ToolbarButton,Add to ToolString,UIInteraction,EquipmentName=LEH-Q
43194.1919593287,Setup,Properties & Parameters,Change Property Value,Update,GridCell,123,UIInteraction,OSDD=EP_SERIAL_NUMBER;EnsemblePath=MRPQ-XP:MRPQ-XP:MRPQ-XP
43194.1920946065,Setup,Properties & Parameters,Change Property Value,Update,GridCell,123,UIInteraction,OSDD=EP_SERIAL_NUMBER;EnsemblePath=MRHY-XP:MRHY-XP:MRHY-XP
43194.1922275579,Setup,Properties & Parameters,Change Property Value,Update,GridCell,100,UIInteraction,OSDD=EP_SERIAL_NUMBER;EnsemblePath=MRPC-NC:MRPC-NC:MRCH-NL
43194.1922465856,Setup,Properties & Parameters,Change Property Value,Update,GridCell,100,UIInteraction,OSDD=EP_SERIAL_NUMBER;EnsemblePath=MRPC-NC:MRPC-NC:MRPC-NC
43194.1922659144,Setup,Properties & Parameters,Change Property Value,Update,GridCell,100,UIInteraction,OSDD=EP_SERIAL_NUMBER;EnsemblePath=MRPP
43194.1922845833,Setup,Properties & Parameters,Change Property Value,Update,GridCell,100,UIInteraction,OSDD=EP_SERIAL_NUMBER;EnsemblePath=MRTM
43194.192419537,Setup,Properties & Parameters,Change Property Value,Update,GridCell,100,UIInteraction,OSDD=EP_SERIAL_NUMBER;EnsemblePath=EDTA-A:EDTA-A:EDTA-AA
43194.1924383218,Setup,Properties & Parameters,Change Property Value,Update,GridCell,100,UIInteraction,OSDD=EP_SERIAL_NUMBER;EnsemblePath=EDTA-A:EDTA-A:HECH-KA
43194.192573287,Setup,Properties & Parameters,Change Property Value,Update,GridCell,100,UIInteraction,OSDD=EP_SERIAL_NUMBER;EnsemblePath=EDTC-B:EDTC-B:EDTC-B
43194.192591956,Setup,Properties & Parameters,Change Property Value,Update,GridCell,100,UIInteraction,OSDD=EP_SERIAL_NUMBER;EnsemblePath=EDTC-B:EDTC-B:EDTG-A
43194.1926113889,Setup,Properties & Parameters,Change Property Value,Update,GridCell,100,UIInteraction,OSDD=EP_SERIAL_NUMBER;EnsemblePath=EDTC-B:EDTC-B:EDTH-B
43194.1926304051,Setup,Properties & Parameters,Change Property Value,Update,GridCell,100,UIInteraction,OSDD=EP_SERIAL_NUMBER;EnsemblePath=WITM
43194.1926570718,Setup,UI Framework,Switch Tab,Click,Tab,Well Properties,UIInteraction,
43194.1926764583,Setup,Well Setup (Internal),Change Property Value,Update,GridCell,IMT,UIInteraction,OSDD=WN
43194.1927182292,Setup,Well Setup (Internal),Change Property Value,Update,GridCell,123456789,UIInteraction,OSDD=SON
43194.1927548264,Setup,Well Setup (Internal),Change Property Value,Update,GridCell,MRPQ_IMT_Test,UIInteraction,OSDD=CN
43194.1927911574,Setup,Well Setup (Internal),Change Property Value,Update,GridCell,Texas,UIInteraction,OSDD=STAT
43194.1928233681,Setup,Well Setup (Internal),Change Property Value,Update,GridCell,Ft. Bend,UIInteraction,OSDD=COUN
43194.1928519329,Setup,UI Framework,Switch Tab,Click,Tab,Equipment,UIInteraction,
43194.1931259028,Setup,Properties & Parameters,Change Property Value,Update,GridCell,9999,UIInteraction,OSDD=EP_SERIAL_NUMBER;EnsemblePath=MRPQ-XP:MRPQ-XP:Bumper
43194.193154456,Setup,Properties & Parameters,Change Property Value,Update,GridCell,9999,UIInteraction,OSDD=EP_SERIAL_NUMBER;EnsemblePath=MRPQ-XP:MRPQ-XP:CQG-G
43194.1931833681,Setup,Properties & Parameters,Change Property Value,Update,GridCell,9999,UIInteraction,OSDD=EP_SERIAL_NUMBER;EnsemblePath=MRPQ-XP:MRPQ-XP:Probe
43194.1932152315,Setup,Properties & Parameters,Change Property Value,Update,GridCell,9999,UIInteraction,OSDD=EP_SERIAL_NUMBER;EnsemblePath=MRPQ-XP:MRPQ-XP:ResistivityCell
43194.1932431713,Setup,Properties & Parameters,Change Property Value,Update,GridCell,9999,UIInteraction,OSDD=EP_SERIAL_NUMBER;EnsemblePath=MRPQ-XP:MRPQ-XP:StrainGauge
43194.1933172685,Setup,Properties & Parameters,Change Property Value,Update,GridCell,9999,UIInteraction,OSDD=EP_SERIAL_NUMBER;EnsemblePath=MDT-BN:MDT-BN:MDT-BN
43194.1933881481,Setup,Run Manager (Internal),Associate toolstring to run,Update,GridCell,HYPQ_IMT,UIInteraction,RunGuid=4FAA7DA2-074C-4DE0-AEE2-A9F08FA9982E;ToolstringGuid=BB62F347-DDE0-4043-8177-39F0E0C36F8E;DownholeEquipments=MDT-BNMRPQ-XPMRHY-XPMRPC-NCEDTA-AEDTC-BLEH-Q;TSLevelActiveSurfaceEquips=DEPTH_DEVICETENSION_DEVICELOGGING_CABLEWAFEMRPPMRTMWITM
43194.1935224074,Setup,Equipment,Close Toolstring Validation UI,Click,Button,Close,UIInteraction,ToolstringGuid=BB62F347-DDE0-4043-8177-39F0E0C36F8E
43194.1935417361,Setup,Run Manager (Internal),Start Run,Click,Button,Start,UIInteraction,RunGuid=4FAA7DA2-074C-4DE0-AEE2-A9F08FA9982E;ToolstringGuid=BB62F347-DDE0-4043-8177-39F0E0C36F8E;DownholeEquipments=MDT-BN:MRPQ-XP:MRHY-XP:MRPC-NC:EDTA-A:EDTC-B:LEH-Q;TSLevelActiveSurfaceEquips=DEPTH_DEVICE:TENSION_DEVICE:LOGGING_CABLE:WAFE
43194.1935419444,Setup,Run Manager (Internal),Change Tool Zero Selection,Click,CheckBox,MRPQ-XP,UIInteraction,CheckState=True
43194.1935901273,Setup,Run Manager (Internal),Confirm Tool Zero Selection,Click,Button,Confirm and Continue,UIInteraction,
43194.1936683565,Setup,Equipment,Activate Run,Click,Button,Activate,UIInteraction,ToolstringGuid=BB62F347-DDE0-4043-8177-39F0E0C36F8E;DownholeEquipments=MDT-BN:MRPQ-XP:MRHY-XP:MRPC-NC:EDTA-A:EDTC-B:LEH-Q;TSLevelActiveSurfaceEquips=DEPTH_DEVICE:TENSION_DEVICE:LOGGING_CABLE:WAFE
43194.1937979282,Simulation,UI Framework,Start Console,,,Simulation Console - Job HYPQ_IMT,UIAutomatic,
43194.1938957292,WLAcquisition,Calibration,Select Calibration Report Type,Click,ComboBox,Technical Concise,UIInteraction,
43194.1939191551,WLAcquisition,UI Framework,Start Console,,,Acquisition Console - Job HYPQ_IMT - Run 1,UIAutomatic,
43194.1939301273,WLAcquisition,Calibration,Choose Available Calibration,Click,ComboBox,Nominal,UIInteraction,
43194.1939310532,WLAcquisition,Calibration,Select Calibration in Calibration Report,Click,ComboBox,EDTC-B Accelerometer Calibration,UIInteraction,
43194.1939311574,WLAcquisition,Calibration,Select Tool in Calibration Report,Click,ComboBox,EDTC-B:100,UIInteraction,ToolName=EDTC-B:100
43194.1941774653,WLAcquisition,Data Acquiring - WL,Connect Hardware,Click,ToolbarButton,Connect to Hardware,UIInteraction,
43194.1943713426,WLAcquisition,Data Acquiring - WL,Start Dataflow,Click,ToolbarButton,Start Data Flow,UIInteraction,
43194.1944722801,WLAcquisition,Data Acquiring - WL,Enable Tool Power,Click,ToolbarButton,Enable Tool Power,UIInteraction,
43194.1944797338,WLAcquisition,EDTC-B,Read Memory Data,,,,UIAutomatic,TaskName=EDTC-B: Read Memory Data
43194.1944810185,WLAcquisition,UI Framework,Switch Tab,Click,Tab,Calibrations,UIInteraction,
43194.1945044444,Setup,Computation / Recomputation,ProcessRecomputeState,,,,UIAutomatic,JobGuid=75972349-0660-4FD9-9010-9855FF869A49;State=UIS_RECOMPUTATION_STATE_PENDING;Scope=JobScope;RecompPercentageComplete=;MultipleRunsAffected=False;ActiveRunAffected=True;ActiveRunInProgress=False;RunCount=1;Run0Change0=Calibration;Run0Guid=4FAA7DA2-074C-4DE0-AEE2-A9F08FA9982E
43194.1945058565,WLAcquisition,Calibration,Choose Available Calibration,Click,ComboBox,04:40:03.813 04-Apr-2018,UIInteraction,
43194.1945064815,WLAcquisition,Calibration,Choose Available Calibration,Click,ComboBox,04:40:03.813 04-Apr-2018,UIInteraction,
43194.1945069329,WLAcquisition,Computation / Recomputation,ProcessRecomputeState,,,,UIAutomatic,JobGuid=75972349-0660-4FD9-9010-9855FF869A49;State=UIS_RECOMPUTATION_STATE_PENDING;Scope=JobScope;RecompPercentageComplete=;MultipleRunsAffected=False;ActiveRunAffected=True;ActiveRunInProgress=False;RunCount=1;Run0Change0=Calibration;Run0Guid=4FAA7DA2-074C-4DE0-AEE2-A9F08FA9982E
43194.1974827894,WLAcquisition,Computation / Recomputation,Recompute All Pending Runs,Click,ToolbarButton,Recompute All Pending Runs,UIInteraction,
43194.1974828588,WLAcquisition,Computation / Recomputation,Start Recomputation During Acquisition,Click,ToolbarButton,Recompute All Pending Runs,UIInteraction,FeatureName=Framework.RTOOP
43194.197482963,Setup,Computation / Recomputation,ProcessRecomputeState,,,,UIAutomatic,JobGuid=75972349-0660-4FD9-9010-9855FF869A49;State=UIS_RECOMPUTATION_STATE_STARTING;Scope=JobScope;RecompPercentageComplete=;MultipleRunsAffected=False;ActiveRunAffected=True;ActiveRunInProgress=True;RunCount=1;Run0Change0=Calibration;Run0Guid=4FAA7DA2-074C-4DE0-AEE2-A9F08FA9982E
43194.1974834491,WLAcquisition,Computation / Recomputation,ProcessRecomputeState,,,,UIAutomatic,JobGuid=75972349-0660-4FD9-9010-9855FF869A49;State=UIS_RECOMPUTATION_STATE_STARTING;Scope=JobScope;RecompPercentageComplete=;MultipleRunsAffected=False;ActiveRunAffected=True;ActiveRunInProgress=True;RunCount=1;Run0Change0=Calibration;Run0Guid=4FAA7DA2-074C-4DE0-AEE2-A9F08FA9982E
43194.1974873843,WLAcquisition,Computation / Recomputation,ProcessRecomputeState,,,,UIAutomatic,JobGuid=75972349-0660-4FD9-9010-9855FF869A49;State=UIS_RECOMPUTATION_STATE_IN_PROGRESS;Scope=JobScope;RecompPercentageComplete=;MultipleRunsAffected=False;ActiveRunAffected=True;ActiveRunInProgress=True;RunCount=1;Run0Change0=Calibration;Run0Guid=4FAA7DA2-074C-4DE0-AEE2-A9F08FA9982E
43194.1974873843,Setup,Computation / Recomputation,ProcessRecomputeState,,,,UIAutomatic,JobGuid=75972349-0660-4FD9-9010-9855FF869A49;State=UIS_RECOMPUTATION_STATE_IN_PROGRESS;Scope=JobScope;RecompPercentageComplete=;MultipleRunsAffected=False;ActiveRunAffected=True;ActiveRunInProgress=True;RunCount=1;Run0Change0=Calibration;Run0Guid=4FAA7DA2-074C-4DE0-AEE2-A9F08FA9982E
43194.197496169,Setup,Computation / Recomputation,ProcessRecomputeState,,,,UIAutomatic,JobGuid=75972349-0660-4FD9-9010-9855FF869A49;State=UIS_RECOMPUTATION_STATE_SUCCEEDED;Scope=JobScope;RecompPercentageComplete=;MultipleRunsAffected=False;ActiveRunAffected=True;ActiveRunInProgress=True;RunCount=1;Run0Change0=Calibration;Run0Guid=4FAA7DA2-074C-4DE0-AEE2-A9F08FA9982E
43194.1974961806,WLAcquisition,Computation / Recomputation,ProcessRecomputeState,,,,UIAutomatic,JobGuid=75972349-0660-4FD9-9010-9855FF869A49;State=UIS_RECOMPUTATION_STATE_SUCCEEDED;Scope=JobScope;RecompPercentageComplete=;MultipleRunsAffected=False;ActiveRunAffected=True;ActiveRunInProgress=True;RunCount=1;Run0Change0=Calibration;Run0Guid=4FAA7DA2-074C-4DE0-AEE2-A9F08FA9982E
43194.1976673148,WLAcquisition,Depth Log/Station Planning,Perform Logging Task,RightClick,TreeView,Station Log,UIInteraction,TaskName=Station Log
43194.1976812731,WLAcquisition,Depth Log/Station Planning,Perform Logging Task,Click,ContextMenu,Perform,UIInteraction,TaskName=Station Log
43194.197840544,WLAcquisition,Data Acquiring - WL,Start Station Pass,Click,Button,Start,UIInteraction,PassGuid=860D2D06-FBD2-49CF-B8A6-04B22C1B46B0;Main Objective=MDT;MDT Station Objective=Test MDT Tool;Power Station=MRPC-NC
43194.1978417014,WLAcquisition,Data Acquiring - WL,Continue Station Pass,,Button,Start,UIAutomatic,PassGuid=860D2D06-FBD2-49CF-B8A6-04B22C1B46B0;Main Objective=MDT;MDT Station Objective=Test MDT Tool;Power Station=MRPC-NC
43194.1978493519,WLAcquisition,UI Framework,Switch Tab,Click,Tab,Station,UIInteraction,
43194.197971875,WLAcquisition,UI Framework,Switch Tab,Click,Tab,Tool Control,UIInteraction,
43194.1981936343,WLAcquisition,MRPQ-XP,Incoming System Test,RightClick,TreeView,Incoming System Test,UIInteraction,TaskName=Incoming System Test
43194.198207662,WLAcquisition,MRPQ-XP,Incoming System Test,Click,ContextMenu,Perform,UIInteraction,TaskName=Incoming System Test
43194.1982804398,Simulation,UI Framework,Switch Tab,Click,Tab,MRHY-XP,UIInteraction,
43194.2182512268,WLAcquisition,Data Acquiring - WL,Unlock Pass,Click,ToolbarButton,Click to Unlock Stop Button,UIInteraction,
43194.2182712963,WLAcquisition,Data Acquiring - WL,Stop Station Pass,Click,Button,Stop,UIInteraction,PassGuid=860D2D06-FBD2-49CF-B8A6-04B22C1B46B0;Depth=0
43194.2183942593,WLAcquisition,Data Acquiring - WL,Unlock 3 Buttons,Click,ToolbarButton,Unlock,UIInteraction,
43194.2183965393,WLAcquisition,Data Acquiring - WL,Disable Tool Power,Click,ToolbarButton,Disable Tool Power,UIInteraction,
43194.2186087384,WLAcquisition,Data Acquiring - WL,Stop Dataflow,Click,ToolbarButton,Stop Data Flow,UIInteraction,
43194.2187187384,WLAcquisition,Data Acquiring - WL,Disconnect Hardware,Click,ToolbarButton,Disconnect From Hardware,UIInteraction,
43194.2187281597,Simulation,UI Framework,Switch Tab,Click,Tab,EDTCB Simulator : 0,UIInteraction,
43194.218728669,Simulation,UI Framework,Switch Tab,Click,Tab,MRHY-XP,UIInteraction,
43194.218728831,Simulation,UI Framework,Switch Tab,Click,Tab,MRPC-NC,UIInteraction,
43194.2188251042,Setup,Run Manager (Internal),Stop Run,Click,Button,Stop,UIInteraction,RunGuid=4FAA7DA2-074C-4DE0-AEE2-A9F08FA9982E
43194.218870787,Setup,Run Manager (Internal),Confirm to Stop Run,Click,Button,OK,UIInteraction,RunGuid=4FAA7DA2-074C-4DE0-AEE2-A9F08FA9982E
43194.2189538773,Simulation,UI Framework,Close Console,Click,Button,,UIInteraction,JobGuid=75972349-0660-4FD9-9010-9855FF869A49
43194.2190400926,,Console/Job Manager,Stop Setup Console,Click,Button,Stop,UIInteraction,JobGuid=75972349-0660-4FD9-9010-9855FF869A49
43194.2191301157,,Console/Job Manager,Stop Job,Click,Button,Stop,UIInteraction,JobGuid=75972349-0660-4FD9-9010-9855FF869A49
