43193.8210086574,,Import/Export & Backup/Restore,OK to select file,,,,UIAutomatic,FilePath=\\srv004bgc.dir.slb.com\MaxwellAT\TestData\TestData\Phase3\JobArchive\DnM_SWF_MP3_ACQ.Dlis
43193.8210865046,,Import/Export & Backup/Restore,Start Import,Click,Button,Import,UIInteraction,FilePath=\\srv004bgc.dir.slb.com\MaxwellAT\TestData\TestData\Phase3\JobArchive\DnM_SWF_MP3_ACQ.Dlis
43193.8222600116,,Import/Export & Backup/Restore,Close Import UI,Click,Button,Close,UIInteraction,
43193.8223990625,,Console/Job Manager,Select Auto Backup Folder,Click,ComboBox,C:\Autobackup,UIInteraction,
43193.8712555208,,UI Framework,Close Console,Click,Button,,UIInteraction,
