Time,Process,Component,Operation,Action,Control,ControlText,Category,Context
43194.1714820023,,Console/Job Manager,Start Job,Click,Button,Start,UIInteraction,JobName=ZAIT-E;WellName=Automation;ClientName=BGCAT;StartDate=4/4/2018 4:06 AM;Workflow=Wireline;Simulator=True;UnitSystem=English;JobSize=0;State=Available;SideTrackId=0;SessionID=A34AD749-FA5B-46DA-BEF6-21B9A0B54575;SortOrder=1;JobGUID=9AF79D86-09DB-4043-B9D9-5D8B7586DE7D;WellGUID=8AC17E29-5451-4F9B-B455-55AE190F54C5;BoreholeGUID=744D574E-F7A2-444A-8DF8-446714E79432;MachineName=HPV01-019;UserName=Engineer;UserDomainName=HPV01-019;OS=Microsoft Windows NT 6.1.7601 Service Pack 1;StartedJobCount=0;TimeZone=00:00:00;IPAddress_1=192.168.78.213;IPAddress_2=::1;MWVersion=9.0.100745.3100
43194.1717133333,,Console/Job Manager,Stop Job,Click,Button,Stop,UIInteraction,JobGuid=9AF79D86-09DB-4043-B9D9-5D8B7586DE7D
43194.1719119444,,Console/Job Manager,Start Job,Click,Button,Start,UIInteraction,JobName=ZAIT-E;WellName=Automation;ClientName=BGCAT;StartDate=4/4/2018 4:06 AM;Workflow=Wireline;Simulator=True;UnitSystem=English;RTBackupDir=C:\Autobackup;JobSize=0;State=Available;SideTrackId=0;SessionID=A34AD749-FA5B-46DA-BEF6-21B9A0B54575;SortOrder=1;JobGUID=9AF79D86-09DB-4043-B9D9-5D8B7586DE7D;WellGUID=8AC17E29-5451-4F9B-B455-55AE190F54C5;BoreholeGUID=744D574E-F7A2-444A-8DF8-446714E79432;MachineName=HPV01-019;UserName=Engineer;UserDomainName=HPV01-019;OS=Microsoft Windows NT 6.1.7601 Service Pack 1;StartedJobCount=0;TimeZone=00:00:00;IPAddress_1=192.168.78.213;IPAddress_2=::1;MWVersion=9.0.100745.3100
43194.172679456,,Console/Job Manager,Start Setup Console,Click,Button,Start...,UIInteraction,JobGuid=9AF79D86-09DB-4043-B9D9-5D8B7586DE7D
43194.1727542245,Setup,Calibration,Select Calibration Report Type,Click,ComboBox,Technical Concise,UIInteraction,
43194.1728008912,Setup,UI Framework,Start Console,,,Setup - Job ZAIT-E,UIAutomatic,
43194.1728243981,,Console/Job Manager,Start Deliverables Console,Click,Button,Start...,UIInteraction,JobGuid=9AF79D86-09DB-4043-B9D9-5D8B7586DE7D
43194.1728955556,DeliverablesSetup,Tier Manager,Tier Template Created for Tools in My Equipment,,,EDTC-B Tier Created,Deliverables Console,
43194.1728956944,DeliverablesSetup,Tier Manager,Tier Template Created for Tools in My Equipment,,,ZAIT-E Tier Created,Deliverables Console,
43194.1728964931,DeliverablesSetup,Tier Manager,Tier Template Created for Tools in My Equipment,,,LEH-QT Tier Created,Deliverables Console,
43194.1729027431,DeliverablesSetup,UI Framework,Start Console,,,Deliverables Console Setup - Job ZAIT-E,UIAutomatic,
43194.1730798264,Setup,UI Framework,Switch Tab,Click,Tab,DnI Initializations,UIInteraction,
43194.1731396296,Setup,Run Manager (Internal),Start Run,Click,Button,Start,UIInteraction,RunGuid=ACA06F76-A4F4-435B-BB34-2642D6B7CA07;ToolstringGuid=B456F0E4-00A6-460A-948B-FEABC567C54A;DownholeEquipments=ZAIT-E:EDTC-B:LEH-QT;TSLevelActiveSurfaceEquips=WAFE:LOGGING_CABLE:DEPTH_DEVICE:TENSION_DEVICE
43194.173250787,Setup,Equipment,Activate Run,Click,Button,Activate,UIInteraction,ToolstringGuid=B456F0E4-00A6-460A-948B-FEABC567C54A;DownholeEquipments=ZAIT-E:EDTC-B:LEH-QT;TSLevelActiveSurfaceEquips=WAFE:LOGGING_CABLE:DEPTH_DEVICE:TENSION_DEVICE
43194.1733754398,Simulation,UI Framework,Start Console,,,Simulation Console - Job ZAIT-E,UIAutomatic,
43194.1733769213,WLAcquisition,Calibration,Select Calibration Report Type,Click,ComboBox,Technical Concise,UIInteraction,
43194.1734095023,WLAcquisition,UI Framework,Start Console,,,Acquisition Console - Job ZAIT-E - Run 1,UIAutomatic,
43194.1737266435,WLAcquisition,Data Acquiring - WL,Connect Hardware,Click,ToolbarButton,Connect to Hardware,UIInteraction,
43194.1738877315,WLAcquisition,Data Acquiring - WL,Start Dataflow,Click,ToolbarButton,Start Data Flow,UIInteraction,
43194.1739965162,WLAcquisition,Data Acquiring - WL,Enable Tool Power,Click,ToolbarButton,Enable Tool Power,UIInteraction,
43194.1740089005,WLAcquisition,Calibration,Select Calibration in Calibration Report,Click,ComboBox,HTEN Before Calibration,UIInteraction,
43194.1740040162,WLAcquisition,EDTC-B,Read Memory Data,,,,UIAutomatic,TaskName=EDTC-B: Read Memory Data
43194.174008912,WLAcquisition,Calibration,Select Tool in Calibration Report,Click,ComboBox,LEH-QT,UIInteraction,ToolName=LEH-QT
43194.174009456,WLAcquisition,UI Framework,Switch Tab,Click,Tab,Calibrations,UIInteraction,
43194.1740140856,WLAcquisition,Calibration,Choose Available Calibration,Click,ComboBox,07:45:27.930 28-Dec-2017,UIInteraction,
43194.1740173148,WLAcquisition,Calibration,Choose Available Calibration,Click,ComboBox,04:10:34.535 04-Apr-2018,UIInteraction,
43194.1757947569,WLAcquisition,ZAIT-E,Asset Info,RightClick,TreeView,Asset Info,UIInteraction,TaskName=Asset Info
43194.1758091088,WLAcquisition,ZAIT-E,Asset Info,Click,ContextMenu,Perform,UIInteraction,TaskName=Asset Info
43194.1760637153,WLAcquisition,ZAIT-E,Sonde Characterization,RightClick,TreeView,Sonde Characterization,UIInteraction,TaskName=Sonde Characterization
43194.1760779745,WLAcquisition,ZAIT-E,Sonde Characterization,Click,ContextMenu,Perform,UIInteraction,TaskName=Sonde Characterization
43194.1763387616,WLAcquisition,ZAIT-E,Master Cal and Shop Check,RightClick,TreeView,Master Cal and Shop Check,UIInteraction,TaskName=Master Cal and Shop Check
43194.1763528819,WLAcquisition,ZAIT-E,Master Cal and Shop Check,Click,ContextMenu,Perform,UIInteraction,TaskName=Master Cal and Shop Check
43194.1767100231,WLAcquisition,ZAIT-E,Check,RightClick,TreeView,Check,UIInteraction,TaskName=Check
43194.1767239699,WLAcquisition,ZAIT-E,Check,Click,ContextMenu,Perform,UIInteraction,TaskName=Check
43194.1767263426,WLAcquisition,Calibration,Choose Available Calibration,Click,ComboBox,07:49:51.513 28-Dec-2017,UIInteraction,
43194.1767267361,WLAcquisition,Calibration,Choose Available Calibration,Click,ComboBox,07:51:11.293 28-Dec-2017,UIInteraction,
43194.1767271065,WLAcquisition,Calibration,Choose Available Calibration,Click,ComboBox,07:48:30.280 28-Dec-2017,UIInteraction,
43194.1775068287,WLAcquisition,Calibration,Choose Available Calibration,Click,ComboBox,04:15:36.135 04-Apr-2018,UIInteraction,
43194.1778097917,Setup,Computation / Recomputation,ProcessRecomputeState,,,,UIAutomatic,JobGuid=9AF79D86-09DB-4043-B9D9-5D8B7586DE7D;State=UIS_RECOMPUTATION_STATE_PENDING;Scope=JobScope;RecompPercentageComplete=;MultipleRunsAffected=False;ActiveRunAffected=True;ActiveRunInProgress=False;RunCount=1;Run0Change0=Parameter;Run0Guid=ACA06F76-A4F4-435B-BB34-2642D6B7CA07
43194.1778089931,WLAcquisition,Properties & Parameters,Change Parameter Value,Update,GridCell,Compute WBM All CAT Only,UIInteraction,OSDD=ABHME;EnsemblePath=ZAIT-E:AZIS:AZIS
43194.1778098032,WLAcquisition,Computation / Recomputation,ProcessRecomputeState,,,,UIAutomatic,JobGuid=9AF79D86-09DB-4043-B9D9-5D8B7586DE7D;State=UIS_RECOMPUTATION_STATE_PENDING;Scope=JobScope;RecompPercentageComplete=;MultipleRunsAffected=False;ActiveRunAffected=True;ActiveRunInProgress=False;RunCount=1;Run0Change0=Parameter;Run0Guid=ACA06F76-A4F4-435B-BB34-2642D6B7CA07
43194.1778098032,DeliverablesSetup,Computation / Recomputation,ProcessRecomputeState,,,,UIAutomatic,JobGuid=9AF79D86-09DB-4043-B9D9-5D8B7586DE7D;State=UIS_RECOMPUTATION_STATE_PENDING;Scope=JobScope;RecompPercentageComplete=;MultipleRunsAffected=False;ActiveRunAffected=True;ActiveRunInProgress=False;RunCount=1;Run0Change0=Parameter;Run0Guid=ACA06F76-A4F4-435B-BB34-2642D6B7CA07
43194.177995544,WLAcquisition,Properties & Parameters,Show Infrequent Properties/Parameters,Click,ToolbarButton,Show Infrequent Parameters,UIInteraction,
43194.1780740856,WLAcquisition,Properties & Parameters,Change Parameter Value,Update,GridCell,2,UIInteraction,OSDD=AFVN;EnsemblePath=ZAIT-E:AZIS:AZIS
43194.1783501968,WLAcquisition,Properties & Parameters,Change Parameter Value,Update,GridCell,On,UIInteraction,OSDD=ATDA;EnsemblePath=ZAIT-E:AZIS:AZIS
43194.1785723958,WLAcquisition,Properties & Parameters,Change Parameter Value,Update,GridCell,Top of Hole,UIInteraction,OSDD=AROT;EnsemblePath=ZAIT-E:AZIS:AZIS
43194.178572419,Setup,Computation / Recomputation,ProcessRecomputeState,,,,UIAutomatic,JobGuid=9AF79D86-09DB-4043-B9D9-5D8B7586DE7D;State=UIS_RECOMPUTATION_STATE_PENDING;Scope=JobScope;RecompPercentageComplete=;MultipleRunsAffected=False;ActiveRunAffected=True;ActiveRunInProgress=False;RunCount=1;Run0Change0=Parameter;Run0Guid=ACA06F76-A4F4-435B-BB34-2642D6B7CA07
43194.178572419,DeliverablesSetup,Computation / Recomputation,ProcessRecomputeState,,,,UIAutomatic,JobGuid=9AF79D86-09DB-4043-B9D9-5D8B7586DE7D;State=UIS_RECOMPUTATION_STATE_PENDING;Scope=JobScope;RecompPercentageComplete=;MultipleRunsAffected=False;ActiveRunAffected=True;ActiveRunInProgress=False;RunCount=1;Run0Change0=Parameter;Run0Guid=ACA06F76-A4F4-435B-BB34-2642D6B7CA07
43194.1785725926,WLAcquisition,Computation / Recomputation,ProcessRecomputeState,,,,UIAutomatic,JobGuid=9AF79D86-09DB-4043-B9D9-5D8B7586DE7D;State=UIS_RECOMPUTATION_STATE_PENDING;Scope=JobScope;RecompPercentageComplete=;MultipleRunsAffected=False;ActiveRunAffected=True;ActiveRunInProgress=False;RunCount=1;Run0Change0=Parameter;Run0Guid=ACA06F76-A4F4-435B-BB34-2642D6B7CA07
43194.17884625,WLAcquisition,Properties & Parameters,Change Parameter Value,Update,GridCell,GPIT,UIInteraction,OSDD=AISS;EnsemblePath=ZAIT-E:AZIS:AZIS
43194.1788464005,DeliverablesSetup,Computation / Recomputation,ProcessRecomputeState,,,,UIAutomatic,JobGuid=9AF79D86-09DB-4043-B9D9-5D8B7586DE7D;State=UIS_RECOMPUTATION_STATE_PENDING;Scope=JobScope;RecompPercentageComplete=;MultipleRunsAffected=False;ActiveRunAffected=True;ActiveRunInProgress=False;RunCount=1;Run0Change0=Parameter;Run0Guid=ACA06F76-A4F4-435B-BB34-2642D6B7CA07
43194.1788464005,Setup,Computation / Recomputation,ProcessRecomputeState,,,,UIAutomatic,JobGuid=9AF79D86-09DB-4043-B9D9-5D8B7586DE7D;State=UIS_RECOMPUTATION_STATE_PENDING;Scope=JobScope;RecompPercentageComplete=;MultipleRunsAffected=False;ActiveRunAffected=True;ActiveRunInProgress=False;RunCount=1;Run0Change0=Parameter;Run0Guid=ACA06F76-A4F4-435B-BB34-2642D6B7CA07
43194.178846412,WLAcquisition,Computation / Recomputation,ProcessRecomputeState,,,,UIAutomatic,JobGuid=9AF79D86-09DB-4043-B9D9-5D8B7586DE7D;State=UIS_RECOMPUTATION_STATE_PENDING;Scope=JobScope;RecompPercentageComplete=;MultipleRunsAffected=False;ActiveRunAffected=True;ActiveRunInProgress=False;RunCount=1;Run0Change0=Parameter;Run0Guid=ACA06F76-A4F4-435B-BB34-2642D6B7CA07
43194.1791189815,WLAcquisition,Properties & Parameters,Change Parameter Value,Update,GridCell,-50,UIInteraction,OSDD=ANGDR;EnsemblePath=ZAIT-E:AZIS:AZIS
43194.1791190741,Setup,Computation / Recomputation,ProcessRecomputeState,,,,UIAutomatic,JobGuid=9AF79D86-09DB-4043-B9D9-5D8B7586DE7D;State=UIS_RECOMPUTATION_STATE_PENDING;Scope=JobScope;RecompPercentageComplete=;MultipleRunsAffected=False;ActiveRunAffected=True;ActiveRunInProgress=False;RunCount=1;Run0Change0=Parameter;Run0Guid=ACA06F76-A4F4-435B-BB34-2642D6B7CA07
43194.1791192014,DeliverablesSetup,Computation / Recomputation,ProcessRecomputeState,,,,UIAutomatic,JobGuid=9AF79D86-09DB-4043-B9D9-5D8B7586DE7D;State=UIS_RECOMPUTATION_STATE_PENDING;Scope=JobScope;RecompPercentageComplete=;MultipleRunsAffected=False;ActiveRunAffected=True;ActiveRunInProgress=False;RunCount=1;Run0Change0=Parameter;Run0Guid=ACA06F76-A4F4-435B-BB34-2642D6B7CA07
43194.1791197917,WLAcquisition,Computation / Recomputation,ProcessRecomputeState,,,,UIAutomatic,JobGuid=9AF79D86-09DB-4043-B9D9-5D8B7586DE7D;State=UIS_RECOMPUTATION_STATE_PENDING;Scope=JobScope;RecompPercentageComplete=;MultipleRunsAffected=False;ActiveRunAffected=True;ActiveRunInProgress=False;RunCount=1;Run0Change0=Parameter;Run0Guid=ACA06F76-A4F4-435B-BB34-2642D6B7CA07
43194.1793439005,WLAcquisition,Properties & Parameters,Change Parameter Value,Update,GridCell,Yes,UIInteraction,OSDD=ENB1DV;EnsemblePath=ZAIT-E:AZIS:AZIS
43194.1793440162,DeliverablesSetup,Computation / Recomputation,ProcessRecomputeState,,,,UIAutomatic,JobGuid=9AF79D86-09DB-4043-B9D9-5D8B7586DE7D;State=UIS_RECOMPUTATION_STATE_PENDING;Scope=JobScope;RecompPercentageComplete=;MultipleRunsAffected=False;ActiveRunAffected=True;ActiveRunInProgress=False;RunCount=1;Run0Change0=Parameter;Run0Guid=ACA06F76-A4F4-435B-BB34-2642D6B7CA07
43194.1793440162,Setup,Computation / Recomputation,ProcessRecomputeState,,,,UIAutomatic,JobGuid=9AF79D86-09DB-4043-B9D9-5D8B7586DE7D;State=UIS_RECOMPUTATION_STATE_PENDING;Scope=JobScope;RecompPercentageComplete=;MultipleRunsAffected=False;ActiveRunAffected=True;ActiveRunInProgress=False;RunCount=1;Run0Change0=Parameter;Run0Guid=ACA06F76-A4F4-435B-BB34-2642D6B7CA07
43194.1793440625,WLAcquisition,Computation / Recomputation,ProcessRecomputeState,,,,UIAutomatic,JobGuid=9AF79D86-09DB-4043-B9D9-5D8B7586DE7D;State=UIS_RECOMPUTATION_STATE_PENDING;Scope=JobScope;RecompPercentageComplete=;MultipleRunsAffected=False;ActiveRunAffected=True;ActiveRunInProgress=False;RunCount=1;Run0Change0=Parameter;Run0Guid=ACA06F76-A4F4-435B-BB34-2642D6B7CA07
43194.1794905208,WLAcquisition,Depth Log/Station Planning,Perform Logging Task,RightClick,TreeView,Depth Log,UIInteraction,TaskName=Depth Log
43194.1795044444,WLAcquisition,Depth Log/Station Planning,Perform Logging Task,Click,ContextMenu,Perform,UIInteraction,TaskName=Depth Log
43194.1802467824,WLAcquisition,Data Acquiring - WL,Start Depth Pass,Click,Button,Start,UIInteraction,PassGuid=E0F72E54-4F2D-4B92-BB1A-77AA663C4CAC;Objective=Log;Direction=Down;Depth=477.7613
43194.1802498611,WLAcquisition,UI Framework,Switch Tab,Click,Tab,MD,UIInteraction,
43194.1803138773,DeliverablesSetup,Deliverables - Digital,Add Template to Deliverable,Click,ContextMenu,Run 1,UIInteraction,ComponentName=ZAITE;ComponentCode=Component_None
43194.1804038079,DeliverablesSetup,Deliverables - Digital,Add Template to Deliverable,Click,ContextMenu,Run 1,UIInteraction,ComponentName=DLIS Standard;ComponentCode=Component_Template_Dlis
43194.1805037731,DeliverablesSetup,Deliverables - Digital,Add Template to Deliverable,Click,ContextMenu,Run 1,UIInteraction,ComponentName=LAS Standard;ComponentCode=Component_Template_Las
43194.1807856134,DeliverablesSetup,Data Explorer,Click OK Button,Click,Button,OK,UIInteraction,Selection=Log[1]:Down____1567.55 (ft)__logging down
43194.1807864352,DeliverablesSetup,Deliverables - Digital,Change Digital Properties,Click,ComboBox,Data_Assignment,UIInteraction,DeliverableType=DLIS;ChangedProperty=Data_Assignment;OldValue={ Not Set };NewValue=Run 1: Log[1]:Down
43194.1807864699,DeliverablesSetup,Deliverables - Digital,Change Property,Click,TypeConverter,Data_Assignment,UIInteraction,NewValue=Run 1: Log[1]:Down;OldValue={ Not Set }
43194.1830188426,WLAcquisition,Data Acquiring - WL,Unlock Pass,Click,ToolbarButton,Click to Unlock Stop Button,UIInteraction,
43194.1831326852,WLAcquisition,Data Acquiring - WL,Stop Depth Pass,Click,Button,Stop,UIInteraction,PassGuid=E0F72E54-4F2D-4B92-BB1A-77AA663C4CAC;Depth=573.02146
43194.1843275232,WLAcquisition,Data Acquiring - WL,Start Depth Pass,Click,Button,Start,UIInteraction,PassGuid=944A1156-0398-4547-AEFE-9CFFF5A23E1C;Objective=Log;Direction=Up;Depth=3650.18828
43194.184554456,DeliverablesSetup,Data Explorer,Click OK Button,Click,Button,OK,UIInteraction,Selection=Log[2]:Up____11975.65 (ft)__Mainlog
43194.1847625926,DeliverablesSetup,Data Explorer,Click OK Button,Click,Button,OK,UIInteraction,Selection=Log[2]:Up____11975.65 (ft)__Mainlog
43194.1849729514,DeliverablesSetup,Data Explorer,Click OK Button,Click,Button,OK,UIInteraction,Selection=Log[2]:Up____11975.65 (ft)__Mainlog
43194.1849833681,DeliverablesSetup,UI Framework,Switch View,Click,ToolbarButton,Deliverables Display View,UIInteraction,
43194.1853125694,DeliverablesSetup,Deliverables - Graphical,View Graphical Component,Click,ContextMenu,View,UIInteraction,ComponentName=Log ( AIT Basic Log Two );TemplateName=ZAITE;DelivTemplateGuid=F3741F41-16F8-4EC0-BF9B-F0D283D4982C
43194.186006875,DeliverablesSetup,Deliverables - Graphical,View Graphical Component,Click,ContextMenu,View,UIInteraction,ComponentName=Log ( ZAIT 1D Inversion Log );TemplateName=ZAITE;DelivTemplateGuid=37131BEB-1BC9-4475-8A48-A08E9CF89B07
43194.1866879167,DeliverablesSetup,Deliverables - Graphical,View Graphical Component,Click,ContextMenu,View,UIInteraction,ComponentName=Log ( AIT LQC );TemplateName=ZAITE;DelivTemplateGuid=B08DEC4C-3A8B-4ACD-8186-B3E5416F4384
43194.1955608449,WLAcquisition,Data Acquiring - WL,Unlock Pass,Click,ToolbarButton,Click to Unlock Stop Button,UIInteraction,
43194.1956789352,WLAcquisition,Data Acquiring - WL,Stop Depth Pass,Click,Button,Stop,UIInteraction,PassGuid=944A1156-0398-4547-AEFE-9CFFF5A23E1C;Depth=3504.27798
43194.1970280903,WLAcquisition,Data Acquiring - WL,Start Depth Pass,Click,Button,Start,UIInteraction,PassGuid=F95A337D-8573-4A6F-916C-D244A5F46A45;Objective=Repeat;Direction=Up;Depth=3649.73362
43194.2025198727,WLAcquisition,Data Acquiring - WL,Unlock Pass,Click,ToolbarButton,Click to Unlock Stop Button,UIInteraction,
43194.2026383565,WLAcquisition,Data Acquiring - WL,Stop Depth Pass,Click,Button,Stop,UIInteraction,PassGuid=F95A337D-8573-4A6F-916C-D244A5F46A45;Depth=3579.25878
43194.2031565856,WLAcquisition,Computation / Recomputation,Recompute All Pending Runs,Click,ToolbarButton,Recompute All Pending Runs,UIInteraction,
43194.2031566088,WLAcquisition,Computation / Recomputation,Start Recomputation During Acquisition,Click,ToolbarButton,Recompute All Pending Runs,UIInteraction,FeatureName=Framework.RTOOP
43194.2031567014,Setup,Computation / Recomputation,ProcessRecomputeState,,,,UIAutomatic,JobGuid=9AF79D86-09DB-4043-B9D9-5D8B7586DE7D;State=UIS_RECOMPUTATION_STATE_STARTING;Scope=JobScope;RecompPercentageComplete=;MultipleRunsAffected=False;ActiveRunAffected=True;ActiveRunInProgress=True;RunCount=1;Run0Change0=Parameter;Run0Guid=ACA06F76-A4F4-435B-BB34-2642D6B7CA07
43194.203156713,DeliverablesSetup,Computation / Recomputation,ProcessRecomputeState,,,,UIAutomatic,JobGuid=9AF79D86-09DB-4043-B9D9-5D8B7586DE7D;State=UIS_RECOMPUTATION_STATE_STARTING;Scope=JobScope;RecompPercentageComplete=;MultipleRunsAffected=False;ActiveRunAffected=True;ActiveRunInProgress=True;RunCount=1;Run0Change0=Parameter;Run0Guid=ACA06F76-A4F4-435B-BB34-2642D6B7CA07
43194.203156956,WLAcquisition,Computation / Recomputation,ProcessRecomputeState,,,,UIAutomatic,JobGuid=9AF79D86-09DB-4043-B9D9-5D8B7586DE7D;State=UIS_RECOMPUTATION_STATE_STARTING;Scope=JobScope;RecompPercentageComplete=;MultipleRunsAffected=False;ActiveRunAffected=True;ActiveRunInProgress=True;RunCount=1;Run0Change0=Parameter;Run0Guid=ACA06F76-A4F4-435B-BB34-2642D6B7CA07
43194.2032362847,Setup,Computation / Recomputation,ProcessRecomputeState,,,,UIAutomatic,JobGuid=9AF79D86-09DB-4043-B9D9-5D8B7586DE7D;State=UIS_RECOMPUTATION_STATE_IN_PROGRESS;Scope=JobScope;RecompPercentageComplete=;MultipleRunsAffected=False;ActiveRunAffected=True;ActiveRunInProgress=True;RunCount=1;Run0Change0=Parameter;Run0Guid=ACA06F76-A4F4-435B-BB34-2642D6B7CA07
43194.2032363426,WLAcquisition,Computation / Recomputation,ProcessRecomputeState,,,,UIAutomatic,JobGuid=9AF79D86-09DB-4043-B9D9-5D8B7586DE7D;State=UIS_RECOMPUTATION_STATE_IN_PROGRESS;Scope=JobScope;RecompPercentageComplete=;MultipleRunsAffected=False;ActiveRunAffected=True;ActiveRunInProgress=True;RunCount=1;Run0Change0=Parameter;Run0Guid=ACA06F76-A4F4-435B-BB34-2642D6B7CA07
43194.2032363773,DeliverablesSetup,Computation / Recomputation,ProcessRecomputeState,,,,UIAutomatic,JobGuid=9AF79D86-09DB-4043-B9D9-5D8B7586DE7D;State=UIS_RECOMPUTATION_STATE_IN_PROGRESS;Scope=JobScope;RecompPercentageComplete=;MultipleRunsAffected=False;ActiveRunAffected=True;ActiveRunInProgress=True;RunCount=1;Run0Change0=Parameter;Run0Guid=ACA06F76-A4F4-435B-BB34-2642D6B7CA07
43194.2033712847,Setup,Computation / Recomputation,ProcessRecomputeState,,,,UIAutomatic,JobGuid=9AF79D86-09DB-4043-B9D9-5D8B7586DE7D;State=UIS_RECOMPUTATION_STATE_SUCCEEDED;Scope=JobScope;RecompPercentageComplete=;MultipleRunsAffected=False;ActiveRunAffected=True;ActiveRunInProgress=True;RunCount=1;Run0Change0=Parameter;Run0Guid=ACA06F76-A4F4-435B-BB34-2642D6B7CA07
43194.2033713194,WLAcquisition,Computation / Recomputation,ProcessRecomputeState,,,,UIAutomatic,JobGuid=9AF79D86-09DB-4043-B9D9-5D8B7586DE7D;State=UIS_RECOMPUTATION_STATE_SUCCEEDED;Scope=JobScope;RecompPercentageComplete=;MultipleRunsAffected=False;ActiveRunAffected=True;ActiveRunInProgress=True;RunCount=1;Run0Change0=Parameter;Run0Guid=ACA06F76-A4F4-435B-BB34-2642D6B7CA07
43194.2033727199,DeliverablesSetup,Computation / Recomputation,ProcessRecomputeState,,,,UIAutomatic,JobGuid=9AF79D86-09DB-4043-B9D9-5D8B7586DE7D;State=UIS_RECOMPUTATION_STATE_SUCCEEDED;Scope=JobScope;RecompPercentageComplete=;MultipleRunsAffected=False;ActiveRunAffected=True;ActiveRunInProgress=True;RunCount=1;Run0Change0=Parameter;Run0Guid=ACA06F76-A4F4-435B-BB34-2642D6B7CA07
43194.2034186343,WLAcquisition,Data Acquiring - WL,Unlock 3 Buttons,Click,ToolbarButton,Unlock,UIInteraction,
43194.2034208912,WLAcquisition,Data Acquiring - WL,Disable Tool Power,Click,ToolbarButton,Disable Tool Power,UIInteraction,
43194.2035251968,WLAcquisition,Data Acquiring - WL,Stop Dataflow,Click,ToolbarButton,Stop Data Flow,UIInteraction,
43194.2036482986,WLAcquisition,Data Acquiring - WL,Disconnect Hardware,Click,ToolbarButton,Disconnect From Hardware,UIInteraction,
43194.2037429861,Setup,Run Manager (Internal),Stop Run,Click,Button,Stop,UIInteraction,RunGuid=ACA06F76-A4F4-435B-BB34-2642D6B7CA07
43194.2037870023,Setup,Run Manager (Internal),Confirm to Stop Run,Click,Button,OK,UIInteraction,RunGuid=ACA06F76-A4F4-435B-BB34-2642D6B7CA07
43194.2038380671,Simulation,UI Framework,Close Console,Click,Button,,UIInteraction,JobGuid=9AF79D86-09DB-4043-B9D9-5D8B7586DE7D
43194.2040022917,DeliverablesSetup,Deliverables - Digital,Create Publish Digital Deliverable,Click,ContextMenu,Create/Publish,UIInteraction,ComponentName=Run 1  Log[1] Down;ComponentCode=Component_Template_Dlis;DelivTemplateGuid=3A35EF7E-3422-4B5B-8B79-175AD4CC6DF1;DelivTemplatePropertyData=<gp:GraphicalFormat xmlns:gp="urn:horizon:GraphicalProductCatalogSchema"><gp:Name>Template</gp:Name><gp:Component_Code>Component_Template_Dlis</gp:Component_Code><gp:Component_Format_Ref /><gp:Properties><gp:Property><gp:Key>Type</gp:Key><gp:Value>Dlis</gp:Value></gp:Property><gp:Property><gp:Key>DataAssignment_Type</gp:Key><gp:Value>Single Pass</gp:Value></gp:Property><gp:Property><gp:Key>CDDI_Availability</gp:Key><gp:Value>Customer</gp:Value></gp:Property><gp:Property><gp:Key>Data_Assignment</gp:Key><gp:Value>E0F72E54-4F2D-4B92-BB1A-77AA663C4CAC</gp:Value></gp:Property><gp:Property><gp:Key>Proxy_Data_Assignment</gp:Key><gp:Value /></gp:Property><gp:Property><gp:Key>File_Destination</gp:Key><gp:Value>C:\Schlumberger Horizon Data\ZAIT-E\Deliverable\ZAITE\Digital\DLIS\</gp:Value></gp:Property><gp:Property><gp:Key>File_Name</gp:Key><gp:Value>ConCu_R01_L001Down_ZAIT.dlis</gp:Value></gp:Property><gp:Property><gp:Key>Index</gp:Key><gp:Value>Depth</gp:Value></gp:Property><gp:Property><gp:Key>Publish</gp:Key><gp:Value>No</gp:Value></gp:Property><gp:Property><gp:Key>Publisher</gp:Key><gp:Value /></gp:Property><gp:Property><gp:Key>LoadToRTDB</gp:Key><gp:Value>No</gp:Value></gp:Property><gp:Property><gp:Key>Update_In_Real_Time</gp:Key><gp:Value>No</gp:Value></gp:Property><gp:Property><gp:Key>_Top</gp:Key><gp:Value></gp:Value></gp:Property><gp:Property><gp:Key>Bottom</gp:Key><gp:Value></gp:Value></gp:Property><gp:Property><gp:Key>Start</gp:Key><gp:Value></gp:Value></gp:Property><gp:Property><gp:Key>Stop</gp:Key><gp:Value></gp:Value></gp:Property><gp:Property><gp:Key>Unit_System</gp:Key><gp:Value>English</gp:Value></gp:Property><gp:Property><gp:Key>DLIS_Compatibility</gp:Key><gp:Value>Hz Converted</gp:Value></gp:Property><gp:Property><gp:Key>Preferred_Source_Pass</gp:Key><gp:Value></gp:Value></gp:Property><gp:Property><gp:Key>Reduced_DLIS</gp:Key><gp:Value>No</gp:Value></gp:Property><gp:Property><gp:Key>Channel_Property</gp:Key><gp:Value /></gp:Property><gp:Property><gp:Key>Channel_Confliction</gp:Key><gp:Value>Include Duplicate Channel Names</gp:Value></gp:Property><gp:Property><gp:Key>HIDE</gp:Key><gp:Value /></gp:Property><gp:Property><gp:Key>HID1</gp:Key><gp:Value></gp:Value></gp:Property><gp:Property><gp:Key>HID2</gp:Key><gp:Value></gp:Value></gp:Property><gp:Property><gp:Key>OS1</gp:Key><gp:Value /></gp:Property><gp:Property><gp:Key>OS2</gp:Key><gp:Value /></gp:Property><gp:Property><gp:Key>OS3</gp:Key><gp:Value /></gp:Property><gp:Property><gp:Key>OS4</gp:Key><gp:Value /></gp:Property><gp:Property><gp:Key>OS5</gp:Key><gp:Value /></gp:Property><gp:PropertiesSnippetVersion>1.5</gp:PropertiesSnippetVersion></gp:Properties></gp:GraphicalFormat>
43194.204346956,DeliverablesSetup,Deliverables - Digital,Create Run Archive,Click,ContextMenu,Create,UIInteraction,ArchiveGuid=ACA06F76-A4F4-435B-BB34-2642D6B7CA07;JobArchiveType=3.0
43194.2044943518,DeliverablesSetup,Deliverables - Digital,Create Job Archive,Click,ContextMenu,Create,UIInteraction,ArchiveGuid=9AF79D86-09DB-4043-B9D9-5D8B7586DE7D;JobArchiveType=3.0
43194.2046918634,DeliverablesSetup,UI Framework,Close Console,Click,Button,,UIInteraction,JobGuid=9AF79D86-09DB-4043-B9D9-5D8B7586DE7D
43194.2047295023,DeliverablesSetup,UI Framework,OK to Close Deliverables - Display Console,Click,Button,OK,UIInteraction,
43194.2048090278,,Console/Job Manager,Stop Setup Console,Click,Button,Stop,UIInteraction,JobGuid=9AF79D86-09DB-4043-B9D9-5D8B7586DE7D
43194.2048697917,,Console/Job Manager,Stop Job,Click,Button,Stop,UIInteraction,JobGuid=9AF79D86-09DB-4043-B9D9-5D8B7586DE7D
