43194.1540920486,,Console/Job Manager,New Job,Click,Button,New,UIInteraction,
43194.1541079745,,Console/Job Manager,Input Job Name,Input,TextBox,PMIT-F,UIInteraction,
43194.1541522569,,Console/Job Manager,Input Client Name,Input,TextBox,BGCAT,UIInteraction,
43194.1542886111,,Console/Job Manager,Check Simulator,Click,CheckBox,Simulator,UIInteraction,CheckState=True
43194.1544667593,,Console/Job Manager,Select Auto Backup Folder,Click,ComboBox,C:\AutoBackup,UIInteraction,
43194.1613366898,,UI Framework,Switch Tab,Click,Tab,Job: PMIT-F,UIInteraction,
43194.1660422569,,UI Framework,Switch Tab,Click,Tab,Messages: Job Independent,UIInteraction,
43194.1660503472,,UI Framework,Close Console,Click,Button,,UIInteraction,
43194.1686313542,,UI Framework,Initialize Maxwell Manager Process Name,,,Initialize Maxwell Manager Process Name,,
43194.1686480787,,UI Framework,Start Console,,,Maxwell Manager,UIAutomatic,MachineName=HPV01-012;UserName=Engineer;UserDomainName=HPV01-012;OS=Microsoft Windows NT 6.1.7601 Service Pack 1;TimeZone=00:00:00;IPAddress_1=192.168.78.177;IPAddress_2=::1;MWVersion=9.0.100745.3100
43194.168885706,,Console/Job Manager,Import Job Archive,Click,ContextMenu,Create Import,UIInteraction,
43194.168893206,,Import/Export & Backup/Restore,Select file to import,Click,Button,...,UIInteraction,
43194.168899919,,Import/Export & Backup/Restore,OK to select file,,,,UIAutomatic,FilePath=\\srv004bgc.dir.slb.com\MaxwellAT\TestData\TestData\Phase3\JobArchive\WL_SWF_PMITF_Setup.Dlis
43194.1689593056,,Import/Export & Backup/Restore,Start Import,Click,Button,Import,UIInteraction,FilePath=\\srv004bgc.dir.slb.com\MaxwellAT\TestData\TestData\Phase3\JobArchive\WL_SWF_PMITF_Setup.Dlis
43194.1692509259,,Import/Export & Backup/Restore,Close Import UI,Click,Button,Close,UIInteraction,
43194.1693827894,,Console/Job Manager,Select Auto Backup Folder,Click,ComboBox,C:\AutoBackup,UIInteraction,
43194.1712275116,,UI Framework,Switch Tab,Click,Tab,Job: PMIT-F,UIInteraction,
43194.1978183681,,UI Framework,Switch Tab,Click,Tab,Messages: Job Independent,UIInteraction,
43194.1978253588,,UI Framework,Close Console,Click,Button,,UIInteraction,
