43194.1719031019,,UI Framework,Start Console,,,Maxwell Manager,UIAutomatic,MachineName=HPV11-012;UserName=Engineer;UserDomainName=HPV11-012;OS=Microsoft Windows NT 6.1.7601 Service Pack 1;TimeZone=00:00:00;IPAddress_1=192.168.78.245;IPAddress_2=::1;MWVersion=9.0.100745.3100
43194.1719724537,,Console/Job Manager,Import Job Archive,Click,ContextMenu,Create Import,UIInteraction,
43194.1719845023,,Import/Export & Backup/Restore,Select file to import,Click,Button,...,UIInteraction,
43194.1720098264,,Import/Export & Backup/Restore,OK to select file,,,,UIAutomatic,FilePath=C:\DataValidation\BSP\BSP_Normal_3.0.9602.1108_JA.Dlis
43194.1720996412,,Import/Export & Backup/Restore,Start Import,Click,Button,Import,UIInteraction,FilePath=C:\DataValidation\BSP\BSP_Normal_3.0.9602.1108_JA.Dlis
43194.1733609143,,Import/Export & Backup/Restore,Close Import UI,Click,Button,Close,UIInteraction,
43194.1735077431,,Console/Job Manager,Select Auto Backup Folder,Click,ComboBox,C:\Autobackup,UIInteraction,
43194.1773147107,,UI Framework,Close Console,Click,Button,,UIInteraction,
43194.1827501968,,UI Framework,Initialize Maxwell Manager Process Name,,,Initialize Maxwell Manager Process Name,,
43194.1827702431,,UI Framework,Start Console,,,Maxwell Manager,UIAutomatic,MachineName=HPV11-012;UserName=Engineer;UserDomainName=HPV11-012;OS=Microsoft Windows NT 6.1.7601 Service Pack 1;TimeZone=00:00:00;IPAddress_1=192.168.78.245;IPAddress_2=::1;MWVersion=9.0.100745.3100
43194.1829948843,,Console/Job Manager,New Job,Click,Button,New,UIInteraction,
43194.1830109491,,Console/Job Manager,Input Job Name,Input,TextBox,MAST_EDTC,UIInteraction,
43194.1830542708,,Console/Job Manager,Input Well Name,Input,TextBox,BGC,UIInteraction,
43194.1830991435,,Console/Job Manager,Input Client Name,Input,TextBox,BGCAT,UIInteraction,
43194.1831916319,,Console/Job Manager,Check Simulator,Click,CheckBox,Simulator,UIInteraction,CheckState=True
43194.1834091898,,Console/Job Manager,Select Auto Backup Folder,Click,ComboBox,C:\Autobackup,UIInteraction,
43194.186195162,,UI Framework,Close Console,Click,Button,,UIInteraction,
43194.1888260417,,UI Framework,Initialize Maxwell Manager Process Name,,,Initialize Maxwell Manager Process Name,,
43194.1888469329,,UI Framework,Start Console,,,Maxwell Manager,UIAutomatic,MachineName=HPV11-012;UserName=Engineer;UserDomainName=HPV11-012;OS=Microsoft Windows NT 6.1.7601 Service Pack 1;TimeZone=00:00:00;IPAddress_1=192.168.78.245;IPAddress_2=::1;MWVersion=9.0.100745.3100
43194.1890824421,,Console/Job Manager,Import Job Archive,Click,ContextMenu,Create Import,UIInteraction,
43194.1890906597,,Import/Export & Backup/Restore,Select file to import,Click,Button,...,UIInteraction,
43194.189098287,,Import/Export & Backup/Restore,OK to select file,,,,UIAutomatic,FilePath=\\srv004bgc.dir.slb.com\MaxwellAT\TestData\TestData\Phase3\JobArchive\EDTCH_MAST_SETUP.Dlis
43194.1891520139,,Import/Export & Backup/Restore,Start Import,Click,Button,Import,UIInteraction,FilePath=\\srv004bgc.dir.slb.com\MaxwellAT\TestData\TestData\Phase3\JobArchive\EDTCH_MAST_SETUP.Dlis
43194.1896069444,,Import/Export & Backup/Restore,Close Import UI,Click,Button,Close,UIInteraction,
43194.1897508681,,Console/Job Manager,Select Auto Backup Folder,Click,ComboBox,C:\Autobackup,UIInteraction,
43194.1917496065,,UI Framework,Switch Tab,Click,Tab,Job: MAST_EDTC,UIInteraction,
43194.2039669792,,UI Framework,Switch Tab,Click,Tab,Messages: Job Independent,UIInteraction,
43194.2040322222,,UI Framework,Close Console,Click,Button,,UIInteraction,
43194.2074675116,,UI Framework,Initialize Maxwell Manager Process Name,,,Initialize Maxwell Manager Process Name,,
43194.2074866088,,UI Framework,Start Console,,,Maxwell Manager,UIAutomatic,MachineName=HPV11-012;UserName=Engineer;UserDomainName=HPV11-012;OS=Microsoft Windows NT 6.1.7601 Service Pack 1;TimeZone=00:00:00;IPAddress_1=192.168.78.245;IPAddress_2=::1;MWVersion=9.0.100745.3100
43194.2077146412,,Console/Job Manager,New Job,Click,Button,New,UIInteraction,
43194.2077333102,,Console/Job Manager,Input Job Name,Input,TextBox,NEXTC_CMRTF,UIInteraction,
43194.2077770486,,Console/Job Manager,Input Well Name,Input,TextBox,BGC,UIInteraction,
43194.2078217593,,Console/Job Manager,Input Client Name,Input,TextBox,BGCAT,UIInteraction,
43194.2079156481,,Console/Job Manager,Check Simulator,Click,CheckBox,Simulator,UIInteraction,CheckState=True
43194.2081345602,,Console/Job Manager,Select Auto Backup Folder,Click,ComboBox,C:\Autobackup,UIInteraction,
43194.2124652083,,UI Framework,Close Console,Click,Button,,UIInteraction,
