43193.7834287847,,Import/Export & Backup/Restore,Select file to import,Click,Button,...,UIInteraction,
43193.7834448148,,Import/Export & Backup/Restore,OK to select file,,,,UIAutomatic,FilePath=\\srv004bgc.dir.slb.com\MaxwellAT\TestData\TestData\Phase3\OutofProcess\DnM_ARC6_ADN6_Sonic6_SETUP.Dlis
43193.7835117824,,Import/Export & Backup/Restore,Start Import,Click,Button,Import,UIInteraction,FilePath=\\srv004bgc.dir.slb.com\MaxwellAT\TestData\TestData\Phase3\OutofProcess\DnM_ARC6_ADN6_Sonic6_SETUP.Dlis
43193.7842224537,,Import/Export & Backup/Restore,Close Import UI,Click,Button,Close,UIInteraction,
43193.7850534259,,Console/Job Manager,Select Auto Backup Folder,Click,ComboBox,C:\AutoBackup,UIInteraction,
43193.8436966551,,UI Framework,Close Console,Click,Button,,UIInteraction,
