43194.1718052083,,UI Framework,Start Console,,,Maxwell Manager,UIAutomatic,MachineName=HPV11-001;UserName=Engineer;UserDomainName=HPV11-001;OS=Microsoft Windows NT 6.1.7601 Service Pack 1;TimeZone=00:00:00;IPAddress_1=192.168.78.244;IPAddress_2=::1;MWVersion=9.0.100745.3100
43194.171910162,,Console/Job Manager,Import Job Archive,Click,ContextMenu,Create Import,UIInteraction,
43194.1719203819,,Import/Export & Backup/Restore,Select file to import,Click,Button,...,UIInteraction,
43194.1719521875,,Import/Export & Backup/Restore,OK to select file,,,,UIAutomatic,FilePath=C:\DataValidation\CCL\CCL_Normal_3.0.9609.1537_JA.Dlis
43194.1720553241,,Import/Export & Backup/Restore,Start Import,Click,Button,Import,UIInteraction,FilePath=C:\DataValidation\CCL\CCL_Normal_3.0.9609.1537_JA.Dlis
43194.1733647338,,Import/Export & Backup/Restore,Close Import UI,Click,Button,Close,UIInteraction,
43194.173510787,,Console/Job Manager,Select Auto Backup Folder,Click,ComboBox,C:\Autobackup,UIInteraction,
43194.1920827431,,UI Framework,Close Console,Click,Button,,UIInteraction,
43194.1950080671,,UI Framework,Initialize Maxwell Manager Process Name,,,Initialize Maxwell Manager Process Name,,
43194.1950262731,,UI Framework,Start Console,,,Maxwell Manager,UIAutomatic,MachineName=HPV11-001;UserName=Engineer;UserDomainName=HPV11-001;OS=Microsoft Windows NT 6.1.7601 Service Pack 1;TimeZone=00:00:00;IPAddress_1=192.168.78.244;IPAddress_2=::1;MWVersion=9.0.100745.3100
43194.195263125,,Console/Job Manager,Import Job Archive,Click,ContextMenu,Create Import,UIInteraction,
43194.1952763889,,Import/Export & Backup/Restore,OK to select file,,,,UIAutomatic,FilePath=C:\DataValidation\HLDS\HLDS_Normal_3.0.9605.1036_JA.Dlis
43194.1952702315,,Import/Export & Backup/Restore,Select file to import,Click,Button,...,UIInteraction,
43194.1953405324,,Import/Export & Backup/Restore,Start Import,Click,Button,Import,UIInteraction,FilePath=C:\DataValidation\HLDS\HLDS_Normal_3.0.9605.1036_JA.Dlis
43194.1968777546,,Import/Export & Backup/Restore,Close Import UI,Click,Button,Close,UIInteraction,
43194.1970122454,,Console/Job Manager,Select Auto Backup Folder,Click,ComboBox,C:\Autobackup,UIInteraction,
43194.2055257755,,UI Framework,Close Console,Click,Button,,UIInteraction,
43194.2119254398,,UI Framework,Initialize Maxwell Manager Process Name,,,Initialize Maxwell Manager Process Name,,
43194.2119448264,,UI Framework,Start Console,,,Maxwell Manager,UIAutomatic,MachineName=HPV11-001;UserName=Engineer;UserDomainName=HPV11-001;OS=Microsoft Windows NT 6.1.7601 Service Pack 1;TimeZone=00:00:00;IPAddress_1=192.168.78.244;IPAddress_2=::1;MWVersion=9.0.100745.3100
43194.212176331,,Console/Job Manager,Import Job Archive,Click,ContextMenu,Create Import,UIInteraction,
43194.2121834144,,Import/Export & Backup/Restore,Select file to import,Click,Button,...,UIInteraction,
43194.2121903356,,Import/Export & Backup/Restore,OK to select file,,,,UIAutomatic,FilePath=C:\DataValidation\MAST-RAD\MAST-RAD_Normal_2.0.6701.1014_JA.Dlis
43194.2122482176,,Import/Export & Backup/Restore,Start Import,Click,Button,Import,UIInteraction,FilePath=C:\DataValidation\MAST-RAD\MAST-RAD_Normal_2.0.6701.1014_JA.Dlis
43194.2140763773,,Import/Export & Backup/Restore,Close Import UI,Click,Button,Close,UIInteraction,
43194.2142201157,,Console/Job Manager,Select Auto Backup Folder,Click,ComboBox,C:\Autobackup,UIInteraction,
43194.2184020486,,UI Framework,Close Console,Click,Button,,UIInteraction,
