43193.758337419,,UI Framework,Initialize Maxwell Manager Process Name,,,Initialize Maxwell Manager Process Name,,
43193.7583540046,,UI Framework,Start Console,,,Maxwell Manager,UIAutomatic,MachineName=HPV04-014;UserName=Engineer;UserDomainName=HPV04-014;OS=Microsoft Windows NT 6.1.7601 Service Pack 1;TimeZone=00:00:00;IPAddress_1=192.168.78.102;IPAddress_2=::1;MWVersion=9.0.100732.3100
43193.758591794,,Console/Job Manager,Import Job Archive,Click,ContextMenu,Create Import,UIInteraction,
43193.7585983102,,Import/Export & Backup/Restore,Select file to import,Click,Button,...,UIInteraction,
43193.7586047338,,Import/Export & Backup/Restore,OK to select file,,,,UIAutomatic,FilePath=\\srv004bgc.dir.slb.com\MaxwellAT\TestData\TestData\Phase3\JobArchive\DnM_SWF_MP3_ACQ.Dlis
43193.7586564815,,Import/Export & Backup/Restore,Start Import,Click,Button,Import,UIInteraction,FilePath=\\srv004bgc.dir.slb.com\MaxwellAT\TestData\TestData\Phase3\JobArchive\DnM_SWF_MP3_ACQ.Dlis
43193.7592864352,,Import/Export & Backup/Restore,Close Import UI,Click,Button,Close,UIInteraction,
43193.7594198958,,Console/Job Manager,Select Auto Backup Folder,Click,ComboBox,C:\AutoBackup,UIInteraction,
43193.8101200926,,UI Framework,Close Console,Click,Button,,UIInteraction,
