Time,Process,Component,Operation,Action,Control,ControlText,Category,Context
43194.1268857176,,Console/Job Manager,Start Job,Click,Button,Start,UIInteraction,JobName=MDT_ToolControl;WellName=BGC;ClientName=BGCAT;StartDate=4/4/2018 3:01 AM;Workflow=Wireline;Simulator=True;UnitSystem=English;RTBackupDir=C:\Acq_MDT_ToolControl;JobSize=0;State=Available;SideTrackId=0;SessionID=5A411937-8A46-419B-BD66-5BAE205520E0;SortOrder=1;JobGUID=1B50767D-A827-42C9-81DF-AA38D6342428;WellGUID=9A05A383-B846-40B0-9756-15D278B483ED;BoreholeGUID=FE0FFCB5-1681-4C6F-BAFC-A72DABCF4802;MachineName=HPV05-012;UserName=Engineer;UserDomainName=HPV05-012;OS=Microsoft Windows NT 6.1.7601 Service Pack 1;StartedJobCount=0;TimeZone=00:00:00;IPAddress_1=192.168.78.184;IPAddress_2=::1;MWVersion=9.0.100745.3100
43194.1273109144,,Console/Job Manager,Start Deliverables Console,Click,Button,Start...,UIInteraction,JobGuid=1B50767D-A827-42C9-81DF-AA38D6342428
43194.1275598843,DeliverablesSetup,UI Framework,Start Console,,,Deliverables Console Setup - Job MDT_ToolControl,UIAutomatic,
43194.1275796181,,Console/Job Manager,Start Setup Console,Click,Button,Start...,UIInteraction,JobGuid=1B50767D-A827-42C9-81DF-AA38D6342428
43194.1278059722,Setup,Calibration,Select Calibration Report Type,Click,ComboBox,Technical Concise,UIInteraction,
43194.1278118171,Setup,UI Framework,Start Console,,,Setup - Job MDT_ToolControl,UIAutomatic,
43194.1278680324,Setup,Equipment,New ToolString,Click,ToolbarButton,New ToolString,UIInteraction,ToolstringName=New ToolString;ToolstringGuid=4180ADEF-9324-4775-A195-DC33920E77C1
43194.1279095023,Setup,Equipment,Rename ToolString,Input,TextBox,MDT_ToolControl1,UIInteraction,ToolstringGuid=4180ADEF-9324-4775-A195-DC33920E77C1
43194.1279209607,Setup,Equipment,Filter Equipment in Catalog,Input,TextBox,,UIInteraction,Text=MRPS-ND
43194.1279212268,Setup,Equipment,Filter Equipment in Catalog,Input,TextBox,,UIInteraction,Text=MRPS-ND
43194.1279261111,Setup,Equipment,Add Equipment from Catalog to ToolString,Click,ToolbarButton,Add to ToolString,UIInteraction,EquipmentName=MRPS-ND
43194.1279623264,Setup,Equipment,Filter Equipment in Catalog,Input,TextBox,,UIInteraction,Text=MRHY-NB
43194.127962419,Setup,Equipment,Filter Equipment in Catalog,Input,TextBox,,UIInteraction,Text=MRHY-NB
43194.1279669213,Setup,Equipment,Add Equipment from Catalog to ToolString,Click,ToolbarButton,Add to ToolString,UIInteraction,EquipmentName=MRHY-NB
43194.1279637384,DeliverablesSetup,Tier Manager,Tier Template Created for Tools in My Equipment,,,MRPS-ND Tier Created,Deliverables Console,
43194.1279714005,DeliverablesSetup,Tier Manager,Tier Template Created for Tools in My Equipment,,,MRHY-NB Tier Created,Deliverables Console,
43194.1279720486,Setup,Equipment,Filter Equipment in Catalog,Input,TextBox,,UIInteraction,Text=MRPC-ND
43194.1279721759,Setup,Equipment,Filter Equipment in Catalog,Input,TextBox,,UIInteraction,Text=MRPC-ND
43194.1279765741,Setup,Equipment,Add Equipment from Catalog to ToolString,Click,ToolbarButton,Add to ToolString,UIInteraction,EquipmentName=MRPC-ND
43194.1279878588,DeliverablesSetup,Tier Manager,Tier Template Created for Tools in My Equipment,,,MRPC-ND Tier Created,Deliverables Console,
43194.1279885764,Setup,Equipment,Filter Equipment in Catalog,Input,TextBox,,UIInteraction,Text=DTA-A
43194.1279886806,Setup,Equipment,Filter Equipment in Catalog,Input,TextBox,,UIInteraction,Text=DTA-A
43194.1279933449,Setup,Equipment,Add Equipment from Catalog to ToolString,Click,ToolbarButton,Add to ToolString,UIInteraction,EquipmentName=DTA-A
43194.1280004977,DeliverablesSetup,Tier Manager,Tier Template Created for Tools in My Equipment,,,DTA-A Tier Created,Deliverables Console,
43194.1280011343,Setup,Equipment,Filter Equipment in Catalog,Input,TextBox,,UIInteraction,Text=SGT-N
43194.1280012384,Setup,Equipment,Filter Equipment in Catalog,Input,TextBox,,UIInteraction,Text=SGT-N
43194.128005706,Setup,Equipment,Add Equipment from Catalog to ToolString,Click,ToolbarButton,Add to ToolString,UIInteraction,EquipmentName=SGT-N
43194.1280159259,DeliverablesSetup,Tier Manager,Tier Template Created for Tools in My Equipment,,,SGT-N Tier Created,Deliverables Console,
43194.1280163773,Setup,Equipment,Filter Equipment in Catalog,Input,TextBox,,UIInteraction,Text=DTC-H
43194.1280164699,Setup,Equipment,Filter Equipment in Catalog,Input,TextBox,,UIInteraction,Text=DTC-H
43194.1280208912,Setup,Equipment,Add Equipment from Catalog to ToolString,Click,ToolbarButton,Add to ToolString,UIInteraction,EquipmentName=DTC-H
43194.1280280556,DeliverablesSetup,Tier Manager,Tier Template Created for Tools in My Equipment,,,DTC-H Tier Created,Deliverables Console,
43194.1280285764,Setup,Equipment,Filter Equipment in Catalog,Input,TextBox,,UIInteraction,Text=LEH-QT
43194.1280286806,Setup,Equipment,Filter Equipment in Catalog,Input,TextBox,,UIInteraction,Text=LEH-QT
43194.1280332986,Setup,Equipment,Add Equipment from Catalog to ToolString,Click,ToolbarButton,Add to ToolString,UIInteraction,EquipmentName=LEH-QT
43194.1280397222,DeliverablesSetup,Tier Manager,Tier Template Created for Tools in My Equipment,,,LEH-QT Tier Created,Deliverables Console,
43194.128175706,Setup,Properties & Parameters,Change Property Value,Update,GridCell,99999,UIInteraction,OSDD=EP_SERIAL_NUMBER;EnsemblePath=MRPS-ND:MRPS-ND:Bumper
43194.1281964931,Setup,Properties & Parameters,Change Property Value,Update,GridCell,99999,UIInteraction,OSDD=EP_SERIAL_NUMBER;EnsemblePath=MRPS-ND:MRPS-ND:CQG-G
43194.1282179861,Setup,Properties & Parameters,Change Property Value,Update,GridCell,99999,UIInteraction,OSDD=EP_SERIAL_NUMBER;EnsemblePath=MRPS-ND:MRPS-ND:MRPS-ND
43194.1282383912,Setup,Properties & Parameters,Change Property Value,Update,GridCell,99999,UIInteraction,OSDD=EP_SERIAL_NUMBER;EnsemblePath=MRPS-ND:MRPS-ND:Probe
43194.1282587616,Setup,Properties & Parameters,Change Property Value,Update,GridCell,99999,UIInteraction,OSDD=EP_SERIAL_NUMBER;EnsemblePath=MRPS-ND:MRPS-ND:ResistivityCell
43194.1282790741,Setup,Properties & Parameters,Change Property Value,Update,GridCell,99999,UIInteraction,OSDD=EP_SERIAL_NUMBER;EnsemblePath=MRPS-ND:MRPS-ND:StrainGauge
43194.1283163194,Setup,UI Framework,Switch Tab,Click,Tab,Well Properties,UIInteraction,
43194.1283218634,Setup,Well Setup (Internal),Select Header Type,Click,ComboBox,US Land,UIInteraction,
43194.1283421065,Setup,Well Setup (Internal),Change Property Value,Update,GridCell,12,UIInteraction,OSDD=SON
43194.1283628819,Setup,UI Framework,Switch Tab,Click,Tab,Equipment,UIInteraction,
43194.1284734028,Setup,Properties & Parameters,Change Property Value,Update,GridCell,99999,UIInteraction,OSDD=EP_SERIAL_NUMBER;EnsemblePath=MRPC-ND:MRPC-ND:MRCH-NL
43194.1284931134,Setup,Properties & Parameters,Change Property Value,Update,GridCell,99999,UIInteraction,OSDD=EP_SERIAL_NUMBER;EnsemblePath=MRPC-ND:MRPC-ND:MRPC-ND
43194.1285132755,Setup,Properties & Parameters,Change Property Value,Update,GridCell,99999,UIInteraction,OSDD=EP_SERIAL_NUMBER;EnsemblePath=MRPP
43194.1285328704,Setup,Properties & Parameters,Change Property Value,Update,GridCell,99999,UIInteraction,OSDD=EP_SERIAL_NUMBER;EnsemblePath=MRTM
43194.1286721412,Setup,Properties & Parameters,Change Property Value,Update,GridCell,99999,UIInteraction,OSDD=EP_SERIAL_NUMBER;EnsemblePath=MRHY-NB:MRHY-NB:MRHY-NB
43194.1287454167,Setup,Run Manager (Internal),Associate toolstring to run,Update,GridCell,MDT_ToolControl1,UIInteraction,RunGuid=E8BE006F-1EE0-49EF-A0BC-C914FC4A2F0D;ToolstringGuid=4180ADEF-9324-4775-A195-DC33920E77C1;DownholeEquipments=MRPS-NDMRHY-NBMRPC-NDDTA-ASGT-NDTC-HLEH-QT;TSLevelActiveSurfaceEquips=DEPTH_DEVICETENSION_DEVICELOGGING_CABLEWAFEMRPPMRTMWITMDTM
43194.1288808449,Setup,Equipment,Close Toolstring Validation UI,Click,Button,Close,UIInteraction,ToolstringGuid=4180ADEF-9324-4775-A195-DC33920E77C1
43194.1290784606,Setup,Run Manager (Internal),Change Tool Zero Selection,Click,CheckBox,MRPS-ND,UIInteraction,CheckState=True
43194.1290782523,Setup,Run Manager (Internal),Start Run,Click,Button,Start,UIInteraction,RunGuid=E8BE006F-1EE0-49EF-A0BC-C914FC4A2F0D;ToolstringGuid=4180ADEF-9324-4775-A195-DC33920E77C1;DownholeEquipments=MRPS-ND:MRHY-NB:MRPC-ND:DTA-A:SGT-N:DTC-H:LEH-QT;TSLevelActiveSurfaceEquips=DEPTH_DEVICE:TENSION_DEVICE:LOGGING_CABLE:WAFE
43194.1291256944,Setup,Run Manager (Internal),Confirm Tool Zero Selection,Click,Button,Confirm and Continue,UIInteraction,
43194.1292058912,Setup,Equipment,Activate Run,Click,Button,Activate,UIInteraction,ToolstringGuid=4180ADEF-9324-4775-A195-DC33920E77C1;DownholeEquipments=MRPS-ND:MRHY-NB:MRPC-ND:DTA-A:SGT-N:DTC-H:LEH-QT;TSLevelActiveSurfaceEquips=DEPTH_DEVICE:TENSION_DEVICE:LOGGING_CABLE:WAFE
43194.1293799306,Simulation,UI Framework,Start Console,,,Simulation Console - Job MDT_ToolControl,UIAutomatic,
43194.1294933102,WLAcquisition,Calibration,Select Calibration Report Type,Click,ComboBox,Technical Concise,UIInteraction,
43194.129517963,WLAcquisition,UI Framework,Start Console,,,Acquisition Console - Job MDT_ToolControl - Run 1,UIAutomatic,
43194.1295303588,WLAcquisition,Calibration,Select Tool in Calibration Report,Click,ComboBox,LEH-QT,UIInteraction,ToolName=LEH-QT
43194.1295303356,WLAcquisition,Calibration,Select Calibration in Calibration Report,Click,ComboBox,HTEN Before Calibration,UIInteraction,
43194.1298993287,WLAcquisition,Data Acquiring - WL,Connect Hardware,Click,ToolbarButton,Connect to Hardware,UIInteraction,
43194.1301097801,WLAcquisition,Data Acquiring - WL,Start Dataflow,Click,ToolbarButton,Start Data Flow,UIInteraction,
43194.1301945023,WLAcquisition,Data Gauge / Alerts,Add Data Gauge,Click,ToolbarButton,Add Data Gauges...,UIInteraction,
43194.1304058218,WLAcquisition,Data Gauge / Alerts,Select Channel in Channel Selection Dialog,Click,Button,OK,UIInteraction,Channel OSDD=LC35
43194.1304056829,WLAcquisition,Data Explorer,Click OK Button,Click,Button,OK,UIInteraction,Selection=LC35_LC35_Local Computation 35_LocalComputation_60___
43194.1305341435,Simulation,UI Framework,Switch Tab,Click,Tab,MRHY-NB,UIInteraction,
43194.1305984144,WLAcquisition,Data Acquiring - WL,Enable Tool Power,Click,ToolbarButton,Enable Tool Power,UIInteraction,
43194.1322367708,Simulation,UI Framework,Switch Tab,Click,Tab,SGTN Simulator : 2,UIInteraction,
43194.1323987963,WLAcquisition,SGT-N,Zero,RightClick,TreeView,Zero,UIInteraction,TaskName=Zero
43194.1324127083,WLAcquisition,SGT-N,Zero,Click,ContextMenu,Perform,UIInteraction,TaskName=Zero
43194.1324156597,WLAcquisition,Calibration,Choose Available Calibration,Click,ComboBox,Nominal,UIInteraction,
43194.1324162384,WLAcquisition,UI Framework,Switch Tab,Click,Tab,Calibrations,UIInteraction,
43194.1324154745,WLAcquisition,Calibration,Choose Available Calibration,Click,ComboBox,Nominal,UIInteraction,
43194.1325317361,WLAcquisition,Calibration,Perform Calibration Task,Click,Button,Next,UIInteraction,TaskName=Zero
43194.1329394097,WLAcquisition,Calibration,Choose Available Calibration,Click,ComboBox,Incomplete,UIInteraction,
43194.1331737731,WLAcquisition,SGT-N,Plus,RightClick,TreeView,Plus,UIInteraction,TaskName=Plus
43194.1331875694,WLAcquisition,SGT-N,Plus,Click,ContextMenu,Perform,UIInteraction,TaskName=Plus
43194.1332958102,WLAcquisition,Calibration,Perform Calibration Task,Click,Button,Next,UIInteraction,TaskName=Plus
43194.1340641435,Setup,Computation / Recomputation,ProcessRecomputeState,,,,UIAutomatic,JobGuid=1B50767D-A827-42C9-81DF-AA38D6342428;State=UIS_RECOMPUTATION_STATE_PENDING;Scope=JobScope;RecompPercentageComplete=;MultipleRunsAffected=False;ActiveRunAffected=True;ActiveRunInProgress=False;RunCount=1;Run0Change0=Calibration;Run0Guid=E8BE006F-1EE0-49EF-A0BC-C914FC4A2F0D
43194.1340642477,DeliverablesSetup,Computation / Recomputation,ProcessRecomputeState,,,,UIAutomatic,JobGuid=1B50767D-A827-42C9-81DF-AA38D6342428;State=UIS_RECOMPUTATION_STATE_PENDING;Scope=JobScope;RecompPercentageComplete=;MultipleRunsAffected=False;ActiveRunAffected=True;ActiveRunInProgress=False;RunCount=1;Run0Change0=Calibration;Run0Guid=E8BE006F-1EE0-49EF-A0BC-C914FC4A2F0D
43194.134064537,WLAcquisition,Calibration,Choose Available Calibration,Click,ComboBox,03:13:01.728 04-Apr-2018,UIInteraction,
43194.1340645602,WLAcquisition,Computation / Recomputation,ProcessRecomputeState,,,,UIAutomatic,JobGuid=1B50767D-A827-42C9-81DF-AA38D6342428;State=UIS_RECOMPUTATION_STATE_PENDING;Scope=JobScope;RecompPercentageComplete=;MultipleRunsAffected=False;ActiveRunAffected=True;ActiveRunInProgress=False;RunCount=1;Run0Change0=Calibration;Run0Guid=E8BE006F-1EE0-49EF-A0BC-C914FC4A2F0D
43194.1344134375,WLAcquisition,Depth Log/Station Planning,Perform Logging Task,RightClick,TreeView,RC-ACOM-Accumulation,UIInteraction,TaskName=RC-ACOM-Accumulation
43194.1344272685,WLAcquisition,Depth Log/Station Planning,Perform Logging Task,Click,ContextMenu,Perform,UIInteraction,TaskName=RC-ACOM-Accumulation
43194.1344282176,WLAcquisition,Calibration,Choose Available Calibration,Click,ComboBox,Nominal,UIInteraction,
43194.1346056829,WLAcquisition,Calibration,Choose Available Calibration,Click,ComboBox,03:13:49.637 04-Apr-2018,UIInteraction,
43194.134794294,WLAcquisition,Depth Log/Station Planning,Perform Logging Task,RightClick,TreeView,SG-ACOM-Accumulation,UIInteraction,TaskName=SG-ACOM-Accumulation
43194.1348081366,WLAcquisition,Depth Log/Station Planning,Perform Logging Task,Click,ContextMenu,Perform,UIInteraction,TaskName=SG-ACOM-Accumulation
43194.134808669,WLAcquisition,Calibration,Choose Available Calibration,Click,ComboBox,Nominal,UIInteraction,
43194.1349748727,WLAcquisition,Calibration,Choose Available Calibration,Click,ComboBox,03:14:21.527 04-Apr-2018,UIInteraction,
43194.135093044,WLAcquisition,UI Framework,Switch Tab,Click,Tab,Tool Control,UIInteraction,
43194.1351985648,WLAcquisition,Tool Control,Regulate 50V Supply,RightClick,TreeView,Regulate 50V Supply,UIInteraction,TaskName=Regulate 50V Supply
43194.1352124769,WLAcquisition,Tool Control,Regulate 50V Supply,Click,ContextMenu,Perform,UIInteraction,TaskName=Regulate 50V Supply
43194.1356079051,WLAcquisition,UI Framework,Switch Tab,Click,Tab,Operation,UIInteraction,
43194.1356878241,WLAcquisition,Depth Log/Station Planning,Perform Logging Task,RightClick,TreeView,Station Log,UIInteraction,TaskName=Station Log
43194.1357017361,WLAcquisition,Depth Log/Station Planning,Perform Logging Task,Click,ContextMenu,Perform,UIInteraction,TaskName=Station Log
43194.136123044,WLAcquisition,Data Acquiring - WL,Start Station Pass,Click,Button,Start,UIInteraction,PassGuid=F06E17D4-D76C-4B7E-A5F2-986AA0FA2E4D;Main Objective=MDT;MDT Station Objective=Pressure;Power Station=MRPS-ND
43194.1361241204,WLAcquisition,Depth Log/Station Planning,Perform Logging Task,,,,UIAutomatic,TaskName=MRPS-ND: Strain Gauge - ACOM
43194.1361290857,WLAcquisition,Depth Log/Station Planning,Perform Logging Task,,,,UIAutomatic,TaskName=MRPS-ND: Resistivity Cell - ACOM
43194.1363037153,WLAcquisition,Calibration,Choose Available Calibration,Click,ComboBox,03:16:16.388 04-Apr-2018,UIInteraction,
43194.1363146065,WLAcquisition,Calibration,Choose Available Calibration,Click,ComboBox,03:16:17.166 04-Apr-2018,UIInteraction,
43194.1363630556,WLAcquisition,Data Acquiring - WL,Continue Station Pass,Click,Button,Continue,UIInteraction,PassGuid=F06E17D4-D76C-4B7E-A5F2-986AA0FA2E4D;Main Objective=MDT;MDT Station Objective=Test MDT Tool;Power Station=MRPC-ND
43194.1363715162,WLAcquisition,UI Framework,Switch Tab,Click,Tab,Station,UIInteraction,
43194.1371406829,WLAcquisition,UI Framework,Switch Tab,Click,Tab,Tool Control,UIInteraction,
43194.1372497338,WLAcquisition,MRPS-ND,Control,RightClick,TreeView,MRPS-ND: Control,UIInteraction,TaskName=MRPS-ND: Control
43194.137263831,WLAcquisition,MRPS-ND,Control,Click,ContextMenu,Perform,UIInteraction,TaskName=MRPS-ND: Control
43194.1429196759,WLAcquisition,MRPS-ND,Control,RightClick,TreeView,MRPS-ND: Control,UIInteraction,TaskName=MRPS-ND: Control
43194.1429347569,WLAcquisition,MRPS-ND,Control,Click,ContextMenu,Close,UIInteraction,TaskName=MRPS-ND: Control
43194.1431272801,WLAcquisition,MRPS-ND,Control,RightClick,TreeView,MRPS-ND: Control,UIInteraction,TaskName=MRPS-ND: Control
43194.1431412037,WLAcquisition,MRPS-ND,Control,Click,ContextMenu,Perform,UIInteraction,TaskName=MRPS-ND: Control
43194.1433314583,WLAcquisition,MRPS-ND,Control,RightClick,TreeView,MRPS-ND: Control,UIInteraction,TaskName=MRPS-ND: Control
43194.1433468981,WLAcquisition,MRPS-ND,Control,Click,ContextMenu,Reset,UIInteraction,TaskName=MRPS-ND: Control
43194.1435483565,WLAcquisition,MRPS-ND,Solenoid Control,RightClick,TreeView,MRPS-ND: Solenoid Control,UIInteraction,TaskName=MRPS-ND: Solenoid Control
43194.1435623148,WLAcquisition,MRPS-ND,Solenoid Control,Click,ContextMenu,Perform,UIInteraction,TaskName=MRPS-ND: Solenoid Control
43194.1435721991,WLAcquisition,UI Framework,Switch Tab,Click,Tab,MRPS-ND: Solenoid Control,UIInteraction,
43194.1438205093,WLAcquisition,MRPS-ND,Open Isolation Valve,RightClick,TreeView,Open Isolation Valve,UIInteraction,TaskName=Open Isolation Valve
43194.1438344907,WLAcquisition,MRPS-ND,Open Isolation Valve,Click,ContextMenu,Perform,UIInteraction,TaskName=Open Isolation Valve
43194.1441716667,WLAcquisition,MRPS-ND,Recycle Pretest Piston,RightClick,TreeView,MRPS-ND: Recycle Pretest Piston,UIInteraction,TaskName=MRPS-ND: Recycle Pretest Piston
43194.1441865741,WLAcquisition,MRPS-ND,Recycle Pretest Piston,Click,ContextMenu,Perform,UIInteraction,TaskName=MRPS-ND: Recycle Pretest Piston
43194.1441953472,WLAcquisition,UI Framework,Switch Tab,Click,Tab,MRPS-ND: Control,UIInteraction,
43194.1441960532,WLAcquisition,UI Framework,Switch Tab,Click,Tab,MRPS-ND: Solenoid Control,UIInteraction,
43194.1441962037,WLAcquisition,UI Framework,Switch Tab,Click,Tab,MRPS-ND: Recycle Pretest Piston,UIInteraction,
43194.144700706,WLAcquisition,MRPS-ND,Close Isolation Valve,RightClick,TreeView,Close Isolation Valve,UIInteraction,TaskName=Close Isolation Valve
43194.1447146528,WLAcquisition,MRPS-ND,Close Isolation Valve,Click,ContextMenu,Perform,UIInteraction,TaskName=Close Isolation Valve
43194.1458299306,WLAcquisition,Tool Control,Regulate 50V Supply,RightClick,TreeView,Regulate 50V Supply,UIInteraction,TaskName=Regulate 50V Supply
43194.14584375,WLAcquisition,Tool Control,Regulate 50V Supply,Click,ContextMenu,Close,UIInteraction,TaskName=Regulate 50V Supply
43194.1530666435,WLAcquisition,Tool Control,Regulate 50V Supply,RightClick,TreeView,Regulate 50V Supply,UIInteraction,TaskName=Regulate 50V Supply
43194.1530805903,WLAcquisition,Tool Control,Regulate 50V Supply,Click,ContextMenu,Perform,UIInteraction,TaskName=Regulate 50V Supply
43194.1541293171,WLAcquisition,Data Acquiring - WL,Unlock Pass,Click,ToolbarButton,Click to Unlock Stop Button,UIInteraction,
43194.1541538773,WLAcquisition,Data Acquiring - WL,Stop Station Pass,Click,Button,Stop,UIInteraction,PassGuid=F06E17D4-D76C-4B7E-A5F2-986AA0FA2E4D;Depth=259.07746
43194.1543122338,WLAcquisition,UI Framework,Switch Tab,Click,Tab,Operation,UIInteraction,
43194.1543948727,WLAcquisition,Depth Log/Station Planning,Perform Logging Task,RightClick,TreeView,Depth Log,UIInteraction,TaskName=Depth Log
43194.1544092593,WLAcquisition,Depth Log/Station Planning,Perform Logging Task,Click,ContextMenu,Perform,UIInteraction,TaskName=Depth Log
43194.1547835301,WLAcquisition,Data Acquiring - WL,Start Depth Pass,Click,Button,Start,UIInteraction,PassGuid=7B88C12B-D3F3-4771-AE23-0AB4EFDDEBEE;Objective=Log;Direction=Down;Depth=259.07746
43194.1547879514,WLAcquisition,UI Framework,Switch Tab,Click,Tab,MD,UIInteraction,
43194.1565335301,WLAcquisition,Data Acquiring - WL,Unlock Pass,Click,ToolbarButton,Click to Unlock Stop Button,UIInteraction,
43194.1566425579,WLAcquisition,Data Acquiring - WL,Stop Depth Pass,Click,Button,Stop,UIInteraction,PassGuid=7B88C12B-D3F3-4771-AE23-0AB4EFDDEBEE;Depth=289.55746
43194.1572129051,WLAcquisition,Data Acquiring - WL,Start Depth Pass,Click,Button,Start,UIInteraction,PassGuid=86C521B1-597E-4FA9-9C56-30E982DC3562;Objective=Log;Direction=Down;Depth=289.55746
43194.1582771065,WLAcquisition,Data Acquiring - WL,Unlock Pass,Click,ToolbarButton,Click to Unlock Stop Button,UIInteraction,
43194.1584011343,WLAcquisition,Data Acquiring - WL,Stop Depth Pass,Click,Button,Stop,UIInteraction,PassGuid=86C521B1-597E-4FA9-9C56-30E982DC3562;Depth=274.31746
43194.1585720833,WLAcquisition,UI Framework,Switch Tab,Click,Tab,Tool Control,UIInteraction,
43194.1586989583,WLAcquisition,MRPS-ND,Solenoid Control,RightClick,TreeView,MRPS-ND: Solenoid Control,UIInteraction,TaskName=MRPS-ND: Solenoid Control
43194.1587130787,WLAcquisition,MRPS-ND,Solenoid Control,Click,ContextMenu,Close,UIInteraction,TaskName=MRPS-ND: Solenoid Control
43194.1589010532,WLAcquisition,MRPS-ND,Control,RightClick,TreeView,MRPS-ND: Control,UIInteraction,TaskName=MRPS-ND: Control
43194.1589150926,WLAcquisition,MRPS-ND,Control,Click,ContextMenu,Close,UIInteraction,TaskName=MRPS-ND: Control
43194.1590750579,WLAcquisition,Tool Control,Regulate 50V Supply,RightClick,TreeView,Regulate 50V Supply,UIInteraction,TaskName=Regulate 50V Supply
43194.1590889815,WLAcquisition,Tool Control,Regulate 50V Supply,Click,ContextMenu,Close,UIInteraction,TaskName=Regulate 50V Supply
43194.159520787,WLAcquisition,UI Framework,Switch Tab,Click,Tab,Operation,UIInteraction,
43194.1596369444,WLAcquisition,SGT-N,Zero,RightClick,TreeView,Zero,UIInteraction,TaskName=Zero
43194.1596510648,WLAcquisition,SGT-N,Zero,Click,ContextMenu,Perform,UIInteraction,TaskName=Zero
43194.1596512153,WLAcquisition,UI Framework,Switch Tab,Click,Tab,Calibrations,UIInteraction,
43194.1597620833,WLAcquisition,Calibration,Perform Calibration Task,Click,Button,Next,UIInteraction,TaskName=Zero
43194.1601698495,WLAcquisition,Calibration,Choose Available Calibration,Click,ComboBox,Incomplete,UIInteraction,
43194.1604340741,WLAcquisition,SGT-N,Plus,RightClick,TreeView,Plus,UIInteraction,TaskName=Plus
43194.1604479282,WLAcquisition,SGT-N,Plus,Click,ContextMenu,Perform,UIInteraction,TaskName=Plus
43194.1605650347,WLAcquisition,Calibration,Perform Calibration Task,Click,Button,Next,UIInteraction,TaskName=Plus
43194.1613196875,WLAcquisition,Calibration,Choose Available Calibration,Click,ComboBox,03:52:17.692 04-Apr-2018,UIInteraction,
43194.1613859491,WLAcquisition,Data Acquiring - WL,Unlock 3 Buttons,Click,ToolbarButton,Unlock,UIInteraction,
43194.1613885301,WLAcquisition,Data Acquiring - WL,Disable Tool Power,Click,ToolbarButton,Disable Tool Power,UIInteraction,
43194.1616729977,WLAcquisition,Data Acquiring - WL,Stop Dataflow,Click,ToolbarButton,Stop Data Flow,UIInteraction,
43194.1617852894,WLAcquisition,Data Acquiring - WL,Disconnect Hardware,Click,ToolbarButton,Disconnect From Hardware,UIInteraction,
43194.161788287,Simulation,UI Framework,Switch Tab,Click,Tab,HWS_Simulator : 0,UIInteraction,
43194.1618884954,Setup,Run Manager (Internal),Stop Run,Click,Button,Stop,UIInteraction,RunGuid=E8BE006F-1EE0-49EF-A0BC-C914FC4A2F0D
43194.1619337268,Setup,Run Manager (Internal),Confirm to Stop Run,Click,Button,OK,UIInteraction,RunGuid=E8BE006F-1EE0-49EF-A0BC-C914FC4A2F0D
43194.1619991551,Simulation,UI Framework,Close Console,Click,Button,,UIInteraction,JobGuid=1B50767D-A827-42C9-81DF-AA38D6342428
43194.1620811227,Setup,Run Manager (Internal),Start Run,Click,Button,Start,UIInteraction,RunGuid=E8BE006F-1EE0-49EF-A0BC-C914FC4A2F0D;ToolstringGuid=4180ADEF-9324-4775-A195-DC33920E77C1;DownholeEquipments=MRPS-ND:MRHY-NB:MRPC-ND:DTA-A:SGT-N:DTC-H:LEH-QT;TSLevelActiveSurfaceEquips=DEPTH_DEVICE:TENSION_DEVICE:LOGGING_CABLE:WAFE
43194.1621946181,Setup,Equipment,Activate Run,Click,Button,Activate,UIInteraction,ToolstringGuid=4180ADEF-9324-4775-A195-DC33920E77C1;DownholeEquipments=MRPS-ND:MRHY-NB:MRPC-ND:DTA-A:SGT-N:DTC-H:LEH-QT;TSLevelActiveSurfaceEquips=DEPTH_DEVICE:TENSION_DEVICE:LOGGING_CABLE:WAFE
43194.1623020602,Simulation,UI Framework,Start Console,,,Simulation Console - Job MDT_ToolControl,UIAutomatic,
43194.1623378819,WLAcquisition,Calibration,Select Calibration Report Type,Click,ComboBox,Technical Concise,UIInteraction,
43194.1623625347,WLAcquisition,Computation / Recomputation,ProcessRecomputeState,,,,UIAutomatic,JobGuid=1B50767D-A827-42C9-81DF-AA38D6342428;State=UIS_RECOMPUTATION_STATE_PENDING;Scope=JobScope;RecompPercentageComplete=;MultipleRunsAffected=False;ActiveRunAffected=True;ActiveRunInProgress=False;RunCount=1;Run0Change0=Calibration;Run0Guid=E8BE006F-1EE0-49EF-A0BC-C914FC4A2F0D
43194.1623669676,WLAcquisition,UI Framework,Start Console,,,Acquisition Console - Job MDT_ToolControl - Run 1,UIAutomatic,
43194.162375463,WLAcquisition,Calibration,Select Calibration in Calibration Report,Click,ComboBox,HTEN Before Calibration,UIInteraction,
43194.1623754861,WLAcquisition,Calibration,Select Tool in Calibration Report,Click,ComboBox,LEH-QT,UIInteraction,ToolName=LEH-QT
43194.1628793519,WLAcquisition,Data Acquiring - WL,Connect Hardware,Click,ToolbarButton,Connect to Hardware,UIInteraction,
43194.1629825116,WLAcquisition,Data Acquiring - WL,Start Dataflow,Click,ToolbarButton,Start Data Flow,UIInteraction,
43194.1630806481,WLAcquisition,Data Gauge / Alerts,Add Data Gauge,Click,ToolbarButton,Add Data Gauges...,UIInteraction,
43194.1632895949,WLAcquisition,Data Explorer,Click OK Button,Click,Button,OK,UIInteraction,Selection=LC35_LC35_Local Computation 35_LocalComputation_60___
43194.1632897685,WLAcquisition,Data Gauge / Alerts,Select Channel in Channel Selection Dialog,Click,Button,OK,UIInteraction,Channel OSDD=LC35
43194.1634119329,Simulation,UI Framework,Switch Tab,Click,Tab,MRHY-NB,UIInteraction,
43194.1634728588,WLAcquisition,Data Acquiring - WL,Enable Tool Power,Click,ToolbarButton,Enable Tool Power,UIInteraction,
43194.1651142361,Simulation,UI Framework,Switch Tab,Click,Tab,SGTN Simulator : 2,UIInteraction,
43194.1653101389,WLAcquisition,SGT-N,Zero,RightClick,TreeView,Zero,UIInteraction,TaskName=Zero
43194.165324213,WLAcquisition,SGT-N,Zero,Click,ContextMenu,Perform,UIInteraction,TaskName=Zero
43194.1653272569,WLAcquisition,Calibration,Choose Available Calibration,Click,ComboBox,03:13:01.727 04-Apr-2018,UIInteraction,
43194.1653274653,WLAcquisition,Calibration,Choose Available Calibration,Click,ComboBox,03:52:17.693 04-Apr-2018,UIInteraction,
43194.1653286111,WLAcquisition,UI Framework,Switch Tab,Click,Tab,Calibrations,UIInteraction,
43194.1654553588,WLAcquisition,Calibration,Perform Calibration Task,Click,Button,Next,UIInteraction,TaskName=Zero
43194.1658638079,WLAcquisition,Calibration,Choose Available Calibration,Click,ComboBox,03:58:50.289 04-Apr-2018,UIInteraction,
43194.1661578819,WLAcquisition,SGT-N,Plus,RightClick,TreeView,Plus,UIInteraction,TaskName=Plus
43194.1661725,WLAcquisition,SGT-N,Plus,Click,ContextMenu,Perform,UIInteraction,TaskName=Plus
43194.1662887384,WLAcquisition,Calibration,Perform Calibration Task,Click,Button,Next,UIInteraction,TaskName=Plus
43194.1670485995,WLAcquisition,Calibration,Choose Available Calibration,Click,ComboBox,04:00:32.672 04-Apr-2018,UIInteraction,
43194.1674379977,WLAcquisition,Depth Log/Station Planning,Perform Logging Task,RightClick,TreeView,RC-ACOM-Accumulation,UIInteraction,TaskName=RC-ACOM-Accumulation
43194.1674520139,WLAcquisition,Depth Log/Station Planning,Perform Logging Task,Click,ContextMenu,Perform,UIInteraction,TaskName=RC-ACOM-Accumulation
43194.1674528819,WLAcquisition,Calibration,Choose Available Calibration,Click,ComboBox,03:16:17.167 04-Apr-2018,UIInteraction,
43194.1676363657,WLAcquisition,Calibration,Choose Available Calibration,Click,ComboBox,04:01:23.451 04-Apr-2018,UIInteraction,
43194.1678546181,WLAcquisition,Depth Log/Station Planning,Perform Logging Task,RightClick,TreeView,SG-ACOM-Accumulation,UIInteraction,TaskName=SG-ACOM-Accumulation
43194.1678694213,WLAcquisition,Calibration,Choose Available Calibration,Click,ComboBox,03:16:16.387 04-Apr-2018,UIInteraction,
43194.1678685417,WLAcquisition,Depth Log/Station Planning,Perform Logging Task,Click,ContextMenu,Perform,UIInteraction,TaskName=SG-ACOM-Accumulation
43194.1680475347,WLAcquisition,Calibration,Choose Available Calibration,Click,ComboBox,04:01:58.976 04-Apr-2018,UIInteraction,
43194.1681898611,WLAcquisition,UI Framework,Switch Tab,Click,Tab,Tool Control,UIInteraction,
43194.168305706,WLAcquisition,Tool Control,Regulate 50V Supply,RightClick,TreeView,Regulate 50V Supply,UIInteraction,TaskName=Regulate 50V Supply
43194.1683197222,WLAcquisition,Tool Control,Regulate 50V Supply,Click,ContextMenu,Perform,UIInteraction,TaskName=Regulate 50V Supply
43194.1687175463,WLAcquisition,UI Framework,Switch Tab,Click,Tab,Operation,UIInteraction,
43194.1688203472,WLAcquisition,Depth Log/Station Planning,Perform Logging Task,RightClick,TreeView,Station Log,UIInteraction,TaskName=Station Log
43194.168834537,WLAcquisition,Depth Log/Station Planning,Perform Logging Task,Click,ContextMenu,Perform,UIInteraction,TaskName=Station Log
43194.1692701273,WLAcquisition,Data Acquiring - WL,Start Station Pass,Click,Button,Start,UIInteraction,PassGuid=FE12CF13-7BA4-4503-88E6-34147B819DE9;Main Objective=MDT;MDT Station Objective=Pressure;Power Station=MRPS-ND
43194.1692709954,WLAcquisition,Depth Log/Station Planning,Perform Logging Task,,,,UIAutomatic,TaskName=MRPS-ND: Strain Gauge - ACOM
43194.1692766435,WLAcquisition,Depth Log/Station Planning,Perform Logging Task,,,,UIAutomatic,TaskName=MRPS-ND: Resistivity Cell - ACOM
43194.1694459144,WLAcquisition,Calibration,Choose Available Calibration,Click,ComboBox,04:03:59.798 04-Apr-2018,UIInteraction,
43194.1694593056,WLAcquisition,Calibration,Choose Available Calibration,Click,ComboBox,04:04:00.952 04-Apr-2018,UIInteraction,
43194.1695297222,WLAcquisition,Data Acquiring - WL,Continue Station Pass,Click,Button,Continue,UIInteraction,PassGuid=FE12CF13-7BA4-4503-88E6-34147B819DE9;Main Objective=MDT;MDT Station Objective=Test MDT Tool;Power Station=MRPC-ND
43194.169538125,WLAcquisition,UI Framework,Switch Tab,Click,Tab,Station,UIInteraction,
43194.1703158796,WLAcquisition,UI Framework,Switch Tab,Click,Tab,Tool Control,UIInteraction,
43194.1704198264,WLAcquisition,MRPS-ND,Control,RightClick,TreeView,MRPS-ND: Control,UIInteraction,TaskName=MRPS-ND: Control
43194.1704337732,WLAcquisition,MRPS-ND,Control,Click,ContextMenu,Perform,UIInteraction,TaskName=MRPS-ND: Control
43194.1760423611,WLAcquisition,MRPS-ND,Control,RightClick,TreeView,MRPS-ND: Control,UIInteraction,TaskName=MRPS-ND: Control
43194.1760563426,WLAcquisition,MRPS-ND,Control,Click,ContextMenu,Close,UIInteraction,TaskName=MRPS-ND: Control
43194.1762606597,WLAcquisition,MRPS-ND,Control,RightClick,TreeView,MRPS-ND: Control,UIInteraction,TaskName=MRPS-ND: Control
43194.1762749884,WLAcquisition,MRPS-ND,Control,Click,ContextMenu,Perform,UIInteraction,TaskName=MRPS-ND: Control
43194.1764720023,WLAcquisition,MRPS-ND,Control,RightClick,TreeView,MRPS-ND: Control,UIInteraction,TaskName=MRPS-ND: Control
43194.1764864005,WLAcquisition,MRPS-ND,Control,Click,ContextMenu,Reset,UIInteraction,TaskName=MRPS-ND: Control
43194.1767142708,WLAcquisition,MRPS-ND,Solenoid Control,RightClick,TreeView,MRPS-ND: Solenoid Control,UIInteraction,TaskName=MRPS-ND: Solenoid Control
43194.176728287,WLAcquisition,MRPS-ND,Solenoid Control,Click,ContextMenu,Perform,UIInteraction,TaskName=MRPS-ND: Solenoid Control
43194.176738912,WLAcquisition,UI Framework,Switch Tab,Click,Tab,MRPS-ND: Solenoid Control,UIInteraction,
43194.1769865394,WLAcquisition,MRPS-ND,Open Isolation Valve,RightClick,TreeView,Open Isolation Valve,UIInteraction,TaskName=Open Isolation Valve
43194.1770016088,WLAcquisition,MRPS-ND,Open Isolation Valve,Click,ContextMenu,Perform,UIInteraction,TaskName=Open Isolation Valve
43194.1773731829,WLAcquisition,MRPS-ND,Recycle Pretest Piston,RightClick,TreeView,MRPS-ND: Recycle Pretest Piston,UIInteraction,TaskName=MRPS-ND: Recycle Pretest Piston
43194.1773973727,WLAcquisition,UI Framework,Switch Tab,Click,Tab,MRPS-ND: Control,UIInteraction,
43194.1773886343,WLAcquisition,MRPS-ND,Recycle Pretest Piston,Click,ContextMenu,Perform,UIInteraction,TaskName=MRPS-ND: Recycle Pretest Piston
43194.1773981713,WLAcquisition,UI Framework,Switch Tab,Click,Tab,MRPS-ND: Recycle Pretest Piston,UIInteraction,
43194.1773980556,WLAcquisition,UI Framework,Switch Tab,Click,Tab,MRPS-ND: Solenoid Control,UIInteraction,
43194.1779566667,WLAcquisition,MRPS-ND,Close Isolation Valve,RightClick,TreeView,Close Isolation Valve,UIInteraction,TaskName=Close Isolation Valve
43194.177970625,WLAcquisition,MRPS-ND,Close Isolation Valve,Click,ContextMenu,Perform,UIInteraction,TaskName=Close Isolation Valve
43194.1792572222,WLAcquisition,Tool Control,Regulate 50V Supply,RightClick,TreeView,Regulate 50V Supply,UIInteraction,TaskName=Regulate 50V Supply
43194.1792711921,WLAcquisition,Tool Control,Regulate 50V Supply,Click,ContextMenu,Close,UIInteraction,TaskName=Regulate 50V Supply
43194.1865514931,WLAcquisition,Tool Control,Regulate 50V Supply,RightClick,TreeView,Regulate 50V Supply,UIInteraction,TaskName=Regulate 50V Supply
43194.1865655093,WLAcquisition,Tool Control,Regulate 50V Supply,Click,ContextMenu,Perform,UIInteraction,TaskName=Regulate 50V Supply
43194.1876289583,WLAcquisition,Data Acquiring - WL,Unlock Pass,Click,ToolbarButton,Click to Unlock Stop Button,UIInteraction,
43194.1876533912,WLAcquisition,Data Acquiring - WL,Stop Station Pass,Click,Button,Stop,UIInteraction,PassGuid=FE12CF13-7BA4-4503-88E6-34147B819DE9;Depth=259.07746
43194.1878458565,WLAcquisition,UI Framework,Switch Tab,Click,Tab,Operation,UIInteraction,
43194.1879451968,WLAcquisition,Depth Log/Station Planning,Perform Logging Task,RightClick,TreeView,Depth Log,UIInteraction,TaskName=Depth Log
43194.1879590972,WLAcquisition,Depth Log/Station Planning,Perform Logging Task,Click,ContextMenu,Perform,UIInteraction,TaskName=Depth Log
43194.188376331,WLAcquisition,UI Framework,Switch Tab,Click,Tab,MD,UIInteraction,
43194.1883733333,WLAcquisition,Data Acquiring - WL,Start Depth Pass,Click,Button,Start,UIInteraction,PassGuid=4456C63E-6E65-42B9-A7EE-D3F1D026AFBF;Objective=Log;Direction=Down;Depth=259.07746
43194.1901153819,WLAcquisition,Data Acquiring - WL,Unlock Pass,Click,ToolbarButton,Click to Unlock Stop Button,UIInteraction,
43194.1902340394,WLAcquisition,Data Acquiring - WL,Stop Depth Pass,Click,Button,Stop,UIInteraction,PassGuid=4456C63E-6E65-42B9-A7EE-D3F1D026AFBF;Depth=289.55746
43194.1908087963,WLAcquisition,Data Acquiring - WL,Start Depth Pass,Click,Button,Start,UIInteraction,PassGuid=B033FABE-6FA4-4B05-8A2D-AD5411FB6133;Objective=Log;Direction=Down;Depth=289.55746
43194.1917856134,WLAcquisition,Data Acquiring - WL,Unlock Pass,Click,ToolbarButton,Click to Unlock Stop Button,UIInteraction,
43194.1919071181,WLAcquisition,Data Acquiring - WL,Stop Depth Pass,Click,Button,Stop,UIInteraction,PassGuid=B033FABE-6FA4-4B05-8A2D-AD5411FB6133;Depth=274.31746
43194.1921073843,WLAcquisition,UI Framework,Switch Tab,Click,Tab,Tool Control,UIInteraction,
43194.1922418171,WLAcquisition,MRPS-ND,Solenoid Control,RightClick,TreeView,MRPS-ND: Solenoid Control,UIInteraction,TaskName=MRPS-ND: Solenoid Control
43194.1922562731,WLAcquisition,MRPS-ND,Solenoid Control,Click,ContextMenu,Close,UIInteraction,TaskName=MRPS-ND: Solenoid Control
43194.1924526157,WLAcquisition,MRPS-ND,Control,RightClick,TreeView,MRPS-ND: Control,UIInteraction,TaskName=MRPS-ND: Control
43194.1924664468,WLAcquisition,MRPS-ND,Control,Click,ContextMenu,Close,UIInteraction,TaskName=MRPS-ND: Control
43194.1926432407,WLAcquisition,Tool Control,Regulate 50V Supply,RightClick,TreeView,Regulate 50V Supply,UIInteraction,TaskName=Regulate 50V Supply
43194.1926572917,WLAcquisition,Tool Control,Regulate 50V Supply,Click,ContextMenu,Close,UIInteraction,TaskName=Regulate 50V Supply
43194.1930919444,WLAcquisition,UI Framework,Switch Tab,Click,Tab,Operation,UIInteraction,
43194.1932101968,WLAcquisition,SGT-N,Zero,RightClick,TreeView,Zero,UIInteraction,TaskName=Zero
43194.1932241898,WLAcquisition,SGT-N,Zero,Click,ContextMenu,Perform,UIInteraction,TaskName=Zero
43194.193224456,WLAcquisition,UI Framework,Switch Tab,Click,Tab,Calibrations,UIInteraction,
43194.1933395949,WLAcquisition,Calibration,Perform Calibration Task,Click,Button,Next,UIInteraction,TaskName=Zero
43194.1937469213,WLAcquisition,Calibration,Choose Available Calibration,Click,ComboBox,04:38:59.288 04-Apr-2018,UIInteraction,
43194.1940450347,WLAcquisition,SGT-N,Plus,RightClick,TreeView,Plus,UIInteraction,TaskName=Plus
43194.1940589699,WLAcquisition,SGT-N,Plus,Click,ContextMenu,Perform,UIInteraction,TaskName=Plus
43194.1941739699,WLAcquisition,Calibration,Perform Calibration Task,Click,Button,Next,UIInteraction,TaskName=Plus
43194.1949285069,WLAcquisition,Calibration,Choose Available Calibration,Click,ComboBox,04:40:41.515 04-Apr-2018,UIInteraction,
43194.194990463,WLAcquisition,Data Acquiring - WL,Unlock 3 Buttons,Click,ToolbarButton,Unlock,UIInteraction,
43194.1949926273,WLAcquisition,Data Acquiring - WL,Disable Tool Power,Click,ToolbarButton,Disable Tool Power,UIInteraction,
43194.1953998727,WLAcquisition,Data Acquiring - WL,Stop Dataflow,Click,ToolbarButton,Stop Data Flow,UIInteraction,
43194.1954715046,WLAcquisition,Data Acquiring - WL,Disconnect Hardware,Click,ToolbarButton,Disconnect From Hardware,UIInteraction,
43194.195478287,Simulation,UI Framework,Switch Tab,Click,Tab,HWS_Simulator : 0,UIInteraction,
43194.1955753588,Setup,Run Manager (Internal),Stop Run,Click,Button,Stop,UIInteraction,RunGuid=E8BE006F-1EE0-49EF-A0BC-C914FC4A2F0D
43194.195726875,Setup,Run Manager (Internal),Confirm to Stop Run,Click,Button,OK,UIInteraction,RunGuid=E8BE006F-1EE0-49EF-A0BC-C914FC4A2F0D
43194.1958387963,Simulation,UI Framework,Close Console,Click,Button,,UIInteraction,JobGuid=1B50767D-A827-42C9-81DF-AA38D6342428
43194.1959760417,DeliverablesSetup,UI Framework,Switch View,Click,ToolbarButton,Deliverables Display View,UIInteraction,
43194.1960516667,DeliverablesSetup,Deliverables - Digital,Create Job Archive,Click,ContextMenu,Create,UIInteraction,ArchiveGuid=1B50767D-A827-42C9-81DF-AA38D6342428;JobArchiveType=3.0
43194.196494456,DeliverablesSetup,UI Framework,Close Console,Click,Button,,UIInteraction,JobGuid=1B50767D-A827-42C9-81DF-AA38D6342428
43194.1965307639,DeliverablesSetup,UI Framework,OK to Close Deliverables - Display Console,Click,Button,OK,UIInteraction,
43194.1966121759,,Console/Job Manager,Stop Setup Console,Click,Button,Stop,UIInteraction,JobGuid=1B50767D-A827-42C9-81DF-AA38D6342428
43194.1966965278,,Console/Job Manager,Stop Job,Click,Button,Stop,UIInteraction,JobGuid=1B50767D-A827-42C9-81DF-AA38D6342428
