Time,Process,Component,Operation,Action,Control,ControlText,Category,Context
43193.9305740162,,Console/Job Manager,Start Job,Click,Button,Start,UIInteraction,JobName=CMRT-DTC;WellName=BGC;ClientName=BGCAT;StartDate=4/3/2018 10:19 PM;Workflow=Wireline;Simulator=True;UnitSystem=English;RTBackupDir=C:\Autobackup;JobSize=0;State=Available;SideTrackId=0;SessionID=B8685551-B9AD-41D2-8EF7-17FC2E19C196;SortOrder=1;JobGUID=7091657B-176B-4917-8119-B36288ADA03A;WellGUID=582213AF-30E0-466E-93A6-F1BCC91B5937;BoreholeGUID=6648600A-5639-4F43-92DB-26B6D90ADC3C;MachineName=HPV21-005;UserName=Engineer;UserDomainName=HPV21-005;OS=Microsoft Windows NT 6.1.7601 Service Pack 1;StartedJobCount=0;TimeZone=00:00:00;IPAddress_1=192.168.78.251;IPAddress_2=::1;MWVersion=9.0.100742.3100
43193.9310751157,,Console/Job Manager,Start Deliverables Console,Click,Button,Start...,UIInteraction,JobGuid=7091657B-176B-4917-8119-B36288ADA03A
43193.931453044,DeliverablesSetup,UI Framework,Start Console,,,Deliverables Console Setup - Job CMRT-DTC,UIAutomatic,
43193.9314781829,,Console/Job Manager,Start Setup Console,Click,Button,Start...,UIInteraction,JobGuid=7091657B-176B-4917-8119-B36288ADA03A
43193.9317278356,Setup,Calibration,Select Calibration Report Type,Click,ComboBox,Technical Concise,UIInteraction,
43193.9317337616,Setup,UI Framework,Start Console,,,Setup - Job CMRT-DTC,UIAutomatic,
43193.9317949537,Setup,Equipment,New ToolString,Click,ToolbarButton,New ToolString,UIInteraction,ToolstringName=New ToolString;ToolstringGuid=BEFAA911-560C-457E-99AD-7A312F4637D5
43193.9318420139,Setup,Equipment,Rename ToolString,Input,TextBox,New ToolString,UIInteraction,ToolstringGuid=BEFAA911-560C-457E-99AD-7A312F4637D5
43193.9318420255,Setup,Equipment,Rename ToolString,,,,UIAutomatic,State=Cancel
43193.9318534954,Setup,Equipment,Filter Equipment in Catalog,Input,TextBox,,UIInteraction,Text=CMRT-B
43193.9318537616,Setup,Equipment,Filter Equipment in Catalog,Input,TextBox,,UIInteraction,Text=CMRT-B
43193.9318567824,Setup,Equipment,Rename ToolString,Input,TextBox,New ToolString,UIInteraction,ToolstringGuid=BEFAA911-560C-457E-99AD-7A312F4637D5
43193.9318586574,Setup,Equipment,Add Equipment from Catalog to ToolString,Click,ToolbarButton,Add to ToolString,UIInteraction,EquipmentName=CMRT-B
43193.9318791898,Setup,Equipment,Filter Equipment in Catalog,Input,TextBox,,UIInteraction,Text=DTC-H
43193.931879294,Setup,Equipment,Filter Equipment in Catalog,Input,TextBox,,UIInteraction,Text=DTC-H
43193.931880625,DeliverablesSetup,Tier Manager,Tier Template Created for Tools in My Equipment,,,CMRT-B Tier Created,Deliverables Console,
43193.9318837963,Setup,Equipment,Add Equipment from Catalog to ToolString,Click,ToolbarButton,Add to ToolString,UIInteraction,EquipmentName=DTC-H
43193.9318878704,Setup,Equipment,Filter Equipment in Catalog,Input,TextBox,,UIInteraction,Text=LEH-QT
43193.9318879861,Setup,Equipment,Filter Equipment in Catalog,Input,TextBox,,UIInteraction,Text=LEH-QT
43193.9318929167,Setup,Equipment,Add Equipment from Catalog to ToolString,Click,ToolbarButton,Add to ToolString,UIInteraction,EquipmentName=LEH-QT
43193.9319658333,Setup,Equipment,Rename ToolString,Click,ContextMenu,Rename,UIInteraction,
43193.9319734375,Setup,Equipment,Rename ToolString,Input,TextBox,CMRT-DTC,UIInteraction,ToolstringGuid=BEFAA911-560C-457E-99AD-7A312F4637D5
43193.9321147569,Setup,Properties & Parameters,Change Property Value,Update,GridCell,100,UIInteraction,OSDD=EP_SERIAL_NUMBER;EnsemblePath=CMRT-B:CMRC:CMRC
43193.9321343287,Setup,Properties & Parameters,Change Property Value,Update,GridCell,100,UIInteraction,OSDD=EP_SERIAL_NUMBER;EnsemblePath=CMRT-B:CMRC:CMRH
43193.932153669,Setup,Properties & Parameters,Change Property Value,Update,GridCell,100,UIInteraction,OSDD=EP_SERIAL_NUMBER;EnsemblePath=CMRT-B:CMRS:CMRS
43193.9322933681,Setup,Properties & Parameters,Change Property Value,Update,GridCell,200,UIInteraction,OSDD=EP_SERIAL_NUMBER;EnsemblePath=CMRT-B:CMRC:CMRH
43193.9324286574,Setup,Properties & Parameters,Change Property Value,Update,GridCell,200,UIInteraction,OSDD=EP_SERIAL_NUMBER;EnsemblePath=CMRT-B:CMRC:CMRC
43193.9324570833,Setup,UI Framework,Switch Tab,Click,Tab,DnI Initializations,UIInteraction,
43193.9324729514,Setup,DnI/Survey,Select Decimal,Click,RadioButton,Decimal,UIInteraction,
43193.932493287,Setup,DnI/Survey,Enter Latitude,Input,TextBox,39,UIInteraction,
43193.9325045718,Setup,DnI/Survey,Enter Longitude,Input,TextBox,116,UIInteraction,
43193.9325153356,Setup,UI Framework,Switch Tab,Click,Tab,Equipment,UIInteraction,
43193.9325584375,Setup,DnI/Survey,Select Permanent Datum,Click,ComboBox,Mean Sea Level,UIInteraction,
43193.9325639468,Setup,DnI/Survey,Select Log Measured From,Click,ComboBox,Drill Floor,UIInteraction,
43193.9325709491,Setup,DnI/Survey,Enter Elevation of 'Log Measured From',Input,TextBox,1000,UIInteraction,LogMeasuredFrom=Drill Floor
43193.9325822801,Setup,UI Framework,Switch Tab,Click,Tab,DnI Initializations,UIInteraction,
43193.9326119329,Setup,DnI/Survey,Compute DnI/Elevation,Click,Button,Compute,UIInteraction,
43193.9327444792,Setup,UI Framework,Switch Tab,Click,Tab,Wellbore,UIInteraction,
43193.9327494792,Setup,Well Setup (Internal),Select Run Number,Click,ComboBox,1,UIInteraction,RunGuid=D32D985D-48BA-4FC5-A160-E9B8BEE6DAD8
43193.9327601736,Setup,Well Setup (Internal),Enter Size for Bit Size,Update,GridCell,17.5,UIInteraction,Row=1;Column=Size (in);RunGuid=D32D985D-48BA-4FC5-A160-E9B8BEE6DAD8
43193.9327786343,Setup,Well Setup (Internal),Enter Driller Top for Bit Size,Update,GridCell,0,UIInteraction,Row=1;Column=Driller Top (ft);RunGuid=D32D985D-48BA-4FC5-A160-E9B8BEE6DAD8
43193.9327975116,Setup,Well Setup (Internal),Enter Driller Bottom for Bit Size,Update,GridCell,10000,UIInteraction,Row=1;Column=Driller Bottom (ft);RunGuid=D32D985D-48BA-4FC5-A160-E9B8BEE6DAD8
43193.9328186111,Setup,Well Setup (Internal),Select Run Number,Click,ComboBox,1,UIInteraction,RunGuid=D32D985D-48BA-4FC5-A160-E9B8BEE6DAD8
43193.9328298958,Setup,Well Setup (Internal),Enter Size for Casings,Update,GridCell,10.75,UIInteraction,Row=1;Column=Size (in);RunGuid=D32D985D-48BA-4FC5-A160-E9B8BEE6DAD8
43193.9328477083,Setup,Well Setup (Internal),Enter Driller Top for Casings,Update,GridCell,0,UIInteraction,Row=1;Column=Driller Top (ft);RunGuid=D32D985D-48BA-4FC5-A160-E9B8BEE6DAD8
43193.9328666204,Setup,Well Setup (Internal),Enter Driller Bottom for Casings,Update,GridCell,5000,UIInteraction,Row=1;Column=Driller Bottom (ft);RunGuid=D32D985D-48BA-4FC5-A160-E9B8BEE6DAD8
43193.9328849653,Setup,Well Setup (Internal),Enter Weight for Casings,Update,GridCell,109,UIInteraction,Row=1;Column=Weight (lbm/ft);RunGuid=D32D985D-48BA-4FC5-A160-E9B8BEE6DAD8
43193.9329789236,Setup,Well Setup (Internal),Enter Grade for Casings,Update,GridCell,K55,UIInteraction,Row=1;Column=Grade;RunGuid=D32D985D-48BA-4FC5-A160-E9B8BEE6DAD8
43193.9329969444,Setup,UI Framework,Switch Tab,Click,Tab,Runs,UIInteraction,
43193.9330327431,Setup,Run Manager (Internal),Associate toolstring to run,Update,GridCell,CMRT-DTC,UIInteraction,RunGuid=D32D985D-48BA-4FC5-A160-E9B8BEE6DAD8;ToolstringGuid=BEFAA911-560C-457E-99AD-7A312F4637D5;DownholeEquipments=CMRT-BDTC-HLEH-QTEME-F;TSLevelActiveSurfaceEquips=DEPTH_DEVICETENSION_DEVICELOGGING_CABLEWAFEWITMDTM
43193.9331676968,Setup,Equipment,Close Toolstring Validation UI,Click,Button,Close,UIInteraction,ToolstringGuid=BEFAA911-560C-457E-99AD-7A312F4637D5
43193.9331756019,DeliverablesSetup,UI Framework,Switch View,Click,ToolbarButton,Deliverables Display View,UIInteraction,
43193.9332510301,DeliverablesSetup,Deliverables - Digital,Create Job Archive,Click,ContextMenu,Create,UIInteraction,ArchiveGuid=7091657B-176B-4917-8119-B36288ADA03A;JobArchiveType=3.0
43193.9336462616,DeliverablesSetup,UI Framework,Close Console,Click,Button,,UIInteraction,JobGuid=7091657B-176B-4917-8119-B36288ADA03A
43193.9336814236,DeliverablesSetup,UI Framework,OK to Close Deliverables - Display Console,Click,Button,OK,UIInteraction,
43193.9337619097,,Console/Job Manager,Stop Setup Console,Click,Button,Stop,UIInteraction,JobGuid=7091657B-176B-4917-8119-B36288ADA03A
43193.9338453704,,Console/Job Manager,Stop Job,Click,Button,Stop,UIInteraction,JobGuid=7091657B-176B-4917-8119-B36288ADA03A
