Time,Process,Component,Operation,Action,Control,ControlText,Category,Context
43194.2164444907,,Console/Job Manager,Start Job,Click,Button,Start,UIInteraction,JobName=ASLTB-CBL;ClientName=BGCAT;StartDate=4/4/2018 5:11 AM;Workflow=Wireline;Simulator=True;UnitSystem=English;RTBackupDir=C:\Autobackup;JobSize=0;State=Available;SideTrackId=0;SessionID=BBCF7A3C-8459-4558-9263-F50ADA0AC3CF;SortOrder=1;JobGUID=0B4C2A9E-7116-49D4-B5F0-04BD9D191C41;WellGUID=ED053A35-8DE8-43C9-95F5-03C57B30C150;BoreholeGUID=B6A6189F-8B75-4BAA-8792-25BEB2A8E17D;MachineName=HPV11-007;UserName=Engineer;UserDomainName=HPV11-007;OS=Microsoft Windows NT 6.1.7601 Service Pack 1;StartedJobCount=0;TimeZone=00:00:00;IPAddress_1=192.168.178.44;IPAddress_2=::1;MWVersion=9.0.100745.3100
43194.2165340394,,Console/Job Manager,Start Deliverables Console,Click,Button,Start...,UIInteraction,JobGuid=0B4C2A9E-7116-49D4-B5F0-04BD9D191C41
43194.2166380324,DeliverablesSetup,UI Framework,Start Console,,,Deliverables Console Setup - Job ASLTB-CBL,UIAutomatic,
43194.2166557407,,Console/Job Manager,Start Setup Console,Click,Button,Start...,UIInteraction,JobGuid=0B4C2A9E-7116-49D4-B5F0-04BD9D191C41
43194.2167115741,Setup,Calibration,Select Calibration Report Type,Click,ComboBox,Technical Concise,UIInteraction,
43194.2167901736,Setup,UI Framework,Start Console,,,Setup - Job ASLTB-CBL,UIAutomatic,
43194.2168511111,Setup,Equipment,New ToolString,Click,ToolbarButton,New ToolString,UIInteraction,ToolstringName=New ToolString;ToolstringGuid=DC7BD9E4-3A77-43F5-949A-4E962AA6D398
43194.2168911458,Setup,Equipment,Rename ToolString,Input,TextBox,New ToolString,UIInteraction,ToolstringGuid=DC7BD9E4-3A77-43F5-949A-4E962AA6D398
43194.2168913542,Setup,Equipment,Rename ToolString,,,,UIAutomatic,State=Cancel
43194.2169034606,Setup,Equipment,Filter Equipment in Catalog,Input,TextBox,,UIInteraction,Text=Bottom_Nose
43194.2169069907,Setup,Equipment,Rename ToolString,Input,TextBox,New ToolString,UIInteraction,ToolstringGuid=DC7BD9E4-3A77-43F5-949A-4E962AA6D398
43194.2169031713,Setup,Equipment,Filter Equipment in Catalog,Input,TextBox,,UIInteraction,Text=Bottom_Nose
43194.2169091319,Setup,Equipment,Add Equipment from Catalog to ToolString,Click,ToolbarButton,Add to ToolString,UIInteraction,EquipmentName=Bottom_Nose
43194.216911956,Setup,Equipment,Filter Equipment in Catalog,Input,TextBox,,UIInteraction,Text=CMIR-EA
43194.2169120718,Setup,Equipment,Filter Equipment in Catalog,Input,TextBox,,UIInteraction,Text=CMIR-EA
43194.216917338,Setup,Equipment,Add Equipment from Catalog to ToolString,Click,ToolbarButton,Add to ToolString,UIInteraction,EquipmentName=CMIR-EA
43194.2169191088,Setup,Equipment,Filter Equipment in Catalog,Input,TextBox,,UIInteraction,Text=ASLT-B
43194.216919213,Setup,Equipment,Filter Equipment in Catalog,Input,TextBox,,UIInteraction,Text=ASLT-B
43194.2169254514,Setup,Equipment,Add Equipment from Catalog to ToolString,Click,ToolbarButton,Add to ToolString,UIInteraction,EquipmentName=ASLT-B
43194.2169359375,Setup,Equipment,Filter Equipment in Catalog,Input,TextBox,,UIInteraction,Text=CMIR-EA
43194.2169360417,Setup,Equipment,Filter Equipment in Catalog,Input,TextBox,,UIInteraction,Text=CMIR-EA
43194.2169364005,DeliverablesSetup,Tier Manager,Tier Template Created for Tools in My Equipment,,,ASLT-B Tier Created,Deliverables Console,
43194.2169410648,Setup,Equipment,Add Equipment from Catalog to ToolString,Click,ToolbarButton,Add to ToolString,UIInteraction,EquipmentName=CMIR-EA
43194.2169449653,Setup,Equipment,Filter Equipment in Catalog,Input,TextBox,,UIInteraction,Text=EDTC-B
43194.216945081,Setup,Equipment,Filter Equipment in Catalog,Input,TextBox,,UIInteraction,Text=EDTC-B
43194.2169496528,Setup,Equipment,Add Equipment from Catalog to ToolString,Click,ToolbarButton,Add to ToolString,UIInteraction,EquipmentName=EDTC-B
43194.216955081,DeliverablesSetup,Tier Manager,Tier Template Created for Tools in My Equipment,,,EDTC-B Tier Created,Deliverables Console,
43194.2169560301,Setup,Equipment,Filter Equipment in Catalog,Input,TextBox,,UIInteraction,Text=LEH-QT
43194.2169561343,Setup,Equipment,Filter Equipment in Catalog,Input,TextBox,,UIInteraction,Text=LEH-QT
43194.2169614005,Setup,Equipment,Add Equipment from Catalog to ToolString,Click,ToolbarButton,Add to ToolString,UIInteraction,EquipmentName=LEH-QT
43194.2169639815,DeliverablesSetup,Tier Manager,Tier Template Created for Tools in My Equipment,,,LEH-QT Tier Created,Deliverables Console,
43194.2170300579,Setup,Equipment,Rename ToolString,Click,ContextMenu,Rename,UIInteraction,
43194.2170343287,Setup,Equipment,Rename ToolString,Input,TextBox,CBL,UIInteraction,ToolstringGuid=DC7BD9E4-3A77-43F5-949A-4E962AA6D398
43194.217157338,Setup,Properties & Parameters,Change Property Value,Update,GridCell,4,UIInteraction,OSDD=EP_LENGTH;EnsemblePath=Bottom_Nose
43194.2173001389,Setup,Properties & Parameters,Change Property Value,Update,GridCell,2.5,UIInteraction,OSDD=EP_MAX_OD;EnsemblePath=Bottom_Nose
43194.2174425,Setup,Properties & Parameters,Change Property Value,Update,GridCell,20,UIInteraction,OSDD=EP_WEIGHT;EnsemblePath=Bottom_Nose
43194.2174735417,Setup,UI Framework,Switch Tab,Click,Tab,Wellbore,UIInteraction,
43194.2174790162,Setup,Well Setup (Internal),Select Run Number,Click,ComboBox,1,UIInteraction,RunGuid=38E60383-3A1D-4C33-B4E9-02C868A351BA
43194.2174904977,Setup,Well Setup (Internal),Enter Size for Bit Size,Update,GridCell,8.5,UIInteraction,Row=1;Column=Size (in);RunGuid=38E60383-3A1D-4C33-B4E9-02C868A351BA
43194.2175110648,Setup,Well Setup (Internal),Enter Driller Bottom for Bit Size,Update,GridCell,10000,UIInteraction,Row=1;Column=Driller Bottom (ft);RunGuid=38E60383-3A1D-4C33-B4E9-02C868A351BA
43194.217531713,Setup,Well Setup (Internal),Select Run Number,Click,ComboBox,1,UIInteraction,RunGuid=38E60383-3A1D-4C33-B4E9-02C868A351BA
43194.217544375,Setup,Well Setup (Internal),Enter Size for Casings,Update,GridCell,7.625,UIInteraction,Row=1;Column=Size (in);RunGuid=38E60383-3A1D-4C33-B4E9-02C868A351BA
43194.2175622338,Setup,Well Setup (Internal),Enter Driller Top for Casings,Update,GridCell,0,UIInteraction,Row=1;Column=Driller Top (ft);RunGuid=38E60383-3A1D-4C33-B4E9-02C868A351BA
43194.2175822917,Setup,Well Setup (Internal),Enter Driller Bottom for Casings,Update,GridCell,10000,UIInteraction,Row=1;Column=Driller Bottom (ft);RunGuid=38E60383-3A1D-4C33-B4E9-02C868A351BA
43194.2176008912,Setup,Well Setup (Internal),Enter Weight for Casings,Update,GridCell,66,UIInteraction,Row=1;Column=Weight (lbm/ft);RunGuid=38E60383-3A1D-4C33-B4E9-02C868A351BA
43194.2176877894,Setup,Well Setup (Internal),Enter Grade for Casings,Update,GridCell,F25,UIInteraction,Row=1;Column=Grade;RunGuid=38E60383-3A1D-4C33-B4E9-02C868A351BA
43194.2178144213,Setup,Properties & Parameters,Change Property Value,Update,GridCell,15629,UIInteraction,OSDD=EP_SERIAL_NUMBER;EnsemblePath=EDTC-B:EDTC-B:EDTC-B
43194.2178654514,Setup,Equipment,Activate ToolString for Shop Calibration,Click,ContextMenu,Activate for Checks and Calibration,UIInteraction,TooStringGuid=DC7BD9E4-3A77-43F5-949A-4E962AA6D398
43194.2180465741,Simulation,UI Framework,Start Console,,,Simulation Console - Job ASLTB-CBL,UIAutomatic,
43194.2180850579,ShopCalibration,Calibration,Select Calibration Report Type,Click,ComboBox,Technical Concise,UIInteraction,
43194.2181936458,ShopCalibration,Calibration,Select Calibration in Calibration Report,Click,ComboBox,HTEN Before Calibration,UIInteraction,
43194.218193669,ShopCalibration,Calibration,Select Tool in Calibration Report,Click,ComboBox,LEH-QT,UIInteraction,ToolName=LEH-QT
43194.2181945718,ShopCalibration,UI Framework,Start Console,,,Shop Calibration Console - Job ASLTB-CBL,UIAutomatic,
43194.2182002894,ShopCalibration,UI Framework,Switch Tab,Click,Tab,MD,UIInteraction,
43194.2215439815,ShopCalibration,Data Acquiring - WL,Connect Hardware,Click,ToolbarButton,Connect to Hardware,UIInteraction,
43194.2216843519,ShopCalibration,Data Acquiring - WL,Start Dataflow,Click,ToolbarButton,Start Data Flow,UIInteraction,
43194.2218072222,ShopCalibration,Data Acquiring - WL,Enable Tool Power,Click,ToolbarButton,Enable Tool Power,UIInteraction,
43194.2218150347,ShopCalibration,Before Logging Surface,Read Memory Data,,,,UIAutomatic,TaskName=EDTC-B: Read Memory Data
43194.2218160764,ShopCalibration,UI Framework,Switch Tab,Click,Tab,Calibrations,UIInteraction,
43194.2218306713,ShopCalibration,Calibration,Choose Available Calibration,Click,ComboBox,05:19:25.356 04-Apr-2018,UIInteraction,
43194.2218321412,ShopCalibration,Calibration,Choose Available Calibration,Click,ComboBox,05:19:25.356 04-Apr-2018,UIInteraction,
43194.2226323727,ShopCalibration,Data Acquiring - WL,Unlock 3 Buttons,Click,ToolbarButton,Unlock,UIInteraction,
43194.2226373032,ShopCalibration,Data Acquiring - WL,Disable Tool Power,Click,ToolbarButton,Disable Tool Power,UIInteraction,
43194.2227228125,ShopCalibration,Data Acquiring - WL,Stop Dataflow,Click,ToolbarButton,Stop Data Flow,UIInteraction,
43194.2228517593,ShopCalibration,Data Acquiring - WL,Disconnect Hardware,Click,ToolbarButton,Disconnect From Hardware,UIInteraction,
43194.2229597222,ShopCalibration,UI Framework,Close Console,Click,Button,,UIInteraction,JobGuid=0B4C2A9E-7116-49D4-B5F0-04BD9D191C41
43194.2242098148,Setup,UI Framework,Switch Tab,Click,Tab,Runs,UIInteraction,
43194.2242543634,Setup,Run Manager (Internal),Associate toolstring to run,Update,GridCell,CBL,UIInteraction,RunGuid=38E60383-3A1D-4C33-B4E9-02C868A351BA;ToolstringGuid=DC7BD9E4-3A77-43F5-949A-4E962AA6D398;DownholeEquipments=ASLT-BEDTC-BLEH-QTBottom_NoseCMIR-EACMIR-EA;TSLevelActiveSurfaceEquips=DEPTH_DEVICETENSION_DEVICELOGGING_CABLEWAFEWITM
43194.224389375,Setup,Equipment,Close Toolstring Validation UI,Click,Button,Close,UIInteraction,ToolstringGuid=DC7BD9E4-3A77-43F5-949A-4E962AA6D398
43194.2243984606,DeliverablesSetup,UI Framework,Switch View,Click,ToolbarButton,Deliverables Display View,UIInteraction,
43194.2244735417,DeliverablesSetup,Deliverables - Digital,Create Job Archive,Click,ContextMenu,Create,UIInteraction,ArchiveGuid=0B4C2A9E-7116-49D4-B5F0-04BD9D191C41;JobArchiveType=3.0
43194.2248210764,DeliverablesSetup,UI Framework,Close Console,Click,Button,,UIInteraction,JobGuid=0B4C2A9E-7116-49D4-B5F0-04BD9D191C41
43194.2248600347,DeliverablesSetup,UI Framework,OK to Close Deliverables - Display Console,Click,Button,OK,UIInteraction,
43194.2249428472,,Console/Job Manager,Stop Setup Console,Click,Button,Stop,UIInteraction,JobGuid=0B4C2A9E-7116-49D4-B5F0-04BD9D191C41
43194.2250033565,,Console/Job Manager,Stop Job,Click,Button,Stop,UIInteraction,JobGuid=0B4C2A9E-7116-49D4-B5F0-04BD9D191C41
