43194.1740449537,,UI Framework,Initialize Maxwell Manager Process Name,,,Initialize Maxwell Manager Process Name,,
43194.1740609028,,UI Framework,Start Console,,,Maxwell Manager,UIAutomatic,MachineName=HPV04-010;UserName=Engineer;UserDomainName=HPV04-010;OS=Microsoft Windows NT 6.1.7601 Service Pack 1;TimeZone=00:00:00;IPAddress_1=192.168.78.223;IPAddress_2=::1;MWVersion=9.0.100745.3100
43194.1742996991,,Console/Job Manager,Import Job Archive,Click,ContextMenu,Create Import,UIInteraction,
43194.1743127315,,Import/Export & Backup/Restore,OK to select file,,,,UIAutomatic,FilePath=C:\DataValidation\EDTC-B\EDTC-B_Normal_3.0.9605.1036_JA.Dlis
43194.1743063773,,Import/Export & Backup/Restore,Select file to import,Click,Button,...,UIInteraction,
43194.1743787153,,Import/Export & Backup/Restore,Start Import,Click,Button,Import,UIInteraction,FilePath=C:\DataValidation\EDTC-B\EDTC-B_Normal_3.0.9605.1036_JA.Dlis
43194.1757323611,,Import/Export & Backup/Restore,Close Import UI,Click,Button,Close,UIInteraction,
43194.1758714931,,Console/Job Manager,Select Auto Backup Folder,Click,ComboBox,C:\Autobackup,UIInteraction,
43194.1842511806,,UI Framework,Close Console,Click,Button,,UIInteraction,
43194.1905998032,,UI Framework,Initialize Maxwell Manager Process Name,,,Initialize Maxwell Manager Process Name,,
43194.1906168519,,UI Framework,Start Console,,,Maxwell Manager,UIAutomatic,MachineName=HPV04-010;UserName=Engineer;UserDomainName=HPV04-010;OS=Microsoft Windows NT 6.1.7601 Service Pack 1;TimeZone=00:00:00;IPAddress_1=192.168.78.223;IPAddress_2=::1;MWVersion=9.0.100745.3100
43194.1908434375,,Console/Job Manager,New Job,Click,Button,New,UIInteraction,
43194.1908590278,,Console/Job Manager,Input Job Name,Input,TextBox,MDT_SG_Cal,UIInteraction,
43194.1909035764,,Console/Job Manager,Input Client Name,Input,TextBox,BGCAT,UIInteraction,
43194.1909930208,,Console/Job Manager,Check Simulator,Click,CheckBox,Simulator,UIInteraction,CheckState=True
43194.1912069097,,Console/Job Manager,Select Auto Backup Folder,Click,ComboBox,C:\Autobackup,UIInteraction,
43194.1959274884,,UI Framework,Switch Tab,Click,Tab,Job: MDT_SG_Cal,UIInteraction,
43194.2003283449,,UI Framework,Switch Tab,Click,Tab,Messages: Job Independent,UIInteraction,
43194.2003347222,,UI Framework,Close Console,Click,Button,,UIInteraction,
43194.2031864815,,UI Framework,Initialize Maxwell Manager Process Name,,,Initialize Maxwell Manager Process Name,,
43194.2032029398,,UI Framework,Start Console,,,Maxwell Manager,UIAutomatic,MachineName=HPV04-010;UserName=Engineer;UserDomainName=HPV04-010;OS=Microsoft Windows NT 6.1.7601 Service Pack 1;TimeZone=00:00:00;IPAddress_1=192.168.78.223;IPAddress_2=::1;MWVersion=9.0.100745.3100
43194.2034484375,,Import/Export & Backup/Restore,Select file to import,Click,Button,...,UIInteraction,
43194.2034418403,,Console/Job Manager,Import Job Archive,Click,ContextMenu,Create Import,UIInteraction,
43194.2034549653,,Import/Export & Backup/Restore,OK to select file,,,,UIAutomatic,FilePath=C:\DataValidation\MAST-B-Basic\MAST-B_Basic_3.0.9606.1011_JA.Dlis
43194.2035211458,,Import/Export & Backup/Restore,Start Import,Click,Button,Import,UIInteraction,FilePath=C:\DataValidation\MAST-B-Basic\MAST-B_Basic_3.0.9606.1011_JA.Dlis
43194.2056954514,,Import/Export & Backup/Restore,Close Import UI,Click,Button,Close,UIInteraction,
43194.2058290972,,Console/Job Manager,Select Auto Backup Folder,Click,ComboBox,C:\Autobackup,UIInteraction,
43194.2094879977,,UI Framework,Close Console,Click,Button,,UIInteraction,
