Time,Process,Component,Operation,Action,Control,ControlText,Category,Context
43193.674946956,,UI Framework,Initialize Maxwell Manager Process Name,,,Initialize Maxwell Manager Process Name,,
43193.675003044,,UI Framework,Start Console,,,Maxwell Manager,UIAutomatic,MachineName=HPV01-001;UserName=Engineer;UserDomainName=HPV01-001;OS=Microsoft Windows NT 6.1.7601 Service Pack 1;TimeZone=00:00:00;IPAddress_1=192.168.78.73;IPAddress_2=::1;MWVersion=9.0.100732.3100
43193.6750459838,,Console/Job Manager,New Job,Click,Button,New,UIInteraction,
43193.6750652894,,Console/Job Manager,Input Job Name,Input,TextBox,10MSA0091,UIInteraction,
