Time,Process,Component,Operation,Action,Control,ControlText,Category,Context
43194.1999443287,,Console/Job Manager,Start Job,Click,Button,Start,UIInteraction,JobName=TnD_MAST-CMR;WellName=PerformTnD;ClientName=BGCAT;StartDate=4/4/2018 4:47 AM;Workflow=Wireline;Simulator=True;UnitSystem=English;RTBackupDir=C:\Autobackup;JobSize=0;State=Available;SideTrackId=0;SessionID=0CD77616-B3B8-4ADA-B782-93BD1334BD11;SortOrder=1;JobGUID=7E16B0F6-C685-48F1-8A23-210C0288B52D;WellGUID=62BBA8C9-0720-46C5-9A7B-E51D7E82F2C8;BoreholeGUID=6644A716-7795-45BC-879F-197538364A3B;MachineName=HPV11-016;UserName=Engineer;UserDomainName=HPV11-016;OS=Microsoft Windows NT 6.1.7601 Service Pack 1;StartedJobCount=0;TimeZone=00:00:00;IPAddress_1=192.168.178.22;IPAddress_2=::1;MWVersion=9.0.100745.3100
43194.2000259375,,Console/Job Manager,Start Setup Console,Click,Button,Start...,UIInteraction,JobGuid=7E16B0F6-C685-48F1-8A23-210C0288B52D
43194.2001486343,Setup,Calibration,Select Calibration Report Type,Click,ComboBox,Technical Concise,UIInteraction,
43194.2001558796,Setup,UI Framework,Start Console,,,Setup - Job TnD_MAST-CMR,UIAutomatic,
43194.2001850347,Setup,Equipment,New ToolString,Click,ToolbarButton,New ToolString,UIInteraction,ToolstringName=New ToolString;ToolstringGuid=9C976815-A21E-44F1-9E90-90FD523387EC
43194.2002300926,Setup,Equipment,Rename ToolString,Input,TextBox,PerformTnD_MAST-CMR-EDTC,UIInteraction,ToolstringGuid=9C976815-A21E-44F1-9E90-90FD523387EC
43194.2002402315,Setup,Equipment,Filter Equipment in Catalog,Input,TextBox,,UIInteraction,Text=MAST-B
43194.2002404861,Setup,Equipment,Filter Equipment in Catalog,Input,TextBox,,UIInteraction,Text=MAST-B
43194.2002450694,Setup,Equipment,Add Equipment from Catalog to ToolString,Click,ToolbarButton,Add to ToolString,UIInteraction,EquipmentName=MAST-B
43194.2002600694,Setup,Equipment,Filter Equipment in Catalog,Input,TextBox,,UIInteraction,Text=CMRT-B
43194.200260162,Setup,Equipment,Filter Equipment in Catalog,Input,TextBox,,UIInteraction,Text=CMRT-B
43194.2002642245,Setup,Equipment,Add Equipment from Catalog to ToolString,Click,ToolbarButton,Add to ToolString,UIInteraction,EquipmentName=CMRT-B
43194.2002696991,Setup,Equipment,Filter Equipment in Catalog,Input,TextBox,,UIInteraction,Text=EDTC-B
43194.2002698611,Setup,Equipment,Filter Equipment in Catalog,Input,TextBox,,UIInteraction,Text=EDTC-B
43194.2002741782,Setup,Equipment,Add Equipment from Catalog to ToolString,Click,ToolbarButton,Add to ToolString,UIInteraction,EquipmentName=EDTC-B
43194.2002775579,Setup,Equipment,Filter Equipment in Catalog,Input,TextBox,,UIInteraction,Text=LEH-QT
43194.200277662,Setup,Equipment,Filter Equipment in Catalog,Input,TextBox,,UIInteraction,Text=LEH-QT
43194.2002824769,Setup,Equipment,Add Equipment from Catalog to ToolString,Click,ToolbarButton,Add to ToolString,UIInteraction,EquipmentName=LEH-QT
43194.2004894329,Setup,Properties & Parameters,Change Property Value,Update,GridCell,500,UIInteraction,OSDD=EP_SERIAL_NUMBER;EnsemblePath=MAST-B:MAMS-B:MAMS-BA
43194.2006227315,Setup,Properties & Parameters,Change Property Value,Update,GridCell,200,UIInteraction,OSDD=EP_SERIAL_NUMBER;EnsemblePath=CMRT-B:CMRC:CMRC
43194.2006409722,Setup,Properties & Parameters,Change Property Value,Update,GridCell,200,UIInteraction,OSDD=EP_SERIAL_NUMBER;EnsemblePath=CMRT-B:CMRC:CMRH
43194.2007915162,Setup,Properties & Parameters,Change Property Value,Update,GridCell,200,UIInteraction,OSDD=EP_SERIAL_NUMBER;EnsemblePath=CMRT-B:CMRS:CMRS
43194.2008267824,Setup,Equipment,Activate ToolString for Shop Calibration,Click,ContextMenu,Activate for Checks and Calibration,UIInteraction,TooStringGuid=9C976815-A21E-44F1-9E90-90FD523387EC
43194.2010634259,Simulation,UI Framework,Start Console,,,Simulation Console - Job TnD_MAST-CMR,UIAutomatic,
43194.2010844792,ShopCalibration,Calibration,Select Calibration Report Type,Click,ComboBox,Technical Concise,UIInteraction,
43194.2011924653,ShopCalibration,Calibration,Select Calibration in Calibration Report,Click,ComboBox,HTEN Before Calibration,UIInteraction,
43194.2011924769,ShopCalibration,Calibration,Select Tool in Calibration Report,Click,ComboBox,LEH-QT,UIInteraction,ToolName=LEH-QT
43194.2011932755,ShopCalibration,UI Framework,Start Console,,,Shop Calibration Console - Job TnD_MAST-CMR,UIAutomatic,
43194.2012440278,ShopCalibration,UI Framework,Switch Tab,Click,Tab,MD,UIInteraction,
43194.202389213,ShopCalibration,MAST-B,Telemetry Uplink Throughput Setup,RightClick,TreeView,MAST-B: Telemetry Uplink Throughput Setup,UIInteraction,TaskName=MAST-B: Telemetry Uplink Throughput Setup
43194.2024030671,ShopCalibration,MAST-B,Telemetry Uplink Throughput Setup,Click,ContextMenu,Perform,UIInteraction,TaskName=MAST-B: Telemetry Uplink Throughput Setup
43194.202441169,ShopCalibration,Calibration,Perform Calibration Task,Click,Button,OK,UIInteraction,TaskName=MAST-B: Telemetry Uplink Throughput Setup
43194.2036543171,ShopCalibration,Data Acquiring - WL,Connect Hardware,Click,ToolbarButton,Connect to Hardware,UIInteraction,
43194.2037923032,ShopCalibration,Data Acquiring - WL,Start Dataflow,Click,ToolbarButton,Start Data Flow,UIInteraction,
43194.2039203704,ShopCalibration,Data Acquiring - WL,Enable Tool Power,Click,ToolbarButton,Enable Tool Power,UIInteraction,
43194.2039289468,ShopCalibration,CMRT-B,Read MCAL Data,,,,UIAutomatic,TaskName=CMRT-B: Read MCAL Data
43194.2039291204,ShopCalibration,UI Framework,Switch Tab,Click,Tab,Calibrations,UIInteraction,
43194.2039340046,ShopCalibration,EDTC-B,Read Memory Data,,,,UIAutomatic,TaskName=EDTC-B: Read Memory Data
43194.2039353588,ShopCalibration,MAST-B,Acquisition Initialization,,,,UIAutomatic,TaskName=MAST-B: Acquisition Initialization
43194.2039428935,ShopCalibration,MAST-B,WFQC Monitor,,,,UIAutomatic,TaskName=MAST-B: WFQC Monitor
43194.2039772454,ShopCalibration,Calibration,Choose Available Calibration,Click,ComboBox,04:53:41.922 04-Apr-2018,UIInteraction,
43194.2039760185,ShopCalibration,Calibration,Choose Available Calibration,Click,ComboBox,04:53:41.922 04-Apr-2018,UIInteraction,
43194.2053697685,ShopCalibration,Calibration,Choose Available Calibration,Click,ComboBox,01:02:00.000 04-Mar-2006,UIInteraction,
43194.2053729514,ShopCalibration,Calibration,Choose Available Calibration,Click,ComboBox,01:02:00.000 04-Mar-2006,UIInteraction,
43194.2061743056,ShopCalibration,Tool Control,Perform Tool Control Task,RightClick,TreeView,No.0: Tool Information Generation,UIInteraction,TaskName=No.0: Tool Information Generation
43194.2061821875,ShopCalibration,Tool Control,Perform Tool Control Task,Click,ContextMenu,Perform,UIInteraction,TaskName=No.0: Tool Information Generation
43194.206191875,ShopCalibration,MAST-B,MAST Check Task Monitor,,,,UIAutomatic,TaskName=MAST-B: MAST Check Task Monitor
43194.2064163542,ShopCalibration,Tool Control,Perform Tool Control Task,RightClick,TreeView,No.0: Tool Information Generation,UIInteraction,TaskName=No.0: Tool Information Generation
43194.2065973495,ShopCalibration,Tool Control,Perform Tool Control Task,RightClick,TreeView,No.0: Tool Information Generation,UIInteraction,TaskName=No.0: Tool Information Generation
43194.2066051968,ShopCalibration,Tool Control,Perform Tool Control Task,Click,ContextMenu,Perform,UIInteraction,TaskName=No.0: Tool Information Generation
43194.2066397222,ShopCalibration,MAST-B,MAST Check Task Monitor,,,,UIAutomatic,TaskName=MAST-B: MAST Check Task Monitor
43194.2067230324,ShopCalibration,Data Acquiring - WL,Unlock 3 Buttons,Click,ToolbarButton,Unlock,UIInteraction,
43194.2067284259,ShopCalibration,Data Acquiring - WL,Disable Tool Power,Click,ToolbarButton,Disable Tool Power,UIInteraction,
43194.2068036227,ShopCalibration,Data Acquiring - WL,Stop Dataflow,Click,ToolbarButton,Stop Data Flow,UIInteraction,
43194.2069264236,ShopCalibration,Data Acquiring - WL,Disconnect Hardware,Click,ToolbarButton,Disconnect From Hardware,UIInteraction,
43194.2070303241,ShopCalibration,UI Framework,Close Console,Click,Button,,UIInteraction,JobGuid=7E16B0F6-C685-48F1-8A23-210C0288B52D
43194.2073110185,ShopCalibration,UI Framework,Close Console,Click,Button,,UIInteraction,JobGuid=7E16B0F6-C685-48F1-8A23-210C0288B52D
43194.2075122222,Setup,Run Manager (Internal),Associate toolstring to run,Update,GridCell,PerformTnD_MAST-CMR-EDTC,UIInteraction,RunGuid=790BB43B-F540-4D07-B7E4-8F5C27B284FF;ToolstringGuid=9C976815-A21E-44F1-9E90-90FD523387EC;DownholeEquipments=MAST-BCMRT-BEDTC-BLEH-QTEME-F;TSLevelActiveSurfaceEquips=DEPTH_DEVICETENSION_DEVICELOGGING_CABLEWAFEWITM
43194.2076472338,Setup,Run Manager (Internal),Enter run name,Input,TextBox,1,UIInteraction,RunGuid=790BB43B-F540-4D07-B7E4-8F5C27B284FF
43194.2076647917,Setup,Equipment,Close Toolstring Validation UI,Click,Button,Close,UIInteraction,ToolstringGuid=9C976815-A21E-44F1-9E90-90FD523387EC
43194.207685162,Setup,Run Manager (Internal),Start Run,Click,Button,Start,UIInteraction,RunGuid=790BB43B-F540-4D07-B7E4-8F5C27B284FF;ToolstringGuid=9C976815-A21E-44F1-9E90-90FD523387EC;DownholeEquipments=MAST-B:CMRT-B:EDTC-B:LEH-QT;TSLevelActiveSurfaceEquips=DEPTH_DEVICE:TENSION_DEVICE:LOGGING_CABLE:WAFE
43194.2077969329,Setup,Equipment,Activate Run,Click,Button,Activate,UIInteraction,ToolstringGuid=9C976815-A21E-44F1-9E90-90FD523387EC;DownholeEquipments=MAST-B:CMRT-B:EDTC-B:LEH-QT;TSLevelActiveSurfaceEquips=DEPTH_DEVICE:TENSION_DEVICE:LOGGING_CABLE:WAFE
43194.2079327199,Simulation,UI Framework,Start Console,,,Simulation Console - Job TnD_MAST-CMR,UIAutomatic,
43194.2079865046,WLAcquisition,Calibration,Select Calibration Report Type,Click,ComboBox,Technical Concise,UIInteraction,
43194.2080265972,WLAcquisition,UI Framework,Start Console,,,Acquisition Console - Job TnD_MAST-CMR - Run 1,UIAutomatic,
43194.2080458681,WLAcquisition,Calibration,Select Calibration in Calibration Report,Click,ComboBox,HTEN Before Calibration,UIInteraction,
43194.2080458912,WLAcquisition,Calibration,Select Tool in Calibration Report,Click,ComboBox,LEH-QT,UIInteraction,ToolName=LEH-QT
43194.2083123148,WLAcquisition,Data Acquiring - WL,Connect Hardware,Click,ToolbarButton,Connect to Hardware,UIInteraction,
43194.2084910069,WLAcquisition,Data Acquiring - WL,Start Dataflow,Click,ToolbarButton,Start Data Flow,UIInteraction,
43194.2085839815,WLAcquisition,Data Acquiring - WL,Enable Tool Power,Click,ToolbarButton,Enable Tool Power,UIInteraction,
43194.2085921065,WLAcquisition,CMRT-B,Read MCAL Data,,,,UIAutomatic,TaskName=CMRT-B: Read MCAL Data
43194.2085932639,WLAcquisition,UI Framework,Switch Tab,Click,Tab,Calibrations,UIInteraction,
43194.2086043171,WLAcquisition,EDTC-B,Read Memory Data,,,,UIAutomatic,TaskName=EDTC-B: Read Memory Data
43194.2085988889,WLAcquisition,MAST-B,Acquisition Initialization,,,,UIAutomatic,TaskName=MAST-B: Acquisition Initialization
43194.2086065856,WLAcquisition,MAST-B,WFQC Monitor,,,,UIAutomatic,TaskName=MAST-B: WFQC Monitor
43194.2087022917,WLAcquisition,Calibration,Choose Available Calibration,Click,ComboBox,04:53:41.923 04-Apr-2018,UIInteraction,
43194.2087058796,WLAcquisition,Calibration,Choose Available Calibration,Click,ComboBox,05:00:30.635 04-Apr-2018,UIInteraction,
43194.2095073032,WLAcquisition,Calibration,Choose Available Calibration,Click,ComboBox,01:02:00.000 04-Mar-2006,UIInteraction,
43194.2095126968,WLAcquisition,Calibration,Choose Available Calibration,Click,ComboBox,01:02:00.000 04-Mar-2006,UIInteraction,
43194.2105554977,WLAcquisition,Tool Control,Perform Tool Control Task,RightClick,TreeView,Boot DHC To Test Diagnostic,UIInteraction,TaskName=Boot DHC To Test Diagnostic
43194.2105697801,WLAcquisition,Tool Control,Perform Tool Control Task,Click,ContextMenu,Perform,UIInteraction,TaskName=Boot DHC To Test Diagnostic
43194.2108827199,WLAcquisition,Tool Control,Perform Tool Control Task,RightClick,TreeView,Boot DHC To Test Diagnostic,UIInteraction,TaskName=Boot DHC To Test Diagnostic
43194.211187963,WLAcquisition,Tool Control,Perform Tool Control Task,RightClick,TreeView,Boot DHC To Test Diagnostic,UIInteraction,TaskName=Boot DHC To Test Diagnostic
43194.2113082755,WLAcquisition,Data Acquiring - WL,Unlock 3 Buttons,Click,ToolbarButton,Unlock,UIInteraction,
43194.2113106944,WLAcquisition,Data Acquiring - WL,Disable Tool Power,Click,ToolbarButton,Disable Tool Power,UIInteraction,
43194.2114627315,WLAcquisition,Data Acquiring - WL,Stop Dataflow,Click,ToolbarButton,Stop Data Flow,UIInteraction,
43194.2115741667,WLAcquisition,Data Acquiring - WL,Disconnect Hardware,Click,ToolbarButton,Disconnect From Hardware,UIInteraction,
43194.2117487037,WLAcquisition,UI Framework,Close Console,Click,Button,,UIInteraction,JobGuid=7E16B0F6-C685-48F1-8A23-210C0288B52D
43194.2117953704,Setup,Run Manager (Internal),Stop Run,Click,Button,Stop,UIInteraction,RunGuid=790BB43B-F540-4D07-B7E4-8F5C27B284FF
43194.2118389583,Setup,Run Manager (Internal),Confirm to Stop Run,Click,Button,OK,UIInteraction,RunGuid=790BB43B-F540-4D07-B7E4-8F5C27B284FF
43194.2118853935,Simulation,UI Framework,Close Console,Click,Button,,UIInteraction,JobGuid=7E16B0F6-C685-48F1-8A23-210C0288B52D
43194.2120085995,,Console/Job Manager,Stop Setup Console,Click,Button,Stop,UIInteraction,JobGuid=7E16B0F6-C685-48F1-8A23-210C0288B52D
43194.2120923032,,Console/Job Manager,Stop Job,Click,Button,Stop,UIInteraction,JobGuid=7E16B0F6-C685-48F1-8A23-210C0288B52D
