Time,Process,Component,Operation,Action,Control,ControlText,Category,Context
43193.9505005556,,Console/Job Manager,Start Job,Click,Button,Start,UIInteraction,JobName=10MSA0091;WellName=maderil;ClientName=PEMEX;StartDate=4/3/2018 10:48 PM;Workflow=D&M;Simulator=False;UnitSystem=PEMEX10MSA009108APR15;JobSize=0;State=Available;SideTrackId=0;SessionID=4A6A4D67-84D8-4F32-8114-9EC363861BE0;SortOrder=1;JobGUID=3D41CF0C-CB22-4191-BCD1-A7F7EFA72D9C;WellGUID=081DA505-CBFC-4E7D-8653-86AC4E3D18B9;BoreholeGUID=36CC79E6-D952-4F1C-B6D4-E4738A9A15EC;MachineName=HPV21-004;UserName=Engineer;UserDomainName=HPV21-004;OS=Microsoft Windows NT 6.1.7601 Service Pack 1;StartedJobCount=0;TimeZone=00:00:00;IPAddress_1=192.168.178.12;IPAddress_2=::1;MWVersion=9.0.100742.3100
43193.9508179051,,Console/Job Manager,Stop Job,Click,Button,Stop,UIInteraction,JobGuid=3D41CF0C-CB22-4191-BCD1-A7F7EFA72D9C
43193.9510180093,,Console/Job Manager,Start Job,Click,Button,Start,UIInteraction,JobName=10MSA0091;WellName=maderil;ClientName=PEMEX;StartDate=4/3/2018 10:48 PM;Workflow=D&M;Simulator=False;UnitSystem=PEMEX10MSA009108APR15;RTBackupDir=C:\AutoBackup;JobSize=0;State=Available;SideTrackId=0;SessionID=4A6A4D67-84D8-4F32-8114-9EC363861BE0;SortOrder=1;JobGUID=3D41CF0C-CB22-4191-BCD1-A7F7EFA72D9C;WellGUID=081DA505-CBFC-4E7D-8653-86AC4E3D18B9;BoreholeGUID=36CC79E6-D952-4F1C-B6D4-E4738A9A15EC;MachineName=HPV21-004;UserName=Engineer;UserDomainName=HPV21-004;OS=Microsoft Windows NT 6.1.7601 Service Pack 1;StartedJobCount=0;TimeZone=00:00:00;IPAddress_1=192.168.178.12;IPAddress_2=::1;MWVersion=9.0.100742.3100
43193.9517889931,,Console/Job Manager,Start Setup Console,Click,Button,Start...,UIInteraction,JobGuid=3D41CF0C-CB22-4191-BCD1-A7F7EFA72D9C
43193.9518881134,Setup,UI Framework,Start Console,,,Setup - Job 10MSA0091,UIAutomatic,
43193.9519100694,,Console/Job Manager,Start Deliverables Console,Click,Button,Start...,UIInteraction,JobGuid=3D41CF0C-CB22-4191-BCD1-A7F7EFA72D9C
43193.9519670602,DeliverablesSetup,Tier Manager,Tier Template Created for Tools in My Equipment,,,ADN4 Tier Created,Deliverables Console,
43193.9519669444,DeliverablesSetup,Tier Manager,Tier Template Created for Tools in My Equipment,,,SHORT475 Tier Created,Deliverables Console,
43193.9519671528,DeliverablesSetup,Tier Manager,Tier Template Created for Tools in My Equipment,,,SONICSCOPE4 Tier Created,Deliverables Console,
43193.9519673264,DeliverablesSetup,Tier Manager,Tier Template Created for Tools in My Equipment,,,ARC5 Tier Created,Deliverables Console,
43193.951973912,DeliverablesSetup,UI Framework,Start Console,,,Deliverables Console Setup - Job 10MSA0091,UIAutomatic,
43193.9521365741,Setup,UI Framework,Switch Tab,Click,Tab,DnI Initializations Run - 1,UIInteraction,
43193.9522027546,Setup,Run Manager (Internal),Start Run,Click,Button,Start,UIInteraction,RunGuid=26158378-0AE9-4659-B298-AE95F83F8063;ToolstringGuid=E935C08F-3EB2-41C2-8C71-2BA54FCB9935;DownholeEquipments=Generic PDC Bit:Stab: 3 1/8":Flt Sub: 4 3/4":ARC5:SHORT475:SONICSCOPE4:ADN4;TSLevelActiveSurfaceEquips=DRILLING_SURFACE
43193.9523128356,Setup,Equipment,Activate Run,Click,Button,Activate,UIInteraction,ToolstringGuid=E935C08F-3EB2-41C2-8C71-2BA54FCB9935;DownholeEquipments=Generic PDC Bit:Stab: 3 1/8":Flt Sub: 4 3/4":ARC5:SHORT475:SONICSCOPE4:ADN4;TSLevelActiveSurfaceEquips=DRILLING_SURFACE
43193.9525177431,DnMAcquisition,Data Acquiring - D&M,HSPM Control/Set Location,Click,ComboBox,LOCAL,UIInteraction,
43193.9525177546,DnMAcquisition,Data Acquiring - D&M,HSPM Control/Set Recover Buffer,Click,ComboBox,No,UIInteraction,
43193.9525317477,DnMAcquisition,UI Framework,Start Console,,,Acquisition Console - Job 10MSA0091 - Run 1,UIAutomatic,
43193.953396331,DnMAcquisition,Manage Tasks,HSPM Control,DoubleClick,TreeView,HSPM Control,UIInteraction,TaskName=HSPM Control
43193.9534195833,DnMAcquisition,Data Acquiring - D&M,HSPM Control/Set Recover Buffer,Click,ComboBox,Yes,UIInteraction,
43193.9534397106,DnMAcquisition,Data Acquiring - D&M,HSPM Control/Connect HSPM,Click,Button,Connect,UIInteraction,
43193.9540964352,DnMAcquisition,UI Framework,Switch Tab,Click,Tab,Data Gauges,UIInteraction,
43193.9541132176,DnMAcquisition,Data Gauge / Alerts,Launch Alarm Manager,Click,ToolbarButton,Launch Alarms Manager...,UIInteraction,
43193.9541142593,DnMAcquisition,UI Framework,Switch Tab,Click,Tab,Alarms,UIInteraction,
43193.9541628356,DnMAcquisition,Data Gauge / Alerts,View Alarms,Click,Tab,Application,UIInteraction,
43193.9614939236,DnMAcquisition,UI Framework,Switch Tab,Click,Tab,Picture,UIInteraction,
43193.9620953009,DnMAcquisition,UI Framework,Switch Tab,Click,Tab,Data Gauges,UIInteraction,
43193.9621682407,DnMAcquisition,UI Framework,Switch Tab,Click,Tab,Time,UIInteraction,
43193.9622589699,DnMAcquisition,Data Explorer,Change Focused Item to Current Run,Click,ToolbarButton,Current Run,UIInteraction,
43193.9622589931,DnMAcquisition,Data Explorer,Change Current Focused Item,,,,UIAutomatic,EntityName=Run 1;EntityType=16;EntityGuid=26158378-0AE9-4659-B298-AE95F83F8063
43193.9622976389,DnMAcquisition,Data Explorer,Change Current Focused Item,,,,UIAutomatic,EntityName=TimeLogicalAcq;EntityType=32;EntityGuid=71968C28-315D-4B5B-A69B-95D1FEEB5AF7
43193.9623268866,DnMAcquisition,Data Explorer,Click OK Button,Click,Button,OK,UIInteraction,Selection=BLKP_BPOS_Height of block above rig floor_DRILLING_SURFACE_1___
43193.9623445602,DnMAcquisition,UI Framework,Switch Tab,Click,Tab,Data Gauges,UIInteraction,
43193.9624264699,DnMAcquisition,Data Gauge / Alerts,Add Data Gauge,Click,ToolbarButton,Add Data Gauges...,UIInteraction,
43193.9625522801,DnMAcquisition,Data Explorer,Change Focused Item to Up-Level,Click,ToolbarButton,Level Up,UIInteraction,
43193.9625522917,DnMAcquisition,Data Explorer,Change Current Focused Item,,,,UIAutomatic,EntityName=Run 1;EntityType=16;EntityGuid=26158378-0AE9-4659-B298-AE95F83F8063
43193.962631794,DnMAcquisition,Data Explorer,Change Focused Item to Up-Level,Click,ToolbarButton,Level Up,UIInteraction,
43193.9626318056,DnMAcquisition,Data Explorer,Change Current Focused Item,,,,UIAutomatic,EntityName=maderil;EntityType=8;EntityGuid=36CC79E6-D952-4F1C-B6D4-E4738A9A15EC
43193.9627173611,DnMAcquisition,Data Explorer,Change Focused Item to Up-Level,Click,ToolbarButton,Level Up,UIInteraction,
43193.9627173727,DnMAcquisition,Data Explorer,Change Current Focused Item,,,,UIAutomatic,EntityName=maderil;EntityType=4;EntityGuid=081DA505-CBFC-4E7D-8653-86AC4E3D18B9
43193.9627948611,DnMAcquisition,Data Explorer,Change Focused Item to Up-Level,Click,ToolbarButton,Level Up,UIInteraction,
43193.9627948727,DnMAcquisition,Data Explorer,Change Current Focused Item,,,,UIAutomatic,EntityName=10MSA0091;EntityType=2;EntityGuid=3D41CF0C-CB22-4191-BCD1-A7F7EFA72D9C
43193.96289875,DnMAcquisition,Data Explorer,Change Current Focused Item,,,,UIAutomatic,EntityName=maderil;EntityType=4;EntityGuid=081DA505-CBFC-4E7D-8653-86AC4E3D18B9
43193.9629545833,DnMAcquisition,Data Explorer,Change Current Focused Item,,,,UIAutomatic,EntityName=maderil;EntityType=8;EntityGuid=36CC79E6-D952-4F1C-B6D4-E4738A9A15EC
43193.963010787,DnMAcquisition,Data Explorer,Change Current Focused Item,,,,UIAutomatic,EntityName=Run 1;EntityType=16;EntityGuid=26158378-0AE9-4659-B298-AE95F83F8063
43193.9630671412,DnMAcquisition,Data Explorer,Change Current Focused Item,,,,UIAutomatic,EntityName=TimeLogicalAcq;EntityType=32;EntityGuid=71968C28-315D-4B5B-A69B-95D1FEEB5AF7
43193.9631357176,DnMAcquisition,Data Explorer,Click OK Button,Click,Button,OK,UIInteraction,Selection=ED_ED_East Departure_DnMWorkflow_1___
43193.9631358102,DnMAcquisition,Data Gauge / Alerts,Select Channel in Channel Selection Dialog,Click,Button,OK,UIInteraction,Channel OSDD=ED
43193.9633022917,DnMAcquisition,UI Framework,Switch Tab,Click,Tab,Time,UIInteraction,
43193.9633698958,DnMAcquisition,UI Framework,Switch Tab,Click,Tab,Data Gauges,UIInteraction,
43193.9635193403,DnMAcquisition,UI Framework,Switch Tab,Click,Tab,Time,UIInteraction,
43193.9635664236,DnMAcquisition,UI Framework,Switch Tab,Click,Tab,Alarms,UIInteraction,
43193.9636140046,DnMAcquisition,UI Framework,Switch Tab,Click,Tab,Time,UIInteraction,
43193.9636146644,DnMAcquisition,UI Framework,Switch Tab,Click,Tab,Data Gauges,UIInteraction,
43193.9636743981,DnMAcquisition,UI Framework,Switch Tab,Click,Tab,Alarms,UIInteraction,
43193.963740162,DnMAcquisition,UI Framework,Switch Tab,Click,Tab,Data Gauges,UIInteraction,
43193.9637561458,DnMAcquisition,UI Framework,Switch Tab,Click,Tab,Alarms,UIInteraction,
43193.9637560995,DnMAcquisition,Data Gauge / Alerts,Launch Alarm Manager,Click,ToolbarButton,Launch Alarms Manager...,UIInteraction,
43193.963779919,DnMAcquisition,Data Gauge / Alerts,View Alarms,Click,Tab,User,UIInteraction,
43193.9639943056,DnMAcquisition,Data Gauge / Alerts,Enable/Disable Alarm,Click,CheckBox,BLKP,UIInteraction,CheckState=True
43193.9639984954,DnMAcquisition,Data Gauge / Alerts,Enable/Disable Beep,Click,CheckBox,BLKP,UIInteraction,CheckState=True
43193.9640019792,DnMAcquisition,Data Gauge / Alerts,Enable/Disable Display Gauge,Click,CheckBox,BLKP,UIInteraction,CheckState=True
43193.9640202315,DnMAcquisition,UI Framework,Switch Tab,Click,Tab,Data Gauges,UIInteraction,
43193.9641355556,DnMAcquisition,UI Framework,Switch Tab,Click,Tab,Time,UIInteraction,
43193.964204294,DnMAcquisition,UI Framework,Switch Tab,Click,Tab,Data Gauges,UIInteraction,
43193.9643482407,DnMAcquisition,UI Framework,Switch Tab,Click,Tab,Time,UIInteraction,
43193.9644141435,DnMAcquisition,UI Framework,Switch Tab,Click,Tab,Data Gauges,UIInteraction,
43193.9645692014,DnMAcquisition,UI Framework,Switch Tab,Click,Tab,Time,UIInteraction,
43193.9646172107,DnMAcquisition,Data Gauge / Alerts,Set Data Gauge Columns,Click,ComboBox,Set Number of Columns,UIInteraction,
43193.964636169,DnMAcquisition,UI Framework,Switch Tab,Click,Tab,Data Gauges,UIInteraction,
43193.9647832407,DnMAcquisition,UI Framework,Switch Tab,Click,Tab,Time,UIInteraction,
43193.9648370139,DnMAcquisition,Data Gauge / Alerts,Move Right Data Gauge,Click,ToolbarButton,Move Right,UIInteraction,Channel OSDD= BLKP
43193.9648641319,DnMAcquisition,UI Framework,Switch Tab,Click,Tab,Data Gauges,UIInteraction,
43193.9650147107,DnMAcquisition,UI Framework,Switch Tab,Click,Tab,Time,UIInteraction,
43193.965091169,DnMAcquisition,UI Framework,Switch Tab,Click,Tab,Data Gauges,UIInteraction,
43193.9651874884,DnMAcquisition,Data Gauge / Alerts,Save Data Gauge Layout,Click,ToolbarButton,Save Data Gauge Layout As...,UIInteraction,
43193.9651994097,DnMAcquisition,Data Gauge / Alerts,Save Data Gauge Layout,Click,Button,OK,UIInteraction,FileName=C:\TestComplete\RT_DataGuage.XML
43193.9653137963,DnMAcquisition,UI Framework,Switch Tab,Click,Tab,Time,UIInteraction,
43193.9653811458,DnMAcquisition,UI Framework,Switch Tab,Click,Tab,Data Gauges,UIInteraction,
43193.9655065741,DnMAcquisition,UI Framework,Switch Tab,Click,Tab,Alarms,UIInteraction,
43193.965524537,DnMAcquisition,Data Gauge / Alerts,View Alarms,Click,Tab,Application,UIInteraction,
43193.965573831,DnMAcquisition,UI Framework,Switch Tab,Click,Tab,Data Gauges,UIInteraction,
43193.9655979398,DnMAcquisition,Data Gauge / Alerts,Launch Alarm Manager,Click,ToolbarButton,Launch Alarms Manager...,UIInteraction,
43193.9655979861,DnMAcquisition,UI Framework,Switch Tab,Click,Tab,Alarms,UIInteraction,
43193.9656137153,DnMAcquisition,Data Gauge / Alerts,View Alarms,Click,Tab,User,UIInteraction,
43193.9656972222,DnMAcquisition,UI Framework,Switch Tab,Click,Tab,Data Gauges,UIInteraction,
43193.9658107986,DnMAcquisition,UI Framework,Switch Tab,Click,Tab,Time,UIInteraction,
43193.9658627894,DnMAcquisition,Data Gauge / Alerts,Highlight Data Gauge,Click,ToolbarButton,Highlight,UIInteraction,Channel OSDD= BLKP
43193.9658819907,DnMAcquisition,UI Framework,Switch Tab,Click,Tab,Data Gauges,UIInteraction,
43193.9660290856,DnMAcquisition,UI Framework,Switch Tab,Click,Tab,Time,UIInteraction,
43193.9660862269,DnMAcquisition,Data Gauge / Alerts,Highlight Data Gauge,Click,ToolbarButton,Stop Highlight,UIInteraction,Channel OSDD= BLKP
43193.9661041551,DnMAcquisition,UI Framework,Switch Tab,Click,Tab,Data Gauges,UIInteraction,
43193.9662541319,DnMAcquisition,UI Framework,Switch Tab,Click,Tab,Time,UIInteraction,
43193.9663014468,DnMAcquisition,Data Gauge / Alerts,Change Data Gauge Unit,Click,ComboBox,Metric,UIInteraction,
43193.9663214005,DnMAcquisition,UI Framework,Switch Tab,Click,Tab,Data Gauges,UIInteraction,
43193.9663806019,DnMAcquisition,UI Framework,Switch Tab,Click,Tab,Tasks,UIInteraction,
43193.9664728935,DnMAcquisition,Data Tasks,Parameters,DoubleClick,TreeView,Parameters,UIInteraction,TaskName=Parameters
43193.9666880093,DnMAcquisition,Properties & Parameters,Change Parameter Value,Update,GridCell,1.2,UIInteraction,OSDD=FLEV;EnsemblePath=Borehole
43193.966720463,,Console/Job Manager,Start Rig Floor Console,Click,Button,Start...,UIInteraction,JobGuid=3D41CF0C-CB22-4191-BCD1-A7F7EFA72D9C
43193.9667483565,RigFloor,UI Framework,Start Console,,,Rig Floor Console - Job 10MSA0091,UIAutomatic,
43193.9667701505,,Console/Job Manager,Start Witness Console Console,Click,Button,Start...,UIInteraction,JobGuid=3D41CF0C-CB22-4191-BCD1-A7F7EFA72D9C
43193.9667827199,Witness,UI Framework,Start Console,,,Witness Console - Job 10MSA0091,UIAutomatic,
43193.9668847338,WitnessDisplay,UI Framework,Start Console,,,Witness Display Console - Drilling View - Job 10MSA0091,UIAutomatic,
43193.9675367014,,Console/Job Manager,Stop Rig Floor Console,Click,Button,Stop,UIInteraction,JobGuid=3D41CF0C-CB22-4191-BCD1-A7F7EFA72D9C
43193.968150081,DnMAcquisition,Time/Depth Edit/Shift,Time Depth Editor/Select size in "Time Depth Curve Viewer",Click,ComboBox,100%,UIInteraction,OldSize=100
43193.968149456,DnMAcquisition,Data Tasks,Depth Tracking Manager,DoubleClick,TreeView,Depth Tracking Manager,UIInteraction,TaskName=Depth Tracking Manager
43193.9681514468,DnMAcquisition,Time/Depth Edit/Shift,Time Depth Editor/Select Shift Type,Click,ComboBox,Select Shift Type,UIInteraction,
43193.9682430556,DnMAcquisition,Time/Depth Edit/Shift,Time Depth Editor/Change Start Point,Change Start Point,AxLgLogViewer,40454.1103160971,UIInteraction,
43193.9682729861,DnMAcquisition,Time/Depth Edit/Shift,Time Depth Editor/Select Shift Type,Click,ComboBox,Start Shift,UIInteraction,
43193.9682442593,DnMAcquisition,Time/Depth Edit/Shift,Time Depth Editor/Change Stop Point,Change Stop Point,AxLgLogViewer,40454.1441396075,UIInteraction,
43193.9683041088,DnMAcquisition,Time/Depth Edit/Shift,Time Depth Editor/Confirm Shift,Click,Button,Shift,UIInteraction,
43193.9683050231,DnMAcquisition,Time/Depth Edit/Shift,DepthShift/Shift,Click,Button,ApplyShift,UIInteraction,AddTimeDepthModification() Shift Value=0.016960921735819
43193.9683050347,DnMAcquisition,Time/Depth Edit/Shift,DepthShift/Shift,Click,Button,ApplyShift,UIInteraction,AddTimeDepthModification() Shift Value=0.180537740807061
43193.9683050463,DnMAcquisition,Time/Depth Edit/Shift,DepthShift/Shift,Click,Button,ApplyShift,UIInteraction,AddTimeDepthModification() Shift Value=0.0179833577789289
43193.9683050579,DnMAcquisition,Time/Depth Edit/Shift,DepthShift/Shift,Click,Button,ApplyShift,UIInteraction,AddTimeDepthModification() Shift Value=0.162554383028132
43193.9683050694,DnMAcquisition,Time/Depth Edit/Shift,DepthShift/Shift,Click,Button,ApplyShift,UIInteraction,AddTimeDepthModification() Shift Value=0.0182107935066261
43193.9683050926,DnMAcquisition,Time/Depth Edit/Shift,DepthShift/Shift,Click,Button,ApplyShift,UIInteraction,AddTimeDepthModification() Shift Value=0.144343589521506
43193.9683051042,DnMAcquisition,Time/Depth Edit/Shift,DepthShift/Shift,Click,Button,ApplyShift,UIInteraction,AddTimeDepthModification() Shift Value=0.0174162481662869
43193.9683051157,DnMAcquisition,Time/Depth Edit/Shift,DepthShift/Shift,Click,Button,ApplyShift,UIInteraction,AddTimeDepthModification() Shift Value=0.126927341355219
43193.9683051273,DnMAcquisition,Time/Depth Edit/Shift,DepthShift/Shift,Click,Button,ApplyShift,UIInteraction,AddTimeDepthModification() Shift Value=0.0170740701294514
43193.9683051389,DnMAcquisition,Time/Depth Edit/Shift,DepthShift/Shift,Click,Button,ApplyShift,UIInteraction,AddTimeDepthModification() Shift Value=0.109853271225768
43193.9683051505,DnMAcquisition,Time/Depth Edit/Shift,DepthShift/Shift,Click,Button,ApplyShift,UIInteraction,AddTimeDepthModification() Shift Value=0.0166210201486591
43193.9683049884,DnMAcquisition,Time/Depth Edit/Shift,DepthShift/Shift,Click,Button,ApplyShift,UIInteraction,AddTimeDepthModification() Shift Value=0.19749866254288
43193.9683051736,DnMAcquisition,Time/Depth Edit/Shift,DepthShift/Shift,Click,Button,ApplyShift,UIInteraction,AddTimeDepthModification() Shift Value=0.0932322510771084
43193.9683051852,DnMAcquisition,Time/Depth Edit/Shift,DepthShift/Shift,Click,Button,ApplyShift,UIInteraction,AddTimeDepthModification() Shift Value=0.0186711288133514
43193.9683051968,DnMAcquisition,Time/Depth Edit/Shift,DepthShift/Shift,Click,Button,ApplyShift,UIInteraction,AddTimeDepthModification() Shift Value=0.074561122263757
43193.9683052083,DnMAcquisition,Time/Depth Edit/Shift,DepthShift/Shift,Click,Button,ApplyShift,UIInteraction,AddTimeDepthModification() Shift Value=0.0170761191631498
43193.9683052199,DnMAcquisition,Time/Depth Edit/Shift,DepthShift/Shift,Click,Button,ApplyShift,UIInteraction,AddTimeDepthModification() Shift Value=0.0574850031006072
43193.9683052315,DnMAcquisition,Time/Depth Edit/Shift,DepthShift/Shift,Click,Button,ApplyShift,UIInteraction,AddTimeDepthModification() Shift Value=0.0177556944921354
43193.9683052431,DnMAcquisition,Time/Depth Edit/Shift,DepthShift/Shift,Click,Button,ApplyShift,UIInteraction,AddTimeDepthModification() Shift Value=0.0397293086084717
43193.9683052546,DnMAcquisition,Time/Depth Edit/Shift,DepthShift/Shift,Click,Button,ApplyShift,UIInteraction,AddTimeDepthModification() Shift Value=0.0188960605322767
43193.9683052662,DnMAcquisition,Time/Depth Edit/Shift,DepthShift/Shift,Click,Button,ApplyShift,UIInteraction,AddTimeDepthModification() Shift Value=0.020833248076195
43193.9683052894,DnMAcquisition,Time/Depth Edit/Shift,DepthShift/Shift,Click,Button,ApplyShift,UIInteraction,AddTimeDepthModification() Shift Value=0.020833248076195
43193.9683053009,DnMAcquisition,Time/Depth Edit/Shift,DepthShift/Shift,Click,Button,ApplyShift,UIInteraction,AddTimeDepthModification() Shift Value=0.020833248076195
43193.9683053241,DnMAcquisition,Time/Depth Edit/Shift,DepthShift/Shift,Click,Button,ApplyShift,UIInteraction,AddTimeDepthModification() Shift Value=0.0397293086084717
43193.9683053356,DnMAcquisition,Time/Depth Edit/Shift,DepthShift/Shift,Click,Button,ApplyShift,UIInteraction,AddTimeDepthModification() Shift Value=0.0574850031006072
43193.9683053472,DnMAcquisition,Time/Depth Edit/Shift,DepthShift/Shift,Click,Button,ApplyShift,UIInteraction,AddTimeDepthModification() Shift Value=0.074561122263757
43193.9683053704,DnMAcquisition,Time/Depth Edit/Shift,DepthShift/Shift,Click,Button,ApplyShift,UIInteraction,AddTimeDepthModification() Shift Value=0.0932322510771084
43193.9683053819,DnMAcquisition,Time/Depth Edit/Shift,DepthShift/Shift,Click,Button,ApplyShift,UIInteraction,AddTimeDepthModification() Shift Value=0.109853271225768
43193.9683053935,DnMAcquisition,Time/Depth Edit/Shift,DepthShift/Shift,Click,Button,ApplyShift,UIInteraction,AddTimeDepthModification() Shift Value=0.126927341355219
43193.9683054051,DnMAcquisition,Time/Depth Edit/Shift,DepthShift/Shift,Click,Button,ApplyShift,UIInteraction,AddTimeDepthModification() Shift Value=0.144343589521506
43193.9683054167,DnMAcquisition,Time/Depth Edit/Shift,DepthShift/Shift,Click,Button,ApplyShift,UIInteraction,AddTimeDepthModification() Shift Value=0.162554383028132
43193.9683054282,DnMAcquisition,Time/Depth Edit/Shift,DepthShift/Shift,Click,Button,ApplyShift,UIInteraction,AddTimeDepthModification() Shift Value=0.180537740807061
43193.9683280671,DeliverablesSetup,Computation / Recomputation,ProcessRecomputeState,,,,UIAutomatic,JobGuid=3D41CF0C-CB22-4191-BCD1-A7F7EFA72D9C;State=UIS_RECOMPUTATION_STATE_PENDING;Scope=JobScope;RecompPercentageComplete=;MultipleRunsAffected=False;ActiveRunAffected=True;ActiveRunInProgress=False;RunCount=1;Run0Change0=TimeDepthEdit;Run0Guid=26158378-0AE9-4659-B298-AE95F83F8063
43193.968328125,Setup,Computation / Recomputation,ProcessRecomputeState,,,,UIAutomatic,JobGuid=3D41CF0C-CB22-4191-BCD1-A7F7EFA72D9C;State=UIS_RECOMPUTATION_STATE_PENDING;Scope=JobScope;RecompPercentageComplete=;MultipleRunsAffected=False;ActiveRunAffected=True;ActiveRunInProgress=False;RunCount=1;Run0Change0=TimeDepthEdit;Run0Guid=26158378-0AE9-4659-B298-AE95F83F8063
43193.9683284954,DnMAcquisition,Time/Depth Edit/Shift,Time Depth Editor/Select Shift Type,Click,ComboBox,Select Shift Type,UIInteraction,
43193.9683291088,DnMAcquisition,Computation / Recomputation,ProcessRecomputeState,,,,UIAutomatic,JobGuid=3D41CF0C-CB22-4191-BCD1-A7F7EFA72D9C;State=UIS_RECOMPUTATION_STATE_PENDING;Scope=JobScope;RecompPercentageComplete=;MultipleRunsAffected=False;ActiveRunAffected=True;ActiveRunInProgress=False;RunCount=1;Run0Change0=TimeDepthEdit;Run0Guid=26158378-0AE9-4659-B298-AE95F83F8063
43193.9684673495,DnMAcquisition,Computation / Recomputation,Recompute All Pending Runs,Click,ToolbarButton,Recompute All Pending Runs,UIInteraction,
43193.9684676736,DeliverablesSetup,Computation / Recomputation,ProcessRecomputeState,,,,UIAutomatic,JobGuid=3D41CF0C-CB22-4191-BCD1-A7F7EFA72D9C;State=UIS_RECOMPUTATION_STATE_STARTING;Scope=JobScope;RecompPercentageComplete=;MultipleRunsAffected=False;ActiveRunAffected=True;ActiveRunInProgress=True;RunCount=1;Run0Change0=TimeDepthEdit;Run0Guid=26158378-0AE9-4659-B298-AE95F83F8063
43193.9684673727,DnMAcquisition,Computation / Recomputation,Start Recomputation During Acquisition,Click,ToolbarButton,Recompute All Pending Runs,UIInteraction,FeatureName=Framework.RTOOP
43193.9684676736,Setup,Computation / Recomputation,ProcessRecomputeState,,,,UIAutomatic,JobGuid=3D41CF0C-CB22-4191-BCD1-A7F7EFA72D9C;State=UIS_RECOMPUTATION_STATE_STARTING;Scope=JobScope;RecompPercentageComplete=;MultipleRunsAffected=False;ActiveRunAffected=True;ActiveRunInProgress=True;RunCount=1;Run0Change0=TimeDepthEdit;Run0Guid=26158378-0AE9-4659-B298-AE95F83F8063
43193.9684680208,DnMAcquisition,Computation / Recomputation,ProcessRecomputeState,,,,UIAutomatic,JobGuid=3D41CF0C-CB22-4191-BCD1-A7F7EFA72D9C;State=UIS_RECOMPUTATION_STATE_STARTING;Scope=JobScope;RecompPercentageComplete=;MultipleRunsAffected=False;ActiveRunAffected=True;ActiveRunInProgress=True;RunCount=1;Run0Change0=TimeDepthEdit;Run0Guid=26158378-0AE9-4659-B298-AE95F83F8063
43193.9684687616,DnMAcquisition,Computation / Recomputation,ProcessRecomputeState,,,,UIAutomatic,JobGuid=3D41CF0C-CB22-4191-BCD1-A7F7EFA72D9C;State=UIS_RECOMPUTATION_STATE_IN_PROGRESS;Scope=JobScope;RecompPercentageComplete=;MultipleRunsAffected=False;ActiveRunAffected=True;ActiveRunInProgress=True;RunCount=1;Run0Change0=TimeDepthEdit;Run0Guid=26158378-0AE9-4659-B298-AE95F83F8063
43193.9684687616,DeliverablesSetup,Computation / Recomputation,ProcessRecomputeState,,,,UIAutomatic,JobGuid=3D41CF0C-CB22-4191-BCD1-A7F7EFA72D9C;State=UIS_RECOMPUTATION_STATE_IN_PROGRESS;Scope=JobScope;RecompPercentageComplete=;MultipleRunsAffected=False;ActiveRunAffected=True;ActiveRunInProgress=True;RunCount=1;Run0Change0=TimeDepthEdit;Run0Guid=26158378-0AE9-4659-B298-AE95F83F8063
43193.9684687616,Setup,Computation / Recomputation,ProcessRecomputeState,,,,UIAutomatic,JobGuid=3D41CF0C-CB22-4191-BCD1-A7F7EFA72D9C;State=UIS_RECOMPUTATION_STATE_IN_PROGRESS;Scope=JobScope;RecompPercentageComplete=;MultipleRunsAffected=False;ActiveRunAffected=True;ActiveRunInProgress=True;RunCount=1;Run0Change0=TimeDepthEdit;Run0Guid=26158378-0AE9-4659-B298-AE95F83F8063
43193.9692745949,Setup,Computation / Recomputation,ProcessRecomputeState,,,,UIAutomatic,JobGuid=3D41CF0C-CB22-4191-BCD1-A7F7EFA72D9C;State=UIS_RECOMPUTATION_STATE_SUCCEEDED;Scope=JobScope;RecompPercentageComplete=;MultipleRunsAffected=False;ActiveRunAffected=True;ActiveRunInProgress=True;RunCount=1;Run0Change0=TimeDepthEdit;Run0Guid=26158378-0AE9-4659-B298-AE95F83F8063
43193.9692747106,DnMAcquisition,Computation / Recomputation,ProcessRecomputeState,,,,UIAutomatic,JobGuid=3D41CF0C-CB22-4191-BCD1-A7F7EFA72D9C;State=UIS_RECOMPUTATION_STATE_SUCCEEDED;Scope=JobScope;RecompPercentageComplete=;MultipleRunsAffected=False;ActiveRunAffected=True;ActiveRunInProgress=True;RunCount=1;Run0Change0=TimeDepthEdit;Run0Guid=26158378-0AE9-4659-B298-AE95F83F8063
43193.9692746065,DeliverablesSetup,Computation / Recomputation,ProcessRecomputeState,,,,UIAutomatic,JobGuid=3D41CF0C-CB22-4191-BCD1-A7F7EFA72D9C;State=UIS_RECOMPUTATION_STATE_SUCCEEDED;Scope=JobScope;RecompPercentageComplete=;MultipleRunsAffected=False;ActiveRunAffected=True;ActiveRunInProgress=True;RunCount=1;Run0Change0=TimeDepthEdit;Run0Guid=26158378-0AE9-4659-B298-AE95F83F8063
43193.9693046991,DnMAcquisition,Data Acquiring - D&M,Depth Tracking Manager/Close Depth Tracking Manager,Click,Button,Close,UIInteraction,
43193.9694603472,DnMAcquisition,Manage Tasks,Survey Manager,DoubleClick,TreeView,Survey Manager,UIInteraction,TaskName=Survey Manager
43193.9696024074,DnMAcquisition,Data Acquiring - D&M,Survey Manager/Accept survey,Click,Button,Accept,UIInteraction,
43193.9696116088,Setup,Computation / Recomputation,ProcessRecomputeState,,,,UIAutomatic,JobGuid=3D41CF0C-CB22-4191-BCD1-A7F7EFA72D9C;State=UIS_RECOMPUTATION_STATE_STARTING;Scope=JobScope;RecompPercentageComplete=;MultipleRunsAffected=False;ActiveRunAffected=True;ActiveRunInProgress=True;RunCount=1;Run0Change0=LastSurvey;Run0Guid=26158378-0AE9-4659-B298-AE95F83F8063
43193.9696116319,DeliverablesSetup,Computation / Recomputation,ProcessRecomputeState,,,,UIAutomatic,JobGuid=3D41CF0C-CB22-4191-BCD1-A7F7EFA72D9C;State=UIS_RECOMPUTATION_STATE_STARTING;Scope=JobScope;RecompPercentageComplete=;MultipleRunsAffected=False;ActiveRunAffected=True;ActiveRunInProgress=True;RunCount=1;Run0Change0=LastSurvey;Run0Guid=26158378-0AE9-4659-B298-AE95F83F8063
43193.9696134838,DnMAcquisition,Computation / Recomputation,ProcessRecomputeState,,,,UIAutomatic,JobGuid=3D41CF0C-CB22-4191-BCD1-A7F7EFA72D9C;State=UIS_RECOMPUTATION_STATE_STARTING;Scope=JobScope;RecompPercentageComplete=;MultipleRunsAffected=False;ActiveRunAffected=True;ActiveRunInProgress=True;RunCount=1;Run0Change0=LastSurvey;Run0Guid=26158378-0AE9-4659-B298-AE95F83F8063
43193.9696148958,DeliverablesSetup,Computation / Recomputation,ProcessRecomputeState,,,,UIAutomatic,JobGuid=3D41CF0C-CB22-4191-BCD1-A7F7EFA72D9C;State=UIS_RECOMPUTATION_STATE_IN_PROGRESS;Scope=JobScope;RecompPercentageComplete=;MultipleRunsAffected=False;ActiveRunAffected=True;ActiveRunInProgress=True;RunCount=1;Run0Change0=LastSurvey;Run0Guid=26158378-0AE9-4659-B298-AE95F83F8063
43193.9696148958,Setup,Computation / Recomputation,ProcessRecomputeState,,,,UIAutomatic,JobGuid=3D41CF0C-CB22-4191-BCD1-A7F7EFA72D9C;State=UIS_RECOMPUTATION_STATE_IN_PROGRESS;Scope=JobScope;RecompPercentageComplete=;MultipleRunsAffected=False;ActiveRunAffected=True;ActiveRunInProgress=True;RunCount=1;Run0Change0=LastSurvey;Run0Guid=26158378-0AE9-4659-B298-AE95F83F8063
43193.9696150463,DnMAcquisition,Computation / Recomputation,ProcessRecomputeState,,,,UIAutomatic,JobGuid=3D41CF0C-CB22-4191-BCD1-A7F7EFA72D9C;State=UIS_RECOMPUTATION_STATE_IN_PROGRESS;Scope=JobScope;RecompPercentageComplete=;MultipleRunsAffected=False;ActiveRunAffected=True;ActiveRunInProgress=True;RunCount=1;Run0Change0=LastSurvey;Run0Guid=26158378-0AE9-4659-B298-AE95F83F8063
43193.9697242593,DnMAcquisition,Data Acquiring - D&M,Survey Manager/Accept survey,Click,Button,Accept,UIInteraction,
43193.9698416319,DnMAcquisition,Data Acquiring - D&M,Survey Manager/Accept survey,Click,Button,Accept,UIInteraction,
43193.9699477431,DnMAcquisition,Data Acquiring - D&M,Survey Manager/Accept survey,Click,Button,Accept,UIInteraction,
43193.9700699653,DnMAcquisition,Data Acquiring - D&M,Survey Manager/Accept survey,Click,Button,Accept,UIInteraction,
43193.9701137963,DeliverablesSetup,Computation / Recomputation,ProcessRecomputeState,,,,UIAutomatic,JobGuid=3D41CF0C-CB22-4191-BCD1-A7F7EFA72D9C;State=UIS_RECOMPUTATION_STATE_SUCCEEDED;Scope=JobScope;RecompPercentageComplete=;MultipleRunsAffected=False;ActiveRunAffected=True;ActiveRunInProgress=True;RunCount=1;Run0Change0=LastSurvey;Run0Guid=26158378-0AE9-4659-B298-AE95F83F8063
43193.9701138657,Setup,Computation / Recomputation,ProcessRecomputeState,,,,UIAutomatic,JobGuid=3D41CF0C-CB22-4191-BCD1-A7F7EFA72D9C;State=UIS_RECOMPUTATION_STATE_SUCCEEDED;Scope=JobScope;RecompPercentageComplete=;MultipleRunsAffected=False;ActiveRunAffected=True;ActiveRunInProgress=True;RunCount=1;Run0Change0=LastSurvey;Run0Guid=26158378-0AE9-4659-B298-AE95F83F8063
43193.9701139352,DnMAcquisition,Computation / Recomputation,ProcessRecomputeState,,,,UIAutomatic,JobGuid=3D41CF0C-CB22-4191-BCD1-A7F7EFA72D9C;State=UIS_RECOMPUTATION_STATE_SUCCEEDED;Scope=JobScope;RecompPercentageComplete=;MultipleRunsAffected=False;ActiveRunAffected=True;ActiveRunInProgress=True;RunCount=1;Run0Change0=LastSurvey;Run0Guid=26158378-0AE9-4659-B298-AE95F83F8063
43193.9701140394,DeliverablesSetup,Computation / Recomputation,ProcessRecomputeState,,,,UIAutomatic,JobGuid=3D41CF0C-CB22-4191-BCD1-A7F7EFA72D9C;State=UIS_RECOMPUTATION_STATE_STARTING;Scope=JobScope;RecompPercentageComplete=;MultipleRunsAffected=False;ActiveRunAffected=True;ActiveRunInProgress=True;RunCount=1;Run0Change0=LastSurvey;Run0Guid=26158378-0AE9-4659-B298-AE95F83F8063
43193.9701140394,Setup,Computation / Recomputation,ProcessRecomputeState,,,,UIAutomatic,JobGuid=3D41CF0C-CB22-4191-BCD1-A7F7EFA72D9C;State=UIS_RECOMPUTATION_STATE_STARTING;Scope=JobScope;RecompPercentageComplete=;MultipleRunsAffected=False;ActiveRunAffected=True;ActiveRunInProgress=True;RunCount=1;Run0Change0=LastSurvey;Run0Guid=26158378-0AE9-4659-B298-AE95F83F8063
43193.970114919,Setup,Computation / Recomputation,ProcessRecomputeState,,,,UIAutomatic,JobGuid=3D41CF0C-CB22-4191-BCD1-A7F7EFA72D9C;State=UIS_RECOMPUTATION_STATE_IN_PROGRESS;Scope=JobScope;RecompPercentageComplete=;MultipleRunsAffected=False;ActiveRunAffected=True;ActiveRunInProgress=True;RunCount=1;Run0Change0=LastSurvey;Run0Guid=26158378-0AE9-4659-B298-AE95F83F8063
43193.9701149537,DeliverablesSetup,Computation / Recomputation,ProcessRecomputeState,,,,UIAutomatic,JobGuid=3D41CF0C-CB22-4191-BCD1-A7F7EFA72D9C;State=UIS_RECOMPUTATION_STATE_IN_PROGRESS;Scope=JobScope;RecompPercentageComplete=;MultipleRunsAffected=False;ActiveRunAffected=True;ActiveRunInProgress=True;RunCount=1;Run0Change0=LastSurvey;Run0Guid=26158378-0AE9-4659-B298-AE95F83F8063
43193.9701158796,DnMAcquisition,Computation / Recomputation,ProcessRecomputeState,,,,UIAutomatic,JobGuid=3D41CF0C-CB22-4191-BCD1-A7F7EFA72D9C;State=UIS_RECOMPUTATION_STATE_STARTING;Scope=JobScope;RecompPercentageComplete=;MultipleRunsAffected=False;ActiveRunAffected=True;ActiveRunInProgress=True;RunCount=1;Run0Change0=LastSurvey;Run0Guid=26158378-0AE9-4659-B298-AE95F83F8063
43193.9701159144,DnMAcquisition,Computation / Recomputation,ProcessRecomputeState,,,,UIAutomatic,JobGuid=3D41CF0C-CB22-4191-BCD1-A7F7EFA72D9C;State=UIS_RECOMPUTATION_STATE_IN_PROGRESS;Scope=JobScope;RecompPercentageComplete=;MultipleRunsAffected=False;ActiveRunAffected=True;ActiveRunInProgress=True;RunCount=1;Run0Change0=LastSurvey;Run0Guid=26158378-0AE9-4659-B298-AE95F83F8063
43193.9701901042,DnMAcquisition,Data Acquiring - D&M,Survey Manager/Accept survey,Click,Button,Accept,UIInteraction,
43193.9703102315,DnMAcquisition,Data Acquiring - D&M,Survey Manager/Accept survey,Click,Button,Accept,UIInteraction,
43193.9704201968,DnMAcquisition,Data Acquiring - D&M,Survey Manager/Accept survey,Click,Button,Accept,UIInteraction,
43193.9705373148,DnMAcquisition,Data Acquiring - D&M,Survey Manager/Accept survey,Click,Button,Accept,UIInteraction,
43193.9706393171,DnMAcquisition,Data Acquiring - D&M,Survey Manager/Accept survey,Click,Button,Accept,UIInteraction,
43193.9706477315,Setup,Computation / Recomputation,ProcessRecomputeState,,,,UIAutomatic,JobGuid=3D41CF0C-CB22-4191-BCD1-A7F7EFA72D9C;State=UIS_RECOMPUTATION_STATE_SUCCEEDED;Scope=JobScope;RecompPercentageComplete=;MultipleRunsAffected=False;ActiveRunAffected=True;ActiveRunInProgress=True;RunCount=1;Run0Change0=LastSurvey;Run0Guid=26158378-0AE9-4659-B298-AE95F83F8063
43193.9706477315,DeliverablesSetup,Computation / Recomputation,ProcessRecomputeState,,,,UIAutomatic,JobGuid=3D41CF0C-CB22-4191-BCD1-A7F7EFA72D9C;State=UIS_RECOMPUTATION_STATE_SUCCEEDED;Scope=JobScope;RecompPercentageComplete=;MultipleRunsAffected=False;ActiveRunAffected=True;ActiveRunInProgress=True;RunCount=1;Run0Change0=LastSurvey;Run0Guid=26158378-0AE9-4659-B298-AE95F83F8063
43193.9706479282,DeliverablesSetup,Computation / Recomputation,ProcessRecomputeState,,,,UIAutomatic,JobGuid=3D41CF0C-CB22-4191-BCD1-A7F7EFA72D9C;State=UIS_RECOMPUTATION_STATE_STARTING;Scope=JobScope;RecompPercentageComplete=;MultipleRunsAffected=False;ActiveRunAffected=True;ActiveRunInProgress=True;RunCount=1;Run0Change0=LastSurvey;Run0Guid=26158378-0AE9-4659-B298-AE95F83F8063
43193.9706479514,Setup,Computation / Recomputation,ProcessRecomputeState,,,,UIAutomatic,JobGuid=3D41CF0C-CB22-4191-BCD1-A7F7EFA72D9C;State=UIS_RECOMPUTATION_STATE_STARTING;Scope=JobScope;RecompPercentageComplete=;MultipleRunsAffected=False;ActiveRunAffected=True;ActiveRunInProgress=True;RunCount=1;Run0Change0=LastSurvey;Run0Guid=26158378-0AE9-4659-B298-AE95F83F8063
43193.9706501157,DnMAcquisition,Computation / Recomputation,ProcessRecomputeState,,,,UIAutomatic,JobGuid=3D41CF0C-CB22-4191-BCD1-A7F7EFA72D9C;State=UIS_RECOMPUTATION_STATE_SUCCEEDED;Scope=JobScope;RecompPercentageComplete=;MultipleRunsAffected=False;ActiveRunAffected=True;ActiveRunInProgress=True;RunCount=1;Run0Change0=LastSurvey;Run0Guid=26158378-0AE9-4659-B298-AE95F83F8063
43193.9706501389,DnMAcquisition,Computation / Recomputation,ProcessRecomputeState,,,,UIAutomatic,JobGuid=3D41CF0C-CB22-4191-BCD1-A7F7EFA72D9C;State=UIS_RECOMPUTATION_STATE_STARTING;Scope=JobScope;RecompPercentageComplete=;MultipleRunsAffected=False;ActiveRunAffected=True;ActiveRunInProgress=True;RunCount=1;Run0Change0=LastSurvey;Run0Guid=26158378-0AE9-4659-B298-AE95F83F8063
43193.9706510301,Setup,Computation / Recomputation,ProcessRecomputeState,,,,UIAutomatic,JobGuid=3D41CF0C-CB22-4191-BCD1-A7F7EFA72D9C;State=UIS_RECOMPUTATION_STATE_IN_PROGRESS;Scope=JobScope;RecompPercentageComplete=;MultipleRunsAffected=False;ActiveRunAffected=True;ActiveRunInProgress=True;RunCount=1;Run0Change0=LastSurvey;Run0Guid=26158378-0AE9-4659-B298-AE95F83F8063
43193.9706510417,DeliverablesSetup,Computation / Recomputation,ProcessRecomputeState,,,,UIAutomatic,JobGuid=3D41CF0C-CB22-4191-BCD1-A7F7EFA72D9C;State=UIS_RECOMPUTATION_STATE_IN_PROGRESS;Scope=JobScope;RecompPercentageComplete=;MultipleRunsAffected=False;ActiveRunAffected=True;ActiveRunInProgress=True;RunCount=1;Run0Change0=LastSurvey;Run0Guid=26158378-0AE9-4659-B298-AE95F83F8063
43193.9706531366,DnMAcquisition,Computation / Recomputation,ProcessRecomputeState,,,,UIAutomatic,JobGuid=3D41CF0C-CB22-4191-BCD1-A7F7EFA72D9C;State=UIS_RECOMPUTATION_STATE_IN_PROGRESS;Scope=JobScope;RecompPercentageComplete=;MultipleRunsAffected=False;ActiveRunAffected=True;ActiveRunInProgress=True;RunCount=1;Run0Change0=LastSurvey;Run0Guid=26158378-0AE9-4659-B298-AE95F83F8063
43193.970760625,DnMAcquisition,Data Acquiring - D&M,Survey Manager/Accept survey,Click,Button,Accept,UIInteraction,
43193.9708345486,DnMAcquisition,Data Acquiring - D&M,Survey Manager/Reject survey,Click,Button,Reject,UIInteraction,
43193.9711696296,DnMAcquisition,Data Acquiring - D&M,Survey Manager/Accept survey,Click,Button,Accept,UIInteraction,
43193.9711956597,DeliverablesSetup,Computation / Recomputation,ProcessRecomputeState,,,,UIAutomatic,JobGuid=3D41CF0C-CB22-4191-BCD1-A7F7EFA72D9C;State=UIS_RECOMPUTATION_STATE_SUCCEEDED;Scope=JobScope;RecompPercentageComplete=;MultipleRunsAffected=False;ActiveRunAffected=True;ActiveRunInProgress=True;RunCount=1;Run0Change0=LastSurvey;Run0Guid=26158378-0AE9-4659-B298-AE95F83F8063
43193.9711956713,Setup,Computation / Recomputation,ProcessRecomputeState,,,,UIAutomatic,JobGuid=3D41CF0C-CB22-4191-BCD1-A7F7EFA72D9C;State=UIS_RECOMPUTATION_STATE_SUCCEEDED;Scope=JobScope;RecompPercentageComplete=;MultipleRunsAffected=False;ActiveRunAffected=True;ActiveRunInProgress=True;RunCount=1;Run0Change0=LastSurvey;Run0Guid=26158378-0AE9-4659-B298-AE95F83F8063
43193.9711957407,DnMAcquisition,Computation / Recomputation,ProcessRecomputeState,,,,UIAutomatic,JobGuid=3D41CF0C-CB22-4191-BCD1-A7F7EFA72D9C;State=UIS_RECOMPUTATION_STATE_SUCCEEDED;Scope=JobScope;RecompPercentageComplete=;MultipleRunsAffected=False;ActiveRunAffected=True;ActiveRunInProgress=True;RunCount=1;Run0Change0=LastSurvey;Run0Guid=26158378-0AE9-4659-B298-AE95F83F8063
43193.9711958218,DeliverablesSetup,Computation / Recomputation,ProcessRecomputeState,,,,UIAutomatic,JobGuid=3D41CF0C-CB22-4191-BCD1-A7F7EFA72D9C;State=UIS_RECOMPUTATION_STATE_STARTING;Scope=JobScope;RecompPercentageComplete=;MultipleRunsAffected=False;ActiveRunAffected=True;ActiveRunInProgress=True;RunCount=1;Run0Change0=LastSurvey;Run0Guid=26158378-0AE9-4659-B298-AE95F83F8063
43193.9711958333,Setup,Computation / Recomputation,ProcessRecomputeState,,,,UIAutomatic,JobGuid=3D41CF0C-CB22-4191-BCD1-A7F7EFA72D9C;State=UIS_RECOMPUTATION_STATE_STARTING;Scope=JobScope;RecompPercentageComplete=;MultipleRunsAffected=False;ActiveRunAffected=True;ActiveRunInProgress=True;RunCount=1;Run0Change0=LastSurvey;Run0Guid=26158378-0AE9-4659-B298-AE95F83F8063
43193.971196713,DeliverablesSetup,Computation / Recomputation,ProcessRecomputeState,,,,UIAutomatic,JobGuid=3D41CF0C-CB22-4191-BCD1-A7F7EFA72D9C;State=UIS_RECOMPUTATION_STATE_IN_PROGRESS;Scope=JobScope;RecompPercentageComplete=;MultipleRunsAffected=False;ActiveRunAffected=True;ActiveRunInProgress=True;RunCount=1;Run0Change0=LastSurvey;Run0Guid=26158378-0AE9-4659-B298-AE95F83F8063
43193.9711967245,Setup,Computation / Recomputation,ProcessRecomputeState,,,,UIAutomatic,JobGuid=3D41CF0C-CB22-4191-BCD1-A7F7EFA72D9C;State=UIS_RECOMPUTATION_STATE_IN_PROGRESS;Scope=JobScope;RecompPercentageComplete=;MultipleRunsAffected=False;ActiveRunAffected=True;ActiveRunInProgress=True;RunCount=1;Run0Change0=LastSurvey;Run0Guid=26158378-0AE9-4659-B298-AE95F83F8063
43193.97119875,DnMAcquisition,Computation / Recomputation,ProcessRecomputeState,,,,UIAutomatic,JobGuid=3D41CF0C-CB22-4191-BCD1-A7F7EFA72D9C;State=UIS_RECOMPUTATION_STATE_STARTING;Scope=JobScope;RecompPercentageComplete=;MultipleRunsAffected=False;ActiveRunAffected=True;ActiveRunInProgress=True;RunCount=1;Run0Change0=LastSurvey;Run0Guid=26158378-0AE9-4659-B298-AE95F83F8063
43193.9711987616,DnMAcquisition,Computation / Recomputation,ProcessRecomputeState,,,,UIAutomatic,JobGuid=3D41CF0C-CB22-4191-BCD1-A7F7EFA72D9C;State=UIS_RECOMPUTATION_STATE_IN_PROGRESS;Scope=JobScope;RecompPercentageComplete=;MultipleRunsAffected=False;ActiveRunAffected=True;ActiveRunInProgress=True;RunCount=1;Run0Change0=LastSurvey;Run0Guid=26158378-0AE9-4659-B298-AE95F83F8063
43193.9713895486,DeliverablesSetup,Computation / Recomputation,ProcessRecomputeState,,,,UIAutomatic,JobGuid=3D41CF0C-CB22-4191-BCD1-A7F7EFA72D9C;State=UIS_RECOMPUTATION_STATE_SUCCEEDED;Scope=JobScope;RecompPercentageComplete=;MultipleRunsAffected=False;ActiveRunAffected=True;ActiveRunInProgress=True;RunCount=1;Run0Change0=LastSurvey;Run0Guid=26158378-0AE9-4659-B298-AE95F83F8063
43193.9713895949,DnMAcquisition,Computation / Recomputation,ProcessRecomputeState,,,,UIAutomatic,JobGuid=3D41CF0C-CB22-4191-BCD1-A7F7EFA72D9C;State=UIS_RECOMPUTATION_STATE_SUCCEEDED;Scope=JobScope;RecompPercentageComplete=;MultipleRunsAffected=False;ActiveRunAffected=True;ActiveRunInProgress=True;RunCount=1;Run0Change0=LastSurvey;Run0Guid=26158378-0AE9-4659-B298-AE95F83F8063
43193.9713896065,Setup,Computation / Recomputation,ProcessRecomputeState,,,,UIAutomatic,JobGuid=3D41CF0C-CB22-4191-BCD1-A7F7EFA72D9C;State=UIS_RECOMPUTATION_STATE_SUCCEEDED;Scope=JobScope;RecompPercentageComplete=;MultipleRunsAffected=False;ActiveRunAffected=True;ActiveRunInProgress=True;RunCount=1;Run0Change0=LastSurvey;Run0Guid=26158378-0AE9-4659-B298-AE95F83F8063
43193.9720796644,DnMAcquisition,Data Acquiring - D&M,Survey Manager/Accept survey,Click,Button,Accept,UIInteraction,
43193.972088912,Setup,Computation / Recomputation,ProcessRecomputeState,,,,UIAutomatic,JobGuid=3D41CF0C-CB22-4191-BCD1-A7F7EFA72D9C;State=UIS_RECOMPUTATION_STATE_STARTING;Scope=JobScope;RecompPercentageComplete=;MultipleRunsAffected=False;ActiveRunAffected=True;ActiveRunInProgress=True;RunCount=1;Run0Change0=LastSurvey;Run0Guid=26158378-0AE9-4659-B298-AE95F83F8063
43193.972088912,DeliverablesSetup,Computation / Recomputation,ProcessRecomputeState,,,,UIAutomatic,JobGuid=3D41CF0C-CB22-4191-BCD1-A7F7EFA72D9C;State=UIS_RECOMPUTATION_STATE_STARTING;Scope=JobScope;RecompPercentageComplete=;MultipleRunsAffected=False;ActiveRunAffected=True;ActiveRunInProgress=True;RunCount=1;Run0Change0=LastSurvey;Run0Guid=26158378-0AE9-4659-B298-AE95F83F8063
43193.972091713,Setup,Computation / Recomputation,ProcessRecomputeState,,,,UIAutomatic,JobGuid=3D41CF0C-CB22-4191-BCD1-A7F7EFA72D9C;State=UIS_RECOMPUTATION_STATE_IN_PROGRESS;Scope=JobScope;RecompPercentageComplete=;MultipleRunsAffected=False;ActiveRunAffected=True;ActiveRunInProgress=True;RunCount=1;Run0Change0=LastSurvey;Run0Guid=26158378-0AE9-4659-B298-AE95F83F8063
43193.972091794,DeliverablesSetup,Computation / Recomputation,ProcessRecomputeState,,,,UIAutomatic,JobGuid=3D41CF0C-CB22-4191-BCD1-A7F7EFA72D9C;State=UIS_RECOMPUTATION_STATE_IN_PROGRESS;Scope=JobScope;RecompPercentageComplete=;MultipleRunsAffected=False;ActiveRunAffected=True;ActiveRunInProgress=True;RunCount=1;Run0Change0=LastSurvey;Run0Guid=26158378-0AE9-4659-B298-AE95F83F8063
43193.9720922801,DnMAcquisition,Computation / Recomputation,ProcessRecomputeState,,,,UIAutomatic,JobGuid=3D41CF0C-CB22-4191-BCD1-A7F7EFA72D9C;State=UIS_RECOMPUTATION_STATE_STARTING;Scope=JobScope;RecompPercentageComplete=;MultipleRunsAffected=False;ActiveRunAffected=True;ActiveRunInProgress=True;RunCount=1;Run0Change0=LastSurvey;Run0Guid=26158378-0AE9-4659-B298-AE95F83F8063
43193.9720923032,DnMAcquisition,Computation / Recomputation,ProcessRecomputeState,,,,UIAutomatic,JobGuid=3D41CF0C-CB22-4191-BCD1-A7F7EFA72D9C;State=UIS_RECOMPUTATION_STATE_IN_PROGRESS;Scope=JobScope;RecompPercentageComplete=;MultipleRunsAffected=False;ActiveRunAffected=True;ActiveRunInProgress=True;RunCount=1;Run0Change0=LastSurvey;Run0Guid=26158378-0AE9-4659-B298-AE95F83F8063
43193.9722490972,DeliverablesSetup,Computation / Recomputation,ProcessRecomputeState,,,,UIAutomatic,JobGuid=3D41CF0C-CB22-4191-BCD1-A7F7EFA72D9C;State=UIS_RECOMPUTATION_STATE_SUCCEEDED;Scope=JobScope;RecompPercentageComplete=;MultipleRunsAffected=False;ActiveRunAffected=True;ActiveRunInProgress=True;RunCount=1;Run0Change0=LastSurvey;Run0Guid=26158378-0AE9-4659-B298-AE95F83F8063
43193.9722491088,Setup,Computation / Recomputation,ProcessRecomputeState,,,,UIAutomatic,JobGuid=3D41CF0C-CB22-4191-BCD1-A7F7EFA72D9C;State=UIS_RECOMPUTATION_STATE_SUCCEEDED;Scope=JobScope;RecompPercentageComplete=;MultipleRunsAffected=False;ActiveRunAffected=True;ActiveRunInProgress=True;RunCount=1;Run0Change0=LastSurvey;Run0Guid=26158378-0AE9-4659-B298-AE95F83F8063
43193.9722495023,DnMAcquisition,Computation / Recomputation,ProcessRecomputeState,,,,UIAutomatic,JobGuid=3D41CF0C-CB22-4191-BCD1-A7F7EFA72D9C;State=UIS_RECOMPUTATION_STATE_SUCCEEDED;Scope=JobScope;RecompPercentageComplete=;MultipleRunsAffected=False;ActiveRunAffected=True;ActiveRunInProgress=True;RunCount=1;Run0Change0=LastSurvey;Run0Guid=26158378-0AE9-4659-B298-AE95F83F8063
43193.9722954051,DnMAcquisition,Data Acquiring - D&M,Survey Manager/Reject survey,Click,Button,Reject,UIInteraction,
43193.9725543981,DnMAcquisition,Data Acquiring - D&M,Survey Manager/Accept survey,Click,Button,Accept,UIInteraction,
43193.9725638194,Setup,Computation / Recomputation,ProcessRecomputeState,,,,UIAutomatic,JobGuid=3D41CF0C-CB22-4191-BCD1-A7F7EFA72D9C;State=UIS_RECOMPUTATION_STATE_STARTING;Scope=JobScope;RecompPercentageComplete=;MultipleRunsAffected=False;ActiveRunAffected=True;ActiveRunInProgress=True;RunCount=1;Run0Change0=LastSurvey;Run0Guid=26158378-0AE9-4659-B298-AE95F83F8063
43193.9725638194,DeliverablesSetup,Computation / Recomputation,ProcessRecomputeState,,,,UIAutomatic,JobGuid=3D41CF0C-CB22-4191-BCD1-A7F7EFA72D9C;State=UIS_RECOMPUTATION_STATE_STARTING;Scope=JobScope;RecompPercentageComplete=;MultipleRunsAffected=False;ActiveRunAffected=True;ActiveRunInProgress=True;RunCount=1;Run0Change0=LastSurvey;Run0Guid=26158378-0AE9-4659-B298-AE95F83F8063
43193.9725640278,DnMAcquisition,Computation / Recomputation,ProcessRecomputeState,,,,UIAutomatic,JobGuid=3D41CF0C-CB22-4191-BCD1-A7F7EFA72D9C;State=UIS_RECOMPUTATION_STATE_STARTING;Scope=JobScope;RecompPercentageComplete=;MultipleRunsAffected=False;ActiveRunAffected=True;ActiveRunInProgress=True;RunCount=1;Run0Change0=LastSurvey;Run0Guid=26158378-0AE9-4659-B298-AE95F83F8063
43193.9725668981,DeliverablesSetup,Computation / Recomputation,ProcessRecomputeState,,,,UIAutomatic,JobGuid=3D41CF0C-CB22-4191-BCD1-A7F7EFA72D9C;State=UIS_RECOMPUTATION_STATE_IN_PROGRESS;Scope=JobScope;RecompPercentageComplete=;MultipleRunsAffected=False;ActiveRunAffected=True;ActiveRunInProgress=True;RunCount=1;Run0Change0=LastSurvey;Run0Guid=26158378-0AE9-4659-B298-AE95F83F8063
43193.9725668981,Setup,Computation / Recomputation,ProcessRecomputeState,,,,UIAutomatic,JobGuid=3D41CF0C-CB22-4191-BCD1-A7F7EFA72D9C;State=UIS_RECOMPUTATION_STATE_IN_PROGRESS;Scope=JobScope;RecompPercentageComplete=;MultipleRunsAffected=False;ActiveRunAffected=True;ActiveRunInProgress=True;RunCount=1;Run0Change0=LastSurvey;Run0Guid=26158378-0AE9-4659-B298-AE95F83F8063
43193.9725668981,DnMAcquisition,Computation / Recomputation,ProcessRecomputeState,,,,UIAutomatic,JobGuid=3D41CF0C-CB22-4191-BCD1-A7F7EFA72D9C;State=UIS_RECOMPUTATION_STATE_IN_PROGRESS;Scope=JobScope;RecompPercentageComplete=;MultipleRunsAffected=False;ActiveRunAffected=True;ActiveRunInProgress=True;RunCount=1;Run0Change0=LastSurvey;Run0Guid=26158378-0AE9-4659-B298-AE95F83F8063
43193.972640463,DnMAcquisition,Data Acquiring - D&M,Survey Manager/Reject survey,Click,Button,Reject,UIInteraction,
43193.9727188657,DeliverablesSetup,Computation / Recomputation,ProcessRecomputeState,,,,UIAutomatic,JobGuid=3D41CF0C-CB22-4191-BCD1-A7F7EFA72D9C;State=UIS_RECOMPUTATION_STATE_SUCCEEDED;Scope=JobScope;RecompPercentageComplete=;MultipleRunsAffected=False;ActiveRunAffected=True;ActiveRunInProgress=True;RunCount=1;Run0Change0=LastSurvey;Run0Guid=26158378-0AE9-4659-B298-AE95F83F8063
43193.9727188657,Setup,Computation / Recomputation,ProcessRecomputeState,,,,UIAutomatic,JobGuid=3D41CF0C-CB22-4191-BCD1-A7F7EFA72D9C;State=UIS_RECOMPUTATION_STATE_SUCCEEDED;Scope=JobScope;RecompPercentageComplete=;MultipleRunsAffected=False;ActiveRunAffected=True;ActiveRunInProgress=True;RunCount=1;Run0Change0=LastSurvey;Run0Guid=26158378-0AE9-4659-B298-AE95F83F8063
43193.972728206,DnMAcquisition,Computation / Recomputation,ProcessRecomputeState,,,,UIAutomatic,JobGuid=3D41CF0C-CB22-4191-BCD1-A7F7EFA72D9C;State=UIS_RECOMPUTATION_STATE_SUCCEEDED;Scope=JobScope;RecompPercentageComplete=;MultipleRunsAffected=False;ActiveRunAffected=True;ActiveRunInProgress=True;RunCount=1;Run0Change0=LastSurvey;Run0Guid=26158378-0AE9-4659-B298-AE95F83F8063
43193.9727292245,DnMAcquisition,Data Acquiring - D&M,Survey Manager/Accept survey,Click,Button,Accept,UIInteraction,
43193.9727389236,Setup,Computation / Recomputation,ProcessRecomputeState,,,,UIAutomatic,JobGuid=3D41CF0C-CB22-4191-BCD1-A7F7EFA72D9C;State=UIS_RECOMPUTATION_STATE_PENDING;Scope=JobScope;RecompPercentageComplete=;MultipleRunsAffected=False;ActiveRunAffected=True;ActiveRunInProgress=True;RunCount=1;Run0Change0=Trajectory;Run0Guid=26158378-0AE9-4659-B298-AE95F83F8063
43193.9727389236,DeliverablesSetup,Computation / Recomputation,ProcessRecomputeState,,,,UIAutomatic,JobGuid=3D41CF0C-CB22-4191-BCD1-A7F7EFA72D9C;State=UIS_RECOMPUTATION_STATE_PENDING;Scope=JobScope;RecompPercentageComplete=;MultipleRunsAffected=False;ActiveRunAffected=True;ActiveRunInProgress=True;RunCount=1;Run0Change0=Trajectory;Run0Guid=26158378-0AE9-4659-B298-AE95F83F8063
43193.9727438773,DnMAcquisition,Computation / Recomputation,ProcessRecomputeState,,,,UIAutomatic,JobGuid=3D41CF0C-CB22-4191-BCD1-A7F7EFA72D9C;State=UIS_RECOMPUTATION_STATE_PENDING;Scope=JobScope;RecompPercentageComplete=;MultipleRunsAffected=False;ActiveRunAffected=True;ActiveRunInProgress=True;RunCount=1;Run0Change0=Trajectory;Run0Guid=26158378-0AE9-4659-B298-AE95F83F8063
43193.9737420255,DnMAcquisition,Data Acquiring - D&M,Survey Manager/Accept survey,Click,Button,Accept,UIInteraction,
43193.9737433912,DeliverablesSetup,Computation / Recomputation,ProcessRecomputeState,,,,UIAutomatic,JobGuid=3D41CF0C-CB22-4191-BCD1-A7F7EFA72D9C;State=UIS_RECOMPUTATION_STATE_PENDING;Scope=JobScope;RecompPercentageComplete=;MultipleRunsAffected=False;ActiveRunAffected=True;ActiveRunInProgress=True;RunCount=1;Run0Change0=Trajectory;Run0Guid=26158378-0AE9-4659-B298-AE95F83F8063
43193.9737434838,Setup,Computation / Recomputation,ProcessRecomputeState,,,,UIAutomatic,JobGuid=3D41CF0C-CB22-4191-BCD1-A7F7EFA72D9C;State=UIS_RECOMPUTATION_STATE_PENDING;Scope=JobScope;RecompPercentageComplete=;MultipleRunsAffected=False;ActiveRunAffected=True;ActiveRunInProgress=True;RunCount=1;Run0Change0=Trajectory;Run0Guid=26158378-0AE9-4659-B298-AE95F83F8063
43193.9737464931,DnMAcquisition,Computation / Recomputation,ProcessRecomputeState,,,,UIAutomatic,JobGuid=3D41CF0C-CB22-4191-BCD1-A7F7EFA72D9C;State=UIS_RECOMPUTATION_STATE_PENDING;Scope=JobScope;RecompPercentageComplete=;MultipleRunsAffected=False;ActiveRunAffected=True;ActiveRunInProgress=True;RunCount=1;Run0Change0=Trajectory;Run0Guid=26158378-0AE9-4659-B298-AE95F83F8063
43193.9750594213,DnMAcquisition,Data Acquiring - D&M,Survey Manager/Accept survey,Click,Button,Accept,UIInteraction,
43193.975060544,Setup,Computation / Recomputation,ProcessRecomputeState,,,,UIAutomatic,JobGuid=3D41CF0C-CB22-4191-BCD1-A7F7EFA72D9C;State=UIS_RECOMPUTATION_STATE_PENDING;Scope=JobScope;RecompPercentageComplete=;MultipleRunsAffected=False;ActiveRunAffected=True;ActiveRunInProgress=True;RunCount=1;Run0Change0=Trajectory;Run0Guid=26158378-0AE9-4659-B298-AE95F83F8063
43193.9750606713,DeliverablesSetup,Computation / Recomputation,ProcessRecomputeState,,,,UIAutomatic,JobGuid=3D41CF0C-CB22-4191-BCD1-A7F7EFA72D9C;State=UIS_RECOMPUTATION_STATE_PENDING;Scope=JobScope;RecompPercentageComplete=;MultipleRunsAffected=False;ActiveRunAffected=True;ActiveRunInProgress=True;RunCount=1;Run0Change0=Trajectory;Run0Guid=26158378-0AE9-4659-B298-AE95F83F8063
43193.97506375,DnMAcquisition,Computation / Recomputation,ProcessRecomputeState,,,,UIAutomatic,JobGuid=3D41CF0C-CB22-4191-BCD1-A7F7EFA72D9C;State=UIS_RECOMPUTATION_STATE_PENDING;Scope=JobScope;RecompPercentageComplete=;MultipleRunsAffected=False;ActiveRunAffected=True;ActiveRunInProgress=True;RunCount=1;Run0Change0=Trajectory;Run0Guid=26158378-0AE9-4659-B298-AE95F83F8063
43193.9760141667,DnMAcquisition,Data Acquiring - D&M,Survey Manager/Accept survey,Click,Button,Accept,UIInteraction,
43193.9760153935,DeliverablesSetup,Computation / Recomputation,ProcessRecomputeState,,,,UIAutomatic,JobGuid=3D41CF0C-CB22-4191-BCD1-A7F7EFA72D9C;State=UIS_RECOMPUTATION_STATE_PENDING;Scope=JobScope;RecompPercentageComplete=;MultipleRunsAffected=False;ActiveRunAffected=True;ActiveRunInProgress=True;RunCount=1;Run0Change0=Trajectory;Run0Guid=26158378-0AE9-4659-B298-AE95F83F8063
43193.9760153935,Setup,Computation / Recomputation,ProcessRecomputeState,,,,UIAutomatic,JobGuid=3D41CF0C-CB22-4191-BCD1-A7F7EFA72D9C;State=UIS_RECOMPUTATION_STATE_PENDING;Scope=JobScope;RecompPercentageComplete=;MultipleRunsAffected=False;ActiveRunAffected=True;ActiveRunInProgress=True;RunCount=1;Run0Change0=Trajectory;Run0Guid=26158378-0AE9-4659-B298-AE95F83F8063
43193.9760201157,DnMAcquisition,Computation / Recomputation,ProcessRecomputeState,,,,UIAutomatic,JobGuid=3D41CF0C-CB22-4191-BCD1-A7F7EFA72D9C;State=UIS_RECOMPUTATION_STATE_PENDING;Scope=JobScope;RecompPercentageComplete=;MultipleRunsAffected=False;ActiveRunAffected=True;ActiveRunInProgress=True;RunCount=1;Run0Change0=Trajectory;Run0Guid=26158378-0AE9-4659-B298-AE95F83F8063
43193.9770997338,DnMAcquisition,Data Acquiring - D&M,Survey Manager/Accept survey,Click,Button,Accept,UIInteraction,
43193.9771010417,Setup,Computation / Recomputation,ProcessRecomputeState,,,,UIAutomatic,JobGuid=3D41CF0C-CB22-4191-BCD1-A7F7EFA72D9C;State=UIS_RECOMPUTATION_STATE_PENDING;Scope=JobScope;RecompPercentageComplete=;MultipleRunsAffected=False;ActiveRunAffected=True;ActiveRunInProgress=True;RunCount=1;Run0Change0=Trajectory;Run0Guid=26158378-0AE9-4659-B298-AE95F83F8063
43193.9771010417,DeliverablesSetup,Computation / Recomputation,ProcessRecomputeState,,,,UIAutomatic,JobGuid=3D41CF0C-CB22-4191-BCD1-A7F7EFA72D9C;State=UIS_RECOMPUTATION_STATE_PENDING;Scope=JobScope;RecompPercentageComplete=;MultipleRunsAffected=False;ActiveRunAffected=True;ActiveRunInProgress=True;RunCount=1;Run0Change0=Trajectory;Run0Guid=26158378-0AE9-4659-B298-AE95F83F8063
43193.9771041667,DnMAcquisition,Computation / Recomputation,ProcessRecomputeState,,,,UIAutomatic,JobGuid=3D41CF0C-CB22-4191-BCD1-A7F7EFA72D9C;State=UIS_RECOMPUTATION_STATE_PENDING;Scope=JobScope;RecompPercentageComplete=;MultipleRunsAffected=False;ActiveRunAffected=True;ActiveRunInProgress=True;RunCount=1;Run0Change0=Trajectory;Run0Guid=26158378-0AE9-4659-B298-AE95F83F8063
43193.9777190509,DnMAcquisition,Data Acquiring - D&M,Survey Manager/Accept survey,Click,Button,Accept,UIInteraction,
43193.9777203241,DeliverablesSetup,Computation / Recomputation,ProcessRecomputeState,,,,UIAutomatic,JobGuid=3D41CF0C-CB22-4191-BCD1-A7F7EFA72D9C;State=UIS_RECOMPUTATION_STATE_PENDING;Scope=JobScope;RecompPercentageComplete=;MultipleRunsAffected=False;ActiveRunAffected=True;ActiveRunInProgress=True;RunCount=1;Run0Change0=Trajectory;Run0Guid=26158378-0AE9-4659-B298-AE95F83F8063
43193.9777203241,Setup,Computation / Recomputation,ProcessRecomputeState,,,,UIAutomatic,JobGuid=3D41CF0C-CB22-4191-BCD1-A7F7EFA72D9C;State=UIS_RECOMPUTATION_STATE_PENDING;Scope=JobScope;RecompPercentageComplete=;MultipleRunsAffected=False;ActiveRunAffected=True;ActiveRunInProgress=True;RunCount=1;Run0Change0=Trajectory;Run0Guid=26158378-0AE9-4659-B298-AE95F83F8063
43193.9777232639,DnMAcquisition,Computation / Recomputation,ProcessRecomputeState,,,,UIAutomatic,JobGuid=3D41CF0C-CB22-4191-BCD1-A7F7EFA72D9C;State=UIS_RECOMPUTATION_STATE_PENDING;Scope=JobScope;RecompPercentageComplete=;MultipleRunsAffected=False;ActiveRunAffected=True;ActiveRunInProgress=True;RunCount=1;Run0Change0=Trajectory;Run0Guid=26158378-0AE9-4659-B298-AE95F83F8063
43193.9787030671,DnMAcquisition,Data Acquiring - D&M,Survey Manager/Accept survey,Click,Button,Accept,UIInteraction,
43193.9787043287,Setup,Computation / Recomputation,ProcessRecomputeState,,,,UIAutomatic,JobGuid=3D41CF0C-CB22-4191-BCD1-A7F7EFA72D9C;State=UIS_RECOMPUTATION_STATE_PENDING;Scope=JobScope;RecompPercentageComplete=;MultipleRunsAffected=False;ActiveRunAffected=True;ActiveRunInProgress=True;RunCount=1;Run0Change0=Trajectory;Run0Guid=26158378-0AE9-4659-B298-AE95F83F8063
43193.9787043519,DeliverablesSetup,Computation / Recomputation,ProcessRecomputeState,,,,UIAutomatic,JobGuid=3D41CF0C-CB22-4191-BCD1-A7F7EFA72D9C;State=UIS_RECOMPUTATION_STATE_PENDING;Scope=JobScope;RecompPercentageComplete=;MultipleRunsAffected=False;ActiveRunAffected=True;ActiveRunInProgress=True;RunCount=1;Run0Change0=Trajectory;Run0Guid=26158378-0AE9-4659-B298-AE95F83F8063
43193.9787073148,DnMAcquisition,Computation / Recomputation,ProcessRecomputeState,,,,UIAutomatic,JobGuid=3D41CF0C-CB22-4191-BCD1-A7F7EFA72D9C;State=UIS_RECOMPUTATION_STATE_PENDING;Scope=JobScope;RecompPercentageComplete=;MultipleRunsAffected=False;ActiveRunAffected=True;ActiveRunInProgress=True;RunCount=1;Run0Change0=Trajectory;Run0Guid=26158378-0AE9-4659-B298-AE95F83F8063
43193.9792948264,DnMAcquisition,Data Acquiring - D&M,Survey Manager/Accept survey,Click,Button,Accept,UIInteraction,
43193.9792959954,Setup,Computation / Recomputation,ProcessRecomputeState,,,,UIAutomatic,JobGuid=3D41CF0C-CB22-4191-BCD1-A7F7EFA72D9C;State=UIS_RECOMPUTATION_STATE_PENDING;Scope=JobScope;RecompPercentageComplete=;MultipleRunsAffected=False;ActiveRunAffected=True;ActiveRunInProgress=True;RunCount=1;Run0Change0=Trajectory;Run0Guid=26158378-0AE9-4659-B298-AE95F83F8063
43193.9792959838,DeliverablesSetup,Computation / Recomputation,ProcessRecomputeState,,,,UIAutomatic,JobGuid=3D41CF0C-CB22-4191-BCD1-A7F7EFA72D9C;State=UIS_RECOMPUTATION_STATE_PENDING;Scope=JobScope;RecompPercentageComplete=;MultipleRunsAffected=False;ActiveRunAffected=True;ActiveRunInProgress=True;RunCount=1;Run0Change0=Trajectory;Run0Guid=26158378-0AE9-4659-B298-AE95F83F8063
43193.9792989583,DnMAcquisition,Computation / Recomputation,ProcessRecomputeState,,,,UIAutomatic,JobGuid=3D41CF0C-CB22-4191-BCD1-A7F7EFA72D9C;State=UIS_RECOMPUTATION_STATE_PENDING;Scope=JobScope;RecompPercentageComplete=;MultipleRunsAffected=False;ActiveRunAffected=True;ActiveRunInProgress=True;RunCount=1;Run0Change0=Trajectory;Run0Guid=26158378-0AE9-4659-B298-AE95F83F8063
43193.9799281134,DnMAcquisition,Data Acquiring - D&M,Survey Manager/Accept survey,Click,Button,Accept,UIInteraction,
43193.9799293171,Setup,Computation / Recomputation,ProcessRecomputeState,,,,UIAutomatic,JobGuid=3D41CF0C-CB22-4191-BCD1-A7F7EFA72D9C;State=UIS_RECOMPUTATION_STATE_PENDING;Scope=JobScope;RecompPercentageComplete=;MultipleRunsAffected=False;ActiveRunAffected=True;ActiveRunInProgress=True;RunCount=1;Run0Change0=Trajectory;Run0Guid=26158378-0AE9-4659-B298-AE95F83F8063
43193.9799293171,DeliverablesSetup,Computation / Recomputation,ProcessRecomputeState,,,,UIAutomatic,JobGuid=3D41CF0C-CB22-4191-BCD1-A7F7EFA72D9C;State=UIS_RECOMPUTATION_STATE_PENDING;Scope=JobScope;RecompPercentageComplete=;MultipleRunsAffected=False;ActiveRunAffected=True;ActiveRunInProgress=True;RunCount=1;Run0Change0=Trajectory;Run0Guid=26158378-0AE9-4659-B298-AE95F83F8063
43193.9799323958,DnMAcquisition,Computation / Recomputation,ProcessRecomputeState,,,,UIAutomatic,JobGuid=3D41CF0C-CB22-4191-BCD1-A7F7EFA72D9C;State=UIS_RECOMPUTATION_STATE_PENDING;Scope=JobScope;RecompPercentageComplete=;MultipleRunsAffected=False;ActiveRunAffected=True;ActiveRunInProgress=True;RunCount=1;Run0Change0=Trajectory;Run0Guid=26158378-0AE9-4659-B298-AE95F83F8063
43193.9806605671,DnMAcquisition,Data Acquiring - D&M,Survey Manager/Accept survey,Click,Button,Accept,UIInteraction,
43193.9806619213,DeliverablesSetup,Computation / Recomputation,ProcessRecomputeState,,,,UIAutomatic,JobGuid=3D41CF0C-CB22-4191-BCD1-A7F7EFA72D9C;State=UIS_RECOMPUTATION_STATE_PENDING;Scope=JobScope;RecompPercentageComplete=;MultipleRunsAffected=False;ActiveRunAffected=True;ActiveRunInProgress=True;RunCount=1;Run0Change0=Trajectory;Run0Guid=26158378-0AE9-4659-B298-AE95F83F8063
43193.9806619213,Setup,Computation / Recomputation,ProcessRecomputeState,,,,UIAutomatic,JobGuid=3D41CF0C-CB22-4191-BCD1-A7F7EFA72D9C;State=UIS_RECOMPUTATION_STATE_PENDING;Scope=JobScope;RecompPercentageComplete=;MultipleRunsAffected=False;ActiveRunAffected=True;ActiveRunInProgress=True;RunCount=1;Run0Change0=Trajectory;Run0Guid=26158378-0AE9-4659-B298-AE95F83F8063
43193.980665081,DnMAcquisition,Computation / Recomputation,ProcessRecomputeState,,,,UIAutomatic,JobGuid=3D41CF0C-CB22-4191-BCD1-A7F7EFA72D9C;State=UIS_RECOMPUTATION_STATE_PENDING;Scope=JobScope;RecompPercentageComplete=;MultipleRunsAffected=False;ActiveRunAffected=True;ActiveRunInProgress=True;RunCount=1;Run0Change0=Trajectory;Run0Guid=26158378-0AE9-4659-B298-AE95F83F8063
43193.9807393056,DnMAcquisition,Data Acquiring - D&M,Survey Manager/Reject survey,Click,Button,Reject,UIInteraction,
43193.9818303819,DnMAcquisition,Data Acquiring - D&M,Survey Manager/Accept survey,Click,Button,Accept,UIInteraction,
43193.9818315856,Setup,Computation / Recomputation,ProcessRecomputeState,,,,UIAutomatic,JobGuid=3D41CF0C-CB22-4191-BCD1-A7F7EFA72D9C;State=UIS_RECOMPUTATION_STATE_PENDING;Scope=JobScope;RecompPercentageComplete=;MultipleRunsAffected=False;ActiveRunAffected=True;ActiveRunInProgress=True;RunCount=1;Run0Change0=Trajectory;Run0Guid=26158378-0AE9-4659-B298-AE95F83F8063
43193.9818315856,DeliverablesSetup,Computation / Recomputation,ProcessRecomputeState,,,,UIAutomatic,JobGuid=3D41CF0C-CB22-4191-BCD1-A7F7EFA72D9C;State=UIS_RECOMPUTATION_STATE_PENDING;Scope=JobScope;RecompPercentageComplete=;MultipleRunsAffected=False;ActiveRunAffected=True;ActiveRunInProgress=True;RunCount=1;Run0Change0=Trajectory;Run0Guid=26158378-0AE9-4659-B298-AE95F83F8063
43193.9818345833,DnMAcquisition,Computation / Recomputation,ProcessRecomputeState,,,,UIAutomatic,JobGuid=3D41CF0C-CB22-4191-BCD1-A7F7EFA72D9C;State=UIS_RECOMPUTATION_STATE_PENDING;Scope=JobScope;RecompPercentageComplete=;MultipleRunsAffected=False;ActiveRunAffected=True;ActiveRunInProgress=True;RunCount=1;Run0Change0=Trajectory;Run0Guid=26158378-0AE9-4659-B298-AE95F83F8063
43193.9830227894,DnMAcquisition,Data Acquiring - D&M,Survey Manager/Accept survey,Click,Button,Accept,UIInteraction,
43193.9830240509,Setup,Computation / Recomputation,ProcessRecomputeState,,,,UIAutomatic,JobGuid=3D41CF0C-CB22-4191-BCD1-A7F7EFA72D9C;State=UIS_RECOMPUTATION_STATE_PENDING;Scope=JobScope;RecompPercentageComplete=;MultipleRunsAffected=False;ActiveRunAffected=True;ActiveRunInProgress=True;RunCount=1;Run0Change0=Trajectory;Run0Guid=26158378-0AE9-4659-B298-AE95F83F8063
43193.9830240856,DeliverablesSetup,Computation / Recomputation,ProcessRecomputeState,,,,UIAutomatic,JobGuid=3D41CF0C-CB22-4191-BCD1-A7F7EFA72D9C;State=UIS_RECOMPUTATION_STATE_PENDING;Scope=JobScope;RecompPercentageComplete=;MultipleRunsAffected=False;ActiveRunAffected=True;ActiveRunInProgress=True;RunCount=1;Run0Change0=Trajectory;Run0Guid=26158378-0AE9-4659-B298-AE95F83F8063
43193.9830268866,DnMAcquisition,Computation / Recomputation,ProcessRecomputeState,,,,UIAutomatic,JobGuid=3D41CF0C-CB22-4191-BCD1-A7F7EFA72D9C;State=UIS_RECOMPUTATION_STATE_PENDING;Scope=JobScope;RecompPercentageComplete=;MultipleRunsAffected=False;ActiveRunAffected=True;ActiveRunInProgress=True;RunCount=1;Run0Change0=Trajectory;Run0Guid=26158378-0AE9-4659-B298-AE95F83F8063
43193.9833377083,DnMAcquisition,Data Acquiring - D&M,Survey Manager/Accept survey,Click,Button,Accept,UIInteraction,
43193.9833389352,DeliverablesSetup,Computation / Recomputation,ProcessRecomputeState,,,,UIAutomatic,JobGuid=3D41CF0C-CB22-4191-BCD1-A7F7EFA72D9C;State=UIS_RECOMPUTATION_STATE_PENDING;Scope=JobScope;RecompPercentageComplete=;MultipleRunsAffected=False;ActiveRunAffected=True;ActiveRunInProgress=True;RunCount=1;Run0Change0=Trajectory;Run0Guid=26158378-0AE9-4659-B298-AE95F83F8063
43193.9833389352,Setup,Computation / Recomputation,ProcessRecomputeState,,,,UIAutomatic,JobGuid=3D41CF0C-CB22-4191-BCD1-A7F7EFA72D9C;State=UIS_RECOMPUTATION_STATE_PENDING;Scope=JobScope;RecompPercentageComplete=;MultipleRunsAffected=False;ActiveRunAffected=True;ActiveRunInProgress=True;RunCount=1;Run0Change0=Trajectory;Run0Guid=26158378-0AE9-4659-B298-AE95F83F8063
43193.9833418056,DnMAcquisition,Computation / Recomputation,ProcessRecomputeState,,,,UIAutomatic,JobGuid=3D41CF0C-CB22-4191-BCD1-A7F7EFA72D9C;State=UIS_RECOMPUTATION_STATE_PENDING;Scope=JobScope;RecompPercentageComplete=;MultipleRunsAffected=False;ActiveRunAffected=True;ActiveRunInProgress=True;RunCount=1;Run0Change0=Trajectory;Run0Guid=26158378-0AE9-4659-B298-AE95F83F8063
43193.9838932176,DnMAcquisition,Data Acquiring - D&M,Survey Manager/Accept survey,Click,Button,Accept,UIInteraction,
43193.9838944213,Setup,Computation / Recomputation,ProcessRecomputeState,,,,UIAutomatic,JobGuid=3D41CF0C-CB22-4191-BCD1-A7F7EFA72D9C;State=UIS_RECOMPUTATION_STATE_PENDING;Scope=JobScope;RecompPercentageComplete=;MultipleRunsAffected=False;ActiveRunAffected=True;ActiveRunInProgress=True;RunCount=1;Run0Change0=Trajectory;Run0Guid=26158378-0AE9-4659-B298-AE95F83F8063
43193.983894537,DeliverablesSetup,Computation / Recomputation,ProcessRecomputeState,,,,UIAutomatic,JobGuid=3D41CF0C-CB22-4191-BCD1-A7F7EFA72D9C;State=UIS_RECOMPUTATION_STATE_PENDING;Scope=JobScope;RecompPercentageComplete=;MultipleRunsAffected=False;ActiveRunAffected=True;ActiveRunInProgress=True;RunCount=1;Run0Change0=Trajectory;Run0Guid=26158378-0AE9-4659-B298-AE95F83F8063
43193.9838973148,DnMAcquisition,Computation / Recomputation,ProcessRecomputeState,,,,UIAutomatic,JobGuid=3D41CF0C-CB22-4191-BCD1-A7F7EFA72D9C;State=UIS_RECOMPUTATION_STATE_PENDING;Scope=JobScope;RecompPercentageComplete=;MultipleRunsAffected=False;ActiveRunAffected=True;ActiveRunInProgress=True;RunCount=1;Run0Change0=Trajectory;Run0Guid=26158378-0AE9-4659-B298-AE95F83F8063
43193.9847083449,DnMAcquisition,Data Acquiring - D&M,Survey Manager/Accept survey,Click,Button,Accept,UIInteraction,
43193.984709537,DeliverablesSetup,Computation / Recomputation,ProcessRecomputeState,,,,UIAutomatic,JobGuid=3D41CF0C-CB22-4191-BCD1-A7F7EFA72D9C;State=UIS_RECOMPUTATION_STATE_PENDING;Scope=JobScope;RecompPercentageComplete=;MultipleRunsAffected=False;ActiveRunAffected=True;ActiveRunInProgress=True;RunCount=1;Run0Change0=Trajectory;Run0Guid=26158378-0AE9-4659-B298-AE95F83F8063
43193.984709537,Setup,Computation / Recomputation,ProcessRecomputeState,,,,UIAutomatic,JobGuid=3D41CF0C-CB22-4191-BCD1-A7F7EFA72D9C;State=UIS_RECOMPUTATION_STATE_PENDING;Scope=JobScope;RecompPercentageComplete=;MultipleRunsAffected=False;ActiveRunAffected=True;ActiveRunInProgress=True;RunCount=1;Run0Change0=Trajectory;Run0Guid=26158378-0AE9-4659-B298-AE95F83F8063
43193.9847124768,DnMAcquisition,Computation / Recomputation,ProcessRecomputeState,,,,UIAutomatic,JobGuid=3D41CF0C-CB22-4191-BCD1-A7F7EFA72D9C;State=UIS_RECOMPUTATION_STATE_PENDING;Scope=JobScope;RecompPercentageComplete=;MultipleRunsAffected=False;ActiveRunAffected=True;ActiveRunInProgress=True;RunCount=1;Run0Change0=Trajectory;Run0Guid=26158378-0AE9-4659-B298-AE95F83F8063
43193.9854433218,DnMAcquisition,Data Acquiring - D&M,Survey Manager/Accept survey,Click,Button,Accept,UIInteraction,
43193.9854445602,Setup,Computation / Recomputation,ProcessRecomputeState,,,,UIAutomatic,JobGuid=3D41CF0C-CB22-4191-BCD1-A7F7EFA72D9C;State=UIS_RECOMPUTATION_STATE_PENDING;Scope=JobScope;RecompPercentageComplete=;MultipleRunsAffected=False;ActiveRunAffected=True;ActiveRunInProgress=True;RunCount=1;Run0Change0=Trajectory;Run0Guid=26158378-0AE9-4659-B298-AE95F83F8063
43193.9854445718,DeliverablesSetup,Computation / Recomputation,ProcessRecomputeState,,,,UIAutomatic,JobGuid=3D41CF0C-CB22-4191-BCD1-A7F7EFA72D9C;State=UIS_RECOMPUTATION_STATE_PENDING;Scope=JobScope;RecompPercentageComplete=;MultipleRunsAffected=False;ActiveRunAffected=True;ActiveRunInProgress=True;RunCount=1;Run0Change0=Trajectory;Run0Guid=26158378-0AE9-4659-B298-AE95F83F8063
43193.9854492245,DnMAcquisition,Computation / Recomputation,ProcessRecomputeState,,,,UIAutomatic,JobGuid=3D41CF0C-CB22-4191-BCD1-A7F7EFA72D9C;State=UIS_RECOMPUTATION_STATE_PENDING;Scope=JobScope;RecompPercentageComplete=;MultipleRunsAffected=False;ActiveRunAffected=True;ActiveRunInProgress=True;RunCount=1;Run0Change0=Trajectory;Run0Guid=26158378-0AE9-4659-B298-AE95F83F8063
43193.986481412,DnMAcquisition,Data Acquiring - D&M,Survey Manager/Accept survey,Click,Button,Accept,UIInteraction,
43193.9864824653,Setup,Computation / Recomputation,ProcessRecomputeState,,,,UIAutomatic,JobGuid=3D41CF0C-CB22-4191-BCD1-A7F7EFA72D9C;State=UIS_RECOMPUTATION_STATE_PENDING;Scope=JobScope;RecompPercentageComplete=;MultipleRunsAffected=False;ActiveRunAffected=True;ActiveRunInProgress=True;RunCount=1;Run0Change0=Trajectory;Run0Guid=26158378-0AE9-4659-B298-AE95F83F8063
43193.9864824653,DeliverablesSetup,Computation / Recomputation,ProcessRecomputeState,,,,UIAutomatic,JobGuid=3D41CF0C-CB22-4191-BCD1-A7F7EFA72D9C;State=UIS_RECOMPUTATION_STATE_PENDING;Scope=JobScope;RecompPercentageComplete=;MultipleRunsAffected=False;ActiveRunAffected=True;ActiveRunInProgress=True;RunCount=1;Run0Change0=Trajectory;Run0Guid=26158378-0AE9-4659-B298-AE95F83F8063
43193.9864858449,DnMAcquisition,Computation / Recomputation,ProcessRecomputeState,,,,UIAutomatic,JobGuid=3D41CF0C-CB22-4191-BCD1-A7F7EFA72D9C;State=UIS_RECOMPUTATION_STATE_PENDING;Scope=JobScope;RecompPercentageComplete=;MultipleRunsAffected=False;ActiveRunAffected=True;ActiveRunInProgress=True;RunCount=1;Run0Change0=Trajectory;Run0Guid=26158378-0AE9-4659-B298-AE95F83F8063
43193.9872371181,DnMAcquisition,Data Acquiring - D&M,Survey Manager/Accept survey,Click,Button,Accept,UIInteraction,
43193.9872382523,Setup,Computation / Recomputation,ProcessRecomputeState,,,,UIAutomatic,JobGuid=3D41CF0C-CB22-4191-BCD1-A7F7EFA72D9C;State=UIS_RECOMPUTATION_STATE_PENDING;Scope=JobScope;RecompPercentageComplete=;MultipleRunsAffected=False;ActiveRunAffected=True;ActiveRunInProgress=True;RunCount=1;Run0Change0=Trajectory;Run0Guid=26158378-0AE9-4659-B298-AE95F83F8063
43193.9872383796,DeliverablesSetup,Computation / Recomputation,ProcessRecomputeState,,,,UIAutomatic,JobGuid=3D41CF0C-CB22-4191-BCD1-A7F7EFA72D9C;State=UIS_RECOMPUTATION_STATE_PENDING;Scope=JobScope;RecompPercentageComplete=;MultipleRunsAffected=False;ActiveRunAffected=True;ActiveRunInProgress=True;RunCount=1;Run0Change0=Trajectory;Run0Guid=26158378-0AE9-4659-B298-AE95F83F8063
43193.9872413773,DnMAcquisition,Computation / Recomputation,ProcessRecomputeState,,,,UIAutomatic,JobGuid=3D41CF0C-CB22-4191-BCD1-A7F7EFA72D9C;State=UIS_RECOMPUTATION_STATE_PENDING;Scope=JobScope;RecompPercentageComplete=;MultipleRunsAffected=False;ActiveRunAffected=True;ActiveRunInProgress=True;RunCount=1;Run0Change0=Trajectory;Run0Guid=26158378-0AE9-4659-B298-AE95F83F8063
43193.9878996759,DnMAcquisition,Data Acquiring - D&M,Survey Manager/Accept survey,Click,Button,Accept,UIInteraction,
43193.9879009028,DeliverablesSetup,Computation / Recomputation,ProcessRecomputeState,,,,UIAutomatic,JobGuid=3D41CF0C-CB22-4191-BCD1-A7F7EFA72D9C;State=UIS_RECOMPUTATION_STATE_PENDING;Scope=JobScope;RecompPercentageComplete=;MultipleRunsAffected=False;ActiveRunAffected=True;ActiveRunInProgress=True;RunCount=1;Run0Change0=Trajectory;Run0Guid=26158378-0AE9-4659-B298-AE95F83F8063
43193.9879009838,Setup,Computation / Recomputation,ProcessRecomputeState,,,,UIAutomatic,JobGuid=3D41CF0C-CB22-4191-BCD1-A7F7EFA72D9C;State=UIS_RECOMPUTATION_STATE_PENDING;Scope=JobScope;RecompPercentageComplete=;MultipleRunsAffected=False;ActiveRunAffected=True;ActiveRunInProgress=True;RunCount=1;Run0Change0=Trajectory;Run0Guid=26158378-0AE9-4659-B298-AE95F83F8063
43193.9879040625,DnMAcquisition,Computation / Recomputation,ProcessRecomputeState,,,,UIAutomatic,JobGuid=3D41CF0C-CB22-4191-BCD1-A7F7EFA72D9C;State=UIS_RECOMPUTATION_STATE_PENDING;Scope=JobScope;RecompPercentageComplete=;MultipleRunsAffected=False;ActiveRunAffected=True;ActiveRunInProgress=True;RunCount=1;Run0Change0=Trajectory;Run0Guid=26158378-0AE9-4659-B298-AE95F83F8063
43193.9885191782,DnMAcquisition,Data Acquiring - D&M,Survey Manager/Accept survey,Click,Button,Accept,UIInteraction,
43193.9885203125,DeliverablesSetup,Computation / Recomputation,ProcessRecomputeState,,,,UIAutomatic,JobGuid=3D41CF0C-CB22-4191-BCD1-A7F7EFA72D9C;State=UIS_RECOMPUTATION_STATE_PENDING;Scope=JobScope;RecompPercentageComplete=;MultipleRunsAffected=False;ActiveRunAffected=True;ActiveRunInProgress=True;RunCount=1;Run0Change0=Trajectory;Run0Guid=26158378-0AE9-4659-B298-AE95F83F8063
43193.9885203125,Setup,Computation / Recomputation,ProcessRecomputeState,,,,UIAutomatic,JobGuid=3D41CF0C-CB22-4191-BCD1-A7F7EFA72D9C;State=UIS_RECOMPUTATION_STATE_PENDING;Scope=JobScope;RecompPercentageComplete=;MultipleRunsAffected=False;ActiveRunAffected=True;ActiveRunInProgress=True;RunCount=1;Run0Change0=Trajectory;Run0Guid=26158378-0AE9-4659-B298-AE95F83F8063
43193.9885233218,DnMAcquisition,Computation / Recomputation,ProcessRecomputeState,,,,UIAutomatic,JobGuid=3D41CF0C-CB22-4191-BCD1-A7F7EFA72D9C;State=UIS_RECOMPUTATION_STATE_PENDING;Scope=JobScope;RecompPercentageComplete=;MultipleRunsAffected=False;ActiveRunAffected=True;ActiveRunInProgress=True;RunCount=1;Run0Change0=Trajectory;Run0Guid=26158378-0AE9-4659-B298-AE95F83F8063
43193.9887909606,DnMAcquisition,Data Acquiring - D&M,Survey Manager/Accept survey,Click,Button,Accept,UIInteraction,
43193.9887921991,DeliverablesSetup,Computation / Recomputation,ProcessRecomputeState,,,,UIAutomatic,JobGuid=3D41CF0C-CB22-4191-BCD1-A7F7EFA72D9C;State=UIS_RECOMPUTATION_STATE_PENDING;Scope=JobScope;RecompPercentageComplete=;MultipleRunsAffected=False;ActiveRunAffected=True;ActiveRunInProgress=True;RunCount=1;Run0Change0=Trajectory;Run0Guid=26158378-0AE9-4659-B298-AE95F83F8063
43193.9887921991,Setup,Computation / Recomputation,ProcessRecomputeState,,,,UIAutomatic,JobGuid=3D41CF0C-CB22-4191-BCD1-A7F7EFA72D9C;State=UIS_RECOMPUTATION_STATE_PENDING;Scope=JobScope;RecompPercentageComplete=;MultipleRunsAffected=False;ActiveRunAffected=True;ActiveRunInProgress=True;RunCount=1;Run0Change0=Trajectory;Run0Guid=26158378-0AE9-4659-B298-AE95F83F8063
43193.9887955324,DnMAcquisition,Computation / Recomputation,ProcessRecomputeState,,,,UIAutomatic,JobGuid=3D41CF0C-CB22-4191-BCD1-A7F7EFA72D9C;State=UIS_RECOMPUTATION_STATE_PENDING;Scope=JobScope;RecompPercentageComplete=;MultipleRunsAffected=False;ActiveRunAffected=True;ActiveRunInProgress=True;RunCount=1;Run0Change0=Trajectory;Run0Guid=26158378-0AE9-4659-B298-AE95F83F8063
43193.989141331,DnMAcquisition,Data Acquiring - D&M,Survey Manager/Reject survey,Click,Button,Reject,UIInteraction,
43193.9904459606,DnMAcquisition,Data Acquiring - D&M,Survey Manager/Accept survey,Click,Button,Accept,UIInteraction,
43193.9904470949,DeliverablesSetup,Computation / Recomputation,ProcessRecomputeState,,,,UIAutomatic,JobGuid=3D41CF0C-CB22-4191-BCD1-A7F7EFA72D9C;State=UIS_RECOMPUTATION_STATE_PENDING;Scope=JobScope;RecompPercentageComplete=;MultipleRunsAffected=False;ActiveRunAffected=True;ActiveRunInProgress=True;RunCount=1;Run0Change0=Trajectory;Run0Guid=26158378-0AE9-4659-B298-AE95F83F8063
43193.9904470949,Setup,Computation / Recomputation,ProcessRecomputeState,,,,UIAutomatic,JobGuid=3D41CF0C-CB22-4191-BCD1-A7F7EFA72D9C;State=UIS_RECOMPUTATION_STATE_PENDING;Scope=JobScope;RecompPercentageComplete=;MultipleRunsAffected=False;ActiveRunAffected=True;ActiveRunInProgress=True;RunCount=1;Run0Change0=Trajectory;Run0Guid=26158378-0AE9-4659-B298-AE95F83F8063
43193.9904525,DnMAcquisition,Computation / Recomputation,ProcessRecomputeState,,,,UIAutomatic,JobGuid=3D41CF0C-CB22-4191-BCD1-A7F7EFA72D9C;State=UIS_RECOMPUTATION_STATE_PENDING;Scope=JobScope;RecompPercentageComplete=;MultipleRunsAffected=False;ActiveRunAffected=True;ActiveRunInProgress=True;RunCount=1;Run0Change0=Trajectory;Run0Guid=26158378-0AE9-4659-B298-AE95F83F8063
43193.9909215625,DnMAcquisition,Data Acquiring - D&M,Survey Manager/Accept survey,Click,Button,Accept,UIInteraction,
43193.9909228472,DeliverablesSetup,Computation / Recomputation,ProcessRecomputeState,,,,UIAutomatic,JobGuid=3D41CF0C-CB22-4191-BCD1-A7F7EFA72D9C;State=UIS_RECOMPUTATION_STATE_PENDING;Scope=JobScope;RecompPercentageComplete=;MultipleRunsAffected=False;ActiveRunAffected=True;ActiveRunInProgress=True;RunCount=1;Run0Change0=Trajectory;Run0Guid=26158378-0AE9-4659-B298-AE95F83F8063
43193.9909285069,DnMAcquisition,Computation / Recomputation,ProcessRecomputeState,,,,UIAutomatic,JobGuid=3D41CF0C-CB22-4191-BCD1-A7F7EFA72D9C;State=UIS_RECOMPUTATION_STATE_PENDING;Scope=JobScope;RecompPercentageComplete=;MultipleRunsAffected=False;ActiveRunAffected=True;ActiveRunInProgress=True;RunCount=1;Run0Change0=Trajectory;Run0Guid=26158378-0AE9-4659-B298-AE95F83F8063
43193.9909228472,Setup,Computation / Recomputation,ProcessRecomputeState,,,,UIAutomatic,JobGuid=3D41CF0C-CB22-4191-BCD1-A7F7EFA72D9C;State=UIS_RECOMPUTATION_STATE_PENDING;Scope=JobScope;RecompPercentageComplete=;MultipleRunsAffected=False;ActiveRunAffected=True;ActiveRunInProgress=True;RunCount=1;Run0Change0=Trajectory;Run0Guid=26158378-0AE9-4659-B298-AE95F83F8063
43193.9920227662,DnMAcquisition,Data Acquiring - D&M,Survey Manager/Accept survey,Click,Button,Accept,UIInteraction,
43193.9920240394,Setup,Computation / Recomputation,ProcessRecomputeState,,,,UIAutomatic,JobGuid=3D41CF0C-CB22-4191-BCD1-A7F7EFA72D9C;State=UIS_RECOMPUTATION_STATE_PENDING;Scope=JobScope;RecompPercentageComplete=;MultipleRunsAffected=False;ActiveRunAffected=True;ActiveRunInProgress=True;RunCount=1;Run0Change0=Trajectory;Run0Guid=26158378-0AE9-4659-B298-AE95F83F8063
43193.9920240625,DeliverablesSetup,Computation / Recomputation,ProcessRecomputeState,,,,UIAutomatic,JobGuid=3D41CF0C-CB22-4191-BCD1-A7F7EFA72D9C;State=UIS_RECOMPUTATION_STATE_PENDING;Scope=JobScope;RecompPercentageComplete=;MultipleRunsAffected=False;ActiveRunAffected=True;ActiveRunInProgress=True;RunCount=1;Run0Change0=Trajectory;Run0Guid=26158378-0AE9-4659-B298-AE95F83F8063
43193.9920310532,DnMAcquisition,Computation / Recomputation,ProcessRecomputeState,,,,UIAutomatic,JobGuid=3D41CF0C-CB22-4191-BCD1-A7F7EFA72D9C;State=UIS_RECOMPUTATION_STATE_PENDING;Scope=JobScope;RecompPercentageComplete=;MultipleRunsAffected=False;ActiveRunAffected=True;ActiveRunInProgress=True;RunCount=1;Run0Change0=Trajectory;Run0Guid=26158378-0AE9-4659-B298-AE95F83F8063
43193.9930256366,DnMAcquisition,Data Acquiring - D&M,Survey Manager/Accept survey,Click,Button,Accept,UIInteraction,
43193.9930270718,Setup,Computation / Recomputation,ProcessRecomputeState,,,,UIAutomatic,JobGuid=3D41CF0C-CB22-4191-BCD1-A7F7EFA72D9C;State=UIS_RECOMPUTATION_STATE_PENDING;Scope=JobScope;RecompPercentageComplete=;MultipleRunsAffected=False;ActiveRunAffected=True;ActiveRunInProgress=True;RunCount=1;Run0Change0=Trajectory;Run0Guid=26158378-0AE9-4659-B298-AE95F83F8063
43193.9930270718,DeliverablesSetup,Computation / Recomputation,ProcessRecomputeState,,,,UIAutomatic,JobGuid=3D41CF0C-CB22-4191-BCD1-A7F7EFA72D9C;State=UIS_RECOMPUTATION_STATE_PENDING;Scope=JobScope;RecompPercentageComplete=;MultipleRunsAffected=False;ActiveRunAffected=True;ActiveRunInProgress=True;RunCount=1;Run0Change0=Trajectory;Run0Guid=26158378-0AE9-4659-B298-AE95F83F8063
43193.9930322569,DnMAcquisition,Computation / Recomputation,ProcessRecomputeState,,,,UIAutomatic,JobGuid=3D41CF0C-CB22-4191-BCD1-A7F7EFA72D9C;State=UIS_RECOMPUTATION_STATE_PENDING;Scope=JobScope;RecompPercentageComplete=;MultipleRunsAffected=False;ActiveRunAffected=True;ActiveRunInProgress=True;RunCount=1;Run0Change0=Trajectory;Run0Guid=26158378-0AE9-4659-B298-AE95F83F8063
43193.996372338,Setup,Computation / Recomputation,ProcessRecomputeState,,,,UIAutomatic,JobGuid=3D41CF0C-CB22-4191-BCD1-A7F7EFA72D9C;State=UIS_RECOMPUTATION_STATE_PENDING;Scope=JobScope;RecompPercentageComplete=;MultipleRunsAffected=False;ActiveRunAffected=True;ActiveRunInProgress=True;RunCount=1;Run0Change0=Trajectory;Run0Guid=26158378-0AE9-4659-B298-AE95F83F8063
43193.9963710532,DnMAcquisition,Data Acquiring - D&M,Survey Manager/Accept survey,Click,Button,Accept,UIInteraction,
43193.996372338,DeliverablesSetup,Computation / Recomputation,ProcessRecomputeState,,,,UIAutomatic,JobGuid=3D41CF0C-CB22-4191-BCD1-A7F7EFA72D9C;State=UIS_RECOMPUTATION_STATE_PENDING;Scope=JobScope;RecompPercentageComplete=;MultipleRunsAffected=False;ActiveRunAffected=True;ActiveRunInProgress=True;RunCount=1;Run0Change0=Trajectory;Run0Guid=26158378-0AE9-4659-B298-AE95F83F8063
43193.9963776389,DnMAcquisition,Computation / Recomputation,ProcessRecomputeState,,,,UIAutomatic,JobGuid=3D41CF0C-CB22-4191-BCD1-A7F7EFA72D9C;State=UIS_RECOMPUTATION_STATE_PENDING;Scope=JobScope;RecompPercentageComplete=;MultipleRunsAffected=False;ActiveRunAffected=True;ActiveRunInProgress=True;RunCount=1;Run0Change0=Trajectory;Run0Guid=26158378-0AE9-4659-B298-AE95F83F8063
43194.0011215394,DnMAcquisition,Computation / Recomputation,Recompute All Pending Runs,Click,ToolbarButton,Recompute All Pending Runs,UIInteraction,
43194.0011215625,DnMAcquisition,Computation / Recomputation,Start Recomputation During Acquisition,Click,ToolbarButton,Recompute All Pending Runs,UIInteraction,FeatureName=Framework.RTOOP
43194.0011216319,Setup,Computation / Recomputation,ProcessRecomputeState,,,,UIAutomatic,JobGuid=3D41CF0C-CB22-4191-BCD1-A7F7EFA72D9C;State=UIS_RECOMPUTATION_STATE_STARTING;Scope=JobScope;RecompPercentageComplete=;MultipleRunsAffected=False;ActiveRunAffected=True;ActiveRunInProgress=True;RunCount=1;Run0Change0=Trajectory;Run0Guid=26158378-0AE9-4659-B298-AE95F83F8063
43194.0011216319,DeliverablesSetup,Computation / Recomputation,ProcessRecomputeState,,,,UIAutomatic,JobGuid=3D41CF0C-CB22-4191-BCD1-A7F7EFA72D9C;State=UIS_RECOMPUTATION_STATE_STARTING;Scope=JobScope;RecompPercentageComplete=;MultipleRunsAffected=False;ActiveRunAffected=True;ActiveRunInProgress=True;RunCount=1;Run0Change0=Trajectory;Run0Guid=26158378-0AE9-4659-B298-AE95F83F8063
43194.0011219792,DnMAcquisition,Computation / Recomputation,ProcessRecomputeState,,,,UIAutomatic,JobGuid=3D41CF0C-CB22-4191-BCD1-A7F7EFA72D9C;State=UIS_RECOMPUTATION_STATE_STARTING;Scope=JobScope;RecompPercentageComplete=;MultipleRunsAffected=False;ActiveRunAffected=True;ActiveRunInProgress=True;RunCount=1;Run0Change0=Trajectory;Run0Guid=26158378-0AE9-4659-B298-AE95F83F8063
43194.0011225694,DeliverablesSetup,Computation / Recomputation,ProcessRecomputeState,,,,UIAutomatic,JobGuid=3D41CF0C-CB22-4191-BCD1-A7F7EFA72D9C;State=UIS_RECOMPUTATION_STATE_IN_PROGRESS;Scope=JobScope;RecompPercentageComplete=;MultipleRunsAffected=False;ActiveRunAffected=True;ActiveRunInProgress=True;RunCount=1;Run0Change0=Trajectory;Run0Guid=26158378-0AE9-4659-B298-AE95F83F8063
43194.0011225694,DnMAcquisition,Computation / Recomputation,ProcessRecomputeState,,,,UIAutomatic,JobGuid=3D41CF0C-CB22-4191-BCD1-A7F7EFA72D9C;State=UIS_RECOMPUTATION_STATE_IN_PROGRESS;Scope=JobScope;RecompPercentageComplete=;MultipleRunsAffected=False;ActiveRunAffected=True;ActiveRunInProgress=True;RunCount=1;Run0Change0=Trajectory;Run0Guid=26158378-0AE9-4659-B298-AE95F83F8063
43194.0011225694,Setup,Computation / Recomputation,ProcessRecomputeState,,,,UIAutomatic,JobGuid=3D41CF0C-CB22-4191-BCD1-A7F7EFA72D9C;State=UIS_RECOMPUTATION_STATE_IN_PROGRESS;Scope=JobScope;RecompPercentageComplete=;MultipleRunsAffected=False;ActiveRunAffected=True;ActiveRunInProgress=True;RunCount=1;Run0Change0=Trajectory;Run0Guid=26158378-0AE9-4659-B298-AE95F83F8063
43194.0027408681,DnMAcquisition,Computation / Recomputation,ProcessRecomputeState,,,,UIAutomatic,JobGuid=3D41CF0C-CB22-4191-BCD1-A7F7EFA72D9C;State=UIS_RECOMPUTATION_STATE_SUCCEEDED;Scope=JobScope;RecompPercentageComplete=;MultipleRunsAffected=False;ActiveRunAffected=True;ActiveRunInProgress=True;RunCount=1;Run0Change0=Trajectory;Run0Guid=26158378-0AE9-4659-B298-AE95F83F8063
43194.0027410069,Setup,Computation / Recomputation,ProcessRecomputeState,,,,UIAutomatic,JobGuid=3D41CF0C-CB22-4191-BCD1-A7F7EFA72D9C;State=UIS_RECOMPUTATION_STATE_SUCCEEDED;Scope=JobScope;RecompPercentageComplete=;MultipleRunsAffected=False;ActiveRunAffected=True;ActiveRunInProgress=True;RunCount=1;Run0Change0=Trajectory;Run0Guid=26158378-0AE9-4659-B298-AE95F83F8063
43194.0027408681,DeliverablesSetup,Computation / Recomputation,ProcessRecomputeState,,,,UIAutomatic,JobGuid=3D41CF0C-CB22-4191-BCD1-A7F7EFA72D9C;State=UIS_RECOMPUTATION_STATE_SUCCEEDED;Scope=JobScope;RecompPercentageComplete=;MultipleRunsAffected=False;ActiveRunAffected=True;ActiveRunInProgress=True;RunCount=1;Run0Change0=Trajectory;Run0Guid=26158378-0AE9-4659-B298-AE95F83F8063
43194.0028170833,DnMAcquisition,Manage Tasks,HSPM Control,DoubleClick,TreeView,HSPM Control,UIInteraction,TaskName=HSPM Control
43194.0028171644,DnMAcquisition,Data Acquiring - D&M,HSPM Control/Set Location,Click,ComboBox,LOCAL,UIInteraction,
43194.0028171759,DnMAcquisition,Data Acquiring - D&M,HSPM Control/Set Recover Buffer,Click,ComboBox,Yes,UIInteraction,
43194.0028424537,DnMAcquisition,Data Acquiring - D&M,HSPM Control/Disconnect,Click,Button,Disconnect,UIInteraction,
43194.003531875,Setup,Run Manager (Internal),Stop Run,Click,Button,Stop,UIInteraction,RunGuid=26158378-0AE9-4659-B298-AE95F83F8063
43194.0035744097,Setup,Run Manager (Internal),Confirm to Stop Run,Click,Button,OK,UIInteraction,RunGuid=26158378-0AE9-4659-B298-AE95F83F8063
43194.0037049421,DeliverablesSetup,UI Framework,Switch View,Click,ToolbarButton,Deliverables Display View,UIInteraction,
43194.0037797685,DeliverablesSetup,Deliverables - Digital,Create Job Archive,Click,ContextMenu,Create,UIInteraction,ArchiveGuid=3D41CF0C-CB22-4191-BCD1-A7F7EFA72D9C;JobArchiveType=3.0
43194.0040080556,DeliverablesSetup,UI Framework,Close Console,Click,Button,,UIInteraction,JobGuid=3D41CF0C-CB22-4191-BCD1-A7F7EFA72D9C
43194.0040427083,DeliverablesSetup,UI Framework,OK to Close Deliverables - Display Console,Click,Button,OK,UIInteraction,
43194.004122963,,Console/Job Manager,Stop Setup Console,Click,Button,Stop,UIInteraction,JobGuid=3D41CF0C-CB22-4191-BCD1-A7F7EFA72D9C
43194.0042055787,,Console/Job Manager,Stop Job,Click,Button,Stop,UIInteraction,JobGuid=3D41CF0C-CB22-4191-BCD1-A7F7EFA72D9C
