Time,Process,Component,Operation,Action,Control,ControlText,Category,Context
43194.1543754282,,Console/Job Manager,Start Job,Click,Button,Start,UIInteraction,JobName=upct_demo;WellName=bgc;ClientName=BGCAT;StartDate=4/4/2018 3:41 AM;Workflow=Wireline;Simulator=True;UnitSystem=English;RTBackupDir=C:\Autobackup;JobSize=0;State=Available;SideTrackId=0;SessionID=485A4642-F17F-4D4D-81F7-B30759B4AE92;SortOrder=1;JobGUID=CB98CFE2-7D8D-40FC-ABD0-ADB6C1CC30FE;WellGUID=C8AA6BC3-8C18-4646-B56B-E3ECB45888FE;BoreholeGUID=07F84B5E-1F57-4A51-A801-15D777158EC8;MachineName=HPV04-006;UserName=Engineer;UserDomainName=HPV04-006;OS=Microsoft Windows NT 6.1.7601 Service Pack 1;StartedJobCount=0;TimeZone=00:00:00;IPAddress_1=192.168.78.163;IPAddress_2=::1;MWVersion=9.0.100745.3100
43194.1547212153,,Console/Job Manager,Start Deliverables Console,Click,Button,Start...,UIInteraction,JobGuid=CB98CFE2-7D8D-40FC-ABD0-ADB6C1CC30FE
43194.1549050463,DeliverablesSetup,UI Framework,Start Console,,,Deliverables Console Setup - Job upct_demo,UIAutomatic,
43194.1549264005,,Console/Job Manager,Start Setup Console,Click,Button,Start...,UIInteraction,JobGuid=CB98CFE2-7D8D-40FC-ABD0-ADB6C1CC30FE
43194.1550100116,Setup,Calibration,Select Calibration Report Type,Click,ComboBox,Technical Concise,UIInteraction,
43194.1551358565,Setup,UI Framework,Start Console,,,Setup - Job upct_demo,UIAutomatic,
43194.1551855324,Setup,Equipment,New ToolString,Click,ToolbarButton,New ToolString,UIInteraction,ToolstringName=New ToolString;ToolstringGuid=4480FAD3-6786-454C-9886-A4B9D2523547
43194.1552239468,Setup,Equipment,Rename ToolString,Input,TextBox,New ToolString,UIInteraction,ToolstringGuid=4480FAD3-6786-454C-9886-A4B9D2523547
43194.1552239699,Setup,Equipment,Rename ToolString,,,,UIAutomatic,State=Cancel
43194.1552350579,Setup,Equipment,Filter Equipment in Catalog,Input,TextBox,,UIInteraction,Text=BNS-UPCT
43194.1552382292,Setup,Equipment,Rename ToolString,Input,TextBox,New ToolString,UIInteraction,ToolstringGuid=4480FAD3-6786-454C-9886-A4B9D2523547
43194.1552345023,Setup,Equipment,Filter Equipment in Catalog,Input,TextBox,,UIInteraction,Text=BNS-UPCT
43194.1552400926,Setup,Equipment,Add Equipment from Catalog to ToolString,Click,ToolbarButton,Add to ToolString,UIInteraction,EquipmentName=BNS-UPCT
43194.1552426157,Setup,Equipment,Filter Equipment in Catalog,Input,TextBox,,UIInteraction,Text=UPCT-A
43194.1552427315,Setup,Equipment,Filter Equipment in Catalog,Input,TextBox,,UIInteraction,Text=UPCT-A
43194.1552481597,Setup,Equipment,Add Equipment from Catalog to ToolString,Click,ToolbarButton,Add to ToolString,UIInteraction,EquipmentName=UPCT-A
43194.1552602546,Setup,Equipment,Filter Equipment in Catalog,Input,TextBox,,UIInteraction,Text=EQF-39
43194.1552603588,Setup,Equipment,Filter Equipment in Catalog,Input,TextBox,,UIInteraction,Text=EQF-39
43194.1552606019,DeliverablesSetup,Tier Manager,Tier Template Created for Tools in My Equipment,,,UPCT-A Tier Created,Deliverables Console,
43194.1552648264,Setup,Equipment,Add Equipment from Catalog to ToolString,Click,ToolbarButton,Add to ToolString,UIInteraction,EquipmentName=EQF-39
43194.1552666667,Setup,Equipment,Filter Equipment in Catalog,Input,TextBox,,UIInteraction,Text=MH-28
43194.155266794,Setup,Equipment,Filter Equipment in Catalog,Input,TextBox,,UIInteraction,Text=MH-28
43194.1552729745,Setup,Equipment,Add Equipment from Catalog to ToolString,Click,ToolbarButton,Add to ToolString,UIInteraction,EquipmentName=MH-28
43194.1552887616,Setup,Equipment,Validate ToolString,Click,ContextMenu,Validate,UIInteraction,Validated State=TS_VALIDATION_VALID;Validated Message=<ToolStringValidation><ToolStringGuid>4480FAD3-6786-454C-9886-A4B9D2523547</ToolStringGuid><ToolStringName>New ToolString</ToolStringName><SourceAction>Validate</SourceAction><IsAutomatic>FALSE</IsAutomatic></ToolStringValidation>
43194.1555257407,Setup,Properties & Parameters,Change Property Value,Update,GridCell,999,UIInteraction,OSDD=EP_SERIAL_NUMBER;EnsemblePath=UPCT-A:UPCC-A:UPCC-A
43194.1555452546,Setup,Properties & Parameters,Change Property Value,Update,GridCell,999,UIInteraction,OSDD=EP_SERIAL_NUMBER;EnsemblePath=UPCT-A:UPCC-A:UPCH-A
43194.1556256019,Setup,Equipment,Rename ToolString,Click,ContextMenu,Rename,UIInteraction,
43194.1556290509,Setup,Equipment,Rename ToolString,Input,TextBox,upct,UIInteraction,ToolstringGuid=4480FAD3-6786-454C-9886-A4B9D2523547
43194.1556949306,Setup,Properties & Parameters,Change Property Value,Update,GridCell,7-46P,UIInteraction,OSDD=EP_LCEQUIP_TYP;EnsemblePath=LOGGING_CABLE
43194.1557859722,Setup,UI Framework,Switch Tab,Click,Tab,DnI Initializations,UIInteraction,
43194.1557994444,Setup,DnI/Survey,Select Decimal,Click,RadioButton,Decimal,UIInteraction,
43194.1558201968,Setup,DnI/Survey,Enter Latitude,Input,TextBox,40,UIInteraction,
43194.1558304514,Setup,DnI/Survey,Enter Longitude,Input,TextBox,116,UIInteraction,
43194.155840706,Setup,UI Framework,Switch Tab,Click,Tab,Equipment,UIInteraction,
43194.1558809375,Setup,DnI/Survey,Select Permanent Datum,Click,ComboBox,Mean Sea Level,UIInteraction,
43194.1558861574,Setup,DnI/Survey,Select Log Measured From,Click,ComboBox,Drill Floor,UIInteraction,
43194.1558928472,Setup,DnI/Survey,Enter Elevation of 'Log Measured From',Input,TextBox,10,UIInteraction,LogMeasuredFrom=Drill Floor
43194.155904537,Setup,UI Framework,Switch Tab,Click,Tab,DnI Initializations,UIInteraction,
43194.1559341204,Setup,DnI/Survey,Compute DnI/Elevation,Click,Button,Compute,UIInteraction,
43194.1560637037,Setup,UI Framework,Switch Tab,Click,Tab,Wellbore,UIInteraction,
43194.1560683333,Setup,Well Setup (Internal),Select Run Number,Click,ComboBox,1,UIInteraction,RunGuid=40B610F5-3957-461A-8B84-5EB159F38B8D
43194.1560793519,Setup,Well Setup (Internal),Enter Size for Bit Size,Update,GridCell,12.25,UIInteraction,Row=1;Column=Size (in);RunGuid=40B610F5-3957-461A-8B84-5EB159F38B8D
43194.156098588,Setup,Well Setup (Internal),Enter Driller Bottom for Bit Size,Update,GridCell,3500,UIInteraction,Row=1;Column=Driller Bottom (ft);RunGuid=40B610F5-3957-461A-8B84-5EB159F38B8D
43194.1561144444,Setup,UI Framework,Switch Tab,Click,Tab,Equipment,UIInteraction,
43194.1561247454,Setup,Equipment,Activate ToolString for Shop Calibration,Click,ContextMenu,Activate for Checks and Calibration,UIInteraction,TooStringGuid=4480FAD3-6786-454C-9886-A4B9D2523547
43194.1562584838,Simulation,UI Framework,Start Console,,,Simulation Console - Job upct_demo,UIAutomatic,
43194.1563584144,ShopCalibration,Calibration,Select Calibration Report Type,Click,ComboBox,Technical Concise,UIInteraction,
43194.1563851736,ShopCalibration,Calibration,Select Calibration in Calibration Report,Click,ComboBox,{All Calibrations},UIInteraction,
43194.1563851968,ShopCalibration,Calibration,Select Tool in Calibration Report,Click,ComboBox,UPCT-A:999,UIInteraction,ToolName=UPCT-A:999
43194.1563857639,ShopCalibration,UI Framework,Start Console,,,Shop Calibration Console - Job upct_demo,UIAutomatic,
43194.1563863426,ShopCalibration,UI Framework,Switch Tab,Click,Tab,MD,UIInteraction,
43194.1618593634,ShopCalibration,Data Acquiring - WL,Connect Hardware,Click,ToolbarButton,Connect to Hardware,UIInteraction,
43194.1620043981,ShopCalibration,Data Acquiring - WL,Start Dataflow,Click,ToolbarButton,Start Data Flow,UIInteraction,
43194.1621124537,ShopCalibration,Data Acquiring - WL,Enable Tool Power,Click,ToolbarButton,Enable Tool Power,UIInteraction,
43194.1629371528,ShopCalibration,Tool Control,Perform Tool Control Task,RightClick,TreeView,TnDParameters,UIInteraction,TaskName=TnDParameters
43194.1629511343,ShopCalibration,Tool Control,Perform Tool Control Task,Click,ContextMenu,Perform,UIInteraction,TaskName=TnDParameters
43194.1630255324,ShopCalibration,Properties & Parameters,Change Parameter Value,Update,GridCell,DC_TO_ACA_3,UIInteraction,OSDD=TD_MEGGER
43194.1630499306,ShopCalibration,Data Acquiring - WL,Unlock 3 Buttons,Click,ToolbarButton,Unlock,UIInteraction,
43194.1630542593,ShopCalibration,Data Acquiring - WL,Disable Tool Power,Click,ToolbarButton,Disable Tool Power,UIInteraction,
43194.1631497685,ShopCalibration,Data Acquiring - WL,Stop Dataflow,Click,ToolbarButton,Stop Data Flow,UIInteraction,
43194.1632740741,ShopCalibration,Data Acquiring - WL,Disconnect Hardware,Click,ToolbarButton,Disconnect From Hardware,UIInteraction,
43194.1633818403,ShopCalibration,UI Framework,Close Console,Click,Button,,UIInteraction,JobGuid=CB98CFE2-7D8D-40FC-ABD0-ADB6C1CC30FE
43194.1657755324,Setup,Properties & Parameters,Change Property Value,Update,GridCell,Yes,UIInteraction,OSDD=Bottom Nose;EnsemblePath=UPCT-A
43194.1658934375,Setup,Equipment,Delete Equipment,Click,ContextMenu,Delete,UIInteraction,EquipName=BNS-UPCT;ToolPath=upct:BNS-UPCT
43194.1660177778,Setup,Equipment,Validate ToolString,Click,ContextMenu,Validate,UIInteraction,Validated State=TS_VALIDATION_VALID;Validated Message=<ToolStringValidation><ToolStringGuid>4480FAD3-6786-454C-9886-A4B9D2523547</ToolStringGuid><ToolStringName>upct</ToolStringName><SourceAction>Validate</SourceAction><IsAutomatic>FALSE</IsAutomatic></ToolStringValidation>
43194.1661365741,Setup,UI Framework,Switch Tab,Click,Tab,Runs,UIInteraction,
43194.1661689583,Setup,Run Manager (Internal),Associate toolstring to run,Update,GridCell,upct,UIInteraction,RunGuid=40B610F5-3957-461A-8B84-5EB159F38B8D;ToolstringGuid=4480FAD3-6786-454C-9886-A4B9D2523547;DownholeEquipments=UPCT-ABNS-UPCTEQF-39MH-28;TSLevelActiveSurfaceEquips=DEPTH_DEVICETENSION_DEVICELOGGING_CABLEWAFEWITM
43194.1663023843,Setup,Equipment,Close Toolstring Validation UI,Click,Button,Close,UIInteraction,ToolstringGuid=4480FAD3-6786-454C-9886-A4B9D2523547
43194.1663144907,DeliverablesSetup,UI Framework,Switch View,Click,ToolbarButton,Deliverables Display View,UIInteraction,
43194.1663897338,DeliverablesSetup,Deliverables - Digital,Create Job Archive,Click,ContextMenu,Create,UIInteraction,ArchiveGuid=CB98CFE2-7D8D-40FC-ABD0-ADB6C1CC30FE;JobArchiveType=3.0
43194.1666741667,DeliverablesSetup,UI Framework,Close Console,Click,Button,,UIInteraction,JobGuid=CB98CFE2-7D8D-40FC-ABD0-ADB6C1CC30FE
43194.1667154861,DeliverablesSetup,UI Framework,OK to Close Deliverables - Display Console,Click,Button,OK,UIInteraction,
43194.1667955208,,Console/Job Manager,Stop Setup Console,Click,Button,Stop,UIInteraction,JobGuid=CB98CFE2-7D8D-40FC-ABD0-ADB6C1CC30FE
43194.1668769907,,Console/Job Manager,Stop Job,Click,Button,Stop,UIInteraction,JobGuid=CB98CFE2-7D8D-40FC-ABD0-ADB6C1CC30FE
