43193.7791775347,,Console/Job Manager,New Job,Click,Button,New,UIInteraction,
43193.7791943866,,Console/Job Manager,Input Job Name,Input,TextBox,CMRT-DTC,UIInteraction,
43193.7792373032,,Console/Job Manager,Input Well Name,Input,TextBox,BGC,UIInteraction,
43193.7792813426,,Console/Job Manager,Input Client Name,Input,TextBox,BGCAT,UIInteraction,
43193.7793756597,,Console/Job Manager,Select Workflow,Click,ComboBox,Wireline,UIInteraction,
43193.7794150926,,Console/Job Manager,Check Simulator,Click,CheckBox,Simulator,UIInteraction,CheckState=True
43193.7795928704,,Console/Job Manager,Select Auto Backup Folder,Click,ComboBox,C:\Autobackup,UIInteraction,
43193.7824649074,,UI Framework,Close Console,Click,Button,,UIInteraction,
43193.7849803935,,UI Framework,Initialize Maxwell Manager Process Name,,,Initialize Maxwell Manager Process Name,,
43193.7849970023,,UI Framework,Start Console,,,Maxwell Manager,UIAutomatic,MachineName=HPV04-015;UserName=Engineer;UserDomainName=HPV04-015;OS=Microsoft Windows NT 6.1.7601 Service Pack 1;TimeZone=00:00:00;IPAddress_1=192.168.78.130;IPAddress_2=::1;MWVersion=9.0.100733.3100
43193.7852343634,,Console/Job Manager,Import Job Archive,Click,ContextMenu,Create Import,UIInteraction,
43193.78524125,,Import/Export & Backup/Restore,Select file to import,Click,Button,...,UIInteraction,
43193.7852535648,,Import/Export & Backup/Restore,OK to select file,,,,UIAutomatic,FilePath=\\srv004bgc.dir.slb.com\MaxwellAT\TestData\TestData\Phase3\JobArchive\WL_SWF_CMRT_Setup.Dlis
43193.7853152431,,Import/Export & Backup/Restore,Start Import,Click,Button,Import,UIInteraction,FilePath=\\srv004bgc.dir.slb.com\MaxwellAT\TestData\TestData\Phase3\JobArchive\WL_SWF_CMRT_Setup.Dlis
43193.7855983796,,Import/Export & Backup/Restore,Close Import UI,Click,Button,Close,UIInteraction,
43193.7857290046,,Console/Job Manager,Select Auto Backup Folder,Click,ComboBox,C:\Autobackup,UIInteraction,
43193.7875635069,,UI Framework,Switch Tab,Click,Tab,Job: CMRT-DTC,UIInteraction,
43193.8656738773,,UI Framework,Switch Tab,Click,Tab,Messages: Job Independent,UIInteraction,
43193.8656767708,,UI Framework,Close Console,Click,Button,,UIInteraction,
