Time,Process,Component,Operation,Action,Control,ControlText,Category,Context
43194.1412837384,,Console/Job Manager,Start Job,Click,Button,Start,UIInteraction,JobName=ECRD-ERS;WellName=Automation;ClientName=BGCAT;StartDate=4/4/2018 3:22 AM;Workflow=Wireline;Simulator=True;UnitSystem=English;RTBackupDir=C:\Autobackup;JobSize=0;State=Available;SideTrackId=0;SessionID=D5DB1919-8CEB-4D62-BC77-2F0F87A4B293;SortOrder=1;JobGUID=FB2FD1C6-4596-40E0-A920-8F777D73280C;WellGUID=44CCEAC3-957B-4008-BFAA-223C1E33A240;BoreholeGUID=F844FAC5-7B6C-4DC6-890D-09270BE436EA;MachineName=HPV01-020;UserName=Engineer;UserDomainName=HPV01-020;OS=Microsoft Windows NT 6.1.7601 Service Pack 1;StartedJobCount=0;TimeZone=00:00:00;IPAddress_1=192.168.78.198;IPAddress_2=::1;MWVersion=9.0.100745.3100
43194.1413635764,,Console/Job Manager,Start Deliverables Console,Click,Button,Start...,UIInteraction,JobGuid=FB2FD1C6-4596-40E0-A920-8F777D73280C
43194.1414391551,DeliverablesSetup,UI Framework,Start Console,,,Deliverables Console Setup - Job ECRD-ERS,UIAutomatic,
43194.1414593171,,Console/Job Manager,Start Setup Console,Click,Button,Start...,UIInteraction,JobGuid=FB2FD1C6-4596-40E0-A920-8F777D73280C
43194.1415768866,Setup,Calibration,Select Calibration Report Type,Click,ComboBox,Technical Concise,UIInteraction,
43194.1415796643,Setup,UI Framework,Start Console,,,Setup - Job ECRD-ERS,UIAutomatic,
43194.1416294329,Setup,Equipment,New ToolString,Click,ToolbarButton,New ToolString,UIInteraction,ToolstringName=New ToolString;ToolstringGuid=55ABB674-40B6-43AD-BD1B-8AB571BCADA9
43194.1416686227,Setup,Equipment,Rename ToolString,Input,TextBox,New ToolString,UIInteraction,ToolstringGuid=55ABB674-40B6-43AD-BD1B-8AB571BCADA9
43194.1416686458,Setup,Equipment,Rename ToolString,,,,UIAutomatic,State=Cancel
43194.1416794444,Setup,Equipment,Filter Equipment in Catalog,Input,TextBox,,UIInteraction,Text=MRPS-D
43194.1416792014,Setup,Equipment,Filter Equipment in Catalog,Input,TextBox,,UIInteraction,Text=MRPS-D
43194.1416822454,Setup,Equipment,Rename ToolString,Input,TextBox,New ToolString,UIInteraction,ToolstringGuid=55ABB674-40B6-43AD-BD1B-8AB571BCADA9
43194.1416840509,Setup,Equipment,Add Equipment from Catalog to ToolString,Click,ToolbarButton,Add to ToolString,UIInteraction,EquipmentName=MRPS-D
43194.1417124306,Setup,Equipment,Filter Equipment in Catalog,Input,TextBox,,UIInteraction,Text=MRHY-B
43194.1417125579,Setup,Equipment,Filter Equipment in Catalog,Input,TextBox,,UIInteraction,Text=MRHY-B
43194.1417133449,DeliverablesSetup,Tier Manager,Tier Template Created for Tools in My Equipment,,,MRPS-D Tier Created,Deliverables Console,
43194.1417170139,Setup,Equipment,Add Equipment from Catalog to ToolString,Click,ToolbarButton,Add to ToolString,UIInteraction,EquipmentName=MRHY-B
43194.1417212153,DeliverablesSetup,Tier Manager,Tier Template Created for Tools in My Equipment,,,MRHY-B Tier Created,Deliverables Console,
43194.1417217245,Setup,Equipment,Filter Equipment in Catalog,Input,TextBox,,UIInteraction,Text=MRPC-C
43194.1417218171,Setup,Equipment,Filter Equipment in Catalog,Input,TextBox,,UIInteraction,Text=MRPC-C
43194.1417262963,Setup,Equipment,Add Equipment from Catalog to ToolString,Click,ToolbarButton,Add to ToolString,UIInteraction,EquipmentName=MRPC-C
43194.1417343981,DeliverablesSetup,Tier Manager,Tier Template Created for Tools in My Equipment,,,MRPC-C Tier Created,Deliverables Console,
43194.1417350694,Setup,Equipment,Filter Equipment in Catalog,Input,TextBox,,UIInteraction,Text=EDTA-A
43194.141735162,Setup,Equipment,Filter Equipment in Catalog,Input,TextBox,,UIInteraction,Text=EDTA-A
43194.141739375,Setup,Equipment,Add Equipment from Catalog to ToolString,Click,ToolbarButton,Add to ToolString,UIInteraction,EquipmentName=EDTA-A
43194.1417457639,Setup,Equipment,Filter Equipment in Catalog,Input,TextBox,,UIInteraction,Text=SGT-N
43194.1417449421,DeliverablesSetup,Tier Manager,Tier Template Created for Tools in My Equipment,,,EDTA-A Tier Created,Deliverables Console,
43194.1417500926,Setup,Equipment,Add Equipment from Catalog to ToolString,Click,ToolbarButton,Add to ToolString,UIInteraction,EquipmentName=SGT-N
43194.1417458565,Setup,Equipment,Filter Equipment in Catalog,Input,TextBox,,UIInteraction,Text=SGT-N
43194.1417603819,Setup,Equipment,Filter Equipment in Catalog,Input,TextBox,,UIInteraction,Text=DTC-H
43194.1417605324,Setup,Equipment,Filter Equipment in Catalog,Input,TextBox,,UIInteraction,Text=DTC-H
43194.1417647454,Setup,Equipment,Add Equipment from Catalog to ToolString,Click,ToolbarButton,Add to ToolString,UIInteraction,EquipmentName=DTC-H
43194.1417597917,DeliverablesSetup,Tier Manager,Tier Template Created for Tools in My Equipment,,,SGT-N Tier Created,Deliverables Console,
43194.1417694097,DeliverablesSetup,Tier Manager,Tier Template Created for Tools in My Equipment,,,DTC-H Tier Created,Deliverables Console,
43194.1417700231,Setup,Equipment,Filter Equipment in Catalog,Input,TextBox,,UIInteraction,Text=LEH-QT
43194.1417747454,Setup,Equipment,Add Equipment from Catalog to ToolString,Click,ToolbarButton,Add to ToolString,UIInteraction,EquipmentName=LEH-QT
43194.1417699074,Setup,Equipment,Filter Equipment in Catalog,Input,TextBox,,UIInteraction,Text=LEH-QT
43194.1417802431,DeliverablesSetup,Tier Manager,Tier Template Created for Tools in My Equipment,,,LEH-QT Tier Created,Deliverables Console,
43194.1418251042,Setup,Equipment,Filter Equipment in Catalog,Input,TextBox,,UIInteraction,Text=Stand_Off
43194.1418252893,Setup,Equipment,Filter Equipment in Catalog,Input,TextBox,,UIInteraction,Text=Stand_Off
43194.1418315162,Setup,Equipment,Add Equipment from Catalog to ToolString,Click,ToolbarButton,Add to ToolString,UIInteraction,EquipmentName=Stand_Off
43194.1419641551,Setup,Properties & Parameters,Change Property Value,Update,GridCell,0.3,UIInteraction,OSDD=Stand_Off Linear Position;EnsemblePath=Stand_Off
43194.1421059722,Setup,Properties & Parameters,Change Property Value,Update,GridCell,4.375,UIInteraction,OSDD=EP_OUTER_DIAMETER;EnsemblePath=Stand_Off
43194.1422430093,Setup,Properties & Parameters,Change Property Value,Update,GridCell,4.375,UIInteraction,OSDD=EP_MAX_OD;EnsemblePath=Stand_Off
43194.1423368056,Setup,Properties & Parameters,Show Infrequent Properties/Parameters,Click,ToolbarButton,Show Infrequent Properties,UIInteraction,
43194.1424183102,Setup,Properties & Parameters,Change Property Value,Update,GridCell,ECRD-F,UIInteraction,OSDD=EP_WEAKPOINT_CODE;EnsemblePath=LEH-QT
43194.1426364815,Setup,Properties & Parameters,Change Property Value,Update,GridCell,999,UIInteraction,OSDD=EP_SERIAL_NUMBER;EnsemblePath=LEH-QT:ECRD-F:ECRD-F Housing
43194.142655625,Setup,Properties & Parameters,Change Property Value,Update,GridCell,999,UIInteraction,OSDD=EP_SERIAL_NUMBER;EnsemblePath=LEH-QT:ECRD-F:ECRD-F Idle
43194.1426746528,Setup,Properties & Parameters,Change Property Value,Update,GridCell,999,UIInteraction,OSDD=EP_SERIAL_NUMBER;EnsemblePath=LEH-QT:LEH-QT:LEH-QT
43194.1427096759,Setup,Units,Show Unit System Manager,Click,MenuItem,Unit System Manager,UIInteraction,
43194.1427237616,Setup,Units,Apply unit system change,Click,Button,Apply,UIInteraction,
43194.1427187037,Setup,Units,Select unit system,Click,ComboBox,Canadian,UIInteraction,
43194.1427264931,Setup,Units,Close Unit System Manager,Click,Button,Close,UIInteraction,
43194.1427385995,Setup,Units,Show Unit System Manager,Click,MenuItem,Unit System Manager,UIInteraction,
43194.1427813426,Setup,Units,Change unit type,Click,ContextMenu,ft/h,UIInteraction,OldValue=m/h;UnitQuantity=CableSpeed
43194.142833044,Setup,Units,Save unit change to a different file,Click,Button,Save As...,UIInteraction,UnitSystem=AutomationA
43194.1428338542,Setup,Units,Select unit system,Click,ComboBox,AutomationA,UIInteraction,
43194.1428361458,Setup,Units,Select unit system,Click,ComboBox,AutomationA,UIInteraction,
43194.1428407639,Setup,Units,Close Unit System Manager,Click,Button,Close,UIInteraction,
43194.1428486806,Setup,Units,Show Unit System Manager,Click,MenuItem,Unit System Manager,UIInteraction,
43194.1429658796,Setup,Units,Change unit type,Click,ContextMenu,psi,UIInteraction,OldValue=kPa;UnitQuantity=Pressure
43194.1430807523,Setup,Units,Save unit change to a different file,Click,Button,Save As...,UIInteraction,UnitSystem=Automation
43194.1430824306,Setup,Units,Select unit system,Click,ComboBox,Automation,UIInteraction,
43194.1430850231,Setup,Units,Select unit system,Click,ComboBox,Automation,UIInteraction,
43194.1430897106,Setup,Units,Close Unit System Manager,Click,Button,Close,UIInteraction,
43194.1431433218,Setup,Equipment,Rename ToolString,Click,ContextMenu,Rename,UIInteraction,
43194.1431516782,Setup,Equipment,Rename ToolString,Input,TextBox,ECRD IDLE,UIInteraction,ToolstringGuid=55ABB674-40B6-43AD-BD1B-8AB571BCADA9
43194.1431573032,Setup,UI Framework,Switch Tab,Click,Tab,DnI Initializations,UIInteraction,
43194.1431724421,Setup,DnI/Survey,Select DMS,Click,RadioButton,DMS,UIInteraction,
43194.1431928935,Setup,DnI/Survey,Enter Latitude,Input,TextBox, 40 : 00 : 00.000 S,UIInteraction,
43194.1432110995,Setup,UI Framework,Switch Tab,Click,Tab,Equipment,UIInteraction,
43194.1432008218,Setup,DnI/Survey,Enter Longitude,Input,TextBox, 120 : 00 : 00.000 W,UIInteraction,
43194.1432526389,Setup,DnI/Survey,Select Permanent Datum,Click,ComboBox,Mean Sea Level,UIInteraction,
43194.1432647338,Setup,DnI/Survey,Enter Elevation of 'Log Measured From',Input,TextBox,100,UIInteraction,LogMeasuredFrom=Drill Floor
43194.143258044,Setup,DnI/Survey,Select Log Measured From,Click,ComboBox,Drill Floor,UIInteraction,
43194.1432761111,Setup,UI Framework,Switch Tab,Click,Tab,DnI Initializations,UIInteraction,
43194.1433018056,Setup,UI Framework,Switch Tab,Click,Tab,Equipment,UIInteraction,
43194.1433265972,Setup,DnI/Survey,Select Permanent Datum,Click,ComboBox,Mean Sea Level,UIInteraction,
43194.1433317014,Setup,DnI/Survey,Select Log Measured From,Click,ComboBox,Drill Floor,UIInteraction,
43194.1433385764,Setup,DnI/Survey,Select Add Reference to Ground Level,Click,ComboBox,Yes,UIInteraction,
43194.1433503356,Setup,UI Framework,Switch Tab,Click,Tab,DnI Initializations,UIInteraction,
43194.1433768056,Setup,UI Framework,Switch Tab,Click,Tab,Equipment,UIInteraction,
43194.1433989236,Setup,DnI/Survey,Select Permanent Datum,Click,ComboBox,Mean Sea Level,UIInteraction,
43194.1434039815,Setup,DnI/Survey,Select Log Measured From,Click,ComboBox,Drill Floor,UIInteraction,
43194.1434110301,Setup,DnI/Survey,Enter Elevation of ground level,Input,TextBox,96,UIInteraction,
43194.1434221296,Setup,UI Framework,Switch Tab,Click,Tab,DnI Initializations,UIInteraction,
43194.1434508218,Setup,DnI/Survey,Compute DnI/Elevation,Click,Button,Compute,UIInteraction,
43194.1436256829,Setup,Run Manager (Internal),Associate toolstring to run,Update,GridCell,ECRD IDLE,UIInteraction,RunGuid=EDE9B083-A74A-4D75-B31C-6902872D6638;ToolstringGuid=55ABB674-40B6-43AD-BD1B-8AB571BCADA9;DownholeEquipments=MRPS-DMRHY-BMRPC-CEDTA-ASGT-NDTC-HLEH-QTStand_Off;TSLevelActiveSurfaceEquips=DEPTH_DEVICETENSION_DEVICELOGGING_CABLEWAFEMRPPMRTMWITMDTM
43194.1437597338,Setup,Equipment,Close Toolstring Validation UI,Click,Button,Close,UIInteraction,ToolstringGuid=55ABB674-40B6-43AD-BD1B-8AB571BCADA9
43194.1437676157,DeliverablesSetup,UI Framework,Switch View,Click,ToolbarButton,Deliverables Display View,UIInteraction,
43194.1438421759,DeliverablesSetup,Deliverables - Digital,Create Job Archive,Click,ContextMenu,Create,UIInteraction,ArchiveGuid=FB2FD1C6-4596-40E0-A920-8F777D73280C;JobArchiveType=3.0
43194.1441840972,DeliverablesSetup,UI Framework,Close Console,Click,Button,,UIInteraction,JobGuid=FB2FD1C6-4596-40E0-A920-8F777D73280C
43194.1442188657,DeliverablesSetup,UI Framework,OK to Close Deliverables - Display Console,Click,Button,OK,UIInteraction,
43194.1442991667,,Console/Job Manager,Stop Setup Console,Click,Button,Stop,UIInteraction,JobGuid=FB2FD1C6-4596-40E0-A920-8F777D73280C
43194.1443243981,,Console/Job Manager,Stop Job,Click,Button,Stop,UIInteraction,JobGuid=FB2FD1C6-4596-40E0-A920-8F777D73280C
