Time,Process,Component,Operation,Action,Control,ControlText,Category,Context
43194.1519608449,,Console/Job Manager,Start Job,Click,Button,Start,UIInteraction,JobName=USIT-D-IBC_ICE;ClientName=BGCAT;StartDate=4/4/2018 3:35 AM;Workflow=Wireline;Simulator=True;UnitSystem=English;RTBackupDir=C:\AutoBackup;JobSize=0;State=Available;SideTrackId=0;SessionID=2AD12EA3-6444-4BF0-827D-D19503FC9F63;SortOrder=1;JobGUID=918D957D-D1AD-45CF-A153-4082FFBD9616;WellGUID=9469B3A5-4636-4767-A054-EC3268AB0C41;BoreholeGUID=07461F93-75D7-4AC5-B9ED-E14482E344D6;MachineName=HPV02-002;UserName=Engineer;UserDomainName=HPV02-002;OS=Microsoft Windows NT 6.1.7601 Service Pack 1;StartedJobCount=0;TimeZone=00:00:00;IPAddress_1=192.168.78.109;IPAddress_2=::1;MWVersion=9.0.100745.3100
43194.1524204051,,Console/Job Manager,Stop Job,Click,Button,Stop,UIInteraction,JobGuid=918D957D-D1AD-45CF-A153-4082FFBD9616
43194.1524432176,,Console/Job Manager,Start Job,Click,Button,Start,UIInteraction,JobName=USIT-D-IBC_ICE;ClientName=BGCAT;StartDate=4/4/2018 3:35 AM;Workflow=Wireline;Simulator=True;UnitSystem=English;RTBackupDir=C:\AutoBackup;JobSize=0;State=Available;SideTrackId=0;SessionID=2AD12EA3-6444-4BF0-827D-D19503FC9F63;SortOrder=1;JobGUID=918D957D-D1AD-45CF-A153-4082FFBD9616;WellGUID=9469B3A5-4636-4767-A054-EC3268AB0C41;BoreholeGUID=07461F93-75D7-4AC5-B9ED-E14482E344D6;MachineName=HPV02-002;UserName=Engineer;UserDomainName=HPV02-002;OS=Microsoft Windows NT 6.1.7601 Service Pack 1;StartedJobCount=0;TimeZone=00:00:00;IPAddress_1=192.168.78.109;IPAddress_2=::1;MWVersion=9.0.100745.3100
43194.152505081,,Console/Job Manager,Start Setup Console,Click,Button,Start...,UIInteraction,JobGuid=918D957D-D1AD-45CF-A153-4082FFBD9616
43194.1527086806,Setup,Calibration,Select Calibration Report Type,Click,ComboBox,Technical Concise,UIInteraction,
43194.1527223148,Setup,UI Framework,Start Console,,,Setup - Job USIT-D-IBC_ICE,UIAutomatic,
43194.1527408796,Setup,UI Framework,Switch Tab,Click,Tab,Wellbore,UIInteraction,
43194.152749838,Setup,Well Setup (Internal),Select Run Number,Click,ComboBox,1,UIInteraction,RunGuid=2C937ECA-7ED7-4272-9ABD-8D9B38F720D8
43194.1527629977,Setup,Well Setup (Internal),Enter Size for Bit Size,Update,GridCell,8.5,UIInteraction,Row=1;Column=Size (in);RunGuid=2C937ECA-7ED7-4272-9ABD-8D9B38F720D8
43194.1528042593,Setup,Well Setup (Internal),Enter Driller Top for Bit Size,Update,GridCell,0,UIInteraction,Row=1;Column=Driller Top (ft);RunGuid=2C937ECA-7ED7-4272-9ABD-8D9B38F720D8
43194.1528458449,Setup,Well Setup (Internal),Enter Driller Bottom for Bit Size,Update,GridCell,12000,UIInteraction,Row=1;Column=Driller Bottom (ft);RunGuid=2C937ECA-7ED7-4272-9ABD-8D9B38F720D8
43194.1528885301,Setup,Well Setup (Internal),Enter Logger Bottom for Bit Size,Update,GridCell,12000,UIInteraction,Row=1;Column=Logger Bottom (ft);RunGuid=2C937ECA-7ED7-4272-9ABD-8D9B38F720D8
43194.1529299306,Setup,Well Setup (Internal),Select Run Number,Click,ComboBox,1,UIInteraction,RunGuid=2C937ECA-7ED7-4272-9ABD-8D9B38F720D8
43194.1529388657,Setup,Well Setup (Internal),Enter Size for Casings,Update,GridCell,7,UIInteraction,Row=1;Column=Size (in);RunGuid=2C937ECA-7ED7-4272-9ABD-8D9B38F720D8
43194.1529794792,Setup,Well Setup (Internal),Enter Driller Top for Casings,Update,GridCell,0,UIInteraction,Row=1;Column=Driller Top (ft);RunGuid=2C937ECA-7ED7-4272-9ABD-8D9B38F720D8
43194.1530216782,Setup,Well Setup (Internal),Enter Driller Bottom for Casings,Update,GridCell,12000,UIInteraction,Row=1;Column=Driller Bottom (ft);RunGuid=2C937ECA-7ED7-4272-9ABD-8D9B38F720D8
43194.1530621412,Setup,Well Setup (Internal),Enter Logger Top for Casings,Update,GridCell,0,UIInteraction,Row=1;Column=Logger Top (ft);RunGuid=2C937ECA-7ED7-4272-9ABD-8D9B38F720D8
43194.1531041435,Setup,Well Setup (Internal),Enter Logger Bottom for Casings,Update,GridCell,12000,UIInteraction,Row=1;Column=Logger Bottom (ft);RunGuid=2C937ECA-7ED7-4272-9ABD-8D9B38F720D8
43194.1531450926,Setup,Well Setup (Internal),Enter Weight for Casings,Update,GridCell,20,UIInteraction,Row=1;Column=Weight (lbm/ft);RunGuid=2C937ECA-7ED7-4272-9ABD-8D9B38F720D8
43194.153245787,Setup,Equipment,Rename ToolString,Click,ContextMenu,Rename,UIInteraction,
43194.1532548611,Setup,Equipment,Rename ToolString,Input,TextBox,ToolString IBC,UIInteraction,ToolstringGuid=EBEDC87C-BC20-47B0-B7EC-19B0C09B4D34
43194.1532612153,Setup,UI Framework,Switch Tab,Click,Tab,Runs,UIInteraction,
43194.1532942708,Setup,Run Manager (Internal),Associate toolstring to run,Update,GridCell,ToolString IBC,UIInteraction,RunGuid=2C937ECA-7ED7-4272-9ABD-8D9B38F720D8;ToolstringGuid=EBEDC87C-BC20-47B0-B7EC-19B0C09B4D34;DownholeEquipments=USIT-DDTC-HLEH-Q;TSLevelActiveSurfaceEquips=DTMWITMDEPTH_DEVICETENSION_DEVICELOGGING_CABLEWAFE
43194.1534512847,Setup,Equipment,Close Toolstring Validation UI,Click,Button,Close,UIInteraction,ToolstringGuid=EBEDC87C-BC20-47B0-B7EC-19B0C09B4D34
43194.1534686458,Setup,Run Manager (Internal),Start Run,Click,Button,Start,UIInteraction,RunGuid=2C937ECA-7ED7-4272-9ABD-8D9B38F720D8;ToolstringGuid=EBEDC87C-BC20-47B0-B7EC-19B0C09B4D34;DownholeEquipments=USIT-D:DTC-H:LEH-Q;TSLevelActiveSurfaceEquips=DEPTH_DEVICE:TENSION_DEVICE:LOGGING_CABLE:WAFE
43194.1535743634,Setup,Equipment,Activate Run,Click,Button,Activate,UIInteraction,ToolstringGuid=EBEDC87C-BC20-47B0-B7EC-19B0C09B4D34;DownholeEquipments=USIT-D:DTC-H:LEH-Q;TSLevelActiveSurfaceEquips=DEPTH_DEVICE:TENSION_DEVICE:LOGGING_CABLE:WAFE
43194.1536941782,Simulation,UI Framework,Start Console,,,Simulation Console - Job USIT-D-IBC_ICE,UIAutomatic,
43194.153835625,WLAcquisition,Calibration,Select Calibration Report Type,Click,ComboBox,Technical Concise,UIInteraction,
43194.153887037,WLAcquisition,UI Framework,Start Console,,,Acquisition Console - Job USIT-D-IBC_ICE - Run 1,UIAutomatic,
43194.1541764699,WLAcquisition,Data Acquiring - WL,Connect Hardware,Click,ToolbarButton,Connect to Hardware,UIInteraction,
43194.1542662847,WLAcquisition,Data Acquiring - WL,Start Dataflow,Click,ToolbarButton,Start Data Flow,UIInteraction,
43194.1543691435,WLAcquisition,Data Acquiring - WL,Enable Tool Power,Click,ToolbarButton,Enable Tool Power,UIInteraction,
43194.1560775694,WLAcquisition,Depth Log/Station Planning,Perform Logging Task,RightClick,TreeView,Depth Log,UIInteraction,TaskName=Depth Log
43194.1560913426,WLAcquisition,Depth Log/Station Planning,Perform Logging Task,Click,ContextMenu,Perform,UIInteraction,TaskName=Depth Log
43194.1561392593,WLAcquisition,UI Framework,Switch Tab,Click,Tab,Tool Control,UIInteraction,
43194.1562584491,WLAcquisition,USIT-D,Set Log Pass Objective,RightClick,TreeView,USIT-D: Set Log Pass Objective,UIInteraction,TaskName=USIT-D: Set Log Pass Objective
43194.1562723611,WLAcquisition,USIT-D,Set Log Pass Objective,Click,ContextMenu,Perform,UIInteraction,TaskName=USIT-D: Set Log Pass Objective
43194.1564790509,WLAcquisition,Tool Control,Perform Tool Control Task,Click,Button,Next,UIInteraction,TaskName=USIT-D: Set Log Pass Objective
43194.1565812153,WLAcquisition,Tool Control,Perform Tool Control Task,Click,Button,Apply,UIInteraction,TaskName=USIT-D: Set Log Pass Objective
43194.1567891319,WLAcquisition,USIT-D,Start Motor in Measurement,RightClick,TreeView,USIT-D: Start Motor in Measurement,UIInteraction,TaskName=USIT-D: Start Motor in Measurement
43194.1568033333,WLAcquisition,USIT-D,Start Motor in Measurement,Click,ContextMenu,Perform,UIInteraction,TaskName=USIT-D: Start Motor in Measurement
43194.1569611921,WLAcquisition,USIT-D,Start Motor in Measurement,RightClick,TreeView,USIT-D: Start Motor in Measurement,UIInteraction,TaskName=USIT-D: Start Motor in Measurement
43194.1569753935,WLAcquisition,USIT-D,Start Motor in Measurement,Click,ContextMenu,Close,UIInteraction,TaskName=USIT-D: Start Motor in Measurement
43194.1574145602,WLAcquisition,Data Acquiring - WL,Start Depth Pass,Click,Button,Start,UIInteraction,PassGuid=45741618-8EC0-40AC-85E2-0993A814FD63;Objective=Log;Direction=Up;Depth=350.51746
43194.1574639236,WLAcquisition,Data Acquiring - WL,Continue Depth Pass,Click,Button,Continue,UIInteraction,PassGuid=45741618-8EC0-40AC-85E2-0993A814FD63;Objective=Log;Direction=Up;Depth=350.51746
43194.1645317708,WLAcquisition,Data Acquiring - WL,Unlock Pass,Click,ToolbarButton,Click to Unlock Stop Button,UIInteraction,
43194.1646219792,WLAcquisition,Data Acquiring - WL,Stop Depth Pass,Click,Button,Stop,UIInteraction,PassGuid=45741618-8EC0-40AC-85E2-0993A814FD63;Depth=335.27746
43194.1647993981,WLAcquisition,USIT-D,Stop Motor,RightClick,TreeView,USIT-D: Stop Motor,UIInteraction,TaskName=USIT-D: Stop Motor
43194.1648134375,WLAcquisition,USIT-D,Stop Motor,Click,ContextMenu,Perform,UIInteraction,TaskName=USIT-D: Stop Motor
43194.1650340162,WLAcquisition,USIT-D,Start Motor in Measurement,RightClick,TreeView,USIT-D: Start Motor in Measurement,UIInteraction,TaskName=USIT-D: Start Motor in Measurement
43194.1650480324,WLAcquisition,USIT-D,Start Motor in Measurement,Click,ContextMenu,Perform,UIInteraction,TaskName=USIT-D: Start Motor in Measurement
43194.1652123611,WLAcquisition,USIT-D,Start Motor in Measurement,RightClick,TreeView,USIT-D: Start Motor in Measurement,UIInteraction,TaskName=USIT-D: Start Motor in Measurement
43194.1652264468,WLAcquisition,USIT-D,Start Motor in Measurement,Click,ContextMenu,Close,UIInteraction,TaskName=USIT-D: Start Motor in Measurement
43194.1656665625,WLAcquisition,Data Acquiring - WL,Start Depth Pass,Click,Button,Start,UIInteraction,PassGuid=D491D905-B057-478B-86D6-D5E8EF3B9EF8;Objective=Log;Direction=Up;Depth=243.83746
43194.1657254977,WLAcquisition,Data Acquiring - WL,Continue Depth Pass,Click,Button,Continue,UIInteraction,PassGuid=D491D905-B057-478B-86D6-D5E8EF3B9EF8;Objective=Log;Direction=Up;Depth=243.83746
43194.1727922685,WLAcquisition,Data Acquiring - WL,Unlock Pass,Click,ToolbarButton,Click to Unlock Stop Button,UIInteraction,
43194.1728831944,WLAcquisition,Data Acquiring - WL,Stop Depth Pass,Click,Button,Stop,UIInteraction,PassGuid=D491D905-B057-478B-86D6-D5E8EF3B9EF8;Depth=228.59746
43194.1730587616,WLAcquisition,USIT-D,Stop Motor,RightClick,TreeView,USIT-D: Stop Motor,UIInteraction,TaskName=USIT-D: Stop Motor
43194.1730727546,WLAcquisition,USIT-D,Stop Motor,Click,ContextMenu,Perform,UIInteraction,TaskName=USIT-D: Stop Motor
43194.1733589005,WLAcquisition,UI Framework,Switch Tab,Click,Tab,Operation,UIInteraction,
43194.1734191319,WLAcquisition,Depth Log/Station Planning,Perform Logging Task,RightClick,TreeView,USIT-D: IBC Recommended DTMD ZMUD,UIInteraction,TaskName=USIT-D: IBC Recommended DTMD ZMUD
43194.1734331366,WLAcquisition,Depth Log/Station Planning,Perform Logging Task,Click,ContextMenu,Perform,UIInteraction,TaskName=USIT-D: IBC Recommended DTMD ZMUD
43194.1734820486,WLAcquisition,Data Acquiring - WL,Unlock 3 Buttons,Click,ToolbarButton,Unlock,UIInteraction,
43194.1734844329,WLAcquisition,Data Acquiring - WL,Disable Tool Power,Click,ToolbarButton,Disable Tool Power,UIInteraction,
43194.1735876968,WLAcquisition,Data Acquiring - WL,Stop Dataflow,Click,ToolbarButton,Stop Data Flow,UIInteraction,
43194.1737005208,WLAcquisition,Data Acquiring - WL,Disconnect Hardware,Click,ToolbarButton,Disconnect From Hardware,UIInteraction,
43194.1738077083,Setup,Run Manager (Internal),Stop Run,Click,Button,Stop,UIInteraction,RunGuid=2C937ECA-7ED7-4272-9ABD-8D9B38F720D8
43194.1738503935,Setup,Run Manager (Internal),Confirm to Stop Run,Click,Button,OK,UIInteraction,RunGuid=2C937ECA-7ED7-4272-9ABD-8D9B38F720D8
43194.1739233102,Simulation,UI Framework,Close Console,Click,Button,,UIInteraction,JobGuid=918D957D-D1AD-45CF-A153-4082FFBD9616
43194.1740162269,,Console/Job Manager,Stop Setup Console,Click,Button,Stop,UIInteraction,JobGuid=918D957D-D1AD-45CF-A153-4082FFBD9616
43194.1740707407,,Console/Job Manager,Start Data Central Console,Click,Button,Start...,UIInteraction,JobGuid=918D957D-D1AD-45CF-A153-4082FFBD9616
43194.1741008681,DataCentral,UI Framework,Start Console,,,Data Central - Recompute - Job USIT-D-IBC_ICE,UIAutomatic,
43194.1741355671,DataCentral,Computation / Recomputation,Recompute/Select Run,Click,Button,Select Run...,UIInteraction,
43194.1742065278,DataCentral,Data Explorer,Click OK Button,Click,Button,OK,UIInteraction,Selection=Run 1____03:41:09 04-Apr-2018_04:10:22 04-Apr-2018_
43194.1742098264,DataCentral,Computation / Recomputation,Recompute/Confirm to Select Run,,,,UIAutomatic,RunNo=1;RunGuid=2C937ECA-7ED7-4272-9ABD-8D9B38F720D8
43194.1750276852,DataCentral,Properties & Parameters,Show Infrequent Properties/Parameters,Click,ToolbarButton,Show Infrequent Parameters,UIInteraction,
43194.175070706,DataCentral,Properties & Parameters,Change Parameter Value,Update,GridCell,Planner,UIInteraction,OSDD=IBC_FVEL_SEL;EnsemblePath=USIT-D:IBCS:USI-SENSOR
43194.1750713542,DataCentral,Computation / Recomputation,ProcessRecomputeState,,,,UIAutomatic,JobGuid=918D957D-D1AD-45CF-A153-4082FFBD9616;State=UIS_RECOMPUTATION_STATE_PENDING;Scope=JobScope;RecompPercentageComplete=;MultipleRunsAffected=False;ActiveRunAffected=False;ActiveRunInProgress=False;RunCount=1;Run0Change0=Parameter;Run0Guid=2C937ECA-7ED7-4272-9ABD-8D9B38F720D8
43194.1750743287,DataCentral,Computation / Recomputation,ProcessRecomputeState,,,,UIAutomatic,JobGuid=918D957D-D1AD-45CF-A153-4082FFBD9616;State=UIS_RECOMPUTATION_STATE_PENDING;Scope=JobScope;RecompPercentageComplete=;MultipleRunsAffected=False;ActiveRunAffected=False;ActiveRunInProgress=False;RunCount=1;Run0Change0=Parameter;Run0Guid=2C937ECA-7ED7-4272-9ABD-8D9B38F720D8
43194.1753493403,DataCentral,Computation / Recomputation,Recompute All Pending Runs,Click,ToolbarButton,Recompute All Pending Runs,UIInteraction,
43194.1753497454,DataCentral,Computation / Recomputation,ProcessRecomputeState,,,,UIAutomatic,JobGuid=918D957D-D1AD-45CF-A153-4082FFBD9616;State=UIS_RECOMPUTATION_STATE_STARTING;Scope=JobScope;RecompPercentageComplete=;MultipleRunsAffected=False;ActiveRunAffected=False;ActiveRunInProgress=False;RunCount=1;Run0Change0=Parameter;Run0Guid=2C937ECA-7ED7-4272-9ABD-8D9B38F720D8
43194.175429456,DataCentral,Computation / Recomputation,ProcessRecomputeState,,,,UIAutomatic,JobGuid=918D957D-D1AD-45CF-A153-4082FFBD9616;State=UIS_RECOMPUTATION_STATE_IN_PROGRESS;Scope=JobScope;RecompPercentageComplete=;MultipleRunsAffected=False;ActiveRunAffected=False;ActiveRunInProgress=False;RunCount=1;Run0Change0=Parameter;Run0Guid=2C937ECA-7ED7-4272-9ABD-8D9B38F720D8
43194.1757293519,DataCentral,Computation / Recomputation,ProcessRecomputeState,,,,UIAutomatic,JobGuid=918D957D-D1AD-45CF-A153-4082FFBD9616;State=UIS_RECOMPUTATION_STATE_SUCCEEDED;Scope=JobScope;RecompPercentageComplete=;MultipleRunsAffected=False;ActiveRunAffected=False;ActiveRunInProgress=False;RunCount=1;Run0Change0=Parameter;Run0Guid=2C937ECA-7ED7-4272-9ABD-8D9B38F720D8
43194.1758833333,DataCentral,Properties & Parameters,Change Parameter Value,Update,GridCell,Manual,UIInteraction,OSDD=IBC_FVEL_SEL;EnsemblePath=USIT-D:IBCS:USI-SENSOR
43194.1758839931,DataCentral,Computation / Recomputation,ProcessRecomputeState,,,,UIAutomatic,JobGuid=918D957D-D1AD-45CF-A153-4082FFBD9616;State=UIS_RECOMPUTATION_STATE_PENDING;Scope=JobScope;RecompPercentageComplete=;MultipleRunsAffected=False;ActiveRunAffected=False;ActiveRunInProgress=False;RunCount=1;Run0Change0=Parameter;Run0Guid=2C937ECA-7ED7-4272-9ABD-8D9B38F720D8
43194.1760934028,DataCentral,Properties & Parameters,Change Parameter Value,Update,GridCell,Automatic,UIInteraction,OSDD=IBC_FVEL_SEL;EnsemblePath=USIT-D:IBCS:USI-SENSOR
43194.1760937037,DataCentral,Computation / Recomputation,ProcessRecomputeState,,,,UIAutomatic,JobGuid=918D957D-D1AD-45CF-A153-4082FFBD9616;State=UIS_RECOMPUTATION_STATE_PENDING;Scope=JobScope;RecompPercentageComplete=;MultipleRunsAffected=False;ActiveRunAffected=False;ActiveRunInProgress=False;RunCount=1;Run0Change0=Parameter;Run0Guid=2C937ECA-7ED7-4272-9ABD-8D9B38F720D8
43194.176167037,DataCentral,Computation / Recomputation,Recompute All Pending Runs,Click,ToolbarButton,Recompute All Pending Runs,UIInteraction,
43194.1761674074,DataCentral,Computation / Recomputation,ProcessRecomputeState,,,,UIAutomatic,JobGuid=918D957D-D1AD-45CF-A153-4082FFBD9616;State=UIS_RECOMPUTATION_STATE_STARTING;Scope=JobScope;RecompPercentageComplete=;MultipleRunsAffected=False;ActiveRunAffected=False;ActiveRunInProgress=False;RunCount=1;Run0Change0=Parameter;Run0Guid=2C937ECA-7ED7-4272-9ABD-8D9B38F720D8
43194.1761703472,DataCentral,Computation / Recomputation,ProcessRecomputeState,,,,UIAutomatic,JobGuid=918D957D-D1AD-45CF-A153-4082FFBD9616;State=UIS_RECOMPUTATION_STATE_IN_PROGRESS;Scope=JobScope;RecompPercentageComplete=;MultipleRunsAffected=False;ActiveRunAffected=False;ActiveRunInProgress=False;RunCount=1;Run0Change0=Parameter;Run0Guid=2C937ECA-7ED7-4272-9ABD-8D9B38F720D8
43194.1764642245,DataCentral,Computation / Recomputation,ProcessRecomputeState,,,,UIAutomatic,JobGuid=918D957D-D1AD-45CF-A153-4082FFBD9616;State=UIS_RECOMPUTATION_STATE_SUCCEEDED;Scope=JobScope;RecompPercentageComplete=;MultipleRunsAffected=False;ActiveRunAffected=False;ActiveRunInProgress=False;RunCount=1;Run0Change0=Parameter;Run0Guid=2C937ECA-7ED7-4272-9ABD-8D9B38F720D8
43194.1766160417,DataCentral,Properties & Parameters,Change Parameter Value,Update,GridCell,Manual,UIInteraction,OSDD=IBC_ZMUD_SEL;EnsemblePath=USIT-D:IBCS:USI-SENSOR
43194.1766167245,DataCentral,Computation / Recomputation,ProcessRecomputeState,,,,UIAutomatic,JobGuid=918D957D-D1AD-45CF-A153-4082FFBD9616;State=UIS_RECOMPUTATION_STATE_PENDING;Scope=JobScope;RecompPercentageComplete=;MultipleRunsAffected=False;ActiveRunAffected=False;ActiveRunInProgress=False;RunCount=1;Run0Change0=Parameter;Run0Guid=2C937ECA-7ED7-4272-9ABD-8D9B38F720D8
43194.1768253241,DataCentral,Properties & Parameters,Change Parameter Value,Update,GridCell,Planner,UIInteraction,OSDD=IBC_ZMUD_SEL;EnsemblePath=USIT-D:IBCS:USI-SENSOR
43194.1768255324,DataCentral,Computation / Recomputation,ProcessRecomputeState,,,,UIAutomatic,JobGuid=918D957D-D1AD-45CF-A153-4082FFBD9616;State=UIS_RECOMPUTATION_STATE_PENDING;Scope=JobScope;RecompPercentageComplete=;MultipleRunsAffected=False;ActiveRunAffected=False;ActiveRunInProgress=False;RunCount=1;Run0Change0=Parameter;Run0Guid=2C937ECA-7ED7-4272-9ABD-8D9B38F720D8
43194.1770349884,DataCentral,Properties & Parameters,Change Parameter Value,Update,GridCell,Theoretical,UIInteraction,OSDD=IBC_ZMUD_SEL;EnsemblePath=USIT-D:IBCS:USI-SENSOR
43194.1771247685,DataCentral,Computation / Recomputation,Full Recomputation for All Closed Runs,Click,MenuItem,Full Recomputation for All Closed Runs,UIInteraction,
43194.1771682639,DataCentral,Computation / Recomputation,ProcessRecomputeState,,,,UIAutomatic,JobGuid=918D957D-D1AD-45CF-A153-4082FFBD9616;State=UIS_RECOMPUTATION_STATE_PENDING;Scope=JobScope;RecompPercentageComplete=;MultipleRunsAffected=False;ActiveRunAffected=False;ActiveRunInProgress=False;RunCount=1;Run0Change0=ToolString;Run0Guid=2C937ECA-7ED7-4272-9ABD-8D9B38F720D8
43194.1771683218,DataCentral,Computation / Recomputation,ProcessRecomputeState,,,,UIAutomatic,JobGuid=918D957D-D1AD-45CF-A153-4082FFBD9616;State=UIS_RECOMPUTATION_STATE_STARTING;Scope=JobScope;RecompPercentageComplete=;MultipleRunsAffected=False;ActiveRunAffected=False;ActiveRunInProgress=False;RunCount=1;Run0Change0=ToolString;Run0Guid=2C937ECA-7ED7-4272-9ABD-8D9B38F720D8
43194.1771704745,DataCentral,Computation / Recomputation,ProcessRecomputeState,,,,UIAutomatic,JobGuid=918D957D-D1AD-45CF-A153-4082FFBD9616;State=UIS_RECOMPUTATION_STATE_IN_PROGRESS;Scope=JobScope;RecompPercentageComplete=;MultipleRunsAffected=False;ActiveRunAffected=False;ActiveRunInProgress=False;RunCount=1;Run0Change0=ToolString;Run0Guid=2C937ECA-7ED7-4272-9ABD-8D9B38F720D8
43194.1774566551,DataCentral,Computation / Recomputation,ProcessRecomputeState,,,,UIAutomatic,JobGuid=918D957D-D1AD-45CF-A153-4082FFBD9616;State=UIS_RECOMPUTATION_STATE_SUCCEEDED;Scope=JobScope;RecompPercentageComplete=;MultipleRunsAffected=False;ActiveRunAffected=False;ActiveRunInProgress=False;RunCount=1;Run0Change0=ToolString;Run0Guid=2C937ECA-7ED7-4272-9ABD-8D9B38F720D8
43194.1775575347,,Console/Job Manager,Stop Data Central Console,Click,Button,Stop,UIInteraction,JobGuid=918D957D-D1AD-45CF-A153-4082FFBD9616
43194.177645625,,Console/Job Manager,Start Deliverables Console,Click,Button,Start...,UIInteraction,JobGuid=918D957D-D1AD-45CF-A153-4082FFBD9616
43194.1777363542,DeliverablesSetup,Tier Manager,Tier Template Created for Tools in My Equipment,,,USIT-D Tier Created,Deliverables Console,
43194.1777369792,DeliverablesSetup,Tier Manager,Tier Template Created for Tools in My Equipment,,,DTC-H Tier Created,Deliverables Console,
43194.1777747917,DeliverablesSetup,UI Framework,Start Console,,,Deliverables Console Setup - Job USIT-D-IBC_ICE,UIAutomatic,
43194.1778326157,DeliverablesSetup,Deliverables - Graphical,Add Catalog Format to Component,Click,ToolbarButton,Add to Component,UIInteraction,ComponentName=USI Fluid Properties Measurement;ComponentCode=Custom_Component_USITInterpolationZoneTable
43194.1779860995,DeliverablesSetup,Deliverables - Graphical,Add Catalog Format to Component,Click,ToolbarButton,Add to Component,UIInteraction,ComponentName=USI IBC SLG Composite;ComponentCode=Component_Log
43194.1781278009,DeliverablesSetup,Deliverables - Graphical,Add Catalog Format to Component,Click,ToolbarButton,Add to Component,UIInteraction,ComponentName=USI IBC QC FPM workflow;ComponentCode=Component_Log
43194.1782688889,DeliverablesSetup,Deliverables - Graphical,Add Catalog Format to Component,Click,ToolbarButton,Add to Component,UIInteraction,ComponentName=USI IBC QC4T;ComponentCode=Component_Log
43194.1784112731,DeliverablesSetup,Deliverables - Graphical,Add Catalog Format to Component,Click,ToolbarButton,Add to Component,UIInteraction,ComponentName=USI IBC QC FPM;ComponentCode=Component_Log
43194.1785520949,DeliverablesSetup,Deliverables - Graphical,Add Catalog Format to Component,Click,ToolbarButton,Add to Component,UIInteraction,ComponentName=USI IBC CBL VDL;ComponentCode=Component_Log
43194.1786978009,DeliverablesSetup,Deliverables - Digital,Create New Template,Click,ContextMenu,New Template,UIInteraction,
43194.1788034144,DeliverablesSetup,Deliverables - Digital,Rename Component,Click,ContextMenu,Rename,UIInteraction,ComponentName=New Template;DelivTemplateGuid=14924A7F-F33B-4830-AD78-004445D78138
43194.1788076273,DeliverablesSetup,Deliverables - Graphical,Rename Component,Input,TextBox,SLG,UIInteraction,OldComponentName=New Template
43194.1788745949,DeliverablesSetup,Deliverables - Digital,Add Component to Template,Click,ContextMenu,SLG,UIInteraction,ComponentCode=Component_Log
43194.1790781597,DeliverablesSetup,Deliverables - Digital,Add Component to Template,Click,ContextMenu,SLG,UIInteraction,ComponentCode=Component_Log
43194.1792786343,DeliverablesSetup,Deliverables - Digital,Create New Template,Click,ContextMenu,New Template,UIInteraction,
43194.1793845139,DeliverablesSetup,Deliverables - Digital,Rename Component,Click,ContextMenu,Rename,UIInteraction,ComponentName=New Template;DelivTemplateGuid=C2A32751-5DB5-4D7D-B5BC-63B9BBAB8F7E
43194.1793905903,DeliverablesSetup,Deliverables - Graphical,Rename Component,Input,TextBox,QC FPM,UIInteraction,OldComponentName=New Template
43194.1794572569,DeliverablesSetup,Deliverables - Digital,Add Component to Template,Click,ContextMenu,QC FPM,UIInteraction,ComponentCode=Component_Log
43194.1796612847,DeliverablesSetup,Deliverables - Digital,Add Component to Template,Click,ContextMenu,QC FPM,UIInteraction,ComponentCode=Component_Log
43194.1798656713,DeliverablesSetup,Deliverables - Digital,Add Component to Template,Click,ContextMenu,QC FPM,UIInteraction,ComponentCode=Component_Log
43194.1800929861,DeliverablesSetup,Deliverables - Digital,Add Template to Deliverable,Click,ContextMenu,Run 1,UIInteraction,ComponentName=SLG;ComponentCode=Component_None
43194.1801441204,DeliverablesSetup,Deliverables - Digital,Add Template to Deliverable,Click,ContextMenu,Run 1,UIInteraction,ComponentName=QC FPM;ComponentCode=Component_None
43194.1803287616,DeliverablesSetup,Data Explorer,Click OK Button,Click,Button,OK,UIInteraction,Selection=Log[1]:Up____1149.98 (ft)_1100.00 (ft)_UP 1
43194.1805002546,DeliverablesSetup,Data Explorer,Click OK Button,Click,Button,OK,UIInteraction,Selection=Log[1]:Up____1149.98 (ft)_1100.00 (ft)_UP 1
43194.180671412,DeliverablesSetup,Data Explorer,Click OK Button,Click,Button,OK,UIInteraction,Selection=Log[1]:Up____1149.98 (ft)_1100.00 (ft)_UP 1
43194.1808428356,DeliverablesSetup,Data Explorer,Click OK Button,Click,Button,OK,UIInteraction,Selection=Log[1]:Up____1149.98 (ft)_1100.00 (ft)_UP 1
43194.1810116204,DeliverablesSetup,Data Explorer,Click OK Button,Click,Button,OK,UIInteraction,Selection=Log[1]:Up____1149.98 (ft)_1100.00 (ft)_UP 1
43194.1810683681,DeliverablesSetup,UI Framework,Close Console,Click,Button,,UIInteraction,JobGuid=918D957D-D1AD-45CF-A153-4082FFBD9616
43194.1811029167,DeliverablesSetup,UI Framework,OK to Close Deliverables Console Setup Console,Click,Button,OK,UIInteraction,
43194.1811565625,,Console/Job Manager,Stop Job,Click,Button,Stop,UIInteraction,JobGuid=918D957D-D1AD-45CF-A153-4082FFBD9616
