43194.1249957407,,Console/Job Manager,New Job,Click,Button,New,UIInteraction,
43194.1250172685,,Console/Job Manager,Input Job Name,Input,TextBox,Acq_EDTA_WF,UIInteraction,
43194.1250605903,,Console/Job Manager,Input Well Name,Input,TextBox,BGC,UIInteraction,
43194.1251046296,,Console/Job Manager,Input Client Name,Input,TextBox,BGCAT,UIInteraction,
43194.1252379745,,Console/Job Manager,Check Simulator,Click,CheckBox,Simulator,UIInteraction,CheckState=True
43194.1252405324,,Console/Job Manager,Select Units,Click,ComboBox,Metric,UIInteraction,
43194.1254145255,,Console/Job Manager,Select Auto Backup Folder,Click,ComboBox,C:\AcqEDTA,UIInteraction,
43194.1302336574,,UI Framework,Switch Tab,Click,Tab,Job: Acq_EDTA_WF,UIInteraction,
43194.1743081481,,Console/Job Manager,Start Job Spec Manager,Click,ToolbarButton,Job Spec Manager,UIInteraction,
43194.1743409607,,Import/Export & Backup/Restore,Select Source,Click,ComboBox,Acq_EDTA_WF  WL Simulator  02:59:59 04-Apr-2018,UIInteraction,JobName=Acq_EDTA_WF;EntityGuid=DF65A20D-290A-4393-B9E5-0A7889A2E5FE
43194.1750429514,,Import/Export & Backup/Restore,Select/Deselect item,ByMouse,TreeView,Acq_EDTA_WF  WL Simulator  02:59:59 04-Apr-2018,UIInteraction,CheckState=True
43194.1750583912,,Import/Export & Backup/Restore,OK to Save Job Spec File,,,,UIAutomatic,FilePath=C:\Schlumberger Horizon Data\Acq_EDTA_WF\Job Spec Files\Acq_EDTA_WF.DLIS
43194.1750456597,,Import/Export & Backup/Restore,Save Job Spec File,Click,Button,Save As...,UIInteraction,
43194.1754647338,,Import/Export & Backup/Restore,Close Job Spec UI,Click,Button,Close,UIInteraction,
43194.1757605671,,UI Framework,Switch Tab,Click,Tab,Messages: Job Independent,UIInteraction,
43194.1757722222,,UI Framework,Close Console,Click,Button,,UIInteraction,
