43193.7793165741,,Console/Job Manager,Input Job Name,Input,TextBox,10MSA0091,UIInteraction,
43193.779359919,,Console/Job Manager,Input Well Name,Input,TextBox,maderil,UIInteraction,
43193.7794040393,,Console/Job Manager,Input Client Name,Input,TextBox,BGCAT,UIInteraction,
43193.7795390278,,Console/Job Manager,Select Units,Click,ComboBox,Metric,UIInteraction,
43193.7797146528,,Console/Job Manager,Select Auto Backup Folder,Click,ComboBox,C:\AutoBackup,UIInteraction,
43193.7909044444,,UI Framework,Close Console,Click,Button,,UIInteraction,
43193.7935933681,,UI Framework,Initialize Maxwell Manager Process Name,,,Initialize Maxwell Manager Process Name,,
43193.7936103935,,UI Framework,Start Console,,,Maxwell Manager,UIAutomatic,MachineName=HPV04-012;UserName=Engineer;UserDomainName=HPV04-012;OS=Microsoft Windows NT 6.1.7601 Service Pack 1;TimeZone=00:00:00;IPAddress_1=192.168.78.217;IPAddress_2=::1;MWVersion=9.0.100733.3100
43193.7938472222,,Console/Job Manager,Import Job Archive,Click,ContextMenu,Create Import,UIInteraction,
43193.7938541667,,Import/Export & Backup/Restore,Select file to import,Click,Button,...,UIInteraction,
43193.7938657986,,Import/Export & Backup/Restore,OK to select file,,,,UIAutomatic,FilePath=\\srv004bgc.dir.slb.com\MaxwellAT\TestData\TestData\Phase3\JobArchive\DnM_SWF_MP3_Setup.Dlis
43193.7939220833,,Import/Export & Backup/Restore,Start Import,Click,Button,Import,UIInteraction,FilePath=\\srv004bgc.dir.slb.com\MaxwellAT\TestData\TestData\Phase3\JobArchive\DnM_SWF_MP3_Setup.Dlis
43193.7942211921,,Import/Export & Backup/Restore,Close Import UI,Click,Button,Close,UIInteraction,
43193.7943533681,,Console/Job Manager,Select Auto Backup Folder,Click,ComboBox,C:\AutoBackup,UIInteraction,
43193.8471772454,,UI Framework,Close Console,Click,Button,,UIInteraction,
