Time,Process,Component,Operation,Action,Control,ControlText,Category,Context
43194.1833456829,,Console/Job Manager,Start Job,Click,Button,Start,UIInteraction,JobName=NEXT-A;WellName=HFE;ClientName=BGCAT;StartDate=4/4/2018 4:23 AM;Workflow=Wireline;Simulator=True;UnitSystem=English;RTBackupDir=C:\Autobackup;JobSize=0;State=Available;SideTrackId=0;SessionID=23C67CB1-9B5D-4602-AC40-971726E60959;SortOrder=1;JobGUID=6CD214F8-BAB4-42D3-8E9D-9D09BC5E3D18;WellGUID=FF1215E4-14F3-455E-9C52-AB43006E057B;BoreholeGUID=DFFCC420-3D92-4989-B431-A14F98BB81AC;MachineName=HPV11-015;UserName=Engineer;UserDomainName=HPV11-015;OS=Microsoft Windows NT 6.1.7601 Service Pack 1;StartedJobCount=0;TimeZone=00:00:00;IPAddress_1=192.168.178.18;IPAddress_2=::1;MWVersion=9.0.100745.3100
43194.183435463,,Console/Job Manager,Start Deliverables Console,Click,Button,Start...,UIInteraction,JobGuid=6CD214F8-BAB4-42D3-8E9D-9D09BC5E3D18
43194.1835417708,DeliverablesSetup,UI Framework,Start Console,,,Deliverables Console Setup - Job NEXT-A,UIAutomatic,
43194.1835696181,,Console/Job Manager,Start Setup Console,Click,Button,Start...,UIInteraction,JobGuid=6CD214F8-BAB4-42D3-8E9D-9D09BC5E3D18
43194.1837587847,Setup,Calibration,Select Calibration Report Type,Click,ComboBox,Technical Concise,UIInteraction,
43194.1837645023,Setup,UI Framework,Start Console,,,Setup - Job NEXT-A,UIAutomatic,
43194.1838200116,Setup,Equipment,New ToolString,Click,ToolbarButton,New ToolString,UIInteraction,ToolstringName=New ToolString;ToolstringGuid=F3457C69-3215-4F86-8B31-56FFF9DA0BED
43194.1838579282,Setup,Equipment,Rename ToolString,Input,TextBox,NEXT-A,UIInteraction,ToolstringGuid=F3457C69-3215-4F86-8B31-56FFF9DA0BED
43194.1838703588,Setup,Equipment,Filter Equipment in Catalog,Input,TextBox,,UIInteraction,Text=ILE-F
43194.1838708796,Setup,Equipment,Filter Equipment in Catalog,Input,TextBox,,UIInteraction,Text=ILE-F
43194.1838761806,Setup,Equipment,Add Equipment from Catalog to ToolString,Click,ToolbarButton,Add to ToolString,UIInteraction,EquipmentName=ILE-F
43194.1838790972,Setup,Equipment,Filter Equipment in Catalog,Input,TextBox,,UIInteraction,Text=NEXT-A
43194.183879213,Setup,Equipment,Filter Equipment in Catalog,Input,TextBox,,UIInteraction,Text=NEXT-A
43194.1838844097,Setup,Equipment,Add Equipment from Catalog to ToolString,Click,ToolbarButton,Add to ToolString,UIInteraction,EquipmentName=NEXT-A
43194.1838979051,Setup,Equipment,Filter Equipment in Catalog,Input,TextBox,,UIInteraction,Text=ILE-F
43194.1838980671,Setup,Equipment,Filter Equipment in Catalog,Input,TextBox,,UIInteraction,Text=ILE-F
43194.1838991435,DeliverablesSetup,Tier Manager,Tier Template Created for Tools in My Equipment,,,NEXT-A Tier Created,Deliverables Console,
43194.1839031597,Setup,Equipment,Add Equipment from Catalog to ToolString,Click,ToolbarButton,Add to ToolString,UIInteraction,EquipmentName=ILE-F
43194.1839058796,Setup,Equipment,Filter Equipment in Catalog,Input,TextBox,,UIInteraction,Text=EDTC-B
43194.1839059954,Setup,Equipment,Filter Equipment in Catalog,Input,TextBox,,UIInteraction,Text=EDTC-B
43194.1839114583,Setup,Equipment,Add Equipment from Catalog to ToolString,Click,ToolbarButton,Add to ToolString,UIInteraction,EquipmentName=EDTC-B
43194.1839178241,Setup,Equipment,Filter Equipment in Catalog,Input,TextBox,,UIInteraction,Text=LEH-Q
43194.1839179861,Setup,Equipment,Filter Equipment in Catalog,Input,TextBox,,UIInteraction,Text=LEH-Q
43194.183923044,Setup,Equipment,Add Equipment from Catalog to ToolString,Click,ToolbarButton,Add to ToolString,UIInteraction,EquipmentName=LEH-Q
43194.1840076389,Setup,Properties & Parameters,Show Infrequent Properties/Parameters,Click,ToolbarButton,Show Infrequent Properties,UIInteraction,
43194.1840570602,Setup,Properties & Parameters,Change Property Value,Update,GridCell,1,UIInteraction,OSDD=EP_SERIAL_NUMBER;EnsemblePath=NEXT-A:NEXT-A:NEXH-A
43194.1841977893,Setup,Properties & Parameters,Change Property Value,Update,GridCell,1,UIInteraction,OSDD=EP_SERIAL_NUMBER;EnsemblePath=NEXT-A:NEXT-A:PNG-G
43194.1843421875,Setup,Properties & Parameters,Change Property Value,Update,GridCell,1,UIInteraction,OSDD=EP_SERIAL_NUMBER;EnsemblePath=NEXT-A:NEXT-A:NEXS-A
43194.1843765625,Setup,UI Framework,Switch Tab,Click,Tab,DnI Initializations,UIInteraction,
43194.1843948958,Setup,DnI/Survey,Select Decimal,Click,RadioButton,Decimal,UIInteraction,
43194.1844154977,Setup,DnI/Survey,Enter Latitude,Input,TextBox,32,UIInteraction,
43194.1844271181,Setup,DnI/Survey,Enter Longitude,Input,TextBox,-97,UIInteraction,
43194.1844378241,Setup,UI Framework,Switch Tab,Click,Tab,Equipment,UIInteraction,
43194.1844822222,Setup,DnI/Survey,Select Permanent Datum,Click,ComboBox,Ground Level,UIInteraction,
43194.1844883449,Setup,DnI/Survey,Select Log Measured From,Click,ComboBox,Kelly Bushing,UIInteraction,
43194.1845013194,Setup,UI Framework,Switch Tab,Click,Tab,DnI Initializations,UIInteraction,
43194.1845246412,Setup,DnI/Survey,Enter Elevation of Permanent Datum from mean sea level,Input,TextBox,100.0,UIInteraction,
43194.1845287963,Setup,DnI/Survey,Enter Elevation of 'Log Measured From',Input,TextBox,12.5,UIInteraction,LogMeasuredFrom=Kelly Bushing
43194.1845323032,Setup,DnI/Survey,Enter Elevation of drill floor,Input,TextBox,11.0,UIInteraction,
43194.1845603704,Setup,DnI/Survey,Compute DnI/Elevation,Click,Button,Compute,UIInteraction,
43194.1846940046,Setup,UI Framework,Switch Tab,Click,Tab,Wellbore,UIInteraction,
43194.1846987269,Setup,Well Setup (Internal),Select Run Number,Click,ComboBox,1,UIInteraction,RunGuid=DAD4A4F7-BA9D-4BB3-9137-ECD6169449BC
43194.1847102778,Setup,Well Setup (Internal),Enter Size for Bit Size,Update,GridCell,12.25,UIInteraction,Row=1;Column=Size (in);RunGuid=DAD4A4F7-BA9D-4BB3-9137-ECD6169449BC
43194.1847289005,Setup,Well Setup (Internal),Enter Driller Top for Bit Size,Update,GridCell,0,UIInteraction,Row=1;Column=Driller Top (ft);RunGuid=DAD4A4F7-BA9D-4BB3-9137-ECD6169449BC
43194.1847471181,Setup,Well Setup (Internal),Enter Driller Bottom for Bit Size,Update,GridCell,200,UIInteraction,Row=1;Column=Driller Bottom (ft);RunGuid=DAD4A4F7-BA9D-4BB3-9137-ECD6169449BC
43194.1847672106,Setup,Well Setup (Internal),Enter Logger Top for Bit Size,Update,GridCell,0,UIInteraction,Row=1;Column=Logger Top (ft);RunGuid=DAD4A4F7-BA9D-4BB3-9137-ECD6169449BC
43194.184786331,Setup,Well Setup (Internal),Select Run Number,Click,ComboBox,1,UIInteraction,RunGuid=DAD4A4F7-BA9D-4BB3-9137-ECD6169449BC
43194.1847939468,Setup,Well Setup (Internal),Add Row for Bit Size,Click,ToolbarButton,Add Row,UIInteraction,Row=2;RunGuid=DAD4A4F7-BA9D-4BB3-9137-ECD6169449BC
43194.1848005093,Setup,Well Setup (Internal),Enter Size for Bit Size,Update,GridCell,8.0,UIInteraction,Row=2;Column=Size (in);RunGuid=DAD4A4F7-BA9D-4BB3-9137-ECD6169449BC
43194.184819456,Setup,Well Setup (Internal),Enter Driller Bottom for Bit Size,Update,GridCell,20000,UIInteraction,Row=2;Column=Driller Bottom (ft);RunGuid=DAD4A4F7-BA9D-4BB3-9137-ECD6169449BC
43194.1848383449,Setup,Well Setup (Internal),Enter Logger Bottom for Bit Size,Update,GridCell,20000,UIInteraction,Row=2;Column=Logger Bottom (ft);RunGuid=DAD4A4F7-BA9D-4BB3-9137-ECD6169449BC
43194.1848566204,Setup,Well Setup (Internal),Enter FCD for Bit Size,Update,GridCell,5.5,UIInteraction,Row=2;Column=FCD (in);RunGuid=DAD4A4F7-BA9D-4BB3-9137-ECD6169449BC
43194.1848759838,Setup,Well Setup (Internal),Select Run Number,Click,ComboBox,1,UIInteraction,RunGuid=DAD4A4F7-BA9D-4BB3-9137-ECD6169449BC
43194.1848876852,Setup,Well Setup (Internal),Enter Size for Casings,Update,GridCell,9.625,UIInteraction,Row=1;Column=Size (in);RunGuid=DAD4A4F7-BA9D-4BB3-9137-ECD6169449BC
43194.1849053241,Setup,Well Setup (Internal),Enter Driller Top for Casings,Update,GridCell,0,UIInteraction,Row=1;Column=Driller Top (ft);RunGuid=DAD4A4F7-BA9D-4BB3-9137-ECD6169449BC
43194.184923588,Setup,Well Setup (Internal),Enter Driller Bottom for Casings,Update,GridCell,200,UIInteraction,Row=1;Column=Driller Bottom (ft);RunGuid=DAD4A4F7-BA9D-4BB3-9137-ECD6169449BC
43194.1849418056,Setup,Well Setup (Internal),Enter Logger Top for Casings,Update,GridCell,0,UIInteraction,Row=1;Column=Logger Top (ft);RunGuid=DAD4A4F7-BA9D-4BB3-9137-ECD6169449BC
43194.1849602315,Setup,Well Setup (Internal),Enter Logger Bottom for Casings,Update,GridCell,200,UIInteraction,Row=1;Column=Logger Bottom (ft);RunGuid=DAD4A4F7-BA9D-4BB3-9137-ECD6169449BC
43194.1849786806,Setup,Well Setup (Internal),Enter Weight for Casings,Update,GridCell,35,UIInteraction,Row=1;Column=Weight (lbm/ft);RunGuid=DAD4A4F7-BA9D-4BB3-9137-ECD6169449BC
43194.1850758681,Setup,Well Setup (Internal),Enter Grade for Casings,Update,GridCell,K55,UIInteraction,Row=1;Column=Grade;RunGuid=DAD4A4F7-BA9D-4BB3-9137-ECD6169449BC
43194.1850903935,Setup,UI Framework,Switch Tab,Click,Tab,Equipment,UIInteraction,
43194.1851020949,Setup,Equipment,Validate ToolString,Click,ContextMenu,Validate,UIInteraction,Validated State=TS_VALIDATION_VALID;Validated Message=<ToolStringValidation><ToolStringGuid>F3457C69-3215-4F86-8B31-56FFF9DA0BED</ToolStringGuid><ToolStringName>NEXT-A</ToolStringName><SourceAction>Validate</SourceAction><IsAutomatic>FALSE</IsAutomatic></ToolStringValidation>
43194.185234213,Setup,UI Framework,Switch Tab,Click,Tab,Runs,UIInteraction,
43194.1852761574,Setup,Run Manager (Internal),Associate toolstring to run,Update,GridCell,NEXT-A,UIInteraction,RunGuid=DAD4A4F7-BA9D-4BB3-9137-ECD6169449BC;ToolstringGuid=F3457C69-3215-4F86-8B31-56FFF9DA0BED;DownholeEquipments=NEXT-AEDTC-BILE-FEME-TILE-FLEH-Q;TSLevelActiveSurfaceEquips=DEPTH_DEVICETENSION_DEVICELOGGING_CABLEWAFEWITM
43194.1854106829,Setup,Equipment,Close Toolstring Validation UI,Click,Button,Close,UIInteraction,ToolstringGuid=F3457C69-3215-4F86-8B31-56FFF9DA0BED
43194.1854446759,Setup,Run Manager (Internal),Start Run,Click,Button,Start,UIInteraction,RunGuid=DAD4A4F7-BA9D-4BB3-9137-ECD6169449BC;ToolstringGuid=F3457C69-3215-4F86-8B31-56FFF9DA0BED;DownholeEquipments=ILE-F:NEXT-A:ILE-F:EDTC-B:LEH-Q;TSLevelActiveSurfaceEquips=DEPTH_DEVICE:TENSION_DEVICE:LOGGING_CABLE:WAFE
43194.1855634375,Simulation,UI Framework,Start Console,,,Simulation Console - Job NEXT-A,UIAutomatic,
43194.1856735069,WLAcquisition,Calibration,Select Calibration Report Type,Click,ComboBox,Technical Concise,UIInteraction,
43194.1857249306,WLAcquisition,UI Framework,Start Console,,,Acquisition Console - Job NEXT-A - Run 1,UIAutomatic,
43194.1857361343,WLAcquisition,Calibration,Select Calibration in Calibration Report,Click,ComboBox,EDTC-B Accelerometer Calibration,UIInteraction,
43194.1857352546,WLAcquisition,Calibration,Choose Available Calibration,Click,ComboBox,Nominal,UIInteraction,
43194.1857361574,WLAcquisition,Calibration,Select Tool in Calibration Report,Click,ComboBox,EDTC-B,UIInteraction,ToolName=EDTC-B
43194.1860502778,DeliverablesSetup,Deliverables - Digital,Add Digital Template,Click,ContextMenu,DLIS,UIInteraction,
43194.1861787153,DeliverablesSetup,Deliverables - Digital,Rename Component,Click,ContextMenu,Rename,UIInteraction,ComponentName=New Template;DelivTemplateGuid=1AEA6731-66FD-48B2-8BC6-79DACC621058
43194.1861837731,DeliverablesSetup,Deliverables - Graphical,Rename Component,Input,TextBox,DLIS,UIInteraction,OldComponentName=New Template
43194.1862223611,DeliverablesSetup,Deliverables - Digital,Create New Template,Click,ContextMenu,New Template,UIInteraction,
43194.1863300579,DeliverablesSetup,Deliverables - Digital,Rename Component,Click,ContextMenu,Rename,UIInteraction,ComponentName=New Template;DelivTemplateGuid=5E7BF07F-EBA2-4FEF-B1FA-E80913B393A5
43194.1863361227,DeliverablesSetup,Deliverables - Graphical,Rename Component,Input,TextBox,NEXT-A,UIInteraction,OldComponentName=New Template
43194.1864128241,DeliverablesSetup,Deliverables - Graphical,Add Catalog Format to Template,Click,ToolbarButton,Add to Template,UIInteraction,ComponentName=DLIS Standard;ComponentCode=Component_StandardDlis_Format
43194.186419838,DeliverablesSetup,Deliverables - Graphical,Add Catalog Format to Template,Click,ContextMenu,DLIS,UIInteraction,ComponentName=DLIS Standard;ComponentCode=Component_StandardDlis_Format
43194.1864844907,DeliverablesSetup,Deliverables - Graphical,Add Catalog Format to Template,Click,ToolbarButton,Add to Template,UIInteraction,ComponentName=NEXT Raw Yields LQC;ComponentCode=Component_Log
43194.1864914815,DeliverablesSetup,Deliverables - Graphical,Add Catalog Format to Template,Click,ContextMenu,NEXT-A,UIInteraction,ComponentName=NEXT Raw Yields LQC;ComponentCode=Component_Log
43194.1865575463,DeliverablesSetup,Deliverables - Digital,Add Template to Deliverable,Click,ContextMenu,Run 1,UIInteraction,ComponentName=NEXT-A;ComponentCode=Component_None
43194.1866537037,DeliverablesSetup,Deliverables - Digital,Add Template to Deliverable,Click,ContextMenu,Run 1,UIInteraction,ComponentName=DLIS Standard;ComponentCode=Component_Template_Dlis
43194.1867371875,WLAcquisition,Data Acquiring - WL,Connect Hardware,Click,ToolbarButton,Connect to Hardware,UIInteraction,
43194.1869419676,WLAcquisition,Data Acquiring - WL,Start Dataflow,Click,ToolbarButton,Start Data Flow,UIInteraction,
43194.1870463426,WLAcquisition,Data Acquiring - WL,Enable Tool Power,Click,ToolbarButton,Enable Tool Power,UIInteraction,
43194.1870569329,WLAcquisition,EDTC-B,Read Memory Data,,,,UIAutomatic,TaskName=EDTC-B: Read Memory Data
43194.1870585532,WLAcquisition,UI Framework,Switch Tab,Click,Tab,Calibrations,UIInteraction,
43194.1870799421,WLAcquisition,Calibration,Choose Available Calibration,Click,ComboBox,04:29:22.215 04-Apr-2018,UIInteraction,
43194.1870805556,WLAcquisition,Calibration,Choose Available Calibration,Click,ComboBox,04:29:22.215 04-Apr-2018,UIInteraction,
43194.1870813773,DeliverablesSetup,Computation / Recomputation,ProcessRecomputeState,,,,UIAutomatic,JobGuid=6CD214F8-BAB4-42D3-8E9D-9D09BC5E3D18;State=UIS_RECOMPUTATION_STATE_PENDING;Scope=JobScope;RecompPercentageComplete=;MultipleRunsAffected=False;ActiveRunAffected=True;ActiveRunInProgress=False;RunCount=1;Run0Change0=Calibration;Run0Guid=DAD4A4F7-BA9D-4BB3-9137-ECD6169449BC
43194.1870813889,Setup,Computation / Recomputation,ProcessRecomputeState,,,,UIAutomatic,JobGuid=6CD214F8-BAB4-42D3-8E9D-9D09BC5E3D18;State=UIS_RECOMPUTATION_STATE_PENDING;Scope=JobScope;RecompPercentageComplete=;MultipleRunsAffected=False;ActiveRunAffected=True;ActiveRunInProgress=False;RunCount=1;Run0Change0=Calibration;Run0Guid=DAD4A4F7-BA9D-4BB3-9137-ECD6169449BC
43194.1870816667,WLAcquisition,Computation / Recomputation,ProcessRecomputeState,,,,UIAutomatic,JobGuid=6CD214F8-BAB4-42D3-8E9D-9D09BC5E3D18;State=UIS_RECOMPUTATION_STATE_PENDING;Scope=JobScope;RecompPercentageComplete=;MultipleRunsAffected=False;ActiveRunAffected=True;ActiveRunInProgress=False;RunCount=1;Run0Change0=Calibration;Run0Guid=DAD4A4F7-BA9D-4BB3-9137-ECD6169449BC
43194.1890863194,WLAcquisition,Depth Log/Station Planning,Perform Logging Task,RightClick,TreeView,Depth Log,UIInteraction,TaskName=Depth Log
43194.1891008218,WLAcquisition,Depth Log/Station Planning,Perform Logging Task,Click,ContextMenu,Perform,UIInteraction,TaskName=Depth Log
43194.1893061921,WLAcquisition,UI Framework,Switch Tab,Click,Tab,Tool Control,UIInteraction,
43194.1894390278,WLAcquisition,NEXT-A,PNG Control,RightClick,TreeView,NEXT-A: PNG Control,UIInteraction,TaskName=NEXT-A: PNG Control
43194.1894531597,WLAcquisition,NEXT-A,PNG Control,Click,ContextMenu,Perform,UIInteraction,TaskName=NEXT-A: PNG Control
43194.1898037269,WLAcquisition,Computation / Recomputation,Recompute All Pending Runs,Click,ToolbarButton,Recompute All Pending Runs,UIInteraction,
43194.1898037616,WLAcquisition,Computation / Recomputation,Start Recomputation During Acquisition,Click,ToolbarButton,Recompute All Pending Runs,UIInteraction,FeatureName=Framework.RTOOP
43194.1898039236,DeliverablesSetup,Computation / Recomputation,ProcessRecomputeState,,,,UIAutomatic,JobGuid=6CD214F8-BAB4-42D3-8E9D-9D09BC5E3D18;State=UIS_RECOMPUTATION_STATE_STARTING;Scope=JobScope;RecompPercentageComplete=;MultipleRunsAffected=False;ActiveRunAffected=True;ActiveRunInProgress=True;RunCount=1;Run0Change0=Calibration;Run0Guid=DAD4A4F7-BA9D-4BB3-9137-ECD6169449BC
43194.1898039699,Setup,Computation / Recomputation,ProcessRecomputeState,,,,UIAutomatic,JobGuid=6CD214F8-BAB4-42D3-8E9D-9D09BC5E3D18;State=UIS_RECOMPUTATION_STATE_STARTING;Scope=JobScope;RecompPercentageComplete=;MultipleRunsAffected=False;ActiveRunAffected=True;ActiveRunInProgress=True;RunCount=1;Run0Change0=Calibration;Run0Guid=DAD4A4F7-BA9D-4BB3-9137-ECD6169449BC
43194.1898046875,WLAcquisition,Computation / Recomputation,ProcessRecomputeState,,,,UIAutomatic,JobGuid=6CD214F8-BAB4-42D3-8E9D-9D09BC5E3D18;State=UIS_RECOMPUTATION_STATE_STARTING;Scope=JobScope;RecompPercentageComplete=;MultipleRunsAffected=False;ActiveRunAffected=True;ActiveRunInProgress=True;RunCount=1;Run0Change0=Calibration;Run0Guid=DAD4A4F7-BA9D-4BB3-9137-ECD6169449BC
43194.1898091435,WLAcquisition,Computation / Recomputation,ProcessRecomputeState,,,,UIAutomatic,JobGuid=6CD214F8-BAB4-42D3-8E9D-9D09BC5E3D18;State=UIS_RECOMPUTATION_STATE_IN_PROGRESS;Scope=JobScope;RecompPercentageComplete=;MultipleRunsAffected=False;ActiveRunAffected=True;ActiveRunInProgress=True;RunCount=1;Run0Change0=Calibration;Run0Guid=DAD4A4F7-BA9D-4BB3-9137-ECD6169449BC
43194.1898091435,DeliverablesSetup,Computation / Recomputation,ProcessRecomputeState,,,,UIAutomatic,JobGuid=6CD214F8-BAB4-42D3-8E9D-9D09BC5E3D18;State=UIS_RECOMPUTATION_STATE_IN_PROGRESS;Scope=JobScope;RecompPercentageComplete=;MultipleRunsAffected=False;ActiveRunAffected=True;ActiveRunInProgress=True;RunCount=1;Run0Change0=Calibration;Run0Guid=DAD4A4F7-BA9D-4BB3-9137-ECD6169449BC
43194.1898091435,Setup,Computation / Recomputation,ProcessRecomputeState,,,,UIAutomatic,JobGuid=6CD214F8-BAB4-42D3-8E9D-9D09BC5E3D18;State=UIS_RECOMPUTATION_STATE_IN_PROGRESS;Scope=JobScope;RecompPercentageComplete=;MultipleRunsAffected=False;ActiveRunAffected=True;ActiveRunInProgress=True;RunCount=1;Run0Change0=Calibration;Run0Guid=DAD4A4F7-BA9D-4BB3-9137-ECD6169449BC
43194.1898229977,WLAcquisition,Computation / Recomputation,ProcessRecomputeState,,,,UIAutomatic,JobGuid=6CD214F8-BAB4-42D3-8E9D-9D09BC5E3D18;State=UIS_RECOMPUTATION_STATE_SUCCEEDED;Scope=JobScope;RecompPercentageComplete=;MultipleRunsAffected=False;ActiveRunAffected=True;ActiveRunInProgress=True;RunCount=1;Run0Change0=Calibration;Run0Guid=DAD4A4F7-BA9D-4BB3-9137-ECD6169449BC
43194.1898229977,DeliverablesSetup,Computation / Recomputation,ProcessRecomputeState,,,,UIAutomatic,JobGuid=6CD214F8-BAB4-42D3-8E9D-9D09BC5E3D18;State=UIS_RECOMPUTATION_STATE_SUCCEEDED;Scope=JobScope;RecompPercentageComplete=;MultipleRunsAffected=False;ActiveRunAffected=True;ActiveRunInProgress=True;RunCount=1;Run0Change0=Calibration;Run0Guid=DAD4A4F7-BA9D-4BB3-9137-ECD6169449BC
43194.1898229977,Setup,Computation / Recomputation,ProcessRecomputeState,,,,UIAutomatic,JobGuid=6CD214F8-BAB4-42D3-8E9D-9D09BC5E3D18;State=UIS_RECOMPUTATION_STATE_SUCCEEDED;Scope=JobScope;RecompPercentageComplete=;MultipleRunsAffected=False;ActiveRunAffected=True;ActiveRunInProgress=True;RunCount=1;Run0Change0=Calibration;Run0Guid=DAD4A4F7-BA9D-4BB3-9137-ECD6169449BC
43194.1904019907,WLAcquisition,Data Acquiring - WL,Start Depth Pass,Click,Button,Start,UIInteraction,PassGuid=B8674624-56A7-48F5-A25B-9C017CD1FC68;Objective=Log;Direction=Up;Depth=3047.99238
43194.1904061458,WLAcquisition,UI Framework,Switch Tab,Click,Tab,MD,UIInteraction,
43194.1908031713,DeliverablesSetup,Deliverables - Digital,Change Digital Properties,Click,ComboBox,DataAssignment_Type,UIInteraction,DeliverableType=DLIS;ChangedProperty=DataAssignment_Type;OldValue=Single Pass;NewValue=All Depth Passes
43194.1908031944,DeliverablesSetup,Deliverables - Digital,Change Property,Click,DataAssignmentTypeConverter,DataAssignment_Type,UIInteraction,NewValue=All Depth Passes;OldValue=Single Pass
43194.1908457755,DeliverablesSetup,UI Framework,Switch View,Click,ToolbarButton,Deliverables Display View,UIInteraction,
43194.1910005093,WLAcquisition,UI Framework,Switch Tab,Click,Tab,Operation,UIInteraction,
43194.1939495602,WLAcquisition,Data Acquiring - WL,Unlock Pass,Click,ToolbarButton,Click to Unlock Stop Button,UIInteraction,
43194.1941178935,WLAcquisition,Data Acquiring - WL,Stop Depth Pass,Click,Button,Stop,UIInteraction,PassGuid=B8674624-56A7-48F5-A25B-9C017CD1FC68;Depth=2727.95238
43194.1946158333,WLAcquisition,Data Acquiring - WL,Unlock 3 Buttons,Click,ToolbarButton,Unlock,UIInteraction,
43194.1946184259,WLAcquisition,Data Acquiring - WL,Disable Tool Power,Click,ToolbarButton,Disable Tool Power,UIInteraction,
43194.1947470718,WLAcquisition,Data Acquiring - WL,Stop Dataflow,Click,ToolbarButton,Stop Data Flow,UIInteraction,
43194.1949116898,WLAcquisition,Data Acquiring - WL,Disconnect Hardware,Click,ToolbarButton,Disconnect From Hardware,UIInteraction,
43194.1950148843,Setup,Run Manager (Internal),Stop Run,Click,Button,Stop,UIInteraction,RunGuid=DAD4A4F7-BA9D-4BB3-9137-ECD6169449BC
43194.1950626273,Setup,Run Manager (Internal),Confirm to Stop Run,Click,Button,OK,UIInteraction,RunGuid=DAD4A4F7-BA9D-4BB3-9137-ECD6169449BC
43194.19511875,Simulation,UI Framework,Close Console,Click,Button,,UIInteraction,JobGuid=6CD214F8-BAB4-42D3-8E9D-9D09BC5E3D18
43194.1952148843,DeliverablesSetup,Deliverables - Digital,Create Job Archive,Click,ContextMenu,Create,UIInteraction,ArchiveGuid=6CD214F8-BAB4-42D3-8E9D-9D09BC5E3D18;JobArchiveType=3.0
43194.1955945602,DeliverablesSetup,UI Framework,Close Console,Click,Button,,UIInteraction,JobGuid=6CD214F8-BAB4-42D3-8E9D-9D09BC5E3D18
43194.1956335301,DeliverablesSetup,UI Framework,OK to Close Deliverables - Display Console,Click,Button,OK,UIInteraction,
43194.1957163889,,Console/Job Manager,Stop Setup Console,Click,Button,Stop,UIInteraction,JobGuid=6CD214F8-BAB4-42D3-8E9D-9D09BC5E3D18
43194.1957818287,,Console/Job Manager,Stop Job,Click,Button,Stop,UIInteraction,JobGuid=6CD214F8-BAB4-42D3-8E9D-9D09BC5E3D18
