Time,Process,Component,Operation,Action,Control,ControlText,Category,Context
43194.1329563194,,Console/Job Manager,Start Job,Click,Button,Start,UIInteraction,JobName=DSLT_H_CBL;WellName=BGC_Automation;ClientName=BGCAT;StartDate=4/4/2018 3:10 AM;Workflow=Wireline;Simulator=True;UnitSystem=English;RTBackupDir=C:\Autobackup;JobSize=0;State=Available;SideTrackId=0;SessionID=251439EB-192C-4111-8A34-3BC6629E8F6A;SortOrder=1;JobGUID=0A4E623D-6B5B-427F-86B1-CD17D9B0B03C;WellGUID=F9946FEB-2AB3-471D-B473-36E22AB2F731;BoreholeGUID=0453D397-B51C-4E8F-8C0A-413C32C0216B;MachineName=HPV26-006;UserName=Engineer;UserDomainName=HPV26-006;OS=Microsoft Windows NT 6.1.7601 Service Pack 1;StartedJobCount=0;TimeZone=00:00:00;IPAddress_1=192.168.178.64;IPAddress_2=::1;MWVersion=9.0.100745.3100
43194.1334956829,,Console/Job Manager,Start Deliverables Console,Click,Button,Start...,UIInteraction,JobGuid=0A4E623D-6B5B-427F-86B1-CD17D9B0B03C
43194.1335666551,DeliverablesSetup,UI Framework,Start Console,,,Deliverables Console Setup - Job DSLT_H_CBL,UIAutomatic,
43194.1335786343,,Console/Job Manager,Start Setup Console,Click,Button,Start...,UIInteraction,JobGuid=0A4E623D-6B5B-427F-86B1-CD17D9B0B03C
43194.1336957523,Setup,Calibration,Select Calibration Report Type,Click,ComboBox,Technical Concise,UIInteraction,
43194.1336985532,Setup,UI Framework,Start Console,,,Setup - Job DSLT_H_CBL,UIAutomatic,
43194.1337490393,Setup,Equipment,New ToolString,Click,ToolbarButton,New ToolString,UIInteraction,ToolstringName=New ToolString;ToolstringGuid=A958CC9F-A1F0-493E-9E9A-55E234592624
43194.1337911227,Setup,Equipment,Rename ToolString,Input,TextBox,New ToolString,UIInteraction,ToolstringGuid=A958CC9F-A1F0-493E-9E9A-55E234592624
43194.1337911458,Setup,Equipment,Rename ToolString,,,,UIAutomatic,State=Cancel
43194.1338016898,Setup,Equipment,Filter Equipment in Catalog,Input,TextBox,,UIInteraction,Text=BNS-STD
43194.133801956,Setup,Equipment,Filter Equipment in Catalog,Input,TextBox,,UIInteraction,Text=BNS-STD
43194.1338049884,Setup,Equipment,Rename ToolString,Input,TextBox,New ToolString,UIInteraction,ToolstringGuid=A958CC9F-A1F0-493E-9E9A-55E234592624
43194.133806956,Setup,Equipment,Add Equipment from Catalog to ToolString,Click,ToolbarButton,Add to ToolString,UIInteraction,EquipmentName=BNS-STD
43194.1338094444,Setup,Equipment,Filter Equipment in Catalog,Input,TextBox,,UIInteraction,Text=DSLT-H
43194.1338095833,Setup,Equipment,Filter Equipment in Catalog,Input,TextBox,,UIInteraction,Text=DSLT-H
43194.1338149421,Setup,Equipment,Add Equipment from Catalog to ToolString,Click,ToolbarButton,Add to ToolString,UIInteraction,EquipmentName=DSLT-H
43194.1338240625,Setup,Equipment,Filter Equipment in Catalog,Input,TextBox,,UIInteraction,Text=CAL-YB
43194.1338241551,Setup,Equipment,Filter Equipment in Catalog,Input,TextBox,,UIInteraction,Text=CAL-YB
43194.1338242593,DeliverablesSetup,Tier Manager,Tier Template Created for Tools in My Equipment,,,DSLT-H Tier Created,Deliverables Console,
43194.1338284722,Setup,Equipment,Add Equipment from Catalog to ToolString,Click,ToolbarButton,Add to ToolString,UIInteraction,EquipmentName=CAL-YB
43194.1338313194,DeliverablesSetup,Tier Manager,Tier Template Created for Tools in My Equipment,,,CAL-YB Tier Created,Deliverables Console,
43194.1338319792,Setup,Equipment,Filter Equipment in Catalog,Input,TextBox,,UIInteraction,Text=EDTC-B
43194.1338320833,Setup,Equipment,Filter Equipment in Catalog,Input,TextBox,,UIInteraction,Text=EDTC-B
43194.1338397338,DeliverablesSetup,Tier Manager,Tier Template Created for Tools in My Equipment,,,EDTC-B Tier Created,Deliverables Console,
43194.1338365741,Setup,Equipment,Add Equipment from Catalog to ToolString,Click,ToolbarButton,Add to ToolString,UIInteraction,EquipmentName=EDTC-B
43194.1338404745,Setup,Equipment,Filter Equipment in Catalog,Input,TextBox,,UIInteraction,Text=LEH-QT
43194.1338405671,Setup,Equipment,Filter Equipment in Catalog,Input,TextBox,,UIInteraction,Text=LEH-QT
43194.133849375,DeliverablesSetup,Tier Manager,Tier Template Created for Tools in My Equipment,,,LEH-QT Tier Created,Deliverables Console,
43194.133845162,Setup,Equipment,Add Equipment from Catalog to ToolString,Click,ToolbarButton,Add to ToolString,UIInteraction,EquipmentName=LEH-QT
43194.1339126273,Setup,Equipment,Rename ToolString,Click,ContextMenu,Rename,UIInteraction,
43194.1339205671,Setup,Equipment,Rename ToolString,Input,TextBox,DSLT_CBL,UIInteraction,ToolstringGuid=A958CC9F-A1F0-493E-9E9A-55E234592624
43194.1340460648,Setup,Properties & Parameters,Change Property Value,Update,GridCell,1,UIInteraction,OSDD=EP_SERIAL_NUMBER;EnsemblePath=DSLT-H:DSLC-H:DSLC-H
43194.1340639583,Setup,Properties & Parameters,Change Property Value,Update,GridCell,1,UIInteraction,OSDD=EP_SERIAL_NUMBER;EnsemblePath=DSLT-H:DSLC-H:ECH-KH
43194.134082037,Setup,Properties & Parameters,Change Property Value,Update,GridCell,1,UIInteraction,OSDD=EP_SERIAL_NUMBER;EnsemblePath=DSLT-H:SLS-E:SLS-E
43194.1342206134,Setup,Properties & Parameters,Change Property Value,Update,GridCell,1,UIInteraction,OSDD=EP_SERIAL_NUMBER;EnsemblePath=CAL-YB:CAL-YB:CAL-YB
43194.1342385648,Setup,Properties & Parameters,Change Property Value,Update,GridCell,1,UIInteraction,OSDD=EP_SERIAL_NUMBER;EnsemblePath=WITM
43194.134373125,Setup,Properties & Parameters,Change Property Value,Update,GridCell,1,UIInteraction,OSDD=EP_SERIAL_NUMBER;EnsemblePath=EDTC-B:EDTC-B:EDTC-B
43194.1343909259,Setup,Properties & Parameters,Change Property Value,Update,GridCell,1,UIInteraction,OSDD=EP_SERIAL_NUMBER;EnsemblePath=EDTC-B:EDTC-B:EDTG-A
43194.1344086806,Setup,Properties & Parameters,Change Property Value,Update,GridCell,1,UIInteraction,OSDD=EP_SERIAL_NUMBER;EnsemblePath=EDTC-B:EDTC-B:EDTH-B
43194.1344263889,Setup,Properties & Parameters,Change Property Value,Update,GridCell,1,UIInteraction,OSDD=EP_SERIAL_NUMBER;EnsemblePath=WITM
43194.1345603819,Setup,Properties & Parameters,Change Property Value,Update,GridCell,1,UIInteraction,OSDD=EP_SERIAL_NUMBER;EnsemblePath=LEH-QT:LEH-QT:LEH-QT
43194.134652338,Setup,UI Framework,Switch Tab,Click,Tab,Parameters,UIInteraction,
43194.1346937269,Setup,UI Framework,Switch Tab,Click,Tab,DnI Initializations,UIInteraction,
43194.1347080324,Setup,DnI/Survey,Select Decimal,Click,RadioButton,Decimal,UIInteraction,
43194.1347275231,Setup,DnI/Survey,Enter Latitude,Input,TextBox,40,UIInteraction,
43194.1347375,Setup,DnI/Survey,Enter Longitude,Input,TextBox,120,UIInteraction,
43194.1347477431,Setup,UI Framework,Switch Tab,Click,Tab,Equipment,UIInteraction,
43194.1347881597,Setup,DnI/Survey,Select Permanent Datum,Click,ComboBox,Mean Sea Level,UIInteraction,
43194.1347934028,Setup,DnI/Survey,Select Log Measured From,Click,ComboBox,Drill Floor,UIInteraction,
43194.1347999884,Setup,DnI/Survey,Enter Elevation of 'Log Measured From',Input,TextBox,100,UIInteraction,LogMeasuredFrom=Drill Floor
43194.1348113889,Setup,UI Framework,Switch Tab,Click,Tab,DnI Initializations,UIInteraction,
43194.1348404745,Setup,DnI/Survey,Compute DnI/Elevation,Click,Button,Compute,UIInteraction,
43194.1349685069,Setup,UI Framework,Switch Tab,Click,Tab,Wellbore,UIInteraction,
43194.1349731134,Setup,Well Setup (Internal),Select Run Number,Click,ComboBox,1,UIInteraction,RunGuid=C561520C-0F89-412F-BB2B-1761DC66A8C2
43194.134983831,Setup,Well Setup (Internal),Enter Size for Bit Size,Update,GridCell,12.25,UIInteraction,Row=1;Column=Size (in);RunGuid=C561520C-0F89-412F-BB2B-1761DC66A8C2
43194.1350018403,Setup,Well Setup (Internal),Enter Driller Top for Bit Size,Update,GridCell,0,UIInteraction,Row=1;Column=Driller Top (ft);RunGuid=C561520C-0F89-412F-BB2B-1761DC66A8C2
43194.1350202778,Setup,Well Setup (Internal),Enter Driller Bottom for Bit Size,Update,GridCell,10000,UIInteraction,Row=1;Column=Driller Bottom (ft);RunGuid=C561520C-0F89-412F-BB2B-1761DC66A8C2
43194.1350408565,Setup,Well Setup (Internal),Select Run Number,Click,ComboBox,1,UIInteraction,RunGuid=C561520C-0F89-412F-BB2B-1761DC66A8C2
43194.1350515741,Setup,Well Setup (Internal),Enter Size for Casings,Update,GridCell,9.625,UIInteraction,Row=1;Column=Size (in);RunGuid=C561520C-0F89-412F-BB2B-1761DC66A8C2
43194.1350885764,Setup,Well Setup (Internal),Enter Driller Bottom for Casings,Update,GridCell,10000,UIInteraction,Row=1;Column=Driller Bottom (ft);RunGuid=C561520C-0F89-412F-BB2B-1761DC66A8C2
43194.1350693171,Setup,Well Setup (Internal),Enter Driller Top for Casings,Update,GridCell,0,UIInteraction,Row=1;Column=Driller Top (ft);RunGuid=C561520C-0F89-412F-BB2B-1761DC66A8C2
43194.1351064352,Setup,Well Setup (Internal),Enter Weight for Casings,Update,GridCell,47,UIInteraction,Row=1;Column=Weight (lbm/ft);RunGuid=C561520C-0F89-412F-BB2B-1761DC66A8C2
43194.1352043171,Setup,Well Setup (Internal),Enter Grade for Casings,Update,GridCell,K55,UIInteraction,Row=1;Column=Grade;RunGuid=C561520C-0F89-412F-BB2B-1761DC66A8C2
43194.1352186111,Setup,UI Framework,Switch Tab,Click,Tab,Equipment,UIInteraction,
43194.1352683102,Setup,Equipment,Filter Equipment in Catalog,Input,TextBox,,UIInteraction,Text=GEMCO_3-3/8
43194.1352684143,Setup,Equipment,Filter Equipment in Catalog,Input,TextBox,,UIInteraction,Text=GEMCO_3-3/8
43194.135273206,Setup,Equipment,Add Equipment from Catalog to ToolString,Click,ToolbarButton,Add to ToolString,UIInteraction,EquipmentName=GEMCO_3-3/8
43194.1353306366,Setup,Equipment,Filter Equipment in Catalog,Input,TextBox,,UIInteraction,Text=GEMCO_3-5/8
43194.1353307407,Setup,Equipment,Filter Equipment in Catalog,Input,TextBox,,UIInteraction,Text=GEMCO_3-5/8
43194.1353354167,Setup,Equipment,Add Equipment from Catalog to ToolString,Click,ToolbarButton,Add to ToolString,UIInteraction,EquipmentName=GEMCO_3-5/8
43194.1353469792,Setup,Equipment,Filter Equipment in Catalog,Input,TextBox,,UIInteraction,Text=GEMCO_3-5/8
43194.1353470949,Setup,Equipment,Filter Equipment in Catalog,Input,TextBox,,UIInteraction,Text=GEMCO_3-5/8
43194.1353516551,Setup,Equipment,Add Equipment from Catalog to ToolString,Click,ToolbarButton,Add to ToolString,UIInteraction,EquipmentName=GEMCO_3-5/8
43194.1354203241,Setup,UI Framework,Switch Tab,Click,Tab,Properties,UIInteraction,
43194.1354639815,Setup,Properties & Parameters,Change Property Value,Update,GridCell,2,UIInteraction,OSDD=GEMCO_3-5/8 Linear Position;EnsemblePath=DSLT-H:GEMCO_3-5/8[2]
43194.1355983796,Setup,Properties & Parameters,Change Property Value,Update,GridCell,8,UIInteraction,OSDD=GEMCO_3-5/8 Linear Position;EnsemblePath=DSLT-H:GEMCO_3-5/8[1]
43194.1357323958,Setup,Properties & Parameters,Change Property Value,Update,GridCell,2,UIInteraction,OSDD=GEMCO_3-3/8 Linear Position;EnsemblePath=DSLT-H:GEMCO_3-3/8
43194.1357620949,Setup,UI Framework,Switch Tab,Click,Tab,Runs,UIInteraction,
43194.1357972106,Setup,Run Manager (Internal),Associate toolstring to run,Update,GridCell,DSLT_CBL,UIInteraction,RunGuid=C561520C-0F89-412F-BB2B-1761DC66A8C2;ToolstringGuid=A958CC9F-A1F0-493E-9E9A-55E234592624;DownholeEquipments=DSLT-HCAL-YBEDTC-BLEH-QTBNS-STDGEMCO_3-5/8GEMCO_3-5/8GEMCO_3-3/8;TSLevelActiveSurfaceEquips=DEPTH_DEVICETENSION_DEVICELOGGING_CABLEWAFEWITMWITM
43194.1359313542,Setup,Equipment,Close Toolstring Validation UI,Click,Button,Close,UIInteraction,ToolstringGuid=A958CC9F-A1F0-493E-9E9A-55E234592624
43194.1359680787,DeliverablesSetup,Deliverables - Graphical,Add Catalog Format to Component,Click,ToolbarButton,Add to Component,UIInteraction,ComponentName=Sonic CBL with VDL;ComponentCode=Component_Log
43194.1361166782,DeliverablesSetup,Deliverables - Graphical,Add Catalog Format to Component,Click,ToolbarButton,Add to Component,UIInteraction,ComponentName=Sonic CBL with Waveform and VDL;ComponentCode=Component_Log
43194.1365233565,DeliverablesSetup,Deliverables - Digital,Create New Template,Click,ContextMenu,New Template,UIInteraction,
43194.1366271991,DeliverablesSetup,Deliverables - Digital,Rename Component,Click,ContextMenu,Rename,UIInteraction,ComponentName=New Template;DelivTemplateGuid=D078CE68-6846-4DE8-B3B6-2F5C6E125733
43194.1366314468,DeliverablesSetup,Deliverables - Graphical,Rename Component,Input,TextBox,CBL,UIInteraction,OldComponentName=New Template
43194.1366971065,DeliverablesSetup,Deliverables - Digital,Create New Template,Click,ContextMenu,New Template,UIInteraction,
43194.1368006482,DeliverablesSetup,Deliverables - Digital,Rename Component,Click,ContextMenu,Rename,UIInteraction,ComponentName=New Template;DelivTemplateGuid=7ED44C4F-8682-437E-B8A3-8346F00A5E20
43194.1368056134,DeliverablesSetup,Deliverables - Graphical,Rename Component,Input,TextBox,CBLB,UIInteraction,OldComponentName=New Template
43194.1368711806,DeliverablesSetup,Deliverables - Digital,Create New Template,Click,ContextMenu,New Template,UIInteraction,
43194.1369745486,DeliverablesSetup,Deliverables - Digital,Rename Component,Click,ContextMenu,Rename,UIInteraction,ComponentName=New Template;DelivTemplateGuid=C119DC65-EF3A-4206-894B-9B5BDC1F709F
43194.1369817593,DeliverablesSetup,Deliverables - Graphical,Rename Component,Input,TextBox,CBL_LQC,UIInteraction,OldComponentName=New Template
43194.1370504514,DeliverablesSetup,Deliverables - Digital,Add Component to Template,Click,ContextMenu,CBL,UIInteraction,ComponentCode=Component_Log
43194.1372561227,DeliverablesSetup,Deliverables - Digital,Add Component to Template,Click,ContextMenu,CBL,UIInteraction,ComponentCode=Component_Log_RepeatAnalysis
43194.1374651389,DeliverablesSetup,Deliverables - Digital,Add Component to Template,Click,ContextMenu,CBL_LQC,UIInteraction,ComponentCode=Component_Log
43194.1376706018,DeliverablesSetup,Deliverables - Digital,Add Component to Template,Click,ContextMenu,CBLB,UIInteraction,ComponentCode=Component_Log
43194.1378754398,DeliverablesSetup,Deliverables - Digital,Add Component to Template,Click,ContextMenu,CBLB,UIInteraction,ComponentCode=Component_Log
43194.1380745255,DeliverablesSetup,Deliverables - Graphical,Add Catalog Format to Component,Click,ToolbarButton,Add to Component,UIInteraction,ComponentName=LAS Standard;ComponentCode=Component_StandardLas_Format
43194.1382255556,DeliverablesSetup,Deliverables - Graphical,Add Catalog Format to Component,Click,ToolbarButton,Add to Component,UIInteraction,ComponentName=DLIS Standard;ComponentCode=Component_StandardDlis_Format
43194.1383738889,DeliverablesSetup,Deliverables - Digital,Add Digital Template,Click,ContextMenu,DLIS,UIInteraction,
43194.1385035069,DeliverablesSetup,Deliverables - Digital,Rename Component,Click,ContextMenu,Rename,UIInteraction,ComponentName=New Template;DelivTemplateGuid=6A2A421E-9BF6-4226-881C-8796D85E8559
43194.1385121759,DeliverablesSetup,Deliverables - Graphical,Rename Component,Input,TextBox,DLIS Standard,UIInteraction,OldComponentName=New Template
43194.1385411806,DeliverablesSetup,Deliverables - Digital,Add Digital Template,Click,ContextMenu,LAS,UIInteraction,
43194.1386701968,DeliverablesSetup,Deliverables - Digital,Rename Component,Click,ContextMenu,Rename,UIInteraction,ComponentName=New Template;DelivTemplateGuid=9EFDE119-E851-4311-9590-2543A7921EE9
43194.138678125,DeliverablesSetup,Deliverables - Graphical,Rename Component,Input,TextBox,LAS Standard,UIInteraction,OldComponentName=New Template
43194.1386860301,DeliverablesSetup,UI Framework,Switch View,Click,ToolbarButton,Deliverables Display View,UIInteraction,
43194.1387605903,DeliverablesSetup,Deliverables - Digital,Create Job Archive,Click,ContextMenu,Create,UIInteraction,ArchiveGuid=0A4E623D-6B5B-427F-86B1-CD17D9B0B03C;JobArchiveType=3.0
43194.1391139583,DeliverablesSetup,UI Framework,Close Console,Click,Button,,UIInteraction,JobGuid=0A4E623D-6B5B-427F-86B1-CD17D9B0B03C
43194.1391484144,DeliverablesSetup,UI Framework,OK to Close Deliverables - Display Console,Click,Button,OK,UIInteraction,
43194.1392285185,,Console/Job Manager,Stop Setup Console,Click,Button,Stop,UIInteraction,JobGuid=0A4E623D-6B5B-427F-86B1-CD17D9B0B03C
43194.1393102199,,Console/Job Manager,Stop Job,Click,Button,Stop,UIInteraction,JobGuid=0A4E623D-6B5B-427F-86B1-CD17D9B0B03C
