43193.9304842477,,Console/Job Manager,Input Well Name,Input,TextBox,maderil,UIInteraction,
43193.930529456,,Console/Job Manager,Input Client Name,Input,TextBox,BGCAT,UIInteraction,
43193.9306258796,,Console/Job Manager,Select Units,Click,ComboBox,Metric,UIInteraction,
43193.9308663889,,Console/Job Manager,Select Auto Backup Folder,Click,ComboBox,C:\AutoBackup,UIInteraction,
43193.9471783449,,UI Framework,Close Console,Click,Button,,UIInteraction,
43193.9501484144,,UI Framework,Initialize Maxwell Manager Process Name,,,Initialize Maxwell Manager Process Name,,
43193.9501667477,,UI Framework,Start Console,,,Maxwell Manager,UIAutomatic,MachineName=HPV21-004;UserName=Engineer;UserDomainName=HPV21-004;OS=Microsoft Windows NT 6.1.7601 Service Pack 1;TimeZone=00:00:00;IPAddress_1=192.168.178.12;IPAddress_2=::1;MWVersion=9.0.100742.3100
43193.9504128009,,Import/Export & Backup/Restore,Select file to import,Click,Button,...,UIInteraction,
43193.9504042824,,Console/Job Manager,Import Job Archive,Click,ContextMenu,Create Import,UIInteraction,
43193.9504289352,,Import/Export & Backup/Restore,OK to select file,,,,UIAutomatic,FilePath=\\srv004bgc.dir.slb.com\MaxwellAT\TestData\TestData\Phase3\JobArchive\DnM_SWF_MP3_Setup.Dlis
43193.9504938889,,Import/Export & Backup/Restore,Start Import,Click,Button,Import,UIInteraction,FilePath=\\srv004bgc.dir.slb.com\MaxwellAT\TestData\TestData\Phase3\JobArchive\DnM_SWF_MP3_Setup.Dlis
43193.9508425579,,Import/Export & Backup/Restore,Close Import UI,Click,Button,Close,UIInteraction,
43193.9509754514,,Console/Job Manager,Select Auto Backup Folder,Click,ComboBox,C:\AutoBackup,UIInteraction,
43194.0042141204,,UI Framework,Close Console,Click,Button,,UIInteraction,
