43194.1208337963,,Console/Job Manager,New Job,Click,Button,New,UIInteraction,
43194.1208490857,,Console/Job Manager,Input Job Name,Input,TextBox,Perfo_Demo,UIInteraction,
43194.1208905556,,Console/Job Manager,Input Well Name,Input,TextBox,bgc,UIInteraction,
43194.120936412,,Console/Job Manager,Input Client Name,Input,TextBox,BGCAT,UIInteraction,
43194.1210308565,,Console/Job Manager,Select Workflow,Click,ComboBox,PerfoExpress,UIInteraction,
43194.1210704167,,Console/Job Manager,Check Simulator,Click,CheckBox,Simulator,UIInteraction,CheckState=True
43194.1212456713,,Console/Job Manager,Select Auto Backup Folder,Click,ComboBox,C:\Autobackup,UIInteraction,
43194.1288229861,,UI Framework,Close Console,Click,Button,,UIInteraction,
43194.1314614931,,UI Framework,Initialize Maxwell Manager Process Name,,,Initialize Maxwell Manager Process Name,,
43194.1314806018,,UI Framework,Start Console,,,Maxwell Manager,UIAutomatic,MachineName=HPV04-010;UserName=Engineer;UserDomainName=HPV04-010;OS=Microsoft Windows NT 6.1.7601 Service Pack 1;TimeZone=00:00:00;IPAddress_1=192.168.78.223;IPAddress_2=::1;MWVersion=9.0.100745.3100
43194.1317218981,,Import/Export & Backup/Restore,Select file to import,Click,Button,...,UIInteraction,
43194.1317152546,,Console/Job Manager,Import Job Archive,Click,ContextMenu,Create Import,UIInteraction,
43194.1317280208,,Import/Export & Backup/Restore,OK to select file,,,,UIAutomatic,FilePath=\\srv004bgc.dir.slb.com\MaxwellAT\TestData\TestData\Phase3\JobArchive\SWF_PERFO_DEMO_SETUP_New.dlis
43194.1317893866,,Import/Export & Backup/Restore,Start Import,Click,Button,Import,UIInteraction,FilePath=\\srv004bgc.dir.slb.com\MaxwellAT\TestData\TestData\Phase3\JobArchive\SWF_PERFO_DEMO_SETUP_New.dlis
43194.1320927546,,Import/Export & Backup/Restore,Close Import UI,Click,Button,Close,UIInteraction,
43194.1322242477,,Console/Job Manager,Select Auto Backup Folder,Click,ComboBox,C:\Autobackup,UIInteraction,
43194.167772419,,UI Framework,Close Console,Click,Button,,UIInteraction,
