Time,Process,Component,Operation,Action,Control,ControlText,Category,Context
43194.1265563773,,Console/Job Manager,Start Job,Click,Button,Start,UIInteraction,JobName=LFA-MASTERCAL;ClientName=BGCAT;StartDate=4/4/2018 3:01 AM;Workflow=Wireline;Simulator=True;UnitSystem=English;RTBackupDir=C:\Autobackup;JobSize=0;State=Available;SideTrackId=0;SessionID=853D9A71-B9DE-462C-A947-0B397E713501;SortOrder=1;JobGUID=9D6225BA-C8C7-4EE9-BCE7-A65365D1C72A;WellGUID=2CE2D3EC-AEB5-4F85-8934-640D81BFAD7C;BoreholeGUID=08852F14-5E1D-4BE7-97C0-0DBFD3D901B8;MachineName=HPV11-017;UserName=Engineer;UserDomainName=HPV11-017;OS=Microsoft Windows NT 6.1.7601 Service Pack 1;StartedJobCount=0;TimeZone=00:00:00;IPAddress_1=192.168.178.23;IPAddress_2=::1;MWVersion=9.0.100745.3100
43194.1269747569,,Console/Job Manager,Start Deliverables Console,Click,Button,Start...,UIInteraction,JobGuid=9D6225BA-C8C7-4EE9-BCE7-A65365D1C72A
43194.1273657986,DeliverablesSetup,UI Framework,Start Console,,,Deliverables Console Setup - Job LFA-MASTERCAL,UIAutomatic,
43194.1275063773,,Console/Job Manager,Start Setup Console,Click,Button,Start...,UIInteraction,JobGuid=9D6225BA-C8C7-4EE9-BCE7-A65365D1C72A
43194.1276528935,Setup,Calibration,Select Calibration Report Type,Click,ComboBox,Technical Concise,UIInteraction,
43194.1278155324,Setup,UI Framework,Start Console,,,Setup - Job LFA-MASTERCAL,UIAutomatic,
43194.1278719329,Setup,Equipment,New ToolString,Click,ToolbarButton,New ToolString,UIInteraction,ToolstringName=New ToolString;ToolstringGuid=33AE9108-ADDB-4185-A62C-4FD74FF13EEF
43194.1279126736,Setup,Equipment,Rename ToolString,Input,TextBox,New ToolString,UIInteraction,ToolstringGuid=33AE9108-ADDB-4185-A62C-4FD74FF13EEF
43194.1279126852,Setup,Equipment,Rename ToolString,,,,UIAutomatic,State=Cancel
43194.1279258333,Setup,Equipment,Filter Equipment in Catalog,Input,TextBox,,UIInteraction,Text=MRFA-E
43194.1279262269,Setup,Equipment,Filter Equipment in Catalog,Input,TextBox,,UIInteraction,Text=MRFA-E
43194.1279304745,Setup,Equipment,Rename ToolString,Input,TextBox,New ToolString,UIInteraction,ToolstringGuid=33AE9108-ADDB-4185-A62C-4FD74FF13EEF
43194.127932338,Setup,Equipment,Add Equipment from Catalog to ToolString,Click,ToolbarButton,Add to ToolString,UIInteraction,EquipmentName=MRFA-E
43194.1279641782,Setup,Equipment,Filter Equipment in Catalog,Input,TextBox,,UIInteraction,Text=MRPC-C
43194.1279642708,Setup,Equipment,Filter Equipment in Catalog,Input,TextBox,,UIInteraction,Text=MRPC-C
43194.1279659259,DeliverablesSetup,Tier Manager,Tier Template Created for Tools in My Equipment,,,MRFA-E Tier Created,Deliverables Console,
43194.1279693171,Setup,Equipment,Add Equipment from Catalog to ToolString,Click,ToolbarButton,Add to ToolString,UIInteraction,EquipmentName=MRPC-C
43194.1279880671,DeliverablesSetup,Tier Manager,Tier Template Created for Tools in My Equipment,,,MRPC-C Tier Created,Deliverables Console,
43194.1279887732,Setup,Equipment,Filter Equipment in Catalog,Input,TextBox,,UIInteraction,Text=DTA-A
43194.1279888657,Setup,Equipment,Filter Equipment in Catalog,Input,TextBox,,UIInteraction,Text=DTA-A
43194.1279996296,DeliverablesSetup,Tier Manager,Tier Template Created for Tools in My Equipment,,,DTA-A Tier Created,Deliverables Console,
43194.1280006019,Setup,Equipment,Filter Equipment in Catalog,Input,TextBox,,UIInteraction,Text=DTC-H
43194.1280005093,Setup,Equipment,Filter Equipment in Catalog,Input,TextBox,,UIInteraction,Text=DTC-H
43194.1279932755,Setup,Equipment,Add Equipment from Catalog to ToolString,Click,ToolbarButton,Add to ToolString,UIInteraction,EquipmentName=DTA-A
43194.1280049653,Setup,Equipment,Add Equipment from Catalog to ToolString,Click,ToolbarButton,Add to ToolString,UIInteraction,EquipmentName=DTC-H
43194.1280130903,DeliverablesSetup,Tier Manager,Tier Template Created for Tools in My Equipment,,,DTC-H Tier Created,Deliverables Console,
43194.1280137963,Setup,Equipment,Filter Equipment in Catalog,Input,TextBox,,UIInteraction,Text=LEH-QT
43194.1280138889,Setup,Equipment,Filter Equipment in Catalog,Input,TextBox,,UIInteraction,Text=LEH-QT
43194.1280184028,Setup,Equipment,Add Equipment from Catalog to ToolString,Click,ToolbarButton,Add to ToolString,UIInteraction,EquipmentName=LEH-QT
43194.128024919,DeliverablesSetup,Tier Manager,Tier Template Created for Tools in My Equipment,,,LEH-QT Tier Created,Deliverables Console,
43194.1281565509,Setup,Properties & Parameters,Change Property Value,Update,GridCell,9999,UIInteraction,OSDD=EP_SERIAL_NUMBER;EnsemblePath=MRFA-E:MRFA-E:MRFA-E
43194.1281973264,Setup,Equipment,Activate ToolString for Shop Calibration,Click,ContextMenu,Activate for Checks and Calibration,UIInteraction,TooStringGuid=33AE9108-ADDB-4185-A62C-4FD74FF13EEF
43194.1283017593,Simulation,UI Framework,Start Console,,,Simulation Console - Job LFA-MASTERCAL,UIAutomatic,
43194.1283513657,ShopCalibration,Calibration,Select Calibration Report Type,Click,ComboBox,Technical Concise,UIInteraction,
43194.1284752894,ShopCalibration,Calibration,Select Calibration in Calibration Report,Click,ComboBox,HTEN Before Calibration,UIInteraction,
43194.1284753125,ShopCalibration,Calibration,Select Tool in Calibration Report,Click,ComboBox,LEH-QT,UIInteraction,ToolName=LEH-QT
43194.1284760764,ShopCalibration,UI Framework,Start Console,,,Shop Calibration Console - Job LFA-MASTERCAL,UIAutomatic,
43194.1284849074,ShopCalibration,UI Framework,Switch Tab,Click,Tab,MD,UIInteraction,
43194.1318952778,ShopCalibration,Data Acquiring - WL,Connect Hardware,Click,ToolbarButton,Connect to Hardware,UIInteraction,
43194.1320305208,ShopCalibration,Data Acquiring - WL,Start Dataflow,Click,ToolbarButton,Start Data Flow,UIInteraction,
43194.1321598958,ShopCalibration,Data Acquiring - WL,Enable Tool Power,Click,ToolbarButton,Enable Tool Power,UIInteraction,
43194.1329623611,ShopCalibration,UI Framework,Switch Tab,Click,Tab,Tool Control,UIInteraction,
43194.1329774537,ShopCalibration,Regulate 50V Supply,Regulate 50V Supply,RightClick,TreeView,Regulate 50V Supply,UIInteraction,TaskName=Regulate 50V Supply
43194.1329914005,ShopCalibration,Regulate 50V Supply,Regulate 50V Supply,Click,ContextMenu,Perform,UIInteraction,TaskName=Regulate 50V Supply
43194.1337167824,ShopCalibration,UI Framework,Switch Tab,Click,Tab,Calibrations,UIInteraction,
43194.1338379977,ShopCalibration,Calibration,Select Calibration Report Type,Click,ComboBox,Technical Concise,UIInteraction,
43194.1338465856,ShopCalibration,Calibration,Choose Available Calibration,Click,ComboBox,Nominal,UIInteraction,
43194.1338477315,ShopCalibration,Calibration,Select Calibration in Calibration Report,Click,ComboBox,MRFA ACOM,UIInteraction,
43194.1338477431,ShopCalibration,Calibration,Select Tool in Calibration Report,Click,ComboBox,MRFA-E:9999,UIInteraction,ToolName=MRFA-E:9999
43194.1338547685,ShopCalibration,Calibration,Choose Available Calibration,Click,ComboBox,Nominal,UIInteraction,
43194.1338552431,ShopCalibration,Calibration,Select Calibration in Calibration Report,Click,ComboBox,MRFA Temperature Compensation,UIInteraction,
43194.1338870486,ShopCalibration,Calibration,Import Calibration,Click,ToolbarButton,Import Calibrations,UIInteraction,FilePath=\\srv004bgc.dir.slb.com\MaxwellAT\TestData\TestData\Phase3\LFA\LFA_9999_MCal_10-Sep-2008.DLIS
43194.1338918056,ShopCalibration,Calibration,Choose Available Calibration,Click,ComboBox,03:12:47.648 04-Apr-2018,UIInteraction,
43194.1340083565,ShopCalibration,UI Framework,Switch Tab,Click,Tab,Operation,UIInteraction,
43194.1340472917,ShopCalibration,MRFA-E,Room Temperature,RightClick,TreeView,Room Temperature,UIInteraction,TaskName=Room Temperature
43194.1340612847,ShopCalibration,MRFA-E,Room Temperature,Click,ContextMenu,Perform,UIInteraction,TaskName=Room Temperature
43194.1341114699,ShopCalibration,Calibration,Perform Calibration Task,Click,Button,Next,UIInteraction,TaskName=Room Temperature
43194.1345586574,ShopCalibration,Calibration,Choose Available Calibration,Click,ComboBox,Incomplete,UIInteraction,
43194.1346119329,Simulation,UI Framework,Switch Tab,Click,Tab,MRFA-E,UIInteraction,
43194.1346615162,ShopCalibration,MRFA-E,100 degC,RightClick,TreeView,100 degC,UIInteraction,TaskName=100 degC
43194.1346753819,ShopCalibration,MRFA-E,100 degC,Click,ContextMenu,Perform,UIInteraction,TaskName=100 degC
43194.1347200231,ShopCalibration,Calibration,Perform Calibration Task,Click,Button,Next,UIInteraction,TaskName=100 degC
43194.1351600926,ShopCalibration,Calibration,Choose Available Calibration,Click,ComboBox,Incomplete,UIInteraction,
43194.1352774306,ShopCalibration,MRFA-E,150 degC,RightClick,TreeView,150 degC,UIInteraction,TaskName=150 degC
43194.1352914236,ShopCalibration,MRFA-E,150 degC,Click,ContextMenu,Perform,UIInteraction,TaskName=150 degC
43194.1353350116,ShopCalibration,Calibration,Perform Calibration Task,Click,Button,Next,UIInteraction,TaskName=150 degC
43194.1357865625,ShopCalibration,Calibration,Choose Available Calibration,Click,ComboBox,03:15:31.480 04-Apr-2018,UIInteraction,
43194.1358973148,ShopCalibration,MRFA-E,175 degC,RightClick,TreeView,175 degC,UIInteraction,TaskName=175 degC
43194.1359111806,ShopCalibration,MRFA-E,175 degC,Click,ContextMenu,Perform,UIInteraction,TaskName=175 degC
43194.1359550347,ShopCalibration,Calibration,Perform Calibration Task,Click,Button,Next,UIInteraction,TaskName=175 degC
43194.1364123264,ShopCalibration,Calibration,Choose Available Calibration,Click,ComboBox,03:16:25.125 04-Apr-2018,UIInteraction,
43194.136513044,ShopCalibration,MRFA-E,Dry,RightClick,TreeView,Dry,UIInteraction,TaskName=Dry
43194.1365270023,ShopCalibration,MRFA-E,Dry,Click,ContextMenu,Perform,UIInteraction,TaskName=Dry
43194.1365276273,ShopCalibration,Calibration,Choose Available Calibration,Click,ComboBox,18:10:23.000 10-Sep-2008,UIInteraction,
43194.1365736111,ShopCalibration,Calibration,Perform Calibration Task,Click,Button,Next,UIInteraction,TaskName=Dry
43194.1369563542,ShopCalibration,Calibration,Choose Available Calibration,Click,ComboBox,Incomplete,UIInteraction,
43194.1371262269,ShopCalibration,MRFA-E,Water,RightClick,TreeView,Water,UIInteraction,TaskName=Water
43194.137140162,ShopCalibration,MRFA-E,Water,Click,ContextMenu,Perform,UIInteraction,TaskName=Water
43194.1371837384,ShopCalibration,Calibration,Perform Calibration Task,Click,Button,Next,UIInteraction,TaskName=Water
43194.137578669,ShopCalibration,Calibration,Choose Available Calibration,Click,ComboBox,Incomplete,UIInteraction,
43194.1377103935,ShopCalibration,MRFA-E,Oil,RightClick,TreeView,Oil,UIInteraction,TaskName=Oil
43194.1377243171,ShopCalibration,MRFA-E,Oil,Click,ContextMenu,Perform,UIInteraction,TaskName=Oil
43194.137768287,ShopCalibration,Calibration,Perform Calibration Task,Click,Button,Next,UIInteraction,TaskName=Oil
43194.1381602315,ShopCalibration,Calibration,Choose Available Calibration,Click,ComboBox,03:18:56.459 04-Apr-2018,UIInteraction,
43194.138318287,ShopCalibration,Calibration,Select Calibration Report Type,Click,ComboBox,Technical Detailed,UIInteraction,
43194.1383326852,ShopCalibration,Calibration,Select Tool in Calibration Report,Click,ComboBox,MRFA-E:9999,UIInteraction,ToolName=MRFA-E:9999
43194.1383483796,ShopCalibration,Calibration,Select Calibration in Calibration Report,Click,ComboBox,{All Calibrations},UIInteraction,
43194.1383687153,ShopCalibration,Calibration,Show All Accumulation,Click,ToolbarButton,Hide All Accumulations,UIInteraction,
43194.1386202083,ShopCalibration,Calibration,Select Calibration Report Type,Click,ComboBox,Technical Detailed,UIInteraction,
43194.1386352083,ShopCalibration,Calibration,Select Tool in Calibration Report,Click,ComboBox,MRFA-E:9999,UIInteraction,ToolName=MRFA-E:9999
43194.1386613079,ShopCalibration,Calibration,Select Calibration in Calibration Report,Click,ComboBox,{All Calibrations},UIInteraction,
43194.1386835069,ShopCalibration,Calibration,Expand All,Click,ToolbarButton,Expand All,UIInteraction,
43194.1389345023,ShopCalibration,Calibration,Select Calibration Report Type,Click,ComboBox,Technical Detailed,UIInteraction,
43194.138949294,ShopCalibration,Calibration,Select Tool in Calibration Report,Click,ComboBox,MRFA-E:9999,UIInteraction,ToolName=MRFA-E:9999
43194.1389649769,ShopCalibration,Calibration,Select Calibration in Calibration Report,Click,ComboBox,{All Calibrations},UIInteraction,
43194.1390126736,ShopCalibration,Calibration,Print Calibration,Click,ToolbarButton,Print Report,UIInteraction,
43194.1412149421,ShopCalibration,UI Framework,Switch Tab,Click,Tab,Tool Control,UIInteraction,
43194.1412304745,ShopCalibration,Regulate 50V Supply,Regulate 50V Supply,RightClick,TreeView,Regulate 50V Supply,UIInteraction,TaskName=Regulate 50V Supply
43194.1412443171,ShopCalibration,Regulate 50V Supply,Regulate 50V Supply,Click,ContextMenu,Close,UIInteraction,TaskName=Regulate 50V Supply
43194.1416025231,ShopCalibration,Data Acquiring - WL,Unlock 3 Buttons,Click,ToolbarButton,Unlock,UIInteraction,
43194.1416072454,ShopCalibration,Data Acquiring - WL,Disable Tool Power,Click,ToolbarButton,Disable Tool Power,UIInteraction,
43194.1416856134,ShopCalibration,Data Acquiring - WL,Stop Dataflow,Click,ToolbarButton,Stop Data Flow,UIInteraction,
43194.1417568287,ShopCalibration,Data Acquiring - WL,Disconnect Hardware,Click,ToolbarButton,Disconnect From Hardware,UIInteraction,
43194.1417639699,Simulation,UI Framework,Switch Tab,Click,Tab,HWS_Simulator : 0,UIInteraction,
43194.1417645949,Simulation,UI Framework,Switch Tab,Click,Tab,MRFA-E,UIInteraction,
43194.141764838,Simulation,UI Framework,Switch Tab,Click,Tab,MRPC-C,UIInteraction,
43194.1418859259,ShopCalibration,UI Framework,Close Console,Click,Button,,UIInteraction,JobGuid=9D6225BA-C8C7-4EE9-BCE7-A65365D1C72A
43194.1423170486,Setup,Equipment,Rename ToolString,Click,ContextMenu,Rename,UIInteraction,
43194.1423240162,Setup,Equipment,Rename ToolString,Input,TextBox,LFA string,UIInteraction,ToolstringGuid=33AE9108-ADDB-4185-A62C-4FD74FF13EEF
43194.1423698148,Setup,Run Manager (Internal),Associate toolstring to run,Update,GridCell,LFA string,UIInteraction,RunGuid=3D47CAB0-2E35-4FE1-89B9-4E69275CC85B;ToolstringGuid=33AE9108-ADDB-4185-A62C-4FD74FF13EEF;DownholeEquipments=MRFA-EMRPC-CDTA-ADTC-HLEH-QT;TSLevelActiveSurfaceEquips=DEPTH_DEVICETENSION_DEVICELOGGING_CABLEWAFEMRPPMRTMWITMDTM
43194.1425046412,Setup,Equipment,Close Toolstring Validation UI,Click,Button,Close,UIInteraction,ToolstringGuid=33AE9108-ADDB-4185-A62C-4FD74FF13EEF
43194.1425127199,DeliverablesSetup,UI Framework,Switch View,Click,ToolbarButton,Deliverables Display View,UIInteraction,
43194.1425899884,DeliverablesSetup,Deliverables - Digital,Create Job Archive,Click,ContextMenu,Create,UIInteraction,ArchiveGuid=9D6225BA-C8C7-4EE9-BCE7-A65365D1C72A;JobArchiveType=3.0
43194.1429625347,DeliverablesSetup,UI Framework,Close Console,Click,Button,,UIInteraction,JobGuid=9D6225BA-C8C7-4EE9-BCE7-A65365D1C72A
43194.1430052083,DeliverablesSetup,UI Framework,OK to Close Deliverables - Display Console,Click,Button,OK,UIInteraction,
43194.143085706,,Console/Job Manager,Stop Setup Console,Click,Button,Stop,UIInteraction,JobGuid=9D6225BA-C8C7-4EE9-BCE7-A65365D1C72A
43194.1431686574,,Console/Job Manager,Stop Job,Click,Button,Stop,UIInteraction,JobGuid=9D6225BA-C8C7-4EE9-BCE7-A65365D1C72A
