Time,Process,Component,Operation,Action,Control,ControlText,Category,Context
43194.1544783796,,Console/Job Manager,Start Job,Click,Button,Start,UIInteraction,JobName=PMIT-F;ClientName=BGCAT;StartDate=4/4/2018 3:41 AM;Workflow=Wireline;Simulator=True;UnitSystem=English;RTBackupDir=C:\AutoBackup;JobSize=0;State=Available;SideTrackId=0;SessionID=E8FF4673-BBF0-4B8B-8A90-06A1E15C2087;SortOrder=1;JobGUID=4DF7FCF2-1B25-4227-BC17-57BAF7589861;WellGUID=2D6F2645-838A-4C4C-A39E-459089E8BE6E;BoreholeGUID=D721CCBC-4A64-4D6E-AAA9-773C89CEB420;MachineName=HPV01-012;UserName=Engineer;UserDomainName=HPV01-012;OS=Microsoft Windows NT 6.1.7601 Service Pack 1;StartedJobCount=0;TimeZone=00:00:00;IPAddress_1=192.168.78.177;IPAddress_2=::1;MWVersion=9.0.100745.3100
43194.1548158681,,Console/Job Manager,Start Setup Console,Click,Button,Start...,UIInteraction,JobGuid=4DF7FCF2-1B25-4227-BC17-57BAF7589861
43194.1549064931,Setup,Calibration,Select Calibration Report Type,Click,ComboBox,Technical Concise,UIInteraction,
43194.1550245023,Setup,UI Framework,Start Console,,,Setup - Job PMIT-F,UIAutomatic,
43194.155060463,Setup,Equipment,New ToolString,Click,ToolbarButton,New ToolString,UIInteraction,ToolstringName=New ToolString;ToolstringGuid=F8E06DE7-3647-4663-8CAB-865BD7CB96C7
43194.1550943634,Setup,Equipment,Rename ToolString,Input,TextBox,PMITF,UIInteraction,ToolstringGuid=F8E06DE7-3647-4663-8CAB-865BD7CB96C7
43194.1551048727,Setup,Equipment,Filter Equipment in Catalog,Input,TextBox,,UIInteraction,Text=BNS-P
43194.1551104282,Setup,Equipment,Add Equipment from Catalog to ToolString,Click,ToolbarButton,Add to ToolString,UIInteraction,EquipmentName=BNS-P
43194.1551054282,Setup,Equipment,Filter Equipment in Catalog,Input,TextBox,,UIInteraction,Text=BNS-P
43194.1551129977,Setup,Equipment,Filter Equipment in Catalog,Input,TextBox,,UIInteraction,Text=PMIT-F
43194.1551131366,Setup,Equipment,Filter Equipment in Catalog,Input,TextBox,,UIInteraction,Text=PMIT-F
43194.1551186111,Setup,Equipment,Add Equipment from Catalog to ToolString,Click,ToolbarButton,Add to ToolString,UIInteraction,EquipmentName=PMIT-F
43194.1551442708,Setup,Equipment,Filter Equipment in Catalog,Input,TextBox,,UIInteraction,Text=PSTP-B
43194.155144375,Setup,Equipment,Filter Equipment in Catalog,Input,TextBox,,UIInteraction,Text=PSTP-B
43194.1551485532,Setup,Equipment,Add Equipment from Catalog to ToolString,Click,ToolbarButton,Add to ToolString,UIInteraction,EquipmentName=PSTP-B
43194.1551752431,Setup,Equipment,Filter Equipment in Catalog,Input,TextBox,,UIInteraction,Text=MH-28
43194.1551753935,Setup,Equipment,Filter Equipment in Catalog,Input,TextBox,,UIInteraction,Text=MH-28
43194.1551797801,Setup,Equipment,Add Equipment from Catalog to ToolString,Click,ToolbarButton,Add to ToolString,UIInteraction,EquipmentName=MH-28
43194.1553096528,Setup,Properties & Parameters,Change Property Value,Update,GridCell,712,UIInteraction,OSDD=Identifier;EnsemblePath=PMIT-F:CMIR-BD[1]
43194.1554443171,Setup,Properties & Parameters,Change Property Value,Update,GridCell,712,UIInteraction,OSDD=Identifier;EnsemblePath=PMIT-F:CMIR-BD[2]
43194.1555770718,Setup,Properties & Parameters,Change Property Value,Update,GridCell,712,UIInteraction,OSDD=EP_SERIAL_NUMBER;EnsemblePath=PMIT-F:MITC-B:MITC-B
43194.1557078009,Setup,Properties & Parameters,Change Property Value,Update,GridCell,712,UIInteraction,OSDD=EP_SERIAL_NUMBER;EnsemblePath=PMIT-F:MITC-B:MITH-B
43194.1558703009,Setup,Properties & Parameters,Change Property Value,Update,GridCell,MITS-F STD FINGERS,UIInteraction,OSDD=EP_CUST_EQP_TYPE;EnsemblePath=PMIT-F:MITS-F EXT FINGERS
43194.15607875,Setup,Properties & Parameters,Change Property Value,Update,GridCell,712,UIInteraction,OSDD=EP_SERIAL_NUMBER;EnsemblePath=PMIT-F:MITS-F STD FINGERS:Inclinometer
43194.1560974421,Setup,Properties & Parameters,Change Property Value,Update,GridCell,712,UIInteraction,OSDD=EP_SERIAL_NUMBER;EnsemblePath=PMIT-F:MITS-F STD FINGERS:MITS-F
43194.1562342014,Setup,Properties & Parameters,Change Property Value,Update,GridCell,712,UIInteraction,OSDD=MIT_SONDEX_SN;EnsemblePath=PMIT-F:MITS-F STD FINGERS:MITS-F
43194.1563721644,Setup,Properties & Parameters,Change Property Value,Update,GridCell,999,UIInteraction,OSDD=EP_SERIAL_NUMBER;EnsemblePath=PSTP-B:PSTP-B:PBMS-B
43194.1563907292,Setup,Properties & Parameters,Change Property Value,Update,GridCell,999,UIInteraction,OSDD=EP_SERIAL_NUMBER;EnsemblePath=PSTP-B:PSTP-B:PSC-A
43194.156410625,Setup,Properties & Parameters,Change Property Value,Update,GridCell,999,UIInteraction,OSDD=EP_SERIAL_NUMBER;EnsemblePath=PSTP-B:PSTP-B:PSTC-A
43194.156431169,Setup,Properties & Parameters,Change Property Value,Update,GridCell,999,UIInteraction,OSDD=EP_SERIAL_NUMBER;EnsemblePath=WITM
43194.156516956,Setup,Calibration,Select Calibration in Calibration Report,Click,ComboBox,PBMS CQG Master Calibration,UIInteraction,
43194.1565172338,Setup,UI Framework,Switch Tab,Click,Tab,Calibrations,UIInteraction,
43194.1565169676,Setup,Calibration,Select Tool in Calibration Report,Click,ComboBox,PSTP-B:999,UIInteraction,ToolName=PSTP-B:999
43194.1565500463,Setup,Calibration,Select Calibration in Calibration Report,Click,ComboBox,Fingers Calibration,UIInteraction,
43194.156550162,Setup,Calibration,Select Tool in Calibration Report,Click,ComboBox,PMIT-F:712,UIInteraction,ToolName=PMIT-F:712
43194.1565903819,Setup,Calibration,Select Calibration in Calibration Report,Click,ComboBox,Fingers Calibration,UIInteraction,
43194.156656956,Setup,Calibration,Select Tool in Calibration Report,Click,ComboBox,PSTP-B:999,UIInteraction,ToolName=PSTP-B:999
43194.1566569444,Setup,Calibration,Select Calibration in Calibration Report,Click,ComboBox,PBMS CQG Master Calibration,UIInteraction,
43194.1566973032,Setup,Calibration,Select Calibration in Calibration Report,Click,ComboBox,Fingers Calibration,UIInteraction,
43194.1566973148,Setup,Calibration,Select Tool in Calibration Report,Click,ComboBox,PMIT-F:712,UIInteraction,ToolName=PMIT-F:712
43194.1567382639,Setup,Calibration,Select Calibration in Calibration Report,Click,ComboBox,Inclino Master Calibration,UIInteraction,
43194.1568007986,Setup,Calibration,Import Calibration,Click,ToolbarButton,Import Calibrations,UIInteraction,FilePath=\\srv004bgc.dir.slb.com\MaxwellAT\TestData\TestData\Phase3\PMIT-F\MIT037 10005572 Schlum Testing\10005572.inc
43194.156805,Setup,Calibration,Choose Available Calibration,Click,ComboBox,15:52:10.000 21-Sep-2011,UIInteraction,
43194.1568284606,Setup,UI Framework,Switch Tab,Click,Tab,DnI Initializations,UIInteraction,
43194.1568420486,Setup,DnI/Survey,Select Decimal,Click,RadioButton,Decimal,UIInteraction,
43194.1568613889,Setup,DnI/Survey,Enter Latitude,Input,TextBox,40,UIInteraction,
43194.1568739352,Setup,DnI/Survey,Enter Longitude,Input,TextBox,120,UIInteraction,
43194.1568841667,Setup,UI Framework,Switch Tab,Click,Tab,Equipment,UIInteraction,
43194.1569274306,Setup,DnI/Survey,Select Permanent Datum,Click,ComboBox,Mean Sea Level,UIInteraction,
43194.1569330093,Setup,DnI/Survey,Select Log Measured From,Click,ComboBox,Drill Floor,UIInteraction,
43194.1569397454,Setup,DnI/Survey,Enter Elevation of 'Log Measured From',Input,TextBox,100,UIInteraction,LogMeasuredFrom=Drill Floor
43194.1569509722,Setup,UI Framework,Switch Tab,Click,Tab,DnI Initializations,UIInteraction,
43194.1569802431,Setup,DnI/Survey,Compute DnI/Elevation,Click,Button,Compute,UIInteraction,
43194.1571096991,Setup,UI Framework,Switch Tab,Click,Tab,Wellbore,UIInteraction,
43194.1571141204,Setup,Well Setup (Internal),Select Run Number,Click,ComboBox,1,UIInteraction,RunGuid=73D5A8EB-EA79-4703-80FE-ADB199B0B828
43194.1571251505,Setup,Well Setup (Internal),Enter Size for Bit Size,Update,GridCell,12.25,UIInteraction,Row=1;Column=Size (in);RunGuid=73D5A8EB-EA79-4703-80FE-ADB199B0B828
43194.1571449306,Setup,Well Setup (Internal),Enter Driller Bottom for Bit Size,Update,GridCell,12000,UIInteraction,Row=1;Column=Driller Bottom (ft);RunGuid=73D5A8EB-EA79-4703-80FE-ADB199B0B828
43194.1571662963,Setup,Well Setup (Internal),Select Run Number,Click,ComboBox,1,UIInteraction,RunGuid=73D5A8EB-EA79-4703-80FE-ADB199B0B828
43194.1571771412,Setup,Well Setup (Internal),Enter Size for Casings,Update,GridCell,9.625,UIInteraction,Row=1;Column=Size (in);RunGuid=73D5A8EB-EA79-4703-80FE-ADB199B0B828
43194.1571951505,Setup,Well Setup (Internal),Enter Driller Top for Casings,Update,GridCell,0,UIInteraction,Row=1;Column=Driller Top (ft);RunGuid=73D5A8EB-EA79-4703-80FE-ADB199B0B828
43194.1572141204,Setup,Well Setup (Internal),Enter Driller Bottom for Casings,Update,GridCell,12000,UIInteraction,Row=1;Column=Driller Bottom (ft);RunGuid=73D5A8EB-EA79-4703-80FE-ADB199B0B828
43194.157231794,Setup,Well Setup (Internal),Enter Logger Top for Casings,Update,GridCell,0,UIInteraction,Row=1;Column=Logger Top (ft);RunGuid=73D5A8EB-EA79-4703-80FE-ADB199B0B828
43194.1572510532,Setup,Well Setup (Internal),Enter Logger Bottom for Casings,Update,GridCell,12000,UIInteraction,Row=1;Column=Logger Bottom (ft);RunGuid=73D5A8EB-EA79-4703-80FE-ADB199B0B828
43194.1572690625,Setup,Well Setup (Internal),Enter Weight for Casings,Update,GridCell,47,UIInteraction,Row=1;Column=Weight (lbm/ft);RunGuid=73D5A8EB-EA79-4703-80FE-ADB199B0B828
43194.1573650579,Setup,Well Setup (Internal),Enter Grade for Casings,Update,GridCell,K55,UIInteraction,Row=1;Column=Grade;RunGuid=73D5A8EB-EA79-4703-80FE-ADB199B0B828
43194.1573840625,Setup,Well Setup (Internal),Select Run Number,Click,ComboBox,1,UIInteraction,RunGuid=73D5A8EB-EA79-4703-80FE-ADB199B0B828
43194.1573950926,Setup,Well Setup (Internal),Enter Size for Tubings,Update,GridCell,7.375,UIInteraction,Row=1;Column=Size (in);RunGuid=73D5A8EB-EA79-4703-80FE-ADB199B0B828
43194.1574128819,Setup,Well Setup (Internal),Enter Driller Top for Tubings,Update,GridCell,0,UIInteraction,Row=1;Column=Driller Top (ft);RunGuid=73D5A8EB-EA79-4703-80FE-ADB199B0B828
43194.1574317824,Setup,Well Setup (Internal),Enter Driller Bottom for Tubings,Update,GridCell,12000,UIInteraction,Row=1;Column=Driller Bottom (ft);RunGuid=73D5A8EB-EA79-4703-80FE-ADB199B0B828
43194.1574496759,Setup,Well Setup (Internal),Enter Logger Top for Tubings,Update,GridCell,0,UIInteraction,Row=1;Column=Logger Top (ft);RunGuid=73D5A8EB-EA79-4703-80FE-ADB199B0B828
43194.1574692477,Setup,Well Setup (Internal),Enter Logger Bottom for Tubings,Update,GridCell,12000,UIInteraction,Row=1;Column=Logger Bottom (ft);RunGuid=73D5A8EB-EA79-4703-80FE-ADB199B0B828
43194.1574870833,Setup,Well Setup (Internal),Enter Weight for Tubings,Update,GridCell,50,UIInteraction,Row=1;Column=Weight (lbm/ft);RunGuid=73D5A8EB-EA79-4703-80FE-ADB199B0B828
43194.1575162037,Setup,Well Setup (Internal),Enter Grade for Tubings,Update,GridCell,J55,UIInteraction,Row=1;Column=Grade;RunGuid=73D5A8EB-EA79-4703-80FE-ADB199B0B828
43194.1575303241,Setup,UI Framework,Switch Tab,Click,Tab,Equipment,UIInteraction,
43194.1575329977,Setup,Calibration,Select Calibration in Calibration Report,Click,ComboBox,PBMS CQG Master Calibration,UIInteraction,
43194.1575330093,Setup,Calibration,Select Tool in Calibration Report,Click,ComboBox,PSTP-B:999,UIInteraction,ToolName=PSTP-B:999
43194.1575409722,Setup,Equipment,Validate ToolString,Click,ContextMenu,Validate,UIInteraction,Validated State=TS_VALIDATION_RECOMMENDATION;Validated Message=<ToolStringValidation><ToolStringGuid>F8E06DE7-3647-4663-8CAB-865BD7CB96C7</ToolStringGuid><ToolStringName>PMITF</ToolStringName><SourceAction>Validate</SourceAction><IsAutomatic>FALSE</IsAutomatic><Error><EquipmentGuid>E83B28A5-074F-44CB-A704-FF5AE3FB7647</EquipmentGuid><EquipmentName>PMIT-F</EquipmentName><EquipmentType>Tool</EquipmentType><ErrorInfo><![CDATA[
PMIT Master Finger Calibration tagged as Before
Be aware that the PMIT Master Finger Calibration is tagged as a 'Before' calibration.
The result of the Master Finger Calibration will be under the ' Before' tab in Calibrations View and labeled 'Before' in all Calibration reports
The Master Finger Calibration has to be Acquired in the Acquisition Console
Master Finger Calibration Mode (Acquisition or Edition) is set under the ' Tool Control' tab]]></ErrorInfo><ValidationType>EQUIP_CONFIG_VALIDATION_RECOMMENDATION</ValidationType></Error></ToolStringValidation>
43194.1576600347,Setup,Calibration,Select Calibration in Calibration Report,Click,ComboBox,PBMS CQG Master Calibration,UIInteraction,
43194.1576600463,Setup,Calibration,Select Tool in Calibration Report,Click,ComboBox,PSTP-B:999,UIInteraction,ToolName=PSTP-B:999
43194.1576679167,Setup,Equipment,Activate ToolString for Shop Calibration,Click,ContextMenu,Activate for Checks and Calibration,UIInteraction,TooStringGuid=F8E06DE7-3647-4663-8CAB-865BD7CB96C7
43194.1578721875,Simulation,UI Framework,Start Console,,,Simulation Console - Job PMIT-F,UIAutomatic,
43194.1578975579,ShopCalibration,Calibration,Select Calibration Report Type,Click,ComboBox,Technical Concise,UIInteraction,
43194.15803875,ShopCalibration,Calibration,Choose Available Calibration,Click,ComboBox,Nominal,UIInteraction,
43194.1580399884,ShopCalibration,Calibration,Select Calibration in Calibration Report,Click,ComboBox,PBMS CQG Master Calibration,UIInteraction,
43194.1580401042,ShopCalibration,Calibration,Select Tool in Calibration Report,Click,ComboBox,PSTP-B:999,UIInteraction,ToolName=PSTP-B:999
43194.1580405556,ShopCalibration,UI Framework,Start Console,,,Shop Calibration Console - Job PMIT-F,UIAutomatic,
43194.1580909144,ShopCalibration,UI Framework,Switch Tab,Click,Tab,MD,UIInteraction,
43194.1613302894,ShopCalibration,Data Acquiring - WL,Connect Hardware,Click,ToolbarButton,Connect to Hardware,UIInteraction,
43194.1614703472,ShopCalibration,Data Acquiring - WL,Start Dataflow,Click,ToolbarButton,Start Data Flow,UIInteraction,
43194.1615980903,ShopCalibration,Data Acquiring - WL,Enable Tool Power,Click,ToolbarButton,Enable Tool Power,UIInteraction,
43194.1625070949,Simulation,UI Framework,Switch Tab,Click,Tab,PMIT2 : 0,UIInteraction,
43194.1626126042,ShopCalibration,PMIT-F,Vertical Position,RightClick,TreeView,Vertical Position,UIInteraction,TaskName=Vertical Position
43194.1626290278,ShopCalibration,Calibration,Choose Available Calibration,Click,ComboBox,15:52:10.000 21-Sep-2011,UIInteraction,
43194.1626265162,ShopCalibration,PMIT-F,Vertical Position,Click,ContextMenu,Perform,UIInteraction,TaskName=Vertical Position
43194.162629294,ShopCalibration,UI Framework,Switch Tab,Click,Tab,Calibrations,UIInteraction,
43194.1626774537,ShopCalibration,Calibration,Perform Calibration Task,Click,Button,Next,UIInteraction,TaskName=Vertical Position
43194.1628847106,Setup,Calibration,Choose Available Calibration,Click,ComboBox,Incomplete,UIInteraction,
43194.1628845023,ShopCalibration,Calibration,Choose Available Calibration,Click,ComboBox,Incomplete,UIInteraction,
43194.1629882523,Simulation,UI Framework,Switch Tab,Click,Tab,PSTC UI : 1,UIInteraction,
43194.1629887384,Simulation,UI Framework,Switch Tab,Click,Tab,PMIT2 : 0,UIInteraction,
43194.1631043056,ShopCalibration,PMIT-F,Tool Inclined Finger 1 at Top,RightClick,TreeView,Tool Inclined Finger 1 at Top,UIInteraction,TaskName=Tool Inclined Finger 1 at Top
43194.1631183333,ShopCalibration,PMIT-F,Tool Inclined Finger 1 at Top,Click,ContextMenu,Perform,UIInteraction,TaskName=Tool Inclined Finger 1 at Top
43194.1631640625,ShopCalibration,Calibration,Perform Calibration Task,Click,Button,Next,UIInteraction,TaskName=Tool Inclined Finger 1 at Top
43194.1633010185,Setup,Calibration,Choose Available Calibration,Click,ComboBox,Incomplete,UIInteraction,
43194.1633027431,ShopCalibration,Calibration,Choose Available Calibration,Click,ComboBox,Incomplete,UIInteraction,
43194.1633984491,Simulation,UI Framework,Switch Tab,Click,Tab,PSTC UI : 1,UIInteraction,
43194.1633990509,Simulation,UI Framework,Switch Tab,Click,Tab,PMIT2 : 0,UIInteraction,
43194.1635165741,ShopCalibration,PMIT-F,Tool Inclined Finger 1 Rotated 90 Degrees,RightClick,TreeView,Tool Inclined Finger 1 Rotated 90 Degrees,UIInteraction,TaskName=Tool Inclined Finger 1 Rotated 90 Degrees
43194.1635304167,ShopCalibration,PMIT-F,Tool Inclined Finger 1 Rotated 90 Degrees,Click,ContextMenu,Perform,UIInteraction,TaskName=Tool Inclined Finger 1 Rotated 90 Degrees
43194.1635768634,ShopCalibration,Calibration,Perform Calibration Task,Click,Button,Next,UIInteraction,TaskName=Tool Inclined Finger 1 Rotated 90 Degrees
43194.1637128009,Setup,Calibration,Choose Available Calibration,Click,ComboBox,Incomplete,UIInteraction,
43194.1637137153,ShopCalibration,Calibration,Choose Available Calibration,Click,ComboBox,Incomplete,UIInteraction,
43194.1638190972,Simulation,UI Framework,Switch Tab,Click,Tab,PSTC UI : 1,UIInteraction,
43194.1638196296,Simulation,UI Framework,Switch Tab,Click,Tab,PMIT2 : 0,UIInteraction,
43194.1639361227,ShopCalibration,PMIT-F,Tool Inclined Finger 1 Rotated 180 Degrees,RightClick,TreeView,Tool Inclined Finger 1 Rotated 180 Degrees,UIInteraction,TaskName=Tool Inclined Finger 1 Rotated 180 Degrees
43194.163949919,ShopCalibration,PMIT-F,Tool Inclined Finger 1 Rotated 180 Degrees,Click,ContextMenu,Perform,UIInteraction,TaskName=Tool Inclined Finger 1 Rotated 180 Degrees
43194.1639972801,ShopCalibration,Calibration,Perform Calibration Task,Click,Button,Next,UIInteraction,TaskName=Tool Inclined Finger 1 Rotated 180 Degrees
43194.164135787,Setup,Calibration,Choose Available Calibration,Click,ComboBox,Incomplete,UIInteraction,
43194.1641375463,ShopCalibration,Calibration,Choose Available Calibration,Click,ComboBox,Incomplete,UIInteraction,
43194.1642267014,Simulation,UI Framework,Switch Tab,Click,Tab,PSTC UI : 1,UIInteraction,
43194.1642271412,Simulation,UI Framework,Switch Tab,Click,Tab,PMIT2 : 0,UIInteraction,
43194.164340625,ShopCalibration,PMIT-F,Tool Inclined Finger 1 Rotated 270 Degrees,RightClick,TreeView,Tool Inclined Finger 1 Rotated 270 Degrees,UIInteraction,TaskName=Tool Inclined Finger 1 Rotated 270 Degrees
43194.1643545833,ShopCalibration,PMIT-F,Tool Inclined Finger 1 Rotated 270 Degrees,Click,ContextMenu,Perform,UIInteraction,TaskName=Tool Inclined Finger 1 Rotated 270 Degrees
43194.1644005787,ShopCalibration,Calibration,Perform Calibration Task,Click,Button,Next,UIInteraction,TaskName=Tool Inclined Finger 1 Rotated 270 Degrees
43194.1645389005,ShopCalibration,Calibration,Choose Available Calibration,Click,ComboBox,03:56:55.747 04-Apr-2018,UIInteraction,
43194.1645391551,Setup,Calibration,Choose Available Calibration,Click,ComboBox,03:56:55.747 04-Apr-2018,UIInteraction,
43194.1645620718,ShopCalibration,Data Acquiring - WL,Unlock 3 Buttons,Click,ToolbarButton,Unlock,UIInteraction,
43194.1645677315,ShopCalibration,Data Acquiring - WL,Disable Tool Power,Click,ToolbarButton,Disable Tool Power,UIInteraction,
43194.1646309028,ShopCalibration,Data Acquiring - WL,Stop Dataflow,Click,ToolbarButton,Stop Data Flow,UIInteraction,
43194.1647202199,ShopCalibration,Data Acquiring - WL,Disconnect Hardware,Click,ToolbarButton,Disconnect From Hardware,UIInteraction,
43194.1647277431,Simulation,UI Framework,Switch Tab,Click,Tab,PSTC UI : 1,UIInteraction,
43194.1647284259,Simulation,UI Framework,Switch Tab,Click,Tab,PMIT2 : 0,UIInteraction,
43194.1647287847,Simulation,UI Framework,Switch Tab,Click,Tab,PBMS-B : 2,UIInteraction,
43194.164835787,ShopCalibration,UI Framework,Close Console,Click,Button,,UIInteraction,JobGuid=4DF7FCF2-1B25-4227-BC17-57BAF7589861
43194.165100081,Setup,UI Framework,Switch Tab,Click,Tab,Runs,UIInteraction,
43194.1651335995,Setup,Run Manager (Internal),Associate toolstring to run,Update,GridCell,PMITF,UIInteraction,RunGuid=73D5A8EB-EA79-4703-80FE-ADB199B0B828;ToolstringGuid=F8E06DE7-3647-4663-8CAB-865BD7CB96C7;DownholeEquipments=PMIT-FPSTP-BBNS-PAH-407CMIR-BDCMIR-BDAH-406MH-28;TSLevelActiveSurfaceEquips=DEPTH_DEVICETENSION_DEVICELOGGING_CABLEWAFEWITM
43194.1651409144,Setup,Calibration,Select Calibration in Calibration Report,Click,ComboBox,PBMS CQG Master Calibration,UIInteraction,
43194.1651409259,Setup,Calibration,Select Tool in Calibration Report,Click,ComboBox,PSTP-B:999,UIInteraction,ToolName=PSTP-B:999
43194.1652673843,Setup,Equipment,Close Toolstring Validation UI,Click,Button,Close,UIInteraction,ToolstringGuid=F8E06DE7-3647-4663-8CAB-865BD7CB96C7
43194.1652781829,,Console/Job Manager,Start Deliverables Console,Click,Button,Start...,UIInteraction,JobGuid=4DF7FCF2-1B25-4227-BC17-57BAF7589861
43194.1653580903,DeliverablesSetup,Tier Manager,Tier Template Created for Tools in My Equipment,,,PSTP-B Tier Created,Deliverables Console,
43194.1653585185,DeliverablesSetup,Tier Manager,Tier Template Created for Tools in My Equipment,,,PMIT-F Tier Created,Deliverables Console,
43194.1653940625,DeliverablesSetup,UI Framework,Start Console,,,Deliverables Console Setup - Job PMIT-F,UIAutomatic,
43194.1654370949,DeliverablesSetup,UI Framework,Switch View,Click,ToolbarButton,Deliverables Display View,UIInteraction,
43194.1655125,DeliverablesSetup,Deliverables - Digital,Create Job Archive,Click,ContextMenu,Create,UIInteraction,ArchiveGuid=4DF7FCF2-1B25-4227-BC17-57BAF7589861;JobArchiveType=3.0
43194.1658272801,DeliverablesSetup,UI Framework,Close Console,Click,Button,,UIInteraction,JobGuid=4DF7FCF2-1B25-4227-BC17-57BAF7589861
43194.1658675926,DeliverablesSetup,UI Framework,OK to Close Deliverables - Display Console,Click,Button,OK,UIInteraction,
43194.1659488542,,Console/Job Manager,Stop Setup Console,Click,Button,Stop,UIInteraction,JobGuid=4DF7FCF2-1B25-4227-BC17-57BAF7589861
43194.1660318403,,Console/Job Manager,Stop Job,Click,Button,Stop,UIInteraction,JobGuid=4DF7FCF2-1B25-4227-BC17-57BAF7589861
