Time,Process,Component,Operation,Action,Control,ControlText,Category,Context
43194.1891582755,,Console/Job Manager,Start Job,Click,Button,Start,UIInteraction,JobName=MAST_EDTC;WellName=BGC;ClientName=BGC;StartDate=4/4/2018 4:32 AM;Workflow=Wireline;Simulator=True;UnitSystem=English;JobSize=0;State=Available;SideTrackId=0;SessionID=93B5355F-6951-41AF-B412-767BE758D072;SortOrder=1;JobGUID=B0E42921-2E04-4C52-B871-FAA7F91B152B;WellGUID=F7610177-0477-4490-A72B-8942F9F7CA27;BoreholeGUID=1400C1F6-29B3-47C7-930B-06D5A02C678A;MachineName=HPV11-012;UserName=Engineer;UserDomainName=HPV11-012;OS=Microsoft Windows NT 6.1.7601 Service Pack 1;StartedJobCount=0;TimeZone=00:00:00;IPAddress_1=192.168.78.245;IPAddress_2=::1;MWVersion=9.0.100745.3100
43194.189600625,,Console/Job Manager,Stop Job,Click,Button,Stop,UIInteraction,JobGuid=B0E42921-2E04-4C52-B871-FAA7F91B152B
43194.1897936458,,Console/Job Manager,Start Job,Click,Button,Start,UIInteraction,JobName=MAST_EDTC;WellName=BGC;ClientName=BGC;StartDate=4/4/2018 4:32 AM;Workflow=Wireline;Simulator=True;UnitSystem=English;RTBackupDir=C:\Autobackup;JobSize=0;State=Available;SideTrackId=0;SessionID=93B5355F-6951-41AF-B412-767BE758D072;SortOrder=1;JobGUID=B0E42921-2E04-4C52-B871-FAA7F91B152B;WellGUID=F7610177-0477-4490-A72B-8942F9F7CA27;BoreholeGUID=1400C1F6-29B3-47C7-930B-06D5A02C678A;MachineName=HPV11-012;UserName=Engineer;UserDomainName=HPV11-012;OS=Microsoft Windows NT 6.1.7601 Service Pack 1;StartedJobCount=0;TimeZone=00:00:00;IPAddress_1=192.168.78.245;IPAddress_2=::1;MWVersion=9.0.100745.3100
43194.1905864236,,Console/Job Manager,Start Setup Console,Click,Button,Start...,UIInteraction,JobGuid=B0E42921-2E04-4C52-B871-FAA7F91B152B
43194.1906665741,Setup,Calibration,Select Calibration Report Type,Click,ComboBox,Technical Concise,UIInteraction,
43194.1907160417,Setup,UI Framework,Start Console,,,Setup - Job MAST_EDTC,UIAutomatic,
43194.1907459491,,Console/Job Manager,Start Deliverables Console,Click,Button,Start...,UIInteraction,JobGuid=B0E42921-2E04-4C52-B871-FAA7F91B152B
43194.190816088,DeliverablesSetup,Tier Manager,Tier Template Created for Tools in My Equipment,,,MAST-B Tier Created,Deliverables Console,
43194.1908174653,DeliverablesSetup,Tier Manager,Tier Template Created for Tools in My Equipment,,,LEH-QT Tier Created,Deliverables Console,
43194.1908176736,DeliverablesSetup,Tier Manager,Tier Template Created for Tools in My Equipment,,,EDTC-H Tier Created,Deliverables Console,
43194.1908243056,DeliverablesSetup,UI Framework,Start Console,,,Deliverables Console Setup - Job MAST_EDTC,UIAutomatic,
43194.1909997801,Setup,UI Framework,Switch Tab,Click,Tab,DnI Initializations,UIInteraction,
43194.1910677315,Setup,Run Manager (Internal),Start Run,Click,Button,Start,UIInteraction,RunGuid=CD520040-5AC3-4FAA-BDBA-DA608BA5B9D5;ToolstringGuid=1214AEB7-497B-42DD-935F-B0B028C668F4;DownholeEquipments=MAST-B:EDTC-H:LEH-QT;TSLevelActiveSurfaceEquips=DEPTH_DEVICE:TENSION_DEVICE:WAFE:LOGGING_CABLE
43194.1911840741,Setup,Equipment,Activate Run,Click,Button,Activate,UIInteraction,ToolstringGuid=1214AEB7-497B-42DD-935F-B0B028C668F4;DownholeEquipments=MAST-B:EDTC-H:LEH-QT;TSLevelActiveSurfaceEquips=DEPTH_DEVICE:TENSION_DEVICE:WAFE:LOGGING_CABLE
43194.1913257523,Simulation,UI Framework,Start Console,,,Simulation Console - Job MAST_EDTC,UIAutomatic,
43194.1914325231,WLAcquisition,Calibration,Select Calibration Report Type,Click,ComboBox,Technical Concise,UIInteraction,
43194.1915244907,WLAcquisition,UI Framework,Start Console,,,Acquisition Console - Job MAST_EDTC - Run 1,UIAutomatic,
43194.1915592245,WLAcquisition,Calibration,Select Calibration in Calibration Report,Click,ComboBox,HTEN Before Calibration,UIInteraction,
43194.1915592477,WLAcquisition,Calibration,Select Tool in Calibration Report,Click,ComboBox,LEH-QT,UIInteraction,ToolName=LEH-QT
43194.1917424074,WLAcquisition,Data Acquiring - WL,Connect Hardware,Click,ToolbarButton,Connect to Hardware,UIInteraction,
43194.1923373727,WLAcquisition,Data Acquiring - WL,Start Dataflow,Click,ToolbarButton,Start Data Flow,UIInteraction,
43194.192504838,WLAcquisition,Data Acquiring - WL,Enable Tool Power,Click,ToolbarButton,Enable Tool Power,UIInteraction,
43194.1925053588,WLAcquisition,Tool Control,Cable Trim,,,,UIAutomatic,TaskName=Cable Trim
43194.1934278819,WLAcquisition,Tool Control,Perform Tool Control Task,Click,Button,Next,UIInteraction,TaskName=Cable Trim
43194.1934695949,WLAcquisition,MAST-B,WFQC Monitor,,,,UIAutomatic,TaskName=MAST-B: WFQC Monitor
43194.1934894907,WLAcquisition,MAST-B,Acquisition Initialization,,,,UIAutomatic,TaskName=MAST-B: Acquisition Initialization
43194.1934899074,WLAcquisition,UI Framework,Switch Tab,Click,Tab,Calibrations,UIInteraction,
43194.1935099306,WLAcquisition,EDTC-H,Read Data from Memory,,,,UIAutomatic,TaskName=EDTC-H: Read Data from Memory
43194.1937479514,WLAcquisition,Tool Control,Perform Tool Control Task,Click,Button,Close,UIInteraction,TaskName=Cable Trim
43194.1957129282,WLAcquisition,UI Framework,Switch Tab,Click,Tab,Tool Control,UIInteraction,
43194.1959470949,WLAcquisition,EDTC-H,EDTS2G Expert Mode,RightClick,TreeView,EDTC-H: EDTS2G Expert Mode,UIInteraction,TaskName=EDTC-H: EDTS2G Expert Mode
43194.1959614352,WLAcquisition,EDTC-H,EDTS2G Expert Mode,Click,ContextMenu,Perform,UIInteraction,TaskName=EDTC-H: EDTS2G Expert Mode
43194.1969862963,WLAcquisition,Calibration,Choose Available Calibration,Click,ComboBox,01:02:00.000 04-Mar-2006,UIInteraction,
43194.1969898264,WLAcquisition,Calibration,Choose Available Calibration,Click,ComboBox,01:02:00.000 04-Mar-2006,UIInteraction,
43194.1975154861,WLAcquisition,UI Framework,Switch Tab,Click,Tab,Operation,UIInteraction,
43194.1977029167,WLAcquisition,Depth Log/Station Planning,Perform Logging Task,RightClick,TreeView,Depth Log,UIInteraction,TaskName=Depth Log
43194.1977171644,WLAcquisition,Depth Log/Station Planning,Perform Logging Task,Click,ContextMenu,Perform,UIInteraction,TaskName=Depth Log
43194.1987644213,WLAcquisition,Data Acquiring - WL,Start Depth Pass,Click,Button,Start,UIInteraction,PassGuid=EEE9249A-6381-4DDF-8FB9-DED40F57745D;Objective=Log;Direction=Up;Depth=3047.99238
43194.1987830208,WLAcquisition,UI Framework,Switch Tab,Click,Tab,MD,UIInteraction,
43194.1991194329,WLAcquisition,UI Framework,Switch Tab,Click,Tab,Tool Control,UIInteraction,
43194.1993398611,WLAcquisition,EDTC-H,EDTS2G Expert Mode,RightClick,TreeView,EDTC-H: EDTS2G Expert Mode,UIInteraction,TaskName=EDTC-H: EDTS2G Expert Mode
43194.1993538426,WLAcquisition,EDTC-H,EDTS2G Expert Mode,Click,ContextMenu,Close,UIInteraction,TaskName=EDTC-H: EDTS2G Expert Mode
43194.1996864815,WLAcquisition,EDTC-H,EDTS2G Expert Mode,RightClick,TreeView,EDTC-H: EDTS2G Expert Mode,UIInteraction,TaskName=EDTC-H: EDTS2G Expert Mode
43194.1997004398,WLAcquisition,EDTC-H,EDTS2G Expert Mode,Click,ContextMenu,Perform,UIInteraction,TaskName=EDTC-H: EDTS2G Expert Mode
43194.202208125,WLAcquisition,Data Acquiring - WL,Unlock Pass,Click,ToolbarButton,Click to Unlock Stop Button,UIInteraction,
43194.2024103704,WLAcquisition,Data Acquiring - WL,Stop Depth Pass,Click,Button,Stop,UIInteraction,PassGuid=EEE9249A-6381-4DDF-8FB9-DED40F57745D;Depth=3017.51238
43194.2025488773,WLAcquisition,Data Acquiring - WL,Unlock 3 Buttons,Click,ToolbarButton,Unlock,UIInteraction,
43194.2026093519,WLAcquisition,Data Acquiring - WL,Disable Tool Power,Click,ToolbarButton,Disable Tool Power,UIInteraction,
43194.2026916551,WLAcquisition,Data Acquiring - WL,Stop Dataflow,Click,ToolbarButton,Stop Data Flow,UIInteraction,
43194.2030469213,WLAcquisition,Data Acquiring - WL,Disconnect Hardware,Click,ToolbarButton,Disconnect From Hardware,UIInteraction,
43194.2031462269,Setup,Run Manager (Internal),Stop Run,Click,Button,Stop,UIInteraction,RunGuid=CD520040-5AC3-4FAA-BDBA-DA608BA5B9D5
43194.203193669,Setup,Run Manager (Internal),Confirm to Stop Run,Click,Button,OK,UIInteraction,RunGuid=CD520040-5AC3-4FAA-BDBA-DA608BA5B9D5
43194.2032503819,Simulation,UI Framework,Close Console,Click,Button,,UIInteraction,JobGuid=B0E42921-2E04-4C52-B871-FAA7F91B152B
43194.2033408449,DeliverablesSetup,UI Framework,Switch View,Click,ToolbarButton,Deliverables Display View,UIInteraction,
43194.2034171528,DeliverablesSetup,Deliverables - Digital,Create Job Archive,Click,ContextMenu,Create,UIInteraction,ArchiveGuid=B0E42921-2E04-4C52-B871-FAA7F91B152B;JobArchiveType=3.0
43194.2037127662,DeliverablesSetup,UI Framework,Close Console,Click,Button,,UIInteraction,JobGuid=B0E42921-2E04-4C52-B871-FAA7F91B152B
43194.2037559838,DeliverablesSetup,UI Framework,OK to Close Deliverables - Display Console,Click,Button,OK,UIInteraction,
43194.2038385301,,Console/Job Manager,Stop Setup Console,Click,Button,Stop,UIInteraction,JobGuid=B0E42921-2E04-4C52-B871-FAA7F91B152B
43194.2039343866,,Console/Job Manager,Stop Job,Click,Button,Stop,UIInteraction,JobGuid=B0E42921-2E04-4C52-B871-FAA7F91B152B
