Time,Process,Component,Operation,Action,Control,ControlText,Category,Context
43193.6897830671,,Console/Job Manager,Start Job,Click,Button,Start,UIInteraction,JobName=10MSA0091;WellName=maderil;ClientName=PEMEX;StartDate=4/3/2018 4:33 PM;Workflow=D&M;Simulator=False;UnitSystem=PEMEX10MSA009108APR15;JobSize=0;State=Available;SideTrackId=0;SessionID=A5484D64-AC55-4DAB-8C49-EE08EA8C0ECC;SortOrder=1;JobGUID=BCA8392B-6122-4C86-8265-E6EC85122CD1;WellGUID=524281F4-293F-4548-AD47-1FF4569F5A2A;BoreholeGUID=2666ADF7-DD1C-4A5A-8A25-EB03B5AA819A;MachineName=HPV01-001;UserName=Engineer;UserDomainName=HPV01-001;OS=Microsoft Windows NT 6.1.7601 Service Pack 1;StartedJobCount=0;TimeZone=00:00:00;IPAddress_1=192.168.78.73;IPAddress_2=::1;MWVersion=9.0.100732.3100
43193.6900789468,,Console/Job Manager,Stop Job,Click,Button,Stop,UIInteraction,JobGuid=BCA8392B-6122-4C86-8265-E6EC85122CD1
43193.6902651852,,Console/Job Manager,Start Job,Click,Button,Start,UIInteraction,JobName=10MSA0091;WellName=maderil;ClientName=PEMEX;StartDate=4/3/2018 4:33 PM;Workflow=D&M;Simulator=False;UnitSystem=PEMEX10MSA009108APR15;RTBackupDir=C:\AutoBackup;JobSize=0;State=Available;SideTrackId=0;SessionID=A5484D64-AC55-4DAB-8C49-EE08EA8C0ECC;SortOrder=1;JobGUID=BCA8392B-6122-4C86-8265-E6EC85122CD1;WellGUID=524281F4-293F-4548-AD47-1FF4569F5A2A;BoreholeGUID=2666ADF7-DD1C-4A5A-8A25-EB03B5AA819A;MachineName=HPV01-001;UserName=Engineer;UserDomainName=HPV01-001;OS=Microsoft Windows NT 6.1.7601 Service Pack 1;StartedJobCount=0;TimeZone=00:00:00;IPAddress_1=192.168.78.73;IPAddress_2=::1;MWVersion=9.0.100732.3100
43193.6910296296,,Console/Job Manager,Start Setup Console,Click,Button,Start...,UIInteraction,JobGuid=BCA8392B-6122-4C86-8265-E6EC85122CD1
43193.6911209028,Setup,UI Framework,Start Console,,,Setup - Job 10MSA0091,UIAutomatic,
43193.6911371875,,Console/Job Manager,Start Deliverables Console,Click,Button,Start...,UIInteraction,JobGuid=BCA8392B-6122-4C86-8265-E6EC85122CD1
43193.6911875347,DeliverablesSetup,Tier Manager,Tier Template Created for Tools in My Equipment,,,SHORT475 Tier Created,Deliverables Console,
43193.6911876505,DeliverablesSetup,Tier Manager,Tier Template Created for Tools in My Equipment,,,SONICSCOPE4 Tier Created,Deliverables Console,
43193.6911878125,DeliverablesSetup,Tier Manager,Tier Template Created for Tools in My Equipment,,,ARC5 Tier Created,Deliverables Console,
43193.6911877315,DeliverablesSetup,Tier Manager,Tier Template Created for Tools in My Equipment,,,ADN4 Tier Created,Deliverables Console,
43193.6911941898,DeliverablesSetup,UI Framework,Start Console,,,Deliverables Console Setup - Job 10MSA0091,UIAutomatic,
43193.6913477894,Setup,UI Framework,Switch Tab,Click,Tab,DnI Initializations Run - 1,UIInteraction,
43193.6914132407,Setup,Run Manager (Internal),Start Run,Click,Button,Start,UIInteraction,RunGuid=F2DBCB59-A8B2-470E-89B8-D3A4F0E2C55B;ToolstringGuid=21629DF6-35B6-41A8-867A-48EC609DBB24;DownholeEquipments=Generic PDC Bit:Stab: 3 1/8":Flt Sub: 4 3/4":ARC5:SHORT475:SONICSCOPE4:ADN4;TSLevelActiveSurfaceEquips=DRILLING_SURFACE
43193.691523912,Setup,Equipment,Activate Run,Click,Button,Activate,UIInteraction,ToolstringGuid=21629DF6-35B6-41A8-867A-48EC609DBB24;DownholeEquipments=Generic PDC Bit:Stab: 3 1/8":Flt Sub: 4 3/4":ARC5:SHORT475:SONICSCOPE4:ADN4;TSLevelActiveSurfaceEquips=DRILLING_SURFACE
43193.6916831366,DnMAcquisition,Data Acquiring - D&M,HSPM Control/Set Location,Click,ComboBox,LOCAL,UIInteraction,
43193.6916831597,DnMAcquisition,Data Acquiring - D&M,HSPM Control/Set Recover Buffer,Click,ComboBox,No,UIInteraction,
43193.6917369097,DnMAcquisition,UI Framework,Start Console,,,Acquisition Console - Job 10MSA0091 - Run 1,UIAutomatic,
43193.6926109607,DnMAcquisition,Manage Tasks,HSPM Control,DoubleClick,TreeView,HSPM Control,UIInteraction,TaskName=HSPM Control
43193.6926362731,DnMAcquisition,Data Acquiring - D&M,HSPM Control/Set Recover Buffer,Click,ComboBox,Yes,UIInteraction,
43193.6926542014,DnMAcquisition,Data Acquiring - D&M,HSPM Control/Connect HSPM,Click,Button,Connect,UIInteraction,
43193.6933103588,DnMAcquisition,UI Framework,Switch Tab,Click,Tab,Data Gauges,UIInteraction,
43193.6933296991,DnMAcquisition,Data Gauge / Alerts,Launch Alarm Manager,Click,ToolbarButton,Launch Alarms Manager...,UIInteraction,
43193.6933305208,DnMAcquisition,UI Framework,Switch Tab,Click,Tab,Alarms,UIInteraction,
43193.6933856829,DnMAcquisition,Data Gauge / Alerts,View Alarms,Click,Tab,Application,UIInteraction,
43193.7006816782,DnMAcquisition,UI Framework,Switch Tab,Click,Tab,Picture,UIInteraction,
43193.7012696412,DnMAcquisition,UI Framework,Switch Tab,Click,Tab,Data Gauges,UIInteraction,
43193.7013425231,DnMAcquisition,UI Framework,Switch Tab,Click,Tab,Time,UIInteraction,
43193.7014303935,DnMAcquisition,Data Explorer,Change Focused Item to Current Run,Click,ToolbarButton,Current Run,UIInteraction,
43193.7014304167,DnMAcquisition,Data Explorer,Change Current Focused Item,,,,UIAutomatic,EntityName=Run 1;EntityType=16;EntityGuid=F2DBCB59-A8B2-470E-89B8-D3A4F0E2C55B
43193.701468912,DnMAcquisition,Data Explorer,Change Current Focused Item,,,,UIAutomatic,EntityName=TimeLogicalAcq;EntityType=32;EntityGuid=04BF4710-C166-4812-B9EF-78CFBBBBB610
43193.7014979398,DnMAcquisition,Data Explorer,Click OK Button,Click,Button,OK,UIInteraction,Selection=BLKP_BPOS_Height of block above rig floor_DRILLING_SURFACE_1___
43193.7015156019,DnMAcquisition,UI Framework,Switch Tab,Click,Tab,Data Gauges,UIInteraction,
43193.7015992014,DnMAcquisition,Data Gauge / Alerts,Add Data Gauge,Click,ToolbarButton,Add Data Gauges...,UIInteraction,
43193.7017268982,DnMAcquisition,Data Explorer,Change Focused Item to Up-Level,Click,ToolbarButton,Level Up,UIInteraction,
43193.7017269097,DnMAcquisition,Data Explorer,Change Current Focused Item,,,,UIAutomatic,EntityName=Run 1;EntityType=16;EntityGuid=F2DBCB59-A8B2-470E-89B8-D3A4F0E2C55B
43193.701807419,DnMAcquisition,Data Explorer,Change Focused Item to Up-Level,Click,ToolbarButton,Level Up,UIInteraction,
43193.7018074306,DnMAcquisition,Data Explorer,Change Current Focused Item,,,,UIAutomatic,EntityName=maderil;EntityType=8;EntityGuid=2666ADF7-DD1C-4A5A-8A25-EB03B5AA819A
43193.7018929398,DnMAcquisition,Data Explorer,Change Focused Item to Up-Level,Click,ToolbarButton,Level Up,UIInteraction,
43193.7018929514,DnMAcquisition,Data Explorer,Change Current Focused Item,,,,UIAutomatic,EntityName=maderil;EntityType=4;EntityGuid=524281F4-293F-4548-AD47-1FF4569F5A2A
43193.7019703935,DnMAcquisition,Data Explorer,Change Focused Item to Up-Level,Click,ToolbarButton,Level Up,UIInteraction,
43193.7019704051,DnMAcquisition,Data Explorer,Change Current Focused Item,,,,UIAutomatic,EntityName=10MSA0091;EntityType=2;EntityGuid=BCA8392B-6122-4C86-8265-E6EC85122CD1
43193.7020753125,DnMAcquisition,Data Explorer,Change Current Focused Item,,,,UIAutomatic,EntityName=maderil;EntityType=4;EntityGuid=524281F4-293F-4548-AD47-1FF4569F5A2A
43193.7021315278,DnMAcquisition,Data Explorer,Change Current Focused Item,,,,UIAutomatic,EntityName=maderil;EntityType=8;EntityGuid=2666ADF7-DD1C-4A5A-8A25-EB03B5AA819A
43193.7021899884,DnMAcquisition,Data Explorer,Change Current Focused Item,,,,UIAutomatic,EntityName=Run 1;EntityType=16;EntityGuid=F2DBCB59-A8B2-470E-89B8-D3A4F0E2C55B
43193.7022469213,DnMAcquisition,Data Explorer,Change Current Focused Item,,,,UIAutomatic,EntityName=TimeLogicalAcq;EntityType=32;EntityGuid=04BF4710-C166-4812-B9EF-78CFBBBBB610
43193.7023145949,DnMAcquisition,Data Explorer,Click OK Button,Click,Button,OK,UIInteraction,Selection=ED_ED_East Departure_DnMWorkflow_1___
43193.7023146759,DnMAcquisition,Data Gauge / Alerts,Select Channel in Channel Selection Dialog,Click,Button,OK,UIInteraction,Channel OSDD=ED
43193.7024798495,DnMAcquisition,UI Framework,Switch Tab,Click,Tab,Time,UIInteraction,
43193.7025465162,DnMAcquisition,UI Framework,Switch Tab,Click,Tab,Data Gauges,UIInteraction,
43193.7026986458,DnMAcquisition,UI Framework,Switch Tab,Click,Tab,Time,UIInteraction,
43193.7027474306,DnMAcquisition,UI Framework,Switch Tab,Click,Tab,Alarms,UIInteraction,
43193.7027894676,DnMAcquisition,UI Framework,Switch Tab,Click,Tab,Time,UIInteraction,
43193.7027902546,DnMAcquisition,UI Framework,Switch Tab,Click,Tab,Data Gauges,UIInteraction,
43193.7028493056,DnMAcquisition,UI Framework,Switch Tab,Click,Tab,Alarms,UIInteraction,
43193.7029110301,DnMAcquisition,UI Framework,Switch Tab,Click,Tab,Data Gauges,UIInteraction,
43193.7029260417,DnMAcquisition,Data Gauge / Alerts,Launch Alarm Manager,Click,ToolbarButton,Launch Alarms Manager...,UIInteraction,
43193.702926088,DnMAcquisition,UI Framework,Switch Tab,Click,Tab,Alarms,UIInteraction,
43193.7029429514,DnMAcquisition,Data Gauge / Alerts,View Alarms,Click,Tab,User,UIInteraction,
43193.7031631134,DnMAcquisition,Data Gauge / Alerts,Enable/Disable Alarm,Click,CheckBox,BLKP,UIInteraction,CheckState=True
43193.7031671875,DnMAcquisition,Data Gauge / Alerts,Enable/Disable Beep,Click,CheckBox,BLKP,UIInteraction,CheckState=True
43193.7031703009,DnMAcquisition,Data Gauge / Alerts,Enable/Disable Display Gauge,Click,CheckBox,BLKP,UIInteraction,CheckState=True
43193.7031881366,DnMAcquisition,UI Framework,Switch Tab,Click,Tab,Data Gauges,UIInteraction,
43193.7033052315,DnMAcquisition,UI Framework,Switch Tab,Click,Tab,Time,UIInteraction,
43193.7033695139,DnMAcquisition,UI Framework,Switch Tab,Click,Tab,Data Gauges,UIInteraction,
43193.7035155556,DnMAcquisition,UI Framework,Switch Tab,Click,Tab,Time,UIInteraction,
43193.703581875,DnMAcquisition,UI Framework,Switch Tab,Click,Tab,Data Gauges,UIInteraction,
43193.7037264236,DnMAcquisition,UI Framework,Switch Tab,Click,Tab,Time,UIInteraction,
43193.7037739583,DnMAcquisition,Data Gauge / Alerts,Set Data Gauge Columns,Click,ComboBox,Set Number of Columns,UIInteraction,
43193.7037935995,DnMAcquisition,UI Framework,Switch Tab,Click,Tab,Data Gauges,UIInteraction,
43193.7039360532,DnMAcquisition,UI Framework,Switch Tab,Click,Tab,Time,UIInteraction,
43193.7039896644,DnMAcquisition,Data Gauge / Alerts,Move Right Data Gauge,Click,ToolbarButton,Move Right,UIInteraction,Channel OSDD= BLKP
43193.7040081597,DnMAcquisition,UI Framework,Switch Tab,Click,Tab,Data Gauges,UIInteraction,
43193.7041633912,DnMAcquisition,UI Framework,Switch Tab,Click,Tab,Time,UIInteraction,
43193.7042313657,DnMAcquisition,UI Framework,Switch Tab,Click,Tab,Data Gauges,UIInteraction,
43193.7043271528,DnMAcquisition,Data Gauge / Alerts,Save Data Gauge Layout,Click,ToolbarButton,Save Data Gauge Layout As...,UIInteraction,
43193.7043378009,DnMAcquisition,Data Gauge / Alerts,Save Data Gauge Layout,Click,Button,OK,UIInteraction,FileName=C:\TestComplete\RT_DataGuage.XML
43193.7044432986,DnMAcquisition,UI Framework,Switch Tab,Click,Tab,Time,UIInteraction,
43193.7045141898,DnMAcquisition,UI Framework,Switch Tab,Click,Tab,Data Gauges,UIInteraction,
43193.7046437847,DnMAcquisition,UI Framework,Switch Tab,Click,Tab,Alarms,UIInteraction,
43193.7046541898,DnMAcquisition,Data Gauge / Alerts,View Alarms,Click,Tab,Application,UIInteraction,
43193.7047082986,DnMAcquisition,UI Framework,Switch Tab,Click,Tab,Data Gauges,UIInteraction,
43193.7047236574,DnMAcquisition,UI Framework,Switch Tab,Click,Tab,Alarms,UIInteraction,
43193.7047236111,DnMAcquisition,Data Gauge / Alerts,Launch Alarm Manager,Click,ToolbarButton,Launch Alarms Manager...,UIInteraction,
43193.70473875,DnMAcquisition,Data Gauge / Alerts,View Alarms,Click,Tab,User,UIInteraction,
43193.7048274653,DnMAcquisition,UI Framework,Switch Tab,Click,Tab,Data Gauges,UIInteraction,
43193.7049191435,DnMAcquisition,UI Framework,Switch Tab,Click,Tab,Time,UIInteraction,
43193.7049716435,DnMAcquisition,Data Gauge / Alerts,Highlight Data Gauge,Click,ToolbarButton,Highlight,UIInteraction,Channel OSDD= BLKP
43193.7049906481,DnMAcquisition,UI Framework,Switch Tab,Click,Tab,Data Gauges,UIInteraction,
43193.7051326042,DnMAcquisition,UI Framework,Switch Tab,Click,Tab,Time,UIInteraction,
43193.7051840394,DnMAcquisition,Data Gauge / Alerts,Highlight Data Gauge,Click,ToolbarButton,Stop Highlight,UIInteraction,Channel OSDD= BLKP
43193.7052013773,DnMAcquisition,UI Framework,Switch Tab,Click,Tab,Data Gauges,UIInteraction,
43193.7053396065,DnMAcquisition,UI Framework,Switch Tab,Click,Tab,Time,UIInteraction,
43193.705386794,DnMAcquisition,Data Gauge / Alerts,Change Data Gauge Unit,Click,ComboBox,Metric,UIInteraction,
43193.7054060648,DnMAcquisition,UI Framework,Switch Tab,Click,Tab,Data Gauges,UIInteraction,
43193.705462037,DnMAcquisition,UI Framework,Switch Tab,Click,Tab,Tasks,UIInteraction,
43193.7055485069,DnMAcquisition,Data Tasks,Parameters,DoubleClick,TreeView,Parameters,UIInteraction,TaskName=Parameters
43193.7057561111,DnMAcquisition,Properties & Parameters,Change Parameter Value,Update,GridCell,1.2,UIInteraction,OSDD=FLEV;EnsemblePath=Borehole
43193.705787662,,Console/Job Manager,Start Rig Floor Console,Click,Button,Start...,UIInteraction,JobGuid=BCA8392B-6122-4C86-8265-E6EC85122CD1
43193.7058150694,RigFloor,UI Framework,Start Console,,,Rig Floor Console - Job 10MSA0091,UIAutomatic,
43193.7058358449,,Console/Job Manager,Start Witness Console Console,Click,Button,Start...,UIInteraction,JobGuid=BCA8392B-6122-4C86-8265-E6EC85122CD1
43193.705847338,Witness,UI Framework,Start Console,,,Witness Console - Job 10MSA0091,UIAutomatic,
43193.7059479398,WitnessDisplay,UI Framework,Start Console,,,Witness Display Console - Drilling View - Job 10MSA0091,UIAutomatic,
43193.7066098148,,Console/Job Manager,Stop Rig Floor Console,Click,Button,Stop,UIInteraction,JobGuid=BCA8392B-6122-4C86-8265-E6EC85122CD1
43193.7071567361,DnMAcquisition,Data Tasks,Depth Tracking Manager,DoubleClick,TreeView,Depth Tracking Manager,UIInteraction,TaskName=Depth Tracking Manager
43193.7071573032,DnMAcquisition,Time/Depth Edit/Shift,Time Depth Editor/Select size in "Time Depth Curve Viewer",Click,ComboBox,100%,UIInteraction,OldSize=100
43193.70715875,DnMAcquisition,Time/Depth Edit/Shift,Time Depth Editor/Select Shift Type,Click,ComboBox,Select Shift Type,UIInteraction,
43193.7072460069,DnMAcquisition,Time/Depth Edit/Shift,Time Depth Editor/Change Start Point,Change Start Point,AxLgLogViewer,40454.109505543,UIInteraction,
43193.7072471991,DnMAcquisition,Time/Depth Edit/Shift,Time Depth Editor/Change Stop Point,Change Stop Point,AxLgLogViewer,40454.143212343,UIInteraction,
43193.70726375,DnMAcquisition,Time/Depth Edit/Shift,Time Depth Editor/Select Shift Type,Click,ComboBox,Start Shift,UIInteraction,
43193.7072970139,DnMAcquisition,Time/Depth Edit/Shift,Time Depth Editor/Confirm Shift,Click,Button,Shift,UIInteraction,
43193.7072978704,DnMAcquisition,Time/Depth Edit/Shift,DepthShift/Shift,Click,Button,ApplyShift,UIInteraction,AddTimeDepthModification() Shift Value=0.00101868381574948
43193.7072978935,DnMAcquisition,Time/Depth Edit/Shift,DepthShift/Shift,Click,Button,ApplyShift,UIInteraction,AddTimeDepthModification() Shift Value=0.196380276895447
43193.7072979051,DnMAcquisition,Time/Depth Edit/Shift,DepthShift/Shift,Click,Button,ApplyShift,UIInteraction,AddTimeDepthModification() Shift Value=0.016864876268005
43193.7072979167,DnMAcquisition,Time/Depth Edit/Shift,DepthShift/Shift,Click,Button,ApplyShift,UIInteraction,AddTimeDepthModification() Shift Value=0.179515400627442
43193.7072979398,DnMAcquisition,Time/Depth Edit/Shift,DepthShift/Shift,Click,Button,ApplyShift,UIInteraction,AddTimeDepthModification() Shift Value=0.0178815225109142
43193.7072979514,DnMAcquisition,Time/Depth Edit/Shift,DepthShift/Shift,Click,Button,ApplyShift,UIInteraction,AddTimeDepthModification() Shift Value=0.161633878116528
43193.707297963,DnMAcquisition,Time/Depth Edit/Shift,DepthShift/Shift,Click,Button,ApplyShift,UIInteraction,AddTimeDepthModification() Shift Value=0.0181076703268337
43193.7072979977,DnMAcquisition,Time/Depth Edit/Shift,DepthShift/Shift,Click,Button,ApplyShift,UIInteraction,AddTimeDepthModification() Shift Value=0.0173176242985072
43193.7072979745,DnMAcquisition,Time/Depth Edit/Shift,DepthShift/Shift,Click,Button,ApplyShift,UIInteraction,AddTimeDepthModification() Shift Value=0.143526207789695
43193.7072980208,DnMAcquisition,Time/Depth Edit/Shift,DepthShift/Shift,Click,Button,ApplyShift,UIInteraction,AddTimeDepthModification() Shift Value=0.126208583491187
43193.7072980324,DnMAcquisition,Time/Depth Edit/Shift,DepthShift/Shift,Click,Button,ApplyShift,UIInteraction,AddTimeDepthModification() Shift Value=0.0169773839305163
43193.7072980556,DnMAcquisition,Time/Depth Edit/Shift,DepthShift/Shift,Click,Button,ApplyShift,UIInteraction,AddTimeDepthModification() Shift Value=0.0165268994587233
43193.707298044,DnMAcquisition,Time/Depth Edit/Shift,DepthShift/Shift,Click,Button,ApplyShift,UIInteraction,AddTimeDepthModification() Shift Value=0.109231199560671
43193.7072980671,DnMAcquisition,Time/Depth Edit/Shift,DepthShift/Shift,Click,Button,ApplyShift,UIInteraction,AddTimeDepthModification() Shift Value=0.0927043001019477
43193.7072980787,DnMAcquisition,Time/Depth Edit/Shift,DepthShift/Shift,Click,Button,ApplyShift,UIInteraction,AddTimeDepthModification() Shift Value=0.0185653988695768
43193.7072980903,DnMAcquisition,Time/Depth Edit/Shift,DepthShift/Shift,Click,Button,ApplyShift,UIInteraction,AddTimeDepthModification() Shift Value=0.0741389012323708
43193.7072981019,DnMAcquisition,Time/Depth Edit/Shift,DepthShift/Shift,Click,Button,ApplyShift,UIInteraction,AddTimeDepthModification() Shift Value=0.0169794213610481
43193.7072981134,DnMAcquisition,Time/Depth Edit/Shift,DepthShift/Shift,Click,Button,ApplyShift,UIInteraction,AddTimeDepthModification() Shift Value=0.0571594798713227
43193.707298125,DnMAcquisition,Time/Depth Edit/Shift,DepthShift/Shift,Click,Button,ApplyShift,UIInteraction,AddTimeDepthModification() Shift Value=0.0176551484245089
43193.7072981366,DnMAcquisition,Time/Depth Edit/Shift,DepthShift/Shift,Click,Button,ApplyShift,UIInteraction,AddTimeDepthModification() Shift Value=0.0395043314468138
43193.7072981481,DnMAcquisition,Time/Depth Edit/Shift,DepthShift/Shift,Click,Button,ApplyShift,UIInteraction,AddTimeDepthModification() Shift Value=0.0187890568563013
43193.7072981829,DnMAcquisition,Time/Depth Edit/Shift,DepthShift/Shift,Click,Button,ApplyShift,UIInteraction,AddTimeDepthModification() Shift Value=0.0207152745905125
43193.7072981944,DnMAcquisition,Time/Depth Edit/Shift,DepthShift/Shift,Click,Button,ApplyShift,UIInteraction,AddTimeDepthModification() Shift Value=0.0207152745905125
43193.707298206,DnMAcquisition,Time/Depth Edit/Shift,DepthShift/Shift,Click,Button,ApplyShift,UIInteraction,AddTimeDepthModification() Shift Value=0.0395043314468138
43193.7072982176,DnMAcquisition,Time/Depth Edit/Shift,DepthShift/Shift,Click,Button,ApplyShift,UIInteraction,AddTimeDepthModification() Shift Value=0.0571594798713227
43193.7072982292,DnMAcquisition,Time/Depth Edit/Shift,DepthShift/Shift,Click,Button,ApplyShift,UIInteraction,AddTimeDepthModification() Shift Value=0.0741389012323708
43193.7072982407,DnMAcquisition,Time/Depth Edit/Shift,DepthShift/Shift,Click,Button,ApplyShift,UIInteraction,AddTimeDepthModification() Shift Value=0.0927043001019477
43193.7072982523,DnMAcquisition,Time/Depth Edit/Shift,DepthShift/Shift,Click,Button,ApplyShift,UIInteraction,AddTimeDepthModification() Shift Value=0.109231199560671
43193.7072982639,DnMAcquisition,Time/Depth Edit/Shift,DepthShift/Shift,Click,Button,ApplyShift,UIInteraction,AddTimeDepthModification() Shift Value=0.126208583491187
43193.7072982755,DnMAcquisition,Time/Depth Edit/Shift,DepthShift/Shift,Click,Button,ApplyShift,UIInteraction,AddTimeDepthModification() Shift Value=0.143526207789695
43193.707298287,DnMAcquisition,Time/Depth Edit/Shift,DepthShift/Shift,Click,Button,ApplyShift,UIInteraction,AddTimeDepthModification() Shift Value=0.161633878116528
43193.7072982986,DnMAcquisition,Time/Depth Edit/Shift,DepthShift/Shift,Click,Button,ApplyShift,UIInteraction,AddTimeDepthModification() Shift Value=0.179515400627442
43193.7072983102,DnMAcquisition,Time/Depth Edit/Shift,DepthShift/Shift,Click,Button,ApplyShift,UIInteraction,AddTimeDepthModification() Shift Value=0.196380276895447
43193.7072981597,DnMAcquisition,Time/Depth Edit/Shift,DepthShift/Shift,Click,Button,ApplyShift,UIInteraction,AddTimeDepthModification() Shift Value=0.0207152745905125
43193.707320706,Setup,Computation / Recomputation,ProcessRecomputeState,,,,UIAutomatic,JobGuid=BCA8392B-6122-4C86-8265-E6EC85122CD1;State=UIS_RECOMPUTATION_STATE_PENDING;Scope=JobScope;RecompPercentageComplete=;MultipleRunsAffected=False;ActiveRunAffected=True;ActiveRunInProgress=False;RunCount=1;Run0Change0=TimeDepthEdit;Run0Guid=F2DBCB59-A8B2-470E-89B8-D3A4F0E2C55B
43193.7073207176,DeliverablesSetup,Computation / Recomputation,ProcessRecomputeState,,,,UIAutomatic,JobGuid=BCA8392B-6122-4C86-8265-E6EC85122CD1;State=UIS_RECOMPUTATION_STATE_PENDING;Scope=JobScope;RecompPercentageComplete=;MultipleRunsAffected=False;ActiveRunAffected=True;ActiveRunInProgress=False;RunCount=1;Run0Change0=TimeDepthEdit;Run0Guid=F2DBCB59-A8B2-470E-89B8-D3A4F0E2C55B
43193.7073210648,DnMAcquisition,Time/Depth Edit/Shift,Time Depth Editor/Select Shift Type,Click,ComboBox,Select Shift Type,UIInteraction,
43193.7073217824,DnMAcquisition,Computation / Recomputation,ProcessRecomputeState,,,,UIAutomatic,JobGuid=BCA8392B-6122-4C86-8265-E6EC85122CD1;State=UIS_RECOMPUTATION_STATE_PENDING;Scope=JobScope;RecompPercentageComplete=;MultipleRunsAffected=False;ActiveRunAffected=True;ActiveRunInProgress=False;RunCount=1;Run0Change0=TimeDepthEdit;Run0Guid=F2DBCB59-A8B2-470E-89B8-D3A4F0E2C55B
43193.7074542593,DnMAcquisition,Computation / Recomputation,Recompute All Pending Runs,Click,ToolbarButton,Recompute All Pending Runs,UIInteraction,
43193.7074542824,DnMAcquisition,Computation / Recomputation,Start Recomputation During Acquisition,Click,ToolbarButton,Recompute All Pending Runs,UIInteraction,FeatureName=Framework.RTOOP
43193.7074545833,Setup,Computation / Recomputation,ProcessRecomputeState,,,,UIAutomatic,JobGuid=BCA8392B-6122-4C86-8265-E6EC85122CD1;State=UIS_RECOMPUTATION_STATE_STARTING;Scope=JobScope;RecompPercentageComplete=;MultipleRunsAffected=False;ActiveRunAffected=True;ActiveRunInProgress=True;RunCount=1;Run0Change0=TimeDepthEdit;Run0Guid=F2DBCB59-A8B2-470E-89B8-D3A4F0E2C55B
43193.7074545833,DeliverablesSetup,Computation / Recomputation,ProcessRecomputeState,,,,UIAutomatic,JobGuid=BCA8392B-6122-4C86-8265-E6EC85122CD1;State=UIS_RECOMPUTATION_STATE_STARTING;Scope=JobScope;RecompPercentageComplete=;MultipleRunsAffected=False;ActiveRunAffected=True;ActiveRunInProgress=True;RunCount=1;Run0Change0=TimeDepthEdit;Run0Guid=F2DBCB59-A8B2-470E-89B8-D3A4F0E2C55B
43193.7074551157,DnMAcquisition,Computation / Recomputation,ProcessRecomputeState,,,,UIAutomatic,JobGuid=BCA8392B-6122-4C86-8265-E6EC85122CD1;State=UIS_RECOMPUTATION_STATE_STARTING;Scope=JobScope;RecompPercentageComplete=;MultipleRunsAffected=False;ActiveRunAffected=True;ActiveRunInProgress=True;RunCount=1;Run0Change0=TimeDepthEdit;Run0Guid=F2DBCB59-A8B2-470E-89B8-D3A4F0E2C55B
43193.707616713,DeliverablesSetup,Computation / Recomputation,ProcessRecomputeState,,,,UIAutomatic,JobGuid=BCA8392B-6122-4C86-8265-E6EC85122CD1;State=UIS_RECOMPUTATION_STATE_IN_PROGRESS;Scope=JobScope;RecompPercentageComplete=;MultipleRunsAffected=False;ActiveRunAffected=True;ActiveRunInProgress=True;RunCount=1;Run0Change0=TimeDepthEdit;Run0Guid=F2DBCB59-A8B2-470E-89B8-D3A4F0E2C55B
43193.707616713,Setup,Computation / Recomputation,ProcessRecomputeState,,,,UIAutomatic,JobGuid=BCA8392B-6122-4C86-8265-E6EC85122CD1;State=UIS_RECOMPUTATION_STATE_IN_PROGRESS;Scope=JobScope;RecompPercentageComplete=;MultipleRunsAffected=False;ActiveRunAffected=True;ActiveRunInProgress=True;RunCount=1;Run0Change0=TimeDepthEdit;Run0Guid=F2DBCB59-A8B2-470E-89B8-D3A4F0E2C55B
43193.707616713,DnMAcquisition,Computation / Recomputation,ProcessRecomputeState,,,,UIAutomatic,JobGuid=BCA8392B-6122-4C86-8265-E6EC85122CD1;State=UIS_RECOMPUTATION_STATE_IN_PROGRESS;Scope=JobScope;RecompPercentageComplete=;MultipleRunsAffected=False;ActiveRunAffected=True;ActiveRunInProgress=True;RunCount=1;Run0Change0=TimeDepthEdit;Run0Guid=F2DBCB59-A8B2-470E-89B8-D3A4F0E2C55B
43193.7082219097,Setup,Computation / Recomputation,ProcessRecomputeState,,,,UIAutomatic,JobGuid=BCA8392B-6122-4C86-8265-E6EC85122CD1;State=UIS_RECOMPUTATION_STATE_SUCCEEDED;Scope=JobScope;RecompPercentageComplete=;MultipleRunsAffected=False;ActiveRunAffected=True;ActiveRunInProgress=True;RunCount=1;Run0Change0=TimeDepthEdit;Run0Guid=F2DBCB59-A8B2-470E-89B8-D3A4F0E2C55B
43193.7082219329,DeliverablesSetup,Computation / Recomputation,ProcessRecomputeState,,,,UIAutomatic,JobGuid=BCA8392B-6122-4C86-8265-E6EC85122CD1;State=UIS_RECOMPUTATION_STATE_SUCCEEDED;Scope=JobScope;RecompPercentageComplete=;MultipleRunsAffected=False;ActiveRunAffected=True;ActiveRunInProgress=True;RunCount=1;Run0Change0=TimeDepthEdit;Run0Guid=F2DBCB59-A8B2-470E-89B8-D3A4F0E2C55B
43193.7082219213,DnMAcquisition,Computation / Recomputation,ProcessRecomputeState,,,,UIAutomatic,JobGuid=BCA8392B-6122-4C86-8265-E6EC85122CD1;State=UIS_RECOMPUTATION_STATE_SUCCEEDED;Scope=JobScope;RecompPercentageComplete=;MultipleRunsAffected=False;ActiveRunAffected=True;ActiveRunInProgress=True;RunCount=1;Run0Change0=TimeDepthEdit;Run0Guid=F2DBCB59-A8B2-470E-89B8-D3A4F0E2C55B
43193.7082502199,DnMAcquisition,Data Acquiring - D&M,Depth Tracking Manager/Close Depth Tracking Manager,Click,Button,Close,UIInteraction,
43193.7084132292,DnMAcquisition,Manage Tasks,Survey Manager,DoubleClick,TreeView,Survey Manager,UIInteraction,TaskName=Survey Manager
43193.7085545023,DnMAcquisition,Data Acquiring - D&M,Survey Manager/Accept survey,Click,Button,Accept,UIInteraction,
43193.7085636921,Setup,Computation / Recomputation,ProcessRecomputeState,,,,UIAutomatic,JobGuid=BCA8392B-6122-4C86-8265-E6EC85122CD1;State=UIS_RECOMPUTATION_STATE_STARTING;Scope=JobScope;RecompPercentageComplete=;MultipleRunsAffected=False;ActiveRunAffected=True;ActiveRunInProgress=True;RunCount=1;Run0Change0=LastSurvey;Run0Guid=F2DBCB59-A8B2-470E-89B8-D3A4F0E2C55B
43193.7085650694,DnMAcquisition,Computation / Recomputation,ProcessRecomputeState,,,,UIAutomatic,JobGuid=BCA8392B-6122-4C86-8265-E6EC85122CD1;State=UIS_RECOMPUTATION_STATE_STARTING;Scope=JobScope;RecompPercentageComplete=;MultipleRunsAffected=False;ActiveRunAffected=True;ActiveRunInProgress=True;RunCount=1;Run0Change0=LastSurvey;Run0Guid=F2DBCB59-A8B2-470E-89B8-D3A4F0E2C55B
43193.7085667245,DeliverablesSetup,Computation / Recomputation,ProcessRecomputeState,,,,UIAutomatic,JobGuid=BCA8392B-6122-4C86-8265-E6EC85122CD1;State=UIS_RECOMPUTATION_STATE_IN_PROGRESS;Scope=JobScope;RecompPercentageComplete=;MultipleRunsAffected=False;ActiveRunAffected=True;ActiveRunInProgress=True;RunCount=1;Run0Change0=LastSurvey;Run0Guid=F2DBCB59-A8B2-470E-89B8-D3A4F0E2C55B
43193.7085636921,DeliverablesSetup,Computation / Recomputation,ProcessRecomputeState,,,,UIAutomatic,JobGuid=BCA8392B-6122-4C86-8265-E6EC85122CD1;State=UIS_RECOMPUTATION_STATE_STARTING;Scope=JobScope;RecompPercentageComplete=;MultipleRunsAffected=False;ActiveRunAffected=True;ActiveRunInProgress=True;RunCount=1;Run0Change0=LastSurvey;Run0Guid=F2DBCB59-A8B2-470E-89B8-D3A4F0E2C55B
43193.7085667245,DnMAcquisition,Computation / Recomputation,ProcessRecomputeState,,,,UIAutomatic,JobGuid=BCA8392B-6122-4C86-8265-E6EC85122CD1;State=UIS_RECOMPUTATION_STATE_IN_PROGRESS;Scope=JobScope;RecompPercentageComplete=;MultipleRunsAffected=False;ActiveRunAffected=True;ActiveRunInProgress=True;RunCount=1;Run0Change0=LastSurvey;Run0Guid=F2DBCB59-A8B2-470E-89B8-D3A4F0E2C55B
43193.7085667245,Setup,Computation / Recomputation,ProcessRecomputeState,,,,UIAutomatic,JobGuid=BCA8392B-6122-4C86-8265-E6EC85122CD1;State=UIS_RECOMPUTATION_STATE_IN_PROGRESS;Scope=JobScope;RecompPercentageComplete=;MultipleRunsAffected=False;ActiveRunAffected=True;ActiveRunInProgress=True;RunCount=1;Run0Change0=LastSurvey;Run0Guid=F2DBCB59-A8B2-470E-89B8-D3A4F0E2C55B
43193.7086780093,DnMAcquisition,Data Acquiring - D&M,Survey Manager/Accept survey,Click,Button,Accept,UIInteraction,
43193.7087949074,DnMAcquisition,Data Acquiring - D&M,Survey Manager/Accept survey,Click,Button,Accept,UIInteraction,
43193.7089044792,DnMAcquisition,Data Acquiring - D&M,Survey Manager/Accept survey,Click,Button,Accept,UIInteraction,
43193.7090229977,DnMAcquisition,Data Acquiring - D&M,Survey Manager/Accept survey,Click,Button,Accept,UIInteraction,
43193.7090355671,DeliverablesSetup,Computation / Recomputation,ProcessRecomputeState,,,,UIAutomatic,JobGuid=BCA8392B-6122-4C86-8265-E6EC85122CD1;State=UIS_RECOMPUTATION_STATE_SUCCEEDED;Scope=JobScope;RecompPercentageComplete=;MultipleRunsAffected=False;ActiveRunAffected=True;ActiveRunInProgress=True;RunCount=1;Run0Change0=LastSurvey;Run0Guid=F2DBCB59-A8B2-470E-89B8-D3A4F0E2C55B
43193.7090355903,Setup,Computation / Recomputation,ProcessRecomputeState,,,,UIAutomatic,JobGuid=BCA8392B-6122-4C86-8265-E6EC85122CD1;State=UIS_RECOMPUTATION_STATE_SUCCEEDED;Scope=JobScope;RecompPercentageComplete=;MultipleRunsAffected=False;ActiveRunAffected=True;ActiveRunInProgress=True;RunCount=1;Run0Change0=LastSurvey;Run0Guid=F2DBCB59-A8B2-470E-89B8-D3A4F0E2C55B
43193.7090357523,DeliverablesSetup,Computation / Recomputation,ProcessRecomputeState,,,,UIAutomatic,JobGuid=BCA8392B-6122-4C86-8265-E6EC85122CD1;State=UIS_RECOMPUTATION_STATE_STARTING;Scope=JobScope;RecompPercentageComplete=;MultipleRunsAffected=False;ActiveRunAffected=True;ActiveRunInProgress=True;RunCount=1;Run0Change0=LastSurvey;Run0Guid=F2DBCB59-A8B2-470E-89B8-D3A4F0E2C55B
43193.7090357523,Setup,Computation / Recomputation,ProcessRecomputeState,,,,UIAutomatic,JobGuid=BCA8392B-6122-4C86-8265-E6EC85122CD1;State=UIS_RECOMPUTATION_STATE_STARTING;Scope=JobScope;RecompPercentageComplete=;MultipleRunsAffected=False;ActiveRunAffected=True;ActiveRunInProgress=True;RunCount=1;Run0Change0=LastSurvey;Run0Guid=F2DBCB59-A8B2-470E-89B8-D3A4F0E2C55B
43193.7090359375,DnMAcquisition,Computation / Recomputation,ProcessRecomputeState,,,,UIAutomatic,JobGuid=BCA8392B-6122-4C86-8265-E6EC85122CD1;State=UIS_RECOMPUTATION_STATE_SUCCEEDED;Scope=JobScope;RecompPercentageComplete=;MultipleRunsAffected=False;ActiveRunAffected=True;ActiveRunInProgress=True;RunCount=1;Run0Change0=LastSurvey;Run0Guid=F2DBCB59-A8B2-470E-89B8-D3A4F0E2C55B
43193.7090359954,DnMAcquisition,Computation / Recomputation,ProcessRecomputeState,,,,UIAutomatic,JobGuid=BCA8392B-6122-4C86-8265-E6EC85122CD1;State=UIS_RECOMPUTATION_STATE_STARTING;Scope=JobScope;RecompPercentageComplete=;MultipleRunsAffected=False;ActiveRunAffected=True;ActiveRunInProgress=True;RunCount=1;Run0Change0=LastSurvey;Run0Guid=F2DBCB59-A8B2-470E-89B8-D3A4F0E2C55B
43193.709036794,Setup,Computation / Recomputation,ProcessRecomputeState,,,,UIAutomatic,JobGuid=BCA8392B-6122-4C86-8265-E6EC85122CD1;State=UIS_RECOMPUTATION_STATE_IN_PROGRESS;Scope=JobScope;RecompPercentageComplete=;MultipleRunsAffected=False;ActiveRunAffected=True;ActiveRunInProgress=True;RunCount=1;Run0Change0=LastSurvey;Run0Guid=F2DBCB59-A8B2-470E-89B8-D3A4F0E2C55B
43193.709036794,DeliverablesSetup,Computation / Recomputation,ProcessRecomputeState,,,,UIAutomatic,JobGuid=BCA8392B-6122-4C86-8265-E6EC85122CD1;State=UIS_RECOMPUTATION_STATE_IN_PROGRESS;Scope=JobScope;RecompPercentageComplete=;MultipleRunsAffected=False;ActiveRunAffected=True;ActiveRunInProgress=True;RunCount=1;Run0Change0=LastSurvey;Run0Guid=F2DBCB59-A8B2-470E-89B8-D3A4F0E2C55B
43193.7090375,DnMAcquisition,Computation / Recomputation,ProcessRecomputeState,,,,UIAutomatic,JobGuid=BCA8392B-6122-4C86-8265-E6EC85122CD1;State=UIS_RECOMPUTATION_STATE_IN_PROGRESS;Scope=JobScope;RecompPercentageComplete=;MultipleRunsAffected=False;ActiveRunAffected=True;ActiveRunInProgress=True;RunCount=1;Run0Change0=LastSurvey;Run0Guid=F2DBCB59-A8B2-470E-89B8-D3A4F0E2C55B
43193.709129294,DnMAcquisition,Data Acquiring - D&M,Survey Manager/Accept survey,Click,Button,Accept,UIInteraction,
43193.709241875,DnMAcquisition,Data Acquiring - D&M,Survey Manager/Accept survey,Click,Button,Accept,UIInteraction,
43193.7093518056,DnMAcquisition,Data Acquiring - D&M,Survey Manager/Accept survey,Click,Button,Accept,UIInteraction,
43193.7094648727,DnMAcquisition,Data Acquiring - D&M,Survey Manager/Accept survey,Click,Button,Accept,UIInteraction,
43193.7095511921,Setup,Computation / Recomputation,ProcessRecomputeState,,,,UIAutomatic,JobGuid=BCA8392B-6122-4C86-8265-E6EC85122CD1;State=UIS_RECOMPUTATION_STATE_SUCCEEDED;Scope=JobScope;RecompPercentageComplete=;MultipleRunsAffected=False;ActiveRunAffected=True;ActiveRunInProgress=True;RunCount=1;Run0Change0=LastSurvey;Run0Guid=F2DBCB59-A8B2-470E-89B8-D3A4F0E2C55B
43193.7095511921,DnMAcquisition,Computation / Recomputation,ProcessRecomputeState,,,,UIAutomatic,JobGuid=BCA8392B-6122-4C86-8265-E6EC85122CD1;State=UIS_RECOMPUTATION_STATE_SUCCEEDED;Scope=JobScope;RecompPercentageComplete=;MultipleRunsAffected=False;ActiveRunAffected=True;ActiveRunInProgress=True;RunCount=1;Run0Change0=LastSurvey;Run0Guid=F2DBCB59-A8B2-470E-89B8-D3A4F0E2C55B
43193.7095512037,DeliverablesSetup,Computation / Recomputation,ProcessRecomputeState,,,,UIAutomatic,JobGuid=BCA8392B-6122-4C86-8265-E6EC85122CD1;State=UIS_RECOMPUTATION_STATE_SUCCEEDED;Scope=JobScope;RecompPercentageComplete=;MultipleRunsAffected=False;ActiveRunAffected=True;ActiveRunInProgress=True;RunCount=1;Run0Change0=LastSurvey;Run0Guid=F2DBCB59-A8B2-470E-89B8-D3A4F0E2C55B
43193.7095513426,DeliverablesSetup,Computation / Recomputation,ProcessRecomputeState,,,,UIAutomatic,JobGuid=BCA8392B-6122-4C86-8265-E6EC85122CD1;State=UIS_RECOMPUTATION_STATE_STARTING;Scope=JobScope;RecompPercentageComplete=;MultipleRunsAffected=False;ActiveRunAffected=True;ActiveRunInProgress=True;RunCount=1;Run0Change0=LastSurvey;Run0Guid=F2DBCB59-A8B2-470E-89B8-D3A4F0E2C55B
43193.7095513542,Setup,Computation / Recomputation,ProcessRecomputeState,,,,UIAutomatic,JobGuid=BCA8392B-6122-4C86-8265-E6EC85122CD1;State=UIS_RECOMPUTATION_STATE_STARTING;Scope=JobScope;RecompPercentageComplete=;MultipleRunsAffected=False;ActiveRunAffected=True;ActiveRunInProgress=True;RunCount=1;Run0Change0=LastSurvey;Run0Guid=F2DBCB59-A8B2-470E-89B8-D3A4F0E2C55B
43193.7095524884,Setup,Computation / Recomputation,ProcessRecomputeState,,,,UIAutomatic,JobGuid=BCA8392B-6122-4C86-8265-E6EC85122CD1;State=UIS_RECOMPUTATION_STATE_IN_PROGRESS;Scope=JobScope;RecompPercentageComplete=;MultipleRunsAffected=False;ActiveRunAffected=True;ActiveRunInProgress=True;RunCount=1;Run0Change0=LastSurvey;Run0Guid=F2DBCB59-A8B2-470E-89B8-D3A4F0E2C55B
43193.7095525,DeliverablesSetup,Computation / Recomputation,ProcessRecomputeState,,,,UIAutomatic,JobGuid=BCA8392B-6122-4C86-8265-E6EC85122CD1;State=UIS_RECOMPUTATION_STATE_IN_PROGRESS;Scope=JobScope;RecompPercentageComplete=;MultipleRunsAffected=False;ActiveRunAffected=True;ActiveRunInProgress=True;RunCount=1;Run0Change0=LastSurvey;Run0Guid=F2DBCB59-A8B2-470E-89B8-D3A4F0E2C55B
43193.7095539236,DnMAcquisition,Computation / Recomputation,ProcessRecomputeState,,,,UIAutomatic,JobGuid=BCA8392B-6122-4C86-8265-E6EC85122CD1;State=UIS_RECOMPUTATION_STATE_STARTING;Scope=JobScope;RecompPercentageComplete=;MultipleRunsAffected=False;ActiveRunAffected=True;ActiveRunInProgress=True;RunCount=1;Run0Change0=LastSurvey;Run0Guid=F2DBCB59-A8B2-470E-89B8-D3A4F0E2C55B
43193.7095539352,DnMAcquisition,Computation / Recomputation,ProcessRecomputeState,,,,UIAutomatic,JobGuid=BCA8392B-6122-4C86-8265-E6EC85122CD1;State=UIS_RECOMPUTATION_STATE_IN_PROGRESS;Scope=JobScope;RecompPercentageComplete=;MultipleRunsAffected=False;ActiveRunAffected=True;ActiveRunInProgress=True;RunCount=1;Run0Change0=LastSurvey;Run0Guid=F2DBCB59-A8B2-470E-89B8-D3A4F0E2C55B
43193.7095806366,DnMAcquisition,Data Acquiring - D&M,Survey Manager/Accept survey,Click,Button,Accept,UIInteraction,
43193.7096822338,DnMAcquisition,Data Acquiring - D&M,Survey Manager/Accept survey,Click,Button,Accept,UIInteraction,
43193.7097802199,DnMAcquisition,Data Acquiring - D&M,Survey Manager/Reject survey,Click,Button,Reject,UIInteraction,
43193.7100745139,DeliverablesSetup,Computation / Recomputation,ProcessRecomputeState,,,,UIAutomatic,JobGuid=BCA8392B-6122-4C86-8265-E6EC85122CD1;State=UIS_RECOMPUTATION_STATE_SUCCEEDED;Scope=JobScope;RecompPercentageComplete=;MultipleRunsAffected=False;ActiveRunAffected=True;ActiveRunInProgress=True;RunCount=1;Run0Change0=LastSurvey;Run0Guid=F2DBCB59-A8B2-470E-89B8-D3A4F0E2C55B
43193.7100745139,Setup,Computation / Recomputation,ProcessRecomputeState,,,,UIAutomatic,JobGuid=BCA8392B-6122-4C86-8265-E6EC85122CD1;State=UIS_RECOMPUTATION_STATE_SUCCEEDED;Scope=JobScope;RecompPercentageComplete=;MultipleRunsAffected=False;ActiveRunAffected=True;ActiveRunInProgress=True;RunCount=1;Run0Change0=LastSurvey;Run0Guid=F2DBCB59-A8B2-470E-89B8-D3A4F0E2C55B
43193.7100746412,DnMAcquisition,Computation / Recomputation,ProcessRecomputeState,,,,UIAutomatic,JobGuid=BCA8392B-6122-4C86-8265-E6EC85122CD1;State=UIS_RECOMPUTATION_STATE_SUCCEEDED;Scope=JobScope;RecompPercentageComplete=;MultipleRunsAffected=False;ActiveRunAffected=True;ActiveRunInProgress=True;RunCount=1;Run0Change0=LastSurvey;Run0Guid=F2DBCB59-A8B2-470E-89B8-D3A4F0E2C55B
43193.7100746991,Setup,Computation / Recomputation,ProcessRecomputeState,,,,UIAutomatic,JobGuid=BCA8392B-6122-4C86-8265-E6EC85122CD1;State=UIS_RECOMPUTATION_STATE_STARTING;Scope=JobScope;RecompPercentageComplete=;MultipleRunsAffected=False;ActiveRunAffected=True;ActiveRunInProgress=True;RunCount=1;Run0Change0=LastSurvey;Run0Guid=F2DBCB59-A8B2-470E-89B8-D3A4F0E2C55B
43193.7100746991,DeliverablesSetup,Computation / Recomputation,ProcessRecomputeState,,,,UIAutomatic,JobGuid=BCA8392B-6122-4C86-8265-E6EC85122CD1;State=UIS_RECOMPUTATION_STATE_STARTING;Scope=JobScope;RecompPercentageComplete=;MultipleRunsAffected=False;ActiveRunAffected=True;ActiveRunInProgress=True;RunCount=1;Run0Change0=LastSurvey;Run0Guid=F2DBCB59-A8B2-470E-89B8-D3A4F0E2C55B
43193.7100767824,DnMAcquisition,Computation / Recomputation,ProcessRecomputeState,,,,UIAutomatic,JobGuid=BCA8392B-6122-4C86-8265-E6EC85122CD1;State=UIS_RECOMPUTATION_STATE_STARTING;Scope=JobScope;RecompPercentageComplete=;MultipleRunsAffected=False;ActiveRunAffected=True;ActiveRunInProgress=True;RunCount=1;Run0Change0=LastSurvey;Run0Guid=F2DBCB59-A8B2-470E-89B8-D3A4F0E2C55B
43193.7100783218,DeliverablesSetup,Computation / Recomputation,ProcessRecomputeState,,,,UIAutomatic,JobGuid=BCA8392B-6122-4C86-8265-E6EC85122CD1;State=UIS_RECOMPUTATION_STATE_IN_PROGRESS;Scope=JobScope;RecompPercentageComplete=;MultipleRunsAffected=False;ActiveRunAffected=True;ActiveRunInProgress=True;RunCount=1;Run0Change0=LastSurvey;Run0Guid=F2DBCB59-A8B2-470E-89B8-D3A4F0E2C55B
43193.7100783218,DnMAcquisition,Computation / Recomputation,ProcessRecomputeState,,,,UIAutomatic,JobGuid=BCA8392B-6122-4C86-8265-E6EC85122CD1;State=UIS_RECOMPUTATION_STATE_IN_PROGRESS;Scope=JobScope;RecompPercentageComplete=;MultipleRunsAffected=False;ActiveRunAffected=True;ActiveRunInProgress=True;RunCount=1;Run0Change0=LastSurvey;Run0Guid=F2DBCB59-A8B2-470E-89B8-D3A4F0E2C55B
43193.7100783218,Setup,Computation / Recomputation,ProcessRecomputeState,,,,UIAutomatic,JobGuid=BCA8392B-6122-4C86-8265-E6EC85122CD1;State=UIS_RECOMPUTATION_STATE_IN_PROGRESS;Scope=JobScope;RecompPercentageComplete=;MultipleRunsAffected=False;ActiveRunAffected=True;ActiveRunInProgress=True;RunCount=1;Run0Change0=LastSurvey;Run0Guid=F2DBCB59-A8B2-470E-89B8-D3A4F0E2C55B
43193.7101562037,DnMAcquisition,Data Acquiring - D&M,Survey Manager/Accept survey,Click,Button,Accept,UIInteraction,
43193.7106850579,Setup,Computation / Recomputation,ProcessRecomputeState,,,,UIAutomatic,JobGuid=BCA8392B-6122-4C86-8265-E6EC85122CD1;State=UIS_RECOMPUTATION_STATE_SUCCEEDED;Scope=JobScope;RecompPercentageComplete=;MultipleRunsAffected=False;ActiveRunAffected=True;ActiveRunInProgress=True;RunCount=1;Run0Change0=LastSurvey;Run0Guid=F2DBCB59-A8B2-470E-89B8-D3A4F0E2C55B
43193.7106850579,DeliverablesSetup,Computation / Recomputation,ProcessRecomputeState,,,,UIAutomatic,JobGuid=BCA8392B-6122-4C86-8265-E6EC85122CD1;State=UIS_RECOMPUTATION_STATE_SUCCEEDED;Scope=JobScope;RecompPercentageComplete=;MultipleRunsAffected=False;ActiveRunAffected=True;ActiveRunInProgress=True;RunCount=1;Run0Change0=LastSurvey;Run0Guid=F2DBCB59-A8B2-470E-89B8-D3A4F0E2C55B
43193.7106850579,DnMAcquisition,Computation / Recomputation,ProcessRecomputeState,,,,UIAutomatic,JobGuid=BCA8392B-6122-4C86-8265-E6EC85122CD1;State=UIS_RECOMPUTATION_STATE_SUCCEEDED;Scope=JobScope;RecompPercentageComplete=;MultipleRunsAffected=False;ActiveRunAffected=True;ActiveRunInProgress=True;RunCount=1;Run0Change0=LastSurvey;Run0Guid=F2DBCB59-A8B2-470E-89B8-D3A4F0E2C55B
43193.7106852662,DeliverablesSetup,Computation / Recomputation,ProcessRecomputeState,,,,UIAutomatic,JobGuid=BCA8392B-6122-4C86-8265-E6EC85122CD1;State=UIS_RECOMPUTATION_STATE_STARTING;Scope=JobScope;RecompPercentageComplete=;MultipleRunsAffected=False;ActiveRunAffected=True;ActiveRunInProgress=True;RunCount=1;Run0Change0=LastSurvey;Run0Guid=F2DBCB59-A8B2-470E-89B8-D3A4F0E2C55B
43193.7106852662,Setup,Computation / Recomputation,ProcessRecomputeState,,,,UIAutomatic,JobGuid=BCA8392B-6122-4C86-8265-E6EC85122CD1;State=UIS_RECOMPUTATION_STATE_STARTING;Scope=JobScope;RecompPercentageComplete=;MultipleRunsAffected=False;ActiveRunAffected=True;ActiveRunInProgress=True;RunCount=1;Run0Change0=LastSurvey;Run0Guid=F2DBCB59-A8B2-470E-89B8-D3A4F0E2C55B
43193.7106863773,Setup,Computation / Recomputation,ProcessRecomputeState,,,,UIAutomatic,JobGuid=BCA8392B-6122-4C86-8265-E6EC85122CD1;State=UIS_RECOMPUTATION_STATE_IN_PROGRESS;Scope=JobScope;RecompPercentageComplete=;MultipleRunsAffected=False;ActiveRunAffected=True;ActiveRunInProgress=True;RunCount=1;Run0Change0=LastSurvey;Run0Guid=F2DBCB59-A8B2-470E-89B8-D3A4F0E2C55B
43193.7106863773,DeliverablesSetup,Computation / Recomputation,ProcessRecomputeState,,,,UIAutomatic,JobGuid=BCA8392B-6122-4C86-8265-E6EC85122CD1;State=UIS_RECOMPUTATION_STATE_IN_PROGRESS;Scope=JobScope;RecompPercentageComplete=;MultipleRunsAffected=False;ActiveRunAffected=True;ActiveRunInProgress=True;RunCount=1;Run0Change0=LastSurvey;Run0Guid=F2DBCB59-A8B2-470E-89B8-D3A4F0E2C55B
43193.7106873032,DnMAcquisition,Computation / Recomputation,ProcessRecomputeState,,,,UIAutomatic,JobGuid=BCA8392B-6122-4C86-8265-E6EC85122CD1;State=UIS_RECOMPUTATION_STATE_STARTING;Scope=JobScope;RecompPercentageComplete=;MultipleRunsAffected=False;ActiveRunAffected=True;ActiveRunInProgress=True;RunCount=1;Run0Change0=LastSurvey;Run0Guid=F2DBCB59-A8B2-470E-89B8-D3A4F0E2C55B
43193.7106873264,DnMAcquisition,Computation / Recomputation,ProcessRecomputeState,,,,UIAutomatic,JobGuid=BCA8392B-6122-4C86-8265-E6EC85122CD1;State=UIS_RECOMPUTATION_STATE_IN_PROGRESS;Scope=JobScope;RecompPercentageComplete=;MultipleRunsAffected=False;ActiveRunAffected=True;ActiveRunInProgress=True;RunCount=1;Run0Change0=LastSurvey;Run0Guid=F2DBCB59-A8B2-470E-89B8-D3A4F0E2C55B
43193.7108749653,Setup,Computation / Recomputation,ProcessRecomputeState,,,,UIAutomatic,JobGuid=BCA8392B-6122-4C86-8265-E6EC85122CD1;State=UIS_RECOMPUTATION_STATE_SUCCEEDED;Scope=JobScope;RecompPercentageComplete=;MultipleRunsAffected=False;ActiveRunAffected=True;ActiveRunInProgress=True;RunCount=1;Run0Change0=LastSurvey;Run0Guid=F2DBCB59-A8B2-470E-89B8-D3A4F0E2C55B
43193.7108749769,DeliverablesSetup,Computation / Recomputation,ProcessRecomputeState,,,,UIAutomatic,JobGuid=BCA8392B-6122-4C86-8265-E6EC85122CD1;State=UIS_RECOMPUTATION_STATE_SUCCEEDED;Scope=JobScope;RecompPercentageComplete=;MultipleRunsAffected=False;ActiveRunAffected=True;ActiveRunInProgress=True;RunCount=1;Run0Change0=LastSurvey;Run0Guid=F2DBCB59-A8B2-470E-89B8-D3A4F0E2C55B
43193.7108755093,DnMAcquisition,Computation / Recomputation,ProcessRecomputeState,,,,UIAutomatic,JobGuid=BCA8392B-6122-4C86-8265-E6EC85122CD1;State=UIS_RECOMPUTATION_STATE_SUCCEEDED;Scope=JobScope;RecompPercentageComplete=;MultipleRunsAffected=False;ActiveRunAffected=True;ActiveRunInProgress=True;RunCount=1;Run0Change0=LastSurvey;Run0Guid=F2DBCB59-A8B2-470E-89B8-D3A4F0E2C55B
43193.7110528588,DnMAcquisition,Data Acquiring - D&M,Survey Manager/Accept survey,Click,Button,Accept,UIInteraction,
43193.7110620486,Setup,Computation / Recomputation,ProcessRecomputeState,,,,UIAutomatic,JobGuid=BCA8392B-6122-4C86-8265-E6EC85122CD1;State=UIS_RECOMPUTATION_STATE_STARTING;Scope=JobScope;RecompPercentageComplete=;MultipleRunsAffected=False;ActiveRunAffected=True;ActiveRunInProgress=True;RunCount=1;Run0Change0=LastSurvey;Run0Guid=F2DBCB59-A8B2-470E-89B8-D3A4F0E2C55B
43193.7110620602,DeliverablesSetup,Computation / Recomputation,ProcessRecomputeState,,,,UIAutomatic,JobGuid=BCA8392B-6122-4C86-8265-E6EC85122CD1;State=UIS_RECOMPUTATION_STATE_STARTING;Scope=JobScope;RecompPercentageComplete=;MultipleRunsAffected=False;ActiveRunAffected=True;ActiveRunInProgress=True;RunCount=1;Run0Change0=LastSurvey;Run0Guid=F2DBCB59-A8B2-470E-89B8-D3A4F0E2C55B
43193.7110648727,Setup,Computation / Recomputation,ProcessRecomputeState,,,,UIAutomatic,JobGuid=BCA8392B-6122-4C86-8265-E6EC85122CD1;State=UIS_RECOMPUTATION_STATE_IN_PROGRESS;Scope=JobScope;RecompPercentageComplete=;MultipleRunsAffected=False;ActiveRunAffected=True;ActiveRunInProgress=True;RunCount=1;Run0Change0=LastSurvey;Run0Guid=F2DBCB59-A8B2-470E-89B8-D3A4F0E2C55B
43193.7110648727,DeliverablesSetup,Computation / Recomputation,ProcessRecomputeState,,,,UIAutomatic,JobGuid=BCA8392B-6122-4C86-8265-E6EC85122CD1;State=UIS_RECOMPUTATION_STATE_IN_PROGRESS;Scope=JobScope;RecompPercentageComplete=;MultipleRunsAffected=False;ActiveRunAffected=True;ActiveRunInProgress=True;RunCount=1;Run0Change0=LastSurvey;Run0Guid=F2DBCB59-A8B2-470E-89B8-D3A4F0E2C55B
43193.7110657407,DnMAcquisition,Computation / Recomputation,ProcessRecomputeState,,,,UIAutomatic,JobGuid=BCA8392B-6122-4C86-8265-E6EC85122CD1;State=UIS_RECOMPUTATION_STATE_STARTING;Scope=JobScope;RecompPercentageComplete=;MultipleRunsAffected=False;ActiveRunAffected=True;ActiveRunInProgress=True;RunCount=1;Run0Change0=LastSurvey;Run0Guid=F2DBCB59-A8B2-470E-89B8-D3A4F0E2C55B
43193.7110657523,DnMAcquisition,Computation / Recomputation,ProcessRecomputeState,,,,UIAutomatic,JobGuid=BCA8392B-6122-4C86-8265-E6EC85122CD1;State=UIS_RECOMPUTATION_STATE_IN_PROGRESS;Scope=JobScope;RecompPercentageComplete=;MultipleRunsAffected=False;ActiveRunAffected=True;ActiveRunInProgress=True;RunCount=1;Run0Change0=LastSurvey;Run0Guid=F2DBCB59-A8B2-470E-89B8-D3A4F0E2C55B
43193.7112134491,DeliverablesSetup,Computation / Recomputation,ProcessRecomputeState,,,,UIAutomatic,JobGuid=BCA8392B-6122-4C86-8265-E6EC85122CD1;State=UIS_RECOMPUTATION_STATE_SUCCEEDED;Scope=JobScope;RecompPercentageComplete=;MultipleRunsAffected=False;ActiveRunAffected=True;ActiveRunInProgress=True;RunCount=1;Run0Change0=LastSurvey;Run0Guid=F2DBCB59-A8B2-470E-89B8-D3A4F0E2C55B
43193.7112135764,Setup,Computation / Recomputation,ProcessRecomputeState,,,,UIAutomatic,JobGuid=BCA8392B-6122-4C86-8265-E6EC85122CD1;State=UIS_RECOMPUTATION_STATE_SUCCEEDED;Scope=JobScope;RecompPercentageComplete=;MultipleRunsAffected=False;ActiveRunAffected=True;ActiveRunInProgress=True;RunCount=1;Run0Change0=LastSurvey;Run0Guid=F2DBCB59-A8B2-470E-89B8-D3A4F0E2C55B
43193.7112139005,DnMAcquisition,Computation / Recomputation,ProcessRecomputeState,,,,UIAutomatic,JobGuid=BCA8392B-6122-4C86-8265-E6EC85122CD1;State=UIS_RECOMPUTATION_STATE_SUCCEEDED;Scope=JobScope;RecompPercentageComplete=;MultipleRunsAffected=False;ActiveRunAffected=True;ActiveRunInProgress=True;RunCount=1;Run0Change0=LastSurvey;Run0Guid=F2DBCB59-A8B2-470E-89B8-D3A4F0E2C55B
43193.7112606713,DnMAcquisition,Data Acquiring - D&M,Survey Manager/Reject survey,Click,Button,Reject,UIInteraction,
43193.7115527431,DnMAcquisition,Data Acquiring - D&M,Survey Manager/Accept survey,Click,Button,Accept,UIInteraction,
43193.7115612732,DeliverablesSetup,Computation / Recomputation,ProcessRecomputeState,,,,UIAutomatic,JobGuid=BCA8392B-6122-4C86-8265-E6EC85122CD1;State=UIS_RECOMPUTATION_STATE_STARTING;Scope=JobScope;RecompPercentageComplete=;MultipleRunsAffected=False;ActiveRunAffected=True;ActiveRunInProgress=True;RunCount=1;Run0Change0=LastSurvey;Run0Guid=F2DBCB59-A8B2-470E-89B8-D3A4F0E2C55B
43193.7115612732,Setup,Computation / Recomputation,ProcessRecomputeState,,,,UIAutomatic,JobGuid=BCA8392B-6122-4C86-8265-E6EC85122CD1;State=UIS_RECOMPUTATION_STATE_STARTING;Scope=JobScope;RecompPercentageComplete=;MultipleRunsAffected=False;ActiveRunAffected=True;ActiveRunInProgress=True;RunCount=1;Run0Change0=LastSurvey;Run0Guid=F2DBCB59-A8B2-470E-89B8-D3A4F0E2C55B
43193.7115622454,DnMAcquisition,Computation / Recomputation,ProcessRecomputeState,,,,UIAutomatic,JobGuid=BCA8392B-6122-4C86-8265-E6EC85122CD1;State=UIS_RECOMPUTATION_STATE_STARTING;Scope=JobScope;RecompPercentageComplete=;MultipleRunsAffected=False;ActiveRunAffected=True;ActiveRunInProgress=True;RunCount=1;Run0Change0=LastSurvey;Run0Guid=F2DBCB59-A8B2-470E-89B8-D3A4F0E2C55B
43193.7115641782,DnMAcquisition,Computation / Recomputation,ProcessRecomputeState,,,,UIAutomatic,JobGuid=BCA8392B-6122-4C86-8265-E6EC85122CD1;State=UIS_RECOMPUTATION_STATE_IN_PROGRESS;Scope=JobScope;RecompPercentageComplete=;MultipleRunsAffected=False;ActiveRunAffected=True;ActiveRunInProgress=True;RunCount=1;Run0Change0=LastSurvey;Run0Guid=F2DBCB59-A8B2-470E-89B8-D3A4F0E2C55B
43193.7115641782,Setup,Computation / Recomputation,ProcessRecomputeState,,,,UIAutomatic,JobGuid=BCA8392B-6122-4C86-8265-E6EC85122CD1;State=UIS_RECOMPUTATION_STATE_IN_PROGRESS;Scope=JobScope;RecompPercentageComplete=;MultipleRunsAffected=False;ActiveRunAffected=True;ActiveRunInProgress=True;RunCount=1;Run0Change0=LastSurvey;Run0Guid=F2DBCB59-A8B2-470E-89B8-D3A4F0E2C55B
43193.7115642361,DeliverablesSetup,Computation / Recomputation,ProcessRecomputeState,,,,UIAutomatic,JobGuid=BCA8392B-6122-4C86-8265-E6EC85122CD1;State=UIS_RECOMPUTATION_STATE_IN_PROGRESS;Scope=JobScope;RecompPercentageComplete=;MultipleRunsAffected=False;ActiveRunAffected=True;ActiveRunInProgress=True;RunCount=1;Run0Change0=LastSurvey;Run0Guid=F2DBCB59-A8B2-470E-89B8-D3A4F0E2C55B
43193.7116578588,DnMAcquisition,Data Acquiring - D&M,Survey Manager/Reject survey,Click,Button,Reject,UIInteraction,
43193.711697662,DeliverablesSetup,Computation / Recomputation,ProcessRecomputeState,,,,UIAutomatic,JobGuid=BCA8392B-6122-4C86-8265-E6EC85122CD1;State=UIS_RECOMPUTATION_STATE_SUCCEEDED;Scope=JobScope;RecompPercentageComplete=;MultipleRunsAffected=False;ActiveRunAffected=True;ActiveRunInProgress=True;RunCount=1;Run0Change0=LastSurvey;Run0Guid=F2DBCB59-A8B2-470E-89B8-D3A4F0E2C55B
43193.7116977894,Setup,Computation / Recomputation,ProcessRecomputeState,,,,UIAutomatic,JobGuid=BCA8392B-6122-4C86-8265-E6EC85122CD1;State=UIS_RECOMPUTATION_STATE_SUCCEEDED;Scope=JobScope;RecompPercentageComplete=;MultipleRunsAffected=False;ActiveRunAffected=True;ActiveRunInProgress=True;RunCount=1;Run0Change0=LastSurvey;Run0Guid=F2DBCB59-A8B2-470E-89B8-D3A4F0E2C55B
43193.7116980671,DnMAcquisition,Computation / Recomputation,ProcessRecomputeState,,,,UIAutomatic,JobGuid=BCA8392B-6122-4C86-8265-E6EC85122CD1;State=UIS_RECOMPUTATION_STATE_SUCCEEDED;Scope=JobScope;RecompPercentageComplete=;MultipleRunsAffected=False;ActiveRunAffected=True;ActiveRunInProgress=True;RunCount=1;Run0Change0=LastSurvey;Run0Guid=F2DBCB59-A8B2-470E-89B8-D3A4F0E2C55B
43193.7117332292,DnMAcquisition,Data Acquiring - D&M,Survey Manager/Accept survey,Click,Button,Accept,UIInteraction,
43193.7117414815,Setup,Computation / Recomputation,ProcessRecomputeState,,,,UIAutomatic,JobGuid=BCA8392B-6122-4C86-8265-E6EC85122CD1;State=UIS_RECOMPUTATION_STATE_PENDING;Scope=JobScope;RecompPercentageComplete=;MultipleRunsAffected=False;ActiveRunAffected=True;ActiveRunInProgress=True;RunCount=1;Run0Change0=Trajectory;Run0Guid=F2DBCB59-A8B2-470E-89B8-D3A4F0E2C55B
43193.7117414815,DeliverablesSetup,Computation / Recomputation,ProcessRecomputeState,,,,UIAutomatic,JobGuid=BCA8392B-6122-4C86-8265-E6EC85122CD1;State=UIS_RECOMPUTATION_STATE_PENDING;Scope=JobScope;RecompPercentageComplete=;MultipleRunsAffected=False;ActiveRunAffected=True;ActiveRunInProgress=True;RunCount=1;Run0Change0=Trajectory;Run0Guid=F2DBCB59-A8B2-470E-89B8-D3A4F0E2C55B
43193.7117452662,DnMAcquisition,Computation / Recomputation,ProcessRecomputeState,,,,UIAutomatic,JobGuid=BCA8392B-6122-4C86-8265-E6EC85122CD1;State=UIS_RECOMPUTATION_STATE_PENDING;Scope=JobScope;RecompPercentageComplete=;MultipleRunsAffected=False;ActiveRunAffected=True;ActiveRunInProgress=True;RunCount=1;Run0Change0=Trajectory;Run0Guid=F2DBCB59-A8B2-470E-89B8-D3A4F0E2C55B
43193.7127046181,DnMAcquisition,Data Acquiring - D&M,Survey Manager/Accept survey,Click,Button,Accept,UIInteraction,
43193.712705787,Setup,Computation / Recomputation,ProcessRecomputeState,,,,UIAutomatic,JobGuid=BCA8392B-6122-4C86-8265-E6EC85122CD1;State=UIS_RECOMPUTATION_STATE_PENDING;Scope=JobScope;RecompPercentageComplete=;MultipleRunsAffected=False;ActiveRunAffected=True;ActiveRunInProgress=True;RunCount=1;Run0Change0=Trajectory;Run0Guid=F2DBCB59-A8B2-470E-89B8-D3A4F0E2C55B
43193.712705787,DeliverablesSetup,Computation / Recomputation,ProcessRecomputeState,,,,UIAutomatic,JobGuid=BCA8392B-6122-4C86-8265-E6EC85122CD1;State=UIS_RECOMPUTATION_STATE_PENDING;Scope=JobScope;RecompPercentageComplete=;MultipleRunsAffected=False;ActiveRunAffected=True;ActiveRunInProgress=True;RunCount=1;Run0Change0=Trajectory;Run0Guid=F2DBCB59-A8B2-470E-89B8-D3A4F0E2C55B
43193.7127087847,DnMAcquisition,Computation / Recomputation,ProcessRecomputeState,,,,UIAutomatic,JobGuid=BCA8392B-6122-4C86-8265-E6EC85122CD1;State=UIS_RECOMPUTATION_STATE_PENDING;Scope=JobScope;RecompPercentageComplete=;MultipleRunsAffected=False;ActiveRunAffected=True;ActiveRunInProgress=True;RunCount=1;Run0Change0=Trajectory;Run0Guid=F2DBCB59-A8B2-470E-89B8-D3A4F0E2C55B
43193.7140437153,DnMAcquisition,Data Acquiring - D&M,Survey Manager/Accept survey,Click,Button,Accept,UIInteraction,
43193.7140448495,Setup,Computation / Recomputation,ProcessRecomputeState,,,,UIAutomatic,JobGuid=BCA8392B-6122-4C86-8265-E6EC85122CD1;State=UIS_RECOMPUTATION_STATE_PENDING;Scope=JobScope;RecompPercentageComplete=;MultipleRunsAffected=False;ActiveRunAffected=True;ActiveRunInProgress=True;RunCount=1;Run0Change0=Trajectory;Run0Guid=F2DBCB59-A8B2-470E-89B8-D3A4F0E2C55B
43193.7140448495,DeliverablesSetup,Computation / Recomputation,ProcessRecomputeState,,,,UIAutomatic,JobGuid=BCA8392B-6122-4C86-8265-E6EC85122CD1;State=UIS_RECOMPUTATION_STATE_PENDING;Scope=JobScope;RecompPercentageComplete=;MultipleRunsAffected=False;ActiveRunAffected=True;ActiveRunInProgress=True;RunCount=1;Run0Change0=Trajectory;Run0Guid=F2DBCB59-A8B2-470E-89B8-D3A4F0E2C55B
43193.7140476389,DnMAcquisition,Computation / Recomputation,ProcessRecomputeState,,,,UIAutomatic,JobGuid=BCA8392B-6122-4C86-8265-E6EC85122CD1;State=UIS_RECOMPUTATION_STATE_PENDING;Scope=JobScope;RecompPercentageComplete=;MultipleRunsAffected=False;ActiveRunAffected=True;ActiveRunInProgress=True;RunCount=1;Run0Change0=Trajectory;Run0Guid=F2DBCB59-A8B2-470E-89B8-D3A4F0E2C55B
43193.7149964352,DnMAcquisition,Data Acquiring - D&M,Survey Manager/Accept survey,Click,Button,Accept,UIInteraction,
43193.7149978356,Setup,Computation / Recomputation,ProcessRecomputeState,,,,UIAutomatic,JobGuid=BCA8392B-6122-4C86-8265-E6EC85122CD1;State=UIS_RECOMPUTATION_STATE_PENDING;Scope=JobScope;RecompPercentageComplete=;MultipleRunsAffected=False;ActiveRunAffected=True;ActiveRunInProgress=True;RunCount=1;Run0Change0=Trajectory;Run0Guid=F2DBCB59-A8B2-470E-89B8-D3A4F0E2C55B
43193.7149978356,DeliverablesSetup,Computation / Recomputation,ProcessRecomputeState,,,,UIAutomatic,JobGuid=BCA8392B-6122-4C86-8265-E6EC85122CD1;State=UIS_RECOMPUTATION_STATE_PENDING;Scope=JobScope;RecompPercentageComplete=;MultipleRunsAffected=False;ActiveRunAffected=True;ActiveRunInProgress=True;RunCount=1;Run0Change0=Trajectory;Run0Guid=F2DBCB59-A8B2-470E-89B8-D3A4F0E2C55B
43193.7150004745,DnMAcquisition,Computation / Recomputation,ProcessRecomputeState,,,,UIAutomatic,JobGuid=BCA8392B-6122-4C86-8265-E6EC85122CD1;State=UIS_RECOMPUTATION_STATE_PENDING;Scope=JobScope;RecompPercentageComplete=;MultipleRunsAffected=False;ActiveRunAffected=True;ActiveRunInProgress=True;RunCount=1;Run0Change0=Trajectory;Run0Guid=F2DBCB59-A8B2-470E-89B8-D3A4F0E2C55B
43193.7161017708,DnMAcquisition,Data Acquiring - D&M,Survey Manager/Accept survey,Click,Button,Accept,UIInteraction,
43193.7161029282,Setup,Computation / Recomputation,ProcessRecomputeState,,,,UIAutomatic,JobGuid=BCA8392B-6122-4C86-8265-E6EC85122CD1;State=UIS_RECOMPUTATION_STATE_PENDING;Scope=JobScope;RecompPercentageComplete=;MultipleRunsAffected=False;ActiveRunAffected=True;ActiveRunInProgress=True;RunCount=1;Run0Change0=Trajectory;Run0Guid=F2DBCB59-A8B2-470E-89B8-D3A4F0E2C55B
43193.7161029398,DeliverablesSetup,Computation / Recomputation,ProcessRecomputeState,,,,UIAutomatic,JobGuid=BCA8392B-6122-4C86-8265-E6EC85122CD1;State=UIS_RECOMPUTATION_STATE_PENDING;Scope=JobScope;RecompPercentageComplete=;MultipleRunsAffected=False;ActiveRunAffected=True;ActiveRunInProgress=True;RunCount=1;Run0Change0=Trajectory;Run0Guid=F2DBCB59-A8B2-470E-89B8-D3A4F0E2C55B
43193.7161057755,DnMAcquisition,Computation / Recomputation,ProcessRecomputeState,,,,UIAutomatic,JobGuid=BCA8392B-6122-4C86-8265-E6EC85122CD1;State=UIS_RECOMPUTATION_STATE_PENDING;Scope=JobScope;RecompPercentageComplete=;MultipleRunsAffected=False;ActiveRunAffected=True;ActiveRunInProgress=True;RunCount=1;Run0Change0=Trajectory;Run0Guid=F2DBCB59-A8B2-470E-89B8-D3A4F0E2C55B
43193.7167058333,DnMAcquisition,Data Acquiring - D&M,Survey Manager/Accept survey,Click,Button,Accept,UIInteraction,
43193.7167069676,Setup,Computation / Recomputation,ProcessRecomputeState,,,,UIAutomatic,JobGuid=BCA8392B-6122-4C86-8265-E6EC85122CD1;State=UIS_RECOMPUTATION_STATE_PENDING;Scope=JobScope;RecompPercentageComplete=;MultipleRunsAffected=False;ActiveRunAffected=True;ActiveRunInProgress=True;RunCount=1;Run0Change0=Trajectory;Run0Guid=F2DBCB59-A8B2-470E-89B8-D3A4F0E2C55B
43193.7167070718,DeliverablesSetup,Computation / Recomputation,ProcessRecomputeState,,,,UIAutomatic,JobGuid=BCA8392B-6122-4C86-8265-E6EC85122CD1;State=UIS_RECOMPUTATION_STATE_PENDING;Scope=JobScope;RecompPercentageComplete=;MultipleRunsAffected=False;ActiveRunAffected=True;ActiveRunInProgress=True;RunCount=1;Run0Change0=Trajectory;Run0Guid=F2DBCB59-A8B2-470E-89B8-D3A4F0E2C55B
43193.7167098727,DnMAcquisition,Computation / Recomputation,ProcessRecomputeState,,,,UIAutomatic,JobGuid=BCA8392B-6122-4C86-8265-E6EC85122CD1;State=UIS_RECOMPUTATION_STATE_PENDING;Scope=JobScope;RecompPercentageComplete=;MultipleRunsAffected=False;ActiveRunAffected=True;ActiveRunInProgress=True;RunCount=1;Run0Change0=Trajectory;Run0Guid=F2DBCB59-A8B2-470E-89B8-D3A4F0E2C55B
43193.7176714352,DnMAcquisition,Data Acquiring - D&M,Survey Manager/Accept survey,Click,Button,Accept,UIInteraction,
43193.7176726157,Setup,Computation / Recomputation,ProcessRecomputeState,,,,UIAutomatic,JobGuid=BCA8392B-6122-4C86-8265-E6EC85122CD1;State=UIS_RECOMPUTATION_STATE_PENDING;Scope=JobScope;RecompPercentageComplete=;MultipleRunsAffected=False;ActiveRunAffected=True;ActiveRunInProgress=True;RunCount=1;Run0Change0=Trajectory;Run0Guid=F2DBCB59-A8B2-470E-89B8-D3A4F0E2C55B
43193.7176726157,DeliverablesSetup,Computation / Recomputation,ProcessRecomputeState,,,,UIAutomatic,JobGuid=BCA8392B-6122-4C86-8265-E6EC85122CD1;State=UIS_RECOMPUTATION_STATE_PENDING;Scope=JobScope;RecompPercentageComplete=;MultipleRunsAffected=False;ActiveRunAffected=True;ActiveRunInProgress=True;RunCount=1;Run0Change0=Trajectory;Run0Guid=F2DBCB59-A8B2-470E-89B8-D3A4F0E2C55B
43193.7176754398,DnMAcquisition,Computation / Recomputation,ProcessRecomputeState,,,,UIAutomatic,JobGuid=BCA8392B-6122-4C86-8265-E6EC85122CD1;State=UIS_RECOMPUTATION_STATE_PENDING;Scope=JobScope;RecompPercentageComplete=;MultipleRunsAffected=False;ActiveRunAffected=True;ActiveRunInProgress=True;RunCount=1;Run0Change0=Trajectory;Run0Guid=F2DBCB59-A8B2-470E-89B8-D3A4F0E2C55B
43193.7182443171,DnMAcquisition,Data Acquiring - D&M,Survey Manager/Accept survey,Click,Button,Accept,UIInteraction,
43193.7182454282,Setup,Computation / Recomputation,ProcessRecomputeState,,,,UIAutomatic,JobGuid=BCA8392B-6122-4C86-8265-E6EC85122CD1;State=UIS_RECOMPUTATION_STATE_PENDING;Scope=JobScope;RecompPercentageComplete=;MultipleRunsAffected=False;ActiveRunAffected=True;ActiveRunInProgress=True;RunCount=1;Run0Change0=Trajectory;Run0Guid=F2DBCB59-A8B2-470E-89B8-D3A4F0E2C55B
43193.7182454282,DeliverablesSetup,Computation / Recomputation,ProcessRecomputeState,,,,UIAutomatic,JobGuid=BCA8392B-6122-4C86-8265-E6EC85122CD1;State=UIS_RECOMPUTATION_STATE_PENDING;Scope=JobScope;RecompPercentageComplete=;MultipleRunsAffected=False;ActiveRunAffected=True;ActiveRunInProgress=True;RunCount=1;Run0Change0=Trajectory;Run0Guid=F2DBCB59-A8B2-470E-89B8-D3A4F0E2C55B
43193.7182483565,DnMAcquisition,Computation / Recomputation,ProcessRecomputeState,,,,UIAutomatic,JobGuid=BCA8392B-6122-4C86-8265-E6EC85122CD1;State=UIS_RECOMPUTATION_STATE_PENDING;Scope=JobScope;RecompPercentageComplete=;MultipleRunsAffected=False;ActiveRunAffected=True;ActiveRunInProgress=True;RunCount=1;Run0Change0=Trajectory;Run0Guid=F2DBCB59-A8B2-470E-89B8-D3A4F0E2C55B
43193.7189328935,DnMAcquisition,Data Acquiring - D&M,Survey Manager/Accept survey,Click,Button,Accept,UIInteraction,
43193.7189342708,DeliverablesSetup,Computation / Recomputation,ProcessRecomputeState,,,,UIAutomatic,JobGuid=BCA8392B-6122-4C86-8265-E6EC85122CD1;State=UIS_RECOMPUTATION_STATE_PENDING;Scope=JobScope;RecompPercentageComplete=;MultipleRunsAffected=False;ActiveRunAffected=True;ActiveRunInProgress=True;RunCount=1;Run0Change0=Trajectory;Run0Guid=F2DBCB59-A8B2-470E-89B8-D3A4F0E2C55B
43193.7189342708,Setup,Computation / Recomputation,ProcessRecomputeState,,,,UIAutomatic,JobGuid=BCA8392B-6122-4C86-8265-E6EC85122CD1;State=UIS_RECOMPUTATION_STATE_PENDING;Scope=JobScope;RecompPercentageComplete=;MultipleRunsAffected=False;ActiveRunAffected=True;ActiveRunInProgress=True;RunCount=1;Run0Change0=Trajectory;Run0Guid=F2DBCB59-A8B2-470E-89B8-D3A4F0E2C55B
43193.7189373148,DnMAcquisition,Computation / Recomputation,ProcessRecomputeState,,,,UIAutomatic,JobGuid=BCA8392B-6122-4C86-8265-E6EC85122CD1;State=UIS_RECOMPUTATION_STATE_PENDING;Scope=JobScope;RecompPercentageComplete=;MultipleRunsAffected=False;ActiveRunAffected=True;ActiveRunInProgress=True;RunCount=1;Run0Change0=Trajectory;Run0Guid=F2DBCB59-A8B2-470E-89B8-D3A4F0E2C55B
43193.7196000347,DnMAcquisition,Data Acquiring - D&M,Survey Manager/Accept survey,Click,Button,Accept,UIInteraction,
43193.7196010764,DeliverablesSetup,Computation / Recomputation,ProcessRecomputeState,,,,UIAutomatic,JobGuid=BCA8392B-6122-4C86-8265-E6EC85122CD1;State=UIS_RECOMPUTATION_STATE_PENDING;Scope=JobScope;RecompPercentageComplete=;MultipleRunsAffected=False;ActiveRunAffected=True;ActiveRunInProgress=True;RunCount=1;Run0Change0=Trajectory;Run0Guid=F2DBCB59-A8B2-470E-89B8-D3A4F0E2C55B
43193.7196010764,Setup,Computation / Recomputation,ProcessRecomputeState,,,,UIAutomatic,JobGuid=BCA8392B-6122-4C86-8265-E6EC85122CD1;State=UIS_RECOMPUTATION_STATE_PENDING;Scope=JobScope;RecompPercentageComplete=;MultipleRunsAffected=False;ActiveRunAffected=True;ActiveRunInProgress=True;RunCount=1;Run0Change0=Trajectory;Run0Guid=F2DBCB59-A8B2-470E-89B8-D3A4F0E2C55B
43193.7196040046,DnMAcquisition,Computation / Recomputation,ProcessRecomputeState,,,,UIAutomatic,JobGuid=BCA8392B-6122-4C86-8265-E6EC85122CD1;State=UIS_RECOMPUTATION_STATE_PENDING;Scope=JobScope;RecompPercentageComplete=;MultipleRunsAffected=False;ActiveRunAffected=True;ActiveRunInProgress=True;RunCount=1;Run0Change0=Trajectory;Run0Guid=F2DBCB59-A8B2-470E-89B8-D3A4F0E2C55B
43193.7197307523,DnMAcquisition,Data Acquiring - D&M,Survey Manager/Reject survey,Click,Button,Reject,UIInteraction,
43193.7207937384,DnMAcquisition,Data Acquiring - D&M,Survey Manager/Accept survey,Click,Button,Accept,UIInteraction,
43193.7207950694,DeliverablesSetup,Computation / Recomputation,ProcessRecomputeState,,,,UIAutomatic,JobGuid=BCA8392B-6122-4C86-8265-E6EC85122CD1;State=UIS_RECOMPUTATION_STATE_PENDING;Scope=JobScope;RecompPercentageComplete=;MultipleRunsAffected=False;ActiveRunAffected=True;ActiveRunInProgress=True;RunCount=1;Run0Change0=Trajectory;Run0Guid=F2DBCB59-A8B2-470E-89B8-D3A4F0E2C55B
43193.7207950694,Setup,Computation / Recomputation,ProcessRecomputeState,,,,UIAutomatic,JobGuid=BCA8392B-6122-4C86-8265-E6EC85122CD1;State=UIS_RECOMPUTATION_STATE_PENDING;Scope=JobScope;RecompPercentageComplete=;MultipleRunsAffected=False;ActiveRunAffected=True;ActiveRunInProgress=True;RunCount=1;Run0Change0=Trajectory;Run0Guid=F2DBCB59-A8B2-470E-89B8-D3A4F0E2C55B
43193.7207979514,DnMAcquisition,Computation / Recomputation,ProcessRecomputeState,,,,UIAutomatic,JobGuid=BCA8392B-6122-4C86-8265-E6EC85122CD1;State=UIS_RECOMPUTATION_STATE_PENDING;Scope=JobScope;RecompPercentageComplete=;MultipleRunsAffected=False;ActiveRunAffected=True;ActiveRunInProgress=True;RunCount=1;Run0Change0=Trajectory;Run0Guid=F2DBCB59-A8B2-470E-89B8-D3A4F0E2C55B
43193.7219488079,DnMAcquisition,Data Acquiring - D&M,Survey Manager/Accept survey,Click,Button,Accept,UIInteraction,
43193.7219499653,Setup,Computation / Recomputation,ProcessRecomputeState,,,,UIAutomatic,JobGuid=BCA8392B-6122-4C86-8265-E6EC85122CD1;State=UIS_RECOMPUTATION_STATE_PENDING;Scope=JobScope;RecompPercentageComplete=;MultipleRunsAffected=False;ActiveRunAffected=True;ActiveRunInProgress=True;RunCount=1;Run0Change0=Trajectory;Run0Guid=F2DBCB59-A8B2-470E-89B8-D3A4F0E2C55B
43193.7219499653,DeliverablesSetup,Computation / Recomputation,ProcessRecomputeState,,,,UIAutomatic,JobGuid=BCA8392B-6122-4C86-8265-E6EC85122CD1;State=UIS_RECOMPUTATION_STATE_PENDING;Scope=JobScope;RecompPercentageComplete=;MultipleRunsAffected=False;ActiveRunAffected=True;ActiveRunInProgress=True;RunCount=1;Run0Change0=Trajectory;Run0Guid=F2DBCB59-A8B2-470E-89B8-D3A4F0E2C55B
43193.7219545139,DnMAcquisition,Computation / Recomputation,ProcessRecomputeState,,,,UIAutomatic,JobGuid=BCA8392B-6122-4C86-8265-E6EC85122CD1;State=UIS_RECOMPUTATION_STATE_PENDING;Scope=JobScope;RecompPercentageComplete=;MultipleRunsAffected=False;ActiveRunAffected=True;ActiveRunInProgress=True;RunCount=1;Run0Change0=Trajectory;Run0Guid=F2DBCB59-A8B2-470E-89B8-D3A4F0E2C55B
43193.7223085532,DnMAcquisition,Data Acquiring - D&M,Survey Manager/Accept survey,Click,Button,Accept,UIInteraction,
43193.7223097222,DeliverablesSetup,Computation / Recomputation,ProcessRecomputeState,,,,UIAutomatic,JobGuid=BCA8392B-6122-4C86-8265-E6EC85122CD1;State=UIS_RECOMPUTATION_STATE_PENDING;Scope=JobScope;RecompPercentageComplete=;MultipleRunsAffected=False;ActiveRunAffected=True;ActiveRunInProgress=True;RunCount=1;Run0Change0=Trajectory;Run0Guid=F2DBCB59-A8B2-470E-89B8-D3A4F0E2C55B
43193.7223097222,Setup,Computation / Recomputation,ProcessRecomputeState,,,,UIAutomatic,JobGuid=BCA8392B-6122-4C86-8265-E6EC85122CD1;State=UIS_RECOMPUTATION_STATE_PENDING;Scope=JobScope;RecompPercentageComplete=;MultipleRunsAffected=False;ActiveRunAffected=True;ActiveRunInProgress=True;RunCount=1;Run0Change0=Trajectory;Run0Guid=F2DBCB59-A8B2-470E-89B8-D3A4F0E2C55B
43193.7223124537,DnMAcquisition,Computation / Recomputation,ProcessRecomputeState,,,,UIAutomatic,JobGuid=BCA8392B-6122-4C86-8265-E6EC85122CD1;State=UIS_RECOMPUTATION_STATE_PENDING;Scope=JobScope;RecompPercentageComplete=;MultipleRunsAffected=False;ActiveRunAffected=True;ActiveRunInProgress=True;RunCount=1;Run0Change0=Trajectory;Run0Guid=F2DBCB59-A8B2-470E-89B8-D3A4F0E2C55B
43193.7228658565,DnMAcquisition,Data Acquiring - D&M,Survey Manager/Accept survey,Click,Button,Accept,UIInteraction,
43193.7228671181,DeliverablesSetup,Computation / Recomputation,ProcessRecomputeState,,,,UIAutomatic,JobGuid=BCA8392B-6122-4C86-8265-E6EC85122CD1;State=UIS_RECOMPUTATION_STATE_PENDING;Scope=JobScope;RecompPercentageComplete=;MultipleRunsAffected=False;ActiveRunAffected=True;ActiveRunInProgress=True;RunCount=1;Run0Change0=Trajectory;Run0Guid=F2DBCB59-A8B2-470E-89B8-D3A4F0E2C55B
43193.7228671296,Setup,Computation / Recomputation,ProcessRecomputeState,,,,UIAutomatic,JobGuid=BCA8392B-6122-4C86-8265-E6EC85122CD1;State=UIS_RECOMPUTATION_STATE_PENDING;Scope=JobScope;RecompPercentageComplete=;MultipleRunsAffected=False;ActiveRunAffected=True;ActiveRunInProgress=True;RunCount=1;Run0Change0=Trajectory;Run0Guid=F2DBCB59-A8B2-470E-89B8-D3A4F0E2C55B
43193.7228701273,DnMAcquisition,Computation / Recomputation,ProcessRecomputeState,,,,UIAutomatic,JobGuid=BCA8392B-6122-4C86-8265-E6EC85122CD1;State=UIS_RECOMPUTATION_STATE_PENDING;Scope=JobScope;RecompPercentageComplete=;MultipleRunsAffected=False;ActiveRunAffected=True;ActiveRunInProgress=True;RunCount=1;Run0Change0=Trajectory;Run0Guid=F2DBCB59-A8B2-470E-89B8-D3A4F0E2C55B
43193.7236721181,DnMAcquisition,Data Acquiring - D&M,Survey Manager/Accept survey,Click,Button,Accept,UIInteraction,
43193.7236732986,Setup,Computation / Recomputation,ProcessRecomputeState,,,,UIAutomatic,JobGuid=BCA8392B-6122-4C86-8265-E6EC85122CD1;State=UIS_RECOMPUTATION_STATE_PENDING;Scope=JobScope;RecompPercentageComplete=;MultipleRunsAffected=False;ActiveRunAffected=True;ActiveRunInProgress=True;RunCount=1;Run0Change0=Trajectory;Run0Guid=F2DBCB59-A8B2-470E-89B8-D3A4F0E2C55B
43193.7236734722,DeliverablesSetup,Computation / Recomputation,ProcessRecomputeState,,,,UIAutomatic,JobGuid=BCA8392B-6122-4C86-8265-E6EC85122CD1;State=UIS_RECOMPUTATION_STATE_PENDING;Scope=JobScope;RecompPercentageComplete=;MultipleRunsAffected=False;ActiveRunAffected=True;ActiveRunInProgress=True;RunCount=1;Run0Change0=Trajectory;Run0Guid=F2DBCB59-A8B2-470E-89B8-D3A4F0E2C55B
43193.7236760301,DnMAcquisition,Computation / Recomputation,ProcessRecomputeState,,,,UIAutomatic,JobGuid=BCA8392B-6122-4C86-8265-E6EC85122CD1;State=UIS_RECOMPUTATION_STATE_PENDING;Scope=JobScope;RecompPercentageComplete=;MultipleRunsAffected=False;ActiveRunAffected=True;ActiveRunInProgress=True;RunCount=1;Run0Change0=Trajectory;Run0Guid=F2DBCB59-A8B2-470E-89B8-D3A4F0E2C55B
43193.724426713,DnMAcquisition,Data Acquiring - D&M,Survey Manager/Accept survey,Click,Button,Accept,UIInteraction,
43193.724428125,DeliverablesSetup,Computation / Recomputation,ProcessRecomputeState,,,,UIAutomatic,JobGuid=BCA8392B-6122-4C86-8265-E6EC85122CD1;State=UIS_RECOMPUTATION_STATE_PENDING;Scope=JobScope;RecompPercentageComplete=;MultipleRunsAffected=False;ActiveRunAffected=True;ActiveRunInProgress=True;RunCount=1;Run0Change0=Trajectory;Run0Guid=F2DBCB59-A8B2-470E-89B8-D3A4F0E2C55B
43193.724428125,Setup,Computation / Recomputation,ProcessRecomputeState,,,,UIAutomatic,JobGuid=BCA8392B-6122-4C86-8265-E6EC85122CD1;State=UIS_RECOMPUTATION_STATE_PENDING;Scope=JobScope;RecompPercentageComplete=;MultipleRunsAffected=False;ActiveRunAffected=True;ActiveRunInProgress=True;RunCount=1;Run0Change0=Trajectory;Run0Guid=F2DBCB59-A8B2-470E-89B8-D3A4F0E2C55B
43193.7244310185,DnMAcquisition,Computation / Recomputation,ProcessRecomputeState,,,,UIAutomatic,JobGuid=BCA8392B-6122-4C86-8265-E6EC85122CD1;State=UIS_RECOMPUTATION_STATE_PENDING;Scope=JobScope;RecompPercentageComplete=;MultipleRunsAffected=False;ActiveRunAffected=True;ActiveRunInProgress=True;RunCount=1;Run0Change0=Trajectory;Run0Guid=F2DBCB59-A8B2-470E-89B8-D3A4F0E2C55B
43193.7254583449,DnMAcquisition,Data Acquiring - D&M,Survey Manager/Accept survey,Click,Button,Accept,UIInteraction,
43193.7254595949,Setup,Computation / Recomputation,ProcessRecomputeState,,,,UIAutomatic,JobGuid=BCA8392B-6122-4C86-8265-E6EC85122CD1;State=UIS_RECOMPUTATION_STATE_PENDING;Scope=JobScope;RecompPercentageComplete=;MultipleRunsAffected=False;ActiveRunAffected=True;ActiveRunInProgress=True;RunCount=1;Run0Change0=Trajectory;Run0Guid=F2DBCB59-A8B2-470E-89B8-D3A4F0E2C55B
43193.7254597107,DeliverablesSetup,Computation / Recomputation,ProcessRecomputeState,,,,UIAutomatic,JobGuid=BCA8392B-6122-4C86-8265-E6EC85122CD1;State=UIS_RECOMPUTATION_STATE_PENDING;Scope=JobScope;RecompPercentageComplete=;MultipleRunsAffected=False;ActiveRunAffected=True;ActiveRunInProgress=True;RunCount=1;Run0Change0=Trajectory;Run0Guid=F2DBCB59-A8B2-470E-89B8-D3A4F0E2C55B
43193.7254625579,DnMAcquisition,Computation / Recomputation,ProcessRecomputeState,,,,UIAutomatic,JobGuid=BCA8392B-6122-4C86-8265-E6EC85122CD1;State=UIS_RECOMPUTATION_STATE_PENDING;Scope=JobScope;RecompPercentageComplete=;MultipleRunsAffected=False;ActiveRunAffected=True;ActiveRunInProgress=True;RunCount=1;Run0Change0=Trajectory;Run0Guid=F2DBCB59-A8B2-470E-89B8-D3A4F0E2C55B
43193.7262131134,DnMAcquisition,Data Acquiring - D&M,Survey Manager/Accept survey,Click,Button,Accept,UIInteraction,
43193.7262142361,DeliverablesSetup,Computation / Recomputation,ProcessRecomputeState,,,,UIAutomatic,JobGuid=BCA8392B-6122-4C86-8265-E6EC85122CD1;State=UIS_RECOMPUTATION_STATE_PENDING;Scope=JobScope;RecompPercentageComplete=;MultipleRunsAffected=False;ActiveRunAffected=True;ActiveRunInProgress=True;RunCount=1;Run0Change0=Trajectory;Run0Guid=F2DBCB59-A8B2-470E-89B8-D3A4F0E2C55B
43193.7262142477,Setup,Computation / Recomputation,ProcessRecomputeState,,,,UIAutomatic,JobGuid=BCA8392B-6122-4C86-8265-E6EC85122CD1;State=UIS_RECOMPUTATION_STATE_PENDING;Scope=JobScope;RecompPercentageComplete=;MultipleRunsAffected=False;ActiveRunAffected=True;ActiveRunInProgress=True;RunCount=1;Run0Change0=Trajectory;Run0Guid=F2DBCB59-A8B2-470E-89B8-D3A4F0E2C55B
43193.7262171644,DnMAcquisition,Computation / Recomputation,ProcessRecomputeState,,,,UIAutomatic,JobGuid=BCA8392B-6122-4C86-8265-E6EC85122CD1;State=UIS_RECOMPUTATION_STATE_PENDING;Scope=JobScope;RecompPercentageComplete=;MultipleRunsAffected=False;ActiveRunAffected=True;ActiveRunInProgress=True;RunCount=1;Run0Change0=Trajectory;Run0Guid=F2DBCB59-A8B2-470E-89B8-D3A4F0E2C55B
43193.7268421065,DnMAcquisition,Data Acquiring - D&M,Survey Manager/Accept survey,Click,Button,Accept,UIInteraction,
43193.7268432407,Setup,Computation / Recomputation,ProcessRecomputeState,,,,UIAutomatic,JobGuid=BCA8392B-6122-4C86-8265-E6EC85122CD1;State=UIS_RECOMPUTATION_STATE_PENDING;Scope=JobScope;RecompPercentageComplete=;MultipleRunsAffected=False;ActiveRunAffected=True;ActiveRunInProgress=True;RunCount=1;Run0Change0=Trajectory;Run0Guid=F2DBCB59-A8B2-470E-89B8-D3A4F0E2C55B
43193.7268432407,DeliverablesSetup,Computation / Recomputation,ProcessRecomputeState,,,,UIAutomatic,JobGuid=BCA8392B-6122-4C86-8265-E6EC85122CD1;State=UIS_RECOMPUTATION_STATE_PENDING;Scope=JobScope;RecompPercentageComplete=;MultipleRunsAffected=False;ActiveRunAffected=True;ActiveRunInProgress=True;RunCount=1;Run0Change0=Trajectory;Run0Guid=F2DBCB59-A8B2-470E-89B8-D3A4F0E2C55B
43193.7268461111,DnMAcquisition,Computation / Recomputation,ProcessRecomputeState,,,,UIAutomatic,JobGuid=BCA8392B-6122-4C86-8265-E6EC85122CD1;State=UIS_RECOMPUTATION_STATE_PENDING;Scope=JobScope;RecompPercentageComplete=;MultipleRunsAffected=False;ActiveRunAffected=True;ActiveRunInProgress=True;RunCount=1;Run0Change0=Trajectory;Run0Guid=F2DBCB59-A8B2-470E-89B8-D3A4F0E2C55B
43193.7274579282,DnMAcquisition,Data Acquiring - D&M,Survey Manager/Accept survey,Click,Button,Accept,UIInteraction,
43193.7274590972,DeliverablesSetup,Computation / Recomputation,ProcessRecomputeState,,,,UIAutomatic,JobGuid=BCA8392B-6122-4C86-8265-E6EC85122CD1;State=UIS_RECOMPUTATION_STATE_PENDING;Scope=JobScope;RecompPercentageComplete=;MultipleRunsAffected=False;ActiveRunAffected=True;ActiveRunInProgress=True;RunCount=1;Run0Change0=Trajectory;Run0Guid=F2DBCB59-A8B2-470E-89B8-D3A4F0E2C55B
43193.7274620602,DnMAcquisition,Computation / Recomputation,ProcessRecomputeState,,,,UIAutomatic,JobGuid=BCA8392B-6122-4C86-8265-E6EC85122CD1;State=UIS_RECOMPUTATION_STATE_PENDING;Scope=JobScope;RecompPercentageComplete=;MultipleRunsAffected=False;ActiveRunAffected=True;ActiveRunInProgress=True;RunCount=1;Run0Change0=Trajectory;Run0Guid=F2DBCB59-A8B2-470E-89B8-D3A4F0E2C55B
43193.7274590972,Setup,Computation / Recomputation,ProcessRecomputeState,,,,UIAutomatic,JobGuid=BCA8392B-6122-4C86-8265-E6EC85122CD1;State=UIS_RECOMPUTATION_STATE_PENDING;Scope=JobScope;RecompPercentageComplete=;MultipleRunsAffected=False;ActiveRunAffected=True;ActiveRunInProgress=True;RunCount=1;Run0Change0=Trajectory;Run0Guid=F2DBCB59-A8B2-470E-89B8-D3A4F0E2C55B
43193.7277806366,DnMAcquisition,Data Acquiring - D&M,Survey Manager/Accept survey,Click,Button,Accept,UIInteraction,
43193.7277817593,Setup,Computation / Recomputation,ProcessRecomputeState,,,,UIAutomatic,JobGuid=BCA8392B-6122-4C86-8265-E6EC85122CD1;State=UIS_RECOMPUTATION_STATE_PENDING;Scope=JobScope;RecompPercentageComplete=;MultipleRunsAffected=False;ActiveRunAffected=True;ActiveRunInProgress=True;RunCount=1;Run0Change0=Trajectory;Run0Guid=F2DBCB59-A8B2-470E-89B8-D3A4F0E2C55B
43193.7277817708,DeliverablesSetup,Computation / Recomputation,ProcessRecomputeState,,,,UIAutomatic,JobGuid=BCA8392B-6122-4C86-8265-E6EC85122CD1;State=UIS_RECOMPUTATION_STATE_PENDING;Scope=JobScope;RecompPercentageComplete=;MultipleRunsAffected=False;ActiveRunAffected=True;ActiveRunInProgress=True;RunCount=1;Run0Change0=Trajectory;Run0Guid=F2DBCB59-A8B2-470E-89B8-D3A4F0E2C55B
43193.7277845139,DnMAcquisition,Computation / Recomputation,ProcessRecomputeState,,,,UIAutomatic,JobGuid=BCA8392B-6122-4C86-8265-E6EC85122CD1;State=UIS_RECOMPUTATION_STATE_PENDING;Scope=JobScope;RecompPercentageComplete=;MultipleRunsAffected=False;ActiveRunAffected=True;ActiveRunInProgress=True;RunCount=1;Run0Change0=Trajectory;Run0Guid=F2DBCB59-A8B2-470E-89B8-D3A4F0E2C55B
43193.7280755787,DnMAcquisition,Data Acquiring - D&M,Survey Manager/Reject survey,Click,Button,Reject,UIInteraction,
43193.7294506019,DnMAcquisition,Data Acquiring - D&M,Survey Manager/Accept survey,Click,Button,Accept,UIInteraction,
43193.7294518982,DeliverablesSetup,Computation / Recomputation,ProcessRecomputeState,,,,UIAutomatic,JobGuid=BCA8392B-6122-4C86-8265-E6EC85122CD1;State=UIS_RECOMPUTATION_STATE_PENDING;Scope=JobScope;RecompPercentageComplete=;MultipleRunsAffected=False;ActiveRunAffected=True;ActiveRunInProgress=True;RunCount=1;Run0Change0=Trajectory;Run0Guid=F2DBCB59-A8B2-470E-89B8-D3A4F0E2C55B
43193.7294574653,DnMAcquisition,Computation / Recomputation,ProcessRecomputeState,,,,UIAutomatic,JobGuid=BCA8392B-6122-4C86-8265-E6EC85122CD1;State=UIS_RECOMPUTATION_STATE_PENDING;Scope=JobScope;RecompPercentageComplete=;MultipleRunsAffected=False;ActiveRunAffected=True;ActiveRunInProgress=True;RunCount=1;Run0Change0=Trajectory;Run0Guid=F2DBCB59-A8B2-470E-89B8-D3A4F0E2C55B
43193.7294518866,Setup,Computation / Recomputation,ProcessRecomputeState,,,,UIAutomatic,JobGuid=BCA8392B-6122-4C86-8265-E6EC85122CD1;State=UIS_RECOMPUTATION_STATE_PENDING;Scope=JobScope;RecompPercentageComplete=;MultipleRunsAffected=False;ActiveRunAffected=True;ActiveRunInProgress=True;RunCount=1;Run0Change0=Trajectory;Run0Guid=F2DBCB59-A8B2-470E-89B8-D3A4F0E2C55B
43193.7298938657,DnMAcquisition,Data Acquiring - D&M,Survey Manager/Accept survey,Click,Button,Accept,UIInteraction,
43193.7298951157,Setup,Computation / Recomputation,ProcessRecomputeState,,,,UIAutomatic,JobGuid=BCA8392B-6122-4C86-8265-E6EC85122CD1;State=UIS_RECOMPUTATION_STATE_PENDING;Scope=JobScope;RecompPercentageComplete=;MultipleRunsAffected=False;ActiveRunAffected=True;ActiveRunInProgress=True;RunCount=1;Run0Change0=Trajectory;Run0Guid=F2DBCB59-A8B2-470E-89B8-D3A4F0E2C55B
43193.7298951157,DeliverablesSetup,Computation / Recomputation,ProcessRecomputeState,,,,UIAutomatic,JobGuid=BCA8392B-6122-4C86-8265-E6EC85122CD1;State=UIS_RECOMPUTATION_STATE_PENDING;Scope=JobScope;RecompPercentageComplete=;MultipleRunsAffected=False;ActiveRunAffected=True;ActiveRunInProgress=True;RunCount=1;Run0Change0=Trajectory;Run0Guid=F2DBCB59-A8B2-470E-89B8-D3A4F0E2C55B
43193.7299007292,DnMAcquisition,Computation / Recomputation,ProcessRecomputeState,,,,UIAutomatic,JobGuid=BCA8392B-6122-4C86-8265-E6EC85122CD1;State=UIS_RECOMPUTATION_STATE_PENDING;Scope=JobScope;RecompPercentageComplete=;MultipleRunsAffected=False;ActiveRunAffected=True;ActiveRunInProgress=True;RunCount=1;Run0Change0=Trajectory;Run0Guid=F2DBCB59-A8B2-470E-89B8-D3A4F0E2C55B
43193.7310140046,DnMAcquisition,Data Acquiring - D&M,Survey Manager/Accept survey,Click,Button,Accept,UIInteraction,
43193.7310153588,DeliverablesSetup,Computation / Recomputation,ProcessRecomputeState,,,,UIAutomatic,JobGuid=BCA8392B-6122-4C86-8265-E6EC85122CD1;State=UIS_RECOMPUTATION_STATE_PENDING;Scope=JobScope;RecompPercentageComplete=;MultipleRunsAffected=False;ActiveRunAffected=True;ActiveRunInProgress=True;RunCount=1;Run0Change0=Trajectory;Run0Guid=F2DBCB59-A8B2-470E-89B8-D3A4F0E2C55B
43193.7310153588,Setup,Computation / Recomputation,ProcessRecomputeState,,,,UIAutomatic,JobGuid=BCA8392B-6122-4C86-8265-E6EC85122CD1;State=UIS_RECOMPUTATION_STATE_PENDING;Scope=JobScope;RecompPercentageComplete=;MultipleRunsAffected=False;ActiveRunAffected=True;ActiveRunInProgress=True;RunCount=1;Run0Change0=Trajectory;Run0Guid=F2DBCB59-A8B2-470E-89B8-D3A4F0E2C55B
43193.7310212847,DnMAcquisition,Computation / Recomputation,ProcessRecomputeState,,,,UIAutomatic,JobGuid=BCA8392B-6122-4C86-8265-E6EC85122CD1;State=UIS_RECOMPUTATION_STATE_PENDING;Scope=JobScope;RecompPercentageComplete=;MultipleRunsAffected=False;ActiveRunAffected=True;ActiveRunInProgress=True;RunCount=1;Run0Change0=Trajectory;Run0Guid=F2DBCB59-A8B2-470E-89B8-D3A4F0E2C55B
43193.7319683218,DeliverablesSetup,Computation / Recomputation,ProcessRecomputeState,,,,UIAutomatic,JobGuid=BCA8392B-6122-4C86-8265-E6EC85122CD1;State=UIS_RECOMPUTATION_STATE_PENDING;Scope=JobScope;RecompPercentageComplete=;MultipleRunsAffected=False;ActiveRunAffected=True;ActiveRunInProgress=True;RunCount=1;Run0Change0=Trajectory;Run0Guid=F2DBCB59-A8B2-470E-89B8-D3A4F0E2C55B
43193.7319683218,Setup,Computation / Recomputation,ProcessRecomputeState,,,,UIAutomatic,JobGuid=BCA8392B-6122-4C86-8265-E6EC85122CD1;State=UIS_RECOMPUTATION_STATE_PENDING;Scope=JobScope;RecompPercentageComplete=;MultipleRunsAffected=False;ActiveRunAffected=True;ActiveRunInProgress=True;RunCount=1;Run0Change0=Trajectory;Run0Guid=F2DBCB59-A8B2-470E-89B8-D3A4F0E2C55B
43193.7319738194,DnMAcquisition,Computation / Recomputation,ProcessRecomputeState,,,,UIAutomatic,JobGuid=BCA8392B-6122-4C86-8265-E6EC85122CD1;State=UIS_RECOMPUTATION_STATE_PENDING;Scope=JobScope;RecompPercentageComplete=;MultipleRunsAffected=False;ActiveRunAffected=True;ActiveRunInProgress=True;RunCount=1;Run0Change0=Trajectory;Run0Guid=F2DBCB59-A8B2-470E-89B8-D3A4F0E2C55B
43193.7319670718,DnMAcquisition,Data Acquiring - D&M,Survey Manager/Accept survey,Click,Button,Accept,UIInteraction,
43193.7353104861,DnMAcquisition,Data Acquiring - D&M,Survey Manager/Accept survey,Click,Button,Accept,UIInteraction,
43193.7353118287,DeliverablesSetup,Computation / Recomputation,ProcessRecomputeState,,,,UIAutomatic,JobGuid=BCA8392B-6122-4C86-8265-E6EC85122CD1;State=UIS_RECOMPUTATION_STATE_PENDING;Scope=JobScope;RecompPercentageComplete=;MultipleRunsAffected=False;ActiveRunAffected=True;ActiveRunInProgress=True;RunCount=1;Run0Change0=Trajectory;Run0Guid=F2DBCB59-A8B2-470E-89B8-D3A4F0E2C55B
43193.7353118287,Setup,Computation / Recomputation,ProcessRecomputeState,,,,UIAutomatic,JobGuid=BCA8392B-6122-4C86-8265-E6EC85122CD1;State=UIS_RECOMPUTATION_STATE_PENDING;Scope=JobScope;RecompPercentageComplete=;MultipleRunsAffected=False;ActiveRunAffected=True;ActiveRunInProgress=True;RunCount=1;Run0Change0=Trajectory;Run0Guid=F2DBCB59-A8B2-470E-89B8-D3A4F0E2C55B
43193.7353173843,DnMAcquisition,Computation / Recomputation,ProcessRecomputeState,,,,UIAutomatic,JobGuid=BCA8392B-6122-4C86-8265-E6EC85122CD1;State=UIS_RECOMPUTATION_STATE_PENDING;Scope=JobScope;RecompPercentageComplete=;MultipleRunsAffected=False;ActiveRunAffected=True;ActiveRunInProgress=True;RunCount=1;Run0Change0=Trajectory;Run0Guid=F2DBCB59-A8B2-470E-89B8-D3A4F0E2C55B
43193.7401099769,DnMAcquisition,Computation / Recomputation,Recompute All Pending Runs,Click,ToolbarButton,Recompute All Pending Runs,UIInteraction,
43193.7401100463,DnMAcquisition,Computation / Recomputation,Start Recomputation During Acquisition,Click,ToolbarButton,Recompute All Pending Runs,UIInteraction,FeatureName=Framework.RTOOP
43193.740110081,Setup,Computation / Recomputation,ProcessRecomputeState,,,,UIAutomatic,JobGuid=BCA8392B-6122-4C86-8265-E6EC85122CD1;State=UIS_RECOMPUTATION_STATE_STARTING;Scope=JobScope;RecompPercentageComplete=;MultipleRunsAffected=False;ActiveRunAffected=True;ActiveRunInProgress=True;RunCount=1;Run0Change0=Trajectory;Run0Guid=F2DBCB59-A8B2-470E-89B8-D3A4F0E2C55B
43193.7401100926,DeliverablesSetup,Computation / Recomputation,ProcessRecomputeState,,,,UIAutomatic,JobGuid=BCA8392B-6122-4C86-8265-E6EC85122CD1;State=UIS_RECOMPUTATION_STATE_STARTING;Scope=JobScope;RecompPercentageComplete=;MultipleRunsAffected=False;ActiveRunAffected=True;ActiveRunInProgress=True;RunCount=1;Run0Change0=Trajectory;Run0Guid=F2DBCB59-A8B2-470E-89B8-D3A4F0E2C55B
43193.7401104861,DnMAcquisition,Computation / Recomputation,ProcessRecomputeState,,,,UIAutomatic,JobGuid=BCA8392B-6122-4C86-8265-E6EC85122CD1;State=UIS_RECOMPUTATION_STATE_STARTING;Scope=JobScope;RecompPercentageComplete=;MultipleRunsAffected=False;ActiveRunAffected=True;ActiveRunInProgress=True;RunCount=1;Run0Change0=Trajectory;Run0Guid=F2DBCB59-A8B2-470E-89B8-D3A4F0E2C55B
43193.7401111343,DeliverablesSetup,Computation / Recomputation,ProcessRecomputeState,,,,UIAutomatic,JobGuid=BCA8392B-6122-4C86-8265-E6EC85122CD1;State=UIS_RECOMPUTATION_STATE_IN_PROGRESS;Scope=JobScope;RecompPercentageComplete=;MultipleRunsAffected=False;ActiveRunAffected=True;ActiveRunInProgress=True;RunCount=1;Run0Change0=Trajectory;Run0Guid=F2DBCB59-A8B2-470E-89B8-D3A4F0E2C55B
43193.7401111343,DnMAcquisition,Computation / Recomputation,ProcessRecomputeState,,,,UIAutomatic,JobGuid=BCA8392B-6122-4C86-8265-E6EC85122CD1;State=UIS_RECOMPUTATION_STATE_IN_PROGRESS;Scope=JobScope;RecompPercentageComplete=;MultipleRunsAffected=False;ActiveRunAffected=True;ActiveRunInProgress=True;RunCount=1;Run0Change0=Trajectory;Run0Guid=F2DBCB59-A8B2-470E-89B8-D3A4F0E2C55B
43193.7401111343,Setup,Computation / Recomputation,ProcessRecomputeState,,,,UIAutomatic,JobGuid=BCA8392B-6122-4C86-8265-E6EC85122CD1;State=UIS_RECOMPUTATION_STATE_IN_PROGRESS;Scope=JobScope;RecompPercentageComplete=;MultipleRunsAffected=False;ActiveRunAffected=True;ActiveRunInProgress=True;RunCount=1;Run0Change0=Trajectory;Run0Guid=F2DBCB59-A8B2-470E-89B8-D3A4F0E2C55B
43193.7417119792,DeliverablesSetup,Computation / Recomputation,ProcessRecomputeState,,,,UIAutomatic,JobGuid=BCA8392B-6122-4C86-8265-E6EC85122CD1;State=UIS_RECOMPUTATION_STATE_SUCCEEDED;Scope=JobScope;RecompPercentageComplete=;MultipleRunsAffected=False;ActiveRunAffected=True;ActiveRunInProgress=True;RunCount=1;Run0Change0=Trajectory;Run0Guid=F2DBCB59-A8B2-470E-89B8-D3A4F0E2C55B
43193.7417119907,DnMAcquisition,Computation / Recomputation,ProcessRecomputeState,,,,UIAutomatic,JobGuid=BCA8392B-6122-4C86-8265-E6EC85122CD1;State=UIS_RECOMPUTATION_STATE_SUCCEEDED;Scope=JobScope;RecompPercentageComplete=;MultipleRunsAffected=False;ActiveRunAffected=True;ActiveRunInProgress=True;RunCount=1;Run0Change0=Trajectory;Run0Guid=F2DBCB59-A8B2-470E-89B8-D3A4F0E2C55B
43193.7417122801,Setup,Computation / Recomputation,ProcessRecomputeState,,,,UIAutomatic,JobGuid=BCA8392B-6122-4C86-8265-E6EC85122CD1;State=UIS_RECOMPUTATION_STATE_SUCCEEDED;Scope=JobScope;RecompPercentageComplete=;MultipleRunsAffected=False;ActiveRunAffected=True;ActiveRunInProgress=True;RunCount=1;Run0Change0=Trajectory;Run0Guid=F2DBCB59-A8B2-470E-89B8-D3A4F0E2C55B
43193.7418064931,DnMAcquisition,Manage Tasks,HSPM Control,DoubleClick,TreeView,HSPM Control,UIInteraction,TaskName=HSPM Control
43193.7418065741,DnMAcquisition,Data Acquiring - D&M,HSPM Control/Set Location,Click,ComboBox,LOCAL,UIInteraction,
43193.7418065856,DnMAcquisition,Data Acquiring - D&M,HSPM Control/Set Recover Buffer,Click,ComboBox,Yes,UIInteraction,
43193.7418418403,DnMAcquisition,Data Acquiring - D&M,HSPM Control/Disconnect,Click,Button,Disconnect,UIInteraction,
43193.742309294,Setup,Run Manager (Internal),Stop Run,Click,Button,Stop,UIInteraction,RunGuid=F2DBCB59-A8B2-470E-89B8-D3A4F0E2C55B
43193.7423548958,Setup,Run Manager (Internal),Confirm to Stop Run,Click,Button,OK,UIInteraction,RunGuid=F2DBCB59-A8B2-470E-89B8-D3A4F0E2C55B
43193.7424876852,DeliverablesSetup,UI Framework,Switch View,Click,ToolbarButton,Deliverables Display View,UIInteraction,
43193.7425625231,DeliverablesSetup,Deliverables - Digital,Create Job Archive,Click,ContextMenu,Create,UIInteraction,ArchiveGuid=BCA8392B-6122-4C86-8265-E6EC85122CD1;JobArchiveType=3.0
43193.7428055324,DeliverablesSetup,UI Framework,Close Console,Click,Button,,UIInteraction,JobGuid=BCA8392B-6122-4C86-8265-E6EC85122CD1
43193.7428492593,DeliverablesSetup,UI Framework,OK to Close Deliverables - Display Console,Click,Button,OK,UIInteraction,
43193.7429303588,,Console/Job Manager,Stop Setup Console,Click,Button,Stop,UIInteraction,JobGuid=BCA8392B-6122-4C86-8265-E6EC85122CD1
43193.7430138657,,Console/Job Manager,Stop Job,Click,Button,Stop,UIInteraction,JobGuid=BCA8392B-6122-4C86-8265-E6EC85122CD1
