43194.1260906944,,UI Framework,Start Console,,,Maxwell Manager,UIAutomatic,MachineName=HPV02-009;UserName=Engineer;UserDomainName=HPV02-009;OS=Microsoft Windows NT 6.1.7601 Service Pack 1;TimeZone=00:00:00;IPAddress_1=192.168.78.170;IPAddress_2=::1;MWVersion=9.0.100745.3100
43194.1261464583,,Console/Job Manager,New Job,Click,Button,New,UIInteraction,
43194.1261792477,,Console/Job Manager,Input Job Name,Input,TextBox,Perfo_DTZ,UIInteraction,
43194.1262229398,,Console/Job Manager,Input Well Name,Input,TextBox,BGC,UIInteraction,
43194.1262704861,,Console/Job Manager,Input Client Name,Input,TextBox,BGCAT,UIInteraction,
43194.1263623958,,Console/Job Manager,Check Simulator,Click,CheckBox,Simulator,UIInteraction,CheckState=True
43194.1265527662,,Console/Job Manager,Select Auto Backup Folder,Click,ComboBox,C:\Perfo_RTBU,UIInteraction,
43194.1299513079,,UI Framework,Close Console,Click,Button,,UIInteraction,
43194.1364878935,,UI Framework,Initialize Maxwell Manager Process Name,,,Initialize Maxwell Manager Process Name,,
43194.136504919,,UI Framework,Start Console,,,Maxwell Manager,UIAutomatic,MachineName=HPV02-009;UserName=Engineer;UserDomainName=HPV02-009;OS=Microsoft Windows NT 6.1.7601 Service Pack 1;TimeZone=00:00:00;IPAddress_1=192.168.78.170;IPAddress_2=::1;MWVersion=9.0.100745.3100
43194.1367410417,,Console/Job Manager,Import Job Archive,Click,ContextMenu,Create Import,UIInteraction,
43194.1367479745,,Import/Export & Backup/Restore,Select file to import,Click,Button,...,UIInteraction,
43194.1367635301,,Import/Export & Backup/Restore,OK to select file,,,,UIAutomatic,FilePath=\\srv004bgc.dir.slb.com\MaxwellAT\TestData\TestData\Phase3\Data1\Depth Shift\HorizonJobArchivePr__12Oct13_145909.Dlis
43194.1368287037,,Import/Export & Backup/Restore,Start Import,Click,Button,Import,UIInteraction,FilePath=\\srv004bgc.dir.slb.com\MaxwellAT\TestData\TestData\Phase3\Data1\Depth Shift\HorizonJobArchivePr__12Oct13_145909.Dlis
43194.137888125,,Import/Export & Backup/Restore,Close Import UI,Click,Button,Close,UIInteraction,
43194.1380218287,,Console/Job Manager,Select Auto Backup Folder,Click,ComboBox,C:\Autobackup,UIInteraction,
43194.1523954398,,UI Framework,Close Console,Click,Button,,UIInteraction,
43194.1572995139,,UI Framework,Initialize Maxwell Manager Process Name,,,Initialize Maxwell Manager Process Name,,
43194.1573168519,,UI Framework,Start Console,,,Maxwell Manager,UIAutomatic,MachineName=HPV02-009;UserName=Engineer;UserDomainName=HPV02-009;OS=Microsoft Windows NT 6.1.7601 Service Pack 1;TimeZone=00:00:00;IPAddress_1=192.168.78.170;IPAddress_2=::1;MWVersion=9.0.100745.3100
43194.1575548264,,Console/Job Manager,Import Job Archive,Click,ContextMenu,Create Import,UIInteraction,
43194.157562037,,Import/Export & Backup/Restore,Select file to import,Click,Button,...,UIInteraction,
43194.1575695139,,Import/Export & Backup/Restore,OK to select file,,,,UIAutomatic,FilePath=\\srv004bgc.dir.slb.com\MaxwellAT\TestData\TestData\Phase3\Display\Archive\5. JA_AutoDeliverable_Workflow_AITC_Setup.Dlis
43194.1576221065,,Import/Export & Backup/Restore,Start Import,Click,Button,Import,UIInteraction,FilePath=\\srv004bgc.dir.slb.com\MaxwellAT\TestData\TestData\Phase3\Display\Archive\5. JA_AutoDeliverable_Workflow_AITC_Setup.Dlis
43194.1579525579,,Import/Export & Backup/Restore,Close Import UI,Click,Button,Close,UIInteraction,
43194.1580893287,,Console/Job Manager,Select Auto Backup Folder,Click,ComboBox,C:\Autobackup,UIInteraction,
43194.158926713,,UI Framework,Switch Tab,Click,Tab,Job: StreamPDS,UIInteraction,
43194.1787339352,,UI Framework,Switch Tab,Click,Tab,Messages: Job Independent,UIInteraction,
43194.178737662,,UI Framework,Close Console,Click,Button,,UIInteraction,
