43194.1259672685,,UI Framework,Start Console,,,Maxwell Manager,UIAutomatic,MachineName=HPV11-014;UserName=Engineer;UserDomainName=HPV11-014;OS=Microsoft Windows NT 6.1.7601 Service Pack 1;TimeZone=00:00:00;IPAddress_1=192.168.178.25;IPAddress_2=::1;MWVersion=9.0.100745.3100
43194.1260651968,,Console/Job Manager,Import Job Archive,Click,ContextMenu,Create Import,UIInteraction,
43194.1260775347,,Import/Export & Backup/Restore,Select file to import,Click,Button,...,UIInteraction,
43194.1261142477,,Import/Export & Backup/Restore,OK to select file,,,,UIAutomatic,FilePath=\\srv004bgc.dir.slb.com\MaxwellAT\TestData\TestData\Phase3\Display\Archive\5. JA_AutoDeliverable_Workflow_US1_FBSTE-DSSTB-HRLTB-HDRSH-HGNSB-SGTN-SGTN-EDTCB-AH169-LEHQT.Dlis
43194.1262127662,,Import/Export & Backup/Restore,Start Import,Click,Button,Import,UIInteraction,FilePath=\\srv004bgc.dir.slb.com\MaxwellAT\TestData\TestData\Phase3\Display\Archive\5. JA_AutoDeliverable_Workflow_US1_FBSTE-DSSTB-HRLTB-HDRSH-HGNSB-SGTN-SGTN-EDTCB-AH169-LEHQT.Dlis
43194.128033831,,Import/Export & Backup/Restore,Close Import UI,Click,Button,Close,UIInteraction,
43194.1281875579,,Console/Job Manager,Select Auto Backup Folder,Click,ComboBox,C:\Autobackup,UIInteraction,
43194.1501755324,,UI Framework,Close Console,Click,Button,,UIInteraction,
43194.1536493634,,UI Framework,Initialize Maxwell Manager Process Name,,,Initialize Maxwell Manager Process Name,,
43194.1536668287,,UI Framework,Start Console,,,Maxwell Manager,UIAutomatic,MachineName=HPV11-014;UserName=Engineer;UserDomainName=HPV11-014;OS=Microsoft Windows NT 6.1.7601 Service Pack 1;TimeZone=00:00:00;IPAddress_1=192.168.178.25;IPAddress_2=::1;MWVersion=9.0.100745.3100
43194.1539040394,,Console/Job Manager,Import Job Archive,Click,ContextMenu,Create Import,UIInteraction,
43194.1539105903,,Import/Export & Backup/Restore,Select file to import,Click,Button,...,UIInteraction,
43194.1539175,,Import/Export & Backup/Restore,OK to select file,,,,UIAutomatic,FilePath=\\srv004bgc.dir.slb.com\MaxwellAT\TestData\TestData\Phase3\Display\Archive\Depth Summary JA.Dlis
43194.1539718287,,Import/Export & Backup/Restore,Start Import,Click,Button,Import,UIInteraction,FilePath=\\srv004bgc.dir.slb.com\MaxwellAT\TestData\TestData\Phase3\Display\Archive\Depth Summary JA.Dlis
43194.1553401505,,Import/Export & Backup/Restore,Close Import UI,Click,Button,Close,UIInteraction,
43194.1554745023,,Console/Job Manager,Select Auto Backup Folder,Click,ComboBox,C:\Autobackup,UIInteraction,
43194.2139069907,,UI Framework,Close Console,Click,Button,,UIInteraction,
