43194.1260113542,,UI Framework,Start Console,,,Maxwell Manager,UIAutomatic,MachineName=HPV11-017;UserName=Engineer;UserDomainName=HPV11-017;OS=Microsoft Windows NT 6.1.7601 Service Pack 1;TimeZone=00:00:00;IPAddress_1=192.168.178.23;IPAddress_2=::1;MWVersion=9.0.100745.3100
43194.1261210648,,Console/Job Manager,New Job,Click,Button,New,UIInteraction,
43194.1261488194,,Console/Job Manager,Input Job Name,Input,TextBox,LFA-MASTERCAL,UIInteraction,
43194.1261959954,,Console/Job Manager,Input Client Name,Input,TextBox,BGCAT,UIInteraction,
43194.1263406366,,Console/Job Manager,Check Simulator,Click,CheckBox,Simulator,UIInteraction,CheckState=True
43194.1265386227,,Console/Job Manager,Select Auto Backup Folder,Click,ComboBox,C:\Autobackup,UIInteraction,
43194.1319007523,,UI Framework,Switch Tab,Click,Tab,Job: LFA-MASTERCAL,UIInteraction,
43194.1431970139,,UI Framework,Switch Tab,Click,Tab,Messages: Job Independent,UIInteraction,
43194.1432005671,,UI Framework,Close Console,Click,Button,,UIInteraction,
43194.1463690856,,UI Framework,Initialize Maxwell Manager Process Name,,,Initialize Maxwell Manager Process Name,,
43194.1463883912,,UI Framework,Start Console,,,Maxwell Manager,UIAutomatic,MachineName=HPV11-017;UserName=Engineer;UserDomainName=HPV11-017;OS=Microsoft Windows NT 6.1.7601 Service Pack 1;TimeZone=00:00:00;IPAddress_1=192.168.178.23;IPAddress_2=::1;MWVersion=9.0.100745.3100
43194.1466236806,,Console/Job Manager,Import Job Archive,Click,ContextMenu,Create Import,UIInteraction,
43194.1466388773,,Import/Export & Backup/Restore,OK to select file,,,,UIAutomatic,FilePath=\\srv004bgc.dir.slb.com\MaxwellAT\TestData\TestData\Phase3\JobArchive\WL_SWF_LFA_SETUP.Dlis
43194.1466308681,,Import/Export & Backup/Restore,Select file to import,Click,Button,...,UIInteraction,
43194.1467097454,,Import/Export & Backup/Restore,Start Import,Click,Button,Import,UIInteraction,FilePath=\\srv004bgc.dir.slb.com\MaxwellAT\TestData\TestData\Phase3\JobArchive\WL_SWF_LFA_SETUP.Dlis
43194.1472308912,,Import/Export & Backup/Restore,Close Import UI,Click,Button,Close,UIInteraction,
43194.1473684028,,Console/Job Manager,Select Auto Backup Folder,Click,ComboBox,C:\Autobackup,UIInteraction,
43194.1494628356,,UI Framework,Switch Tab,Click,Tab,Job: LFA-MASTERCAL,UIInteraction,
43194.1566382176,,Console/Job Manager,Start Job Spec Manager,Click,ToolbarButton,Job Spec Manager,UIInteraction,
43194.1566768519,,Import/Export & Backup/Restore,Select Source,Click,ComboBox,LFA-MASTERCAL  WL Simulator  03:31:15 04-Apr-2018,UIInteraction,JobName=LFA-MASTERCAL;EntityGuid=BB3F1C22-6952-480D-838B-28FCD1E67639
43194.1573786806,,Import/Export & Backup/Restore,Select/Deselect item,ByMouse,TreeView,LFA-MASTERCAL  WL Simulator  03:31:15 04-Apr-2018,UIInteraction,CheckState=True
43194.157381331,,Import/Export & Backup/Restore,Save Job Spec File,Click,Button,Save As...,UIInteraction,
43194.1573862037,,Import/Export & Backup/Restore,OK to Save Job Spec File,,,,UIAutomatic,FilePath=C:\Schlumberger Horizon Data\LFA-MASTERCAL\JSP.dlis
43194.1577479514,,Import/Export & Backup/Restore,Close Job Spec UI,Click,Button,Close,UIInteraction,
43194.1581445602,,UI Framework,Switch Tab,Click,Tab,Messages: Job Independent,UIInteraction,
43194.158151412,,UI Framework,Close Console,Click,Button,,UIInteraction,
43194.1617206366,,UI Framework,Initialize Maxwell Manager Process Name,,,Initialize Maxwell Manager Process Name,,
43194.1617404282,,UI Framework,Start Console,,,Maxwell Manager,UIAutomatic,MachineName=HPV11-017;UserName=Engineer;UserDomainName=HPV11-017;OS=Microsoft Windows NT 6.1.7601 Service Pack 1;TimeZone=00:00:00;IPAddress_1=192.168.178.23;IPAddress_2=::1;MWVersion=9.0.100745.3100
43194.1619652083,,Console/Job Manager,New Job,Click,Button,New,UIInteraction,
43194.1619803588,,Console/Job Manager,Input Job Name,Input,TextBox,WPIT_Demo,UIInteraction,
43194.1620225579,,Console/Job Manager,Input Well Name,Input,TextBox,bgc,UIInteraction,
43194.1620671875,,Console/Job Manager,Input Client Name,Input,TextBox,BGCAT,UIInteraction,
43194.1621583218,,Console/Job Manager,Check Simulator,Click,CheckBox,Simulator,UIInteraction,CheckState=True
43194.162375162,,Console/Job Manager,Select Auto Backup Folder,Click,ComboBox,C:\Autobackup,UIInteraction,
43194.1692714699,,UI Framework,Close Console,Click,Button,,UIInteraction,
