43194.1716683565,,UI Framework,Start Console,,,Maxwell Manager,UIAutomatic,MachineName=HPV11-016;UserName=Engineer;UserDomainName=HPV11-016;OS=Microsoft Windows NT 6.1.7601 Service Pack 1;TimeZone=00:00:00;IPAddress_1=192.168.178.22;IPAddress_2=::1;MWVersion=9.0.100745.3100
43194.1717793171,,Console/Job Manager,Import Job Archive,Click,ContextMenu,Create Import,UIInteraction,
43194.1717885764,,Import/Export & Backup/Restore,Select file to import,Click,Button,...,UIInteraction,
43194.1718126968,,Import/Export & Backup/Restore,OK to select file,,,,UIAutomatic,FilePath=C:\DataValidation\CMRT-B-EPM\CMRT-B_EPM_3.0.9501.1001_JA.Dlis
43194.1719028819,,Import/Export & Backup/Restore,Start Import,Click,Button,Import,UIInteraction,FilePath=C:\DataValidation\CMRT-B-EPM\CMRT-B_EPM_3.0.9501.1001_JA.Dlis
43194.1734580556,,Import/Export & Backup/Restore,Close Import UI,Click,Button,Close,UIInteraction,
43194.1736015741,,Console/Job Manager,Select Auto Backup Folder,Click,ComboBox,C:\Autobackup,UIInteraction,
43194.1773632407,,UI Framework,Close Console,Click,Button,,UIInteraction,
43194.1827005787,,UI Framework,Initialize Maxwell Manager Process Name,,,Initialize Maxwell Manager Process Name,,
43194.1827191667,,UI Framework,Start Console,,,Maxwell Manager,UIAutomatic,MachineName=HPV11-016;UserName=Engineer;UserDomainName=HPV11-016;OS=Microsoft Windows NT 6.1.7601 Service Pack 1;TimeZone=00:00:00;IPAddress_1=192.168.178.22;IPAddress_2=::1;MWVersion=9.0.100745.3100
43194.1829453588,,Console/Job Manager,New Job,Click,Button,New,UIInteraction,
43194.1829588542,,Console/Job Manager,Input Job Name,Input,TextBox,NEXT-C,UIInteraction,
43194.1830019213,,Console/Job Manager,Input Well Name,Input,TextBox,HFE,UIInteraction,
43194.1830461458,,Console/Job Manager,Input Client Name,Input,TextBox,BGCAT,UIInteraction,
43194.1831376273,,Console/Job Manager,Check Simulator,Click,CheckBox,Simulator,UIInteraction,CheckState=True
43194.1833543056,,Console/Job Manager,Select Auto Backup Folder,Click,ComboBox,C:\Autobackup,UIInteraction,
43194.1866385069,,UI Framework,Switch Tab,Click,Tab,Job: NEXT-C,UIInteraction,
43194.1958859838,,UI Framework,Close Console,Click,Button,,UIInteraction,
43194.1958790972,,UI Framework,Switch Tab,Click,Tab,Messages: Job Independent,UIInteraction,
43194.1991584375,,UI Framework,Initialize Maxwell Manager Process Name,,,Initialize Maxwell Manager Process Name,,
43194.1991766782,,UI Framework,Start Console,,,Maxwell Manager,UIAutomatic,MachineName=HPV11-016;UserName=Engineer;UserDomainName=HPV11-016;OS=Microsoft Windows NT 6.1.7601 Service Pack 1;TimeZone=00:00:00;IPAddress_1=192.168.178.22;IPAddress_2=::1;MWVersion=9.0.100745.3100
43194.1994021759,,Console/Job Manager,New Job,Click,Button,New,UIInteraction,
43194.1994195486,,Console/Job Manager,Input Job Name,Input,TextBox,TnD_MAST-CMR,UIInteraction,
43194.1994649074,,Console/Job Manager,Input Well Name,Input,TextBox,PerformTnD,UIInteraction,
43194.1995091204,,Console/Job Manager,Input Client Name,Input,TextBox,BGCAT,UIInteraction,
43194.199599838,,Console/Job Manager,Check Simulator,Click,CheckBox,Simulator,UIInteraction,CheckState=True
43194.1998166435,,Console/Job Manager,Select Auto Backup Folder,Click,ComboBox,C:\Autobackup,UIInteraction,
43194.2036610069,,UI Framework,Switch Tab,Click,Tab,Job: TnD_MAST-CMR,UIInteraction,
43194.2121031713,,UI Framework,Switch Tab,Click,Tab,Messages: Job Independent,UIInteraction,
43194.2121065972,,UI Framework,Close Console,Click,Button,,UIInteraction,
