43194.1207841435,,Console/Job Manager,New Job,Click,Button,New,UIInteraction,
43194.1208032986,,Console/Job Manager,Input Job Name,Input,TextBox,PerfoAdressDemo,UIInteraction,
43194.1208451273,,Console/Job Manager,Input Well Name,Input,TextBox,bgc,UIInteraction,
43194.1208897222,,Console/Job Manager,Input Client Name,Input,TextBox,BGCAT,UIInteraction,
43194.1209839583,,Console/Job Manager,Select Workflow,Click,ComboBox,PerfoExpress,UIInteraction,
43194.1210238079,,Console/Job Manager,Check Simulator,Click,CheckBox,Simulator,UIInteraction,CheckState=True
43194.1212004745,,Console/Job Manager,Select Auto Backup Folder,Click,ComboBox,C:\Autobackup,UIInteraction,
43194.1304183218,,UI Framework,Close Console,Click,Button,,UIInteraction,
43194.1330622222,,UI Framework,Initialize Maxwell Manager Process Name,,,Initialize Maxwell Manager Process Name,,
43194.1330803819,,UI Framework,Start Console,,,Maxwell Manager,UIAutomatic,MachineName=HPV04-009;UserName=Engineer;UserDomainName=HPV04-009;OS=Microsoft Windows NT 6.1.7601 Service Pack 1;TimeZone=00:00:00;IPAddress_1=192.168.178.67;IPAddress_2=::1;MWVersion=9.0.100745.3100
43194.1333161806,,Console/Job Manager,Import Job Archive,Click,ContextMenu,Create Import,UIInteraction,
43194.1333293634,,Import/Export & Backup/Restore,OK to select file,,,,UIAutomatic,FilePath=\\srv004bgc.dir.slb.com\MaxwellAT\TestData\TestData\Phase3\JobArchive\PerfoExpress_SWF_PerfoAdressableSwitch_Setup.Dlis
43194.1333230324,,Import/Export & Backup/Restore,Select file to import,Click,Button,...,UIInteraction,
43194.1333886921,,Import/Export & Backup/Restore,Start Import,Click,Button,Import,UIInteraction,FilePath=\\srv004bgc.dir.slb.com\MaxwellAT\TestData\TestData\Phase3\JobArchive\PerfoExpress_SWF_PerfoAdressableSwitch_Setup.Dlis
43194.1336981366,,Import/Export & Backup/Restore,Close Import UI,Click,Button,Close,UIInteraction,
43194.1338299537,,Console/Job Manager,Select Auto Backup Folder,Click,ComboBox,C:\Autobackup,UIInteraction,
43194.2184491898,,UI Framework,Close Console,Click,Button,,UIInteraction,
