Time,Process,Component,Operation,Action,Control,ControlText,Category,Context
43194.1689659606,,Console/Job Manager,Start Job,Click,Button,Start,UIInteraction,JobName=PMIT-F;StartDate=4/4/2018 4:03 AM;Workflow=Wireline;Simulator=True;UnitSystem=English;JobSize=0;State=Available;SideTrackId=0;SessionID=8469F211-6271-4FD4-AB61-E56F0F5C6D1D;SortOrder=1;JobGUID=C45724F8-7B16-44D9-99F2-3D0DF6580FC3;WellGUID=40EBE912-BF11-4EE9-B2E2-6EC388779E4F;BoreholeGUID=DBAA4B8B-E719-47BD-9C57-E7F07264FA3C;MachineName=HPV01-012;UserName=Engineer;UserDomainName=HPV01-012;OS=Microsoft Windows NT 6.1.7601 Service Pack 1;StartedJobCount=0;TimeZone=00:00:00;IPAddress_1=192.168.78.177;IPAddress_2=::1;MWVersion=9.0.100745.3100
43194.169231875,,Console/Job Manager,Stop Job,Click,Button,Stop,UIInteraction,JobGuid=C45724F8-7B16-44D9-99F2-3D0DF6580FC3
43194.1694253472,,Console/Job Manager,Start Job,Click,Button,Start,UIInteraction,JobName=PMIT-F;StartDate=4/4/2018 4:03 AM;Workflow=Wireline;Simulator=True;UnitSystem=English;RTBackupDir=C:\AutoBackup;JobSize=0;State=Available;SideTrackId=0;SessionID=8469F211-6271-4FD4-AB61-E56F0F5C6D1D;SortOrder=1;JobGUID=C45724F8-7B16-44D9-99F2-3D0DF6580FC3;WellGUID=40EBE912-BF11-4EE9-B2E2-6EC388779E4F;BoreholeGUID=DBAA4B8B-E719-47BD-9C57-E7F07264FA3C;MachineName=HPV01-012;UserName=Engineer;UserDomainName=HPV01-012;OS=Microsoft Windows NT 6.1.7601 Service Pack 1;StartedJobCount=0;TimeZone=00:00:00;IPAddress_1=192.168.78.177;IPAddress_2=::1;MWVersion=9.0.100745.3100
43194.1701915972,,Console/Job Manager,Start Setup Console,Click,Button,Start...,UIInteraction,JobGuid=C45724F8-7B16-44D9-99F2-3D0DF6580FC3
43194.1702590046,Setup,Calibration,Select Calibration Report Type,Click,ComboBox,Technical Concise,UIInteraction,
43194.1703049074,Setup,UI Framework,Start Console,,,Setup - Job PMIT-F,UIAutomatic,
43194.1703241782,,Console/Job Manager,Start Deliverables Console,Click,Button,Start...,UIInteraction,JobGuid=C45724F8-7B16-44D9-99F2-3D0DF6580FC3
43194.1703760417,DeliverablesSetup,Tier Manager,Tier Template Created for Tools in My Equipment,,,PMIT-F Tier Created,Deliverables Console,
43194.1703764005,DeliverablesSetup,Tier Manager,Tier Template Created for Tools in My Equipment,,,PSTP-B Tier Created,Deliverables Console,
43194.1703856829,DeliverablesSetup,UI Framework,Start Console,,,Deliverables Console Setup - Job PMIT-F,UIAutomatic,
43194.1705514931,Setup,UI Framework,Switch Tab,Click,Tab,DnI Initializations,UIInteraction,
43194.170613588,Setup,Run Manager (Internal),Start Run,Click,Button,Start,UIInteraction,RunGuid=DCC728E5-3C4C-4983-B651-241DCEC4C405;ToolstringGuid=9B696D4B-C1BA-4C22-A2DE-B254E3891820;DownholeEquipments=BNS-P:PMIT-F:PSTP-B:MH-28;TSLevelActiveSurfaceEquips=WAFE:TENSION_DEVICE:LOGGING_CABLE:DEPTH_DEVICE
43194.1707249421,Setup,Equipment,Activate Run,Click,Button,Activate,UIInteraction,ToolstringGuid=9B696D4B-C1BA-4C22-A2DE-B254E3891820;DownholeEquipments=BNS-P:PMIT-F:PSTP-B:MH-28;TSLevelActiveSurfaceEquips=WAFE:TENSION_DEVICE:LOGGING_CABLE:DEPTH_DEVICE
43194.1708610069,Simulation,UI Framework,Start Console,,,Simulation Console - Job PMIT-F,UIAutomatic,
43194.1708860185,WLAcquisition,Calibration,Select Calibration Report Type,Click,ComboBox,Technical Concise,UIInteraction,
43194.1709241551,WLAcquisition,UI Framework,Start Console,,,Acquisition Console - Job PMIT-F - Run 1,UIAutomatic,
43194.1709464468,WLAcquisition,Calibration,Choose Available Calibration,Click,ComboBox,Nominal,UIInteraction,
43194.1709473032,WLAcquisition,Calibration,Select Calibration in Calibration Report,Click,ComboBox,PBMS CQG Master Calibration,UIInteraction,
43194.1709473264,WLAcquisition,Calibration,Select Tool in Calibration Report,Click,ComboBox,PSTP-B:999,UIInteraction,ToolName=PSTP-B:999
43194.1712202778,WLAcquisition,Data Acquiring - WL,Connect Hardware,Click,ToolbarButton,Connect to Hardware,UIInteraction,
43194.1714011111,WLAcquisition,Data Acquiring - WL,Start Dataflow,Click,ToolbarButton,Start Data Flow,UIInteraction,
43194.1714948264,WLAcquisition,Data Acquiring - WL,Enable Tool Power,Click,ToolbarButton,Enable Tool Power,UIInteraction,
43194.1734323843,WLAcquisition,PSTP-B,CQG,RightClick,TreeView,CQG,UIInteraction,TaskName=CQG
43194.1734464236,WLAcquisition,PSTP-B,CQG,Click,ContextMenu,Perform,UIInteraction,TaskName=CQG
43194.1734477199,WLAcquisition,UI Framework,Switch Tab,Click,Tab,Calibrations,UIInteraction,
43194.1736976968,Setup,Computation / Recomputation,ProcessRecomputeState,,,,UIAutomatic,JobGuid=C45724F8-7B16-44D9-99F2-3D0DF6580FC3;State=UIS_RECOMPUTATION_STATE_PENDING;Scope=JobScope;RecompPercentageComplete=;MultipleRunsAffected=False;ActiveRunAffected=True;ActiveRunInProgress=False;RunCount=1;Run0Change0=Calibration;Run0Guid=DCC728E5-3C4C-4983-B651-241DCEC4C405
43194.1736976968,DeliverablesSetup,Computation / Recomputation,ProcessRecomputeState,,,,UIAutomatic,JobGuid=C45724F8-7B16-44D9-99F2-3D0DF6580FC3;State=UIS_RECOMPUTATION_STATE_PENDING;Scope=JobScope;RecompPercentageComplete=;MultipleRunsAffected=False;ActiveRunAffected=True;ActiveRunInProgress=False;RunCount=1;Run0Change0=Calibration;Run0Guid=DCC728E5-3C4C-4983-B651-241DCEC4C405
43194.173699294,WLAcquisition,Calibration,Choose Available Calibration,Click,ComboBox,00:00:00.000 29-Jul-1998,UIInteraction,
43194.1736996759,WLAcquisition,Computation / Recomputation,ProcessRecomputeState,,,,UIAutomatic,JobGuid=C45724F8-7B16-44D9-99F2-3D0DF6580FC3;State=UIS_RECOMPUTATION_STATE_PENDING;Scope=JobScope;RecompPercentageComplete=;MultipleRunsAffected=False;ActiveRunAffected=True;ActiveRunInProgress=False;RunCount=1;Run0Change0=Calibration;Run0Guid=DCC728E5-3C4C-4983-B651-241DCEC4C405
43194.1739297917,WLAcquisition,PSTP-B,RTD Well Thermometer,RightClick,TreeView,RTD Well Thermometer,UIInteraction,TaskName=RTD Well Thermometer
43194.1739437037,WLAcquisition,PSTP-B,RTD Well Thermometer,Click,ContextMenu,Perform,UIInteraction,TaskName=RTD Well Thermometer
43194.1740332639,Setup,Computation / Recomputation,ProcessRecomputeState,,,,UIAutomatic,JobGuid=C45724F8-7B16-44D9-99F2-3D0DF6580FC3;State=UIS_RECOMPUTATION_STATE_PENDING;Scope=JobScope;RecompPercentageComplete=;MultipleRunsAffected=False;ActiveRunAffected=True;ActiveRunInProgress=False;RunCount=1;Run0Change0=Calibration;Run0Guid=DCC728E5-3C4C-4983-B651-241DCEC4C405
43194.1740332755,DeliverablesSetup,Computation / Recomputation,ProcessRecomputeState,,,,UIAutomatic,JobGuid=C45724F8-7B16-44D9-99F2-3D0DF6580FC3;State=UIS_RECOMPUTATION_STATE_PENDING;Scope=JobScope;RecompPercentageComplete=;MultipleRunsAffected=False;ActiveRunAffected=True;ActiveRunInProgress=False;RunCount=1;Run0Change0=Calibration;Run0Guid=DCC728E5-3C4C-4983-B651-241DCEC4C405
43194.1740343171,WLAcquisition,Calibration,Choose Available Calibration,Click,ComboBox,00:00:00.000 29-Jul-1998,UIInteraction,
43194.1740349884,WLAcquisition,Calibration,Choose Available Calibration,Click,ComboBox,00:00:00.000 29-Jul-1998,UIInteraction,
43194.1740355208,WLAcquisition,Computation / Recomputation,ProcessRecomputeState,,,,UIAutomatic,JobGuid=C45724F8-7B16-44D9-99F2-3D0DF6580FC3;State=UIS_RECOMPUTATION_STATE_PENDING;Scope=JobScope;RecompPercentageComplete=;MultipleRunsAffected=False;ActiveRunAffected=True;ActiveRunInProgress=False;RunCount=1;Run0Change0=Calibration;Run0Guid=DCC728E5-3C4C-4983-B651-241DCEC4C405
43194.174220625,WLAcquisition,PSTP-B,Gamma-Ray,RightClick,TreeView,Gamma-Ray,UIInteraction,TaskName=Gamma-Ray
43194.1742348032,WLAcquisition,PSTP-B,Gamma-Ray,Click,ContextMenu,Perform,UIInteraction,TaskName=Gamma-Ray
43194.174333125,Setup,Computation / Recomputation,ProcessRecomputeState,,,,UIAutomatic,JobGuid=C45724F8-7B16-44D9-99F2-3D0DF6580FC3;State=UIS_RECOMPUTATION_STATE_PENDING;Scope=JobScope;RecompPercentageComplete=;MultipleRunsAffected=False;ActiveRunAffected=True;ActiveRunInProgress=False;RunCount=1;Run0Change0=Calibration;Run0Guid=DCC728E5-3C4C-4983-B651-241DCEC4C405
43194.174333125,DeliverablesSetup,Computation / Recomputation,ProcessRecomputeState,,,,UIAutomatic,JobGuid=C45724F8-7B16-44D9-99F2-3D0DF6580FC3;State=UIS_RECOMPUTATION_STATE_PENDING;Scope=JobScope;RecompPercentageComplete=;MultipleRunsAffected=False;ActiveRunAffected=True;ActiveRunInProgress=False;RunCount=1;Run0Change0=Calibration;Run0Guid=DCC728E5-3C4C-4983-B651-241DCEC4C405
43194.1743342824,WLAcquisition,Calibration,Choose Available Calibration,Click,ComboBox,00:00:00.000 06-Jul-1998,UIInteraction,
43194.1743346528,WLAcquisition,Calibration,Choose Available Calibration,Click,ComboBox,00:00:00.000 06-Jul-1998,UIInteraction,
43194.1743628241,Simulation,UI Framework,Switch Tab,Click,Tab,PMIT2 : 0,UIInteraction,
43194.1743351852,WLAcquisition,Computation / Recomputation,ProcessRecomputeState,,,,UIAutomatic,JobGuid=C45724F8-7B16-44D9-99F2-3D0DF6580FC3;State=UIS_RECOMPUTATION_STATE_PENDING;Scope=JobScope;RecompPercentageComplete=;MultipleRunsAffected=False;ActiveRunAffected=True;ActiveRunInProgress=False;RunCount=1;Run0Change0=Calibration;Run0Guid=DCC728E5-3C4C-4983-B651-241DCEC4C405
43194.1745278241,WLAcquisition,PMIT-F,Ring 1,RightClick,TreeView,Ring 1,UIInteraction,TaskName=Ring 1
43194.1745417014,WLAcquisition,PMIT-F,Ring 1,Click,ContextMenu,Perform,UIInteraction,TaskName=Ring 1
43194.1745429398,WLAcquisition,Calibration,Choose Available Calibration,Click,ComboBox,Nominal,UIInteraction,
43194.1746706713,WLAcquisition,Calibration,Perform Calibration Task,Click,Button,Next,UIInteraction,TaskName=Ring 1
43194.1748172569,WLAcquisition,Calibration,Perform Calibration Task,Click,Button,Next,UIInteraction,TaskName=Ring 1
43194.174827581,DeliverablesSetup,Computation / Recomputation,ProcessRecomputeState,,,,UIAutomatic,JobGuid=C45724F8-7B16-44D9-99F2-3D0DF6580FC3;State=UIS_RECOMPUTATION_STATE_PENDING;Scope=JobScope;RecompPercentageComplete=;MultipleRunsAffected=False;ActiveRunAffected=True;ActiveRunInProgress=False;RunCount=1;Run0Change0=Calibration;Run0Guid=DCC728E5-3C4C-4983-B651-241DCEC4C405
43194.1748276042,Setup,Computation / Recomputation,ProcessRecomputeState,,,,UIAutomatic,JobGuid=C45724F8-7B16-44D9-99F2-3D0DF6580FC3;State=UIS_RECOMPUTATION_STATE_PENDING;Scope=JobScope;RecompPercentageComplete=;MultipleRunsAffected=False;ActiveRunAffected=True;ActiveRunInProgress=False;RunCount=1;Run0Change0=Calibration;Run0Guid=DCC728E5-3C4C-4983-B651-241DCEC4C405
43194.1748290741,WLAcquisition,Computation / Recomputation,ProcessRecomputeState,,,,UIAutomatic,JobGuid=C45724F8-7B16-44D9-99F2-3D0DF6580FC3;State=UIS_RECOMPUTATION_STATE_PENDING;Scope=JobScope;RecompPercentageComplete=;MultipleRunsAffected=False;ActiveRunAffected=True;ActiveRunInProgress=False;RunCount=1;Run0Change0=Calibration;Run0Guid=DCC728E5-3C4C-4983-B651-241DCEC4C405
43194.1748290509,WLAcquisition,Calibration,Choose Available Calibration,Click,ComboBox,04:11:44.663 04-Apr-2018,UIInteraction,
43194.1751155208,WLAcquisition,PMIT-F,Ring 2,RightClick,TreeView,Ring 2,UIInteraction,TaskName=Ring 2
43194.175129375,WLAcquisition,PMIT-F,Ring 2,Click,ContextMenu,Perform,UIInteraction,TaskName=Ring 2
43194.1752434375,WLAcquisition,Calibration,Perform Calibration Task,Click,Button,Next,UIInteraction,TaskName=Ring 2
43194.1753898148,WLAcquisition,Calibration,Perform Calibration Task,Click,Button,Next,UIInteraction,TaskName=Ring 2
43194.1753996065,Setup,Computation / Recomputation,ProcessRecomputeState,,,,UIAutomatic,JobGuid=C45724F8-7B16-44D9-99F2-3D0DF6580FC3;State=UIS_RECOMPUTATION_STATE_PENDING;Scope=JobScope;RecompPercentageComplete=;MultipleRunsAffected=False;ActiveRunAffected=True;ActiveRunInProgress=False;RunCount=1;Run0Change0=Calibration;Run0Guid=DCC728E5-3C4C-4983-B651-241DCEC4C405
43194.1753996065,DeliverablesSetup,Computation / Recomputation,ProcessRecomputeState,,,,UIAutomatic,JobGuid=C45724F8-7B16-44D9-99F2-3D0DF6580FC3;State=UIS_RECOMPUTATION_STATE_PENDING;Scope=JobScope;RecompPercentageComplete=;MultipleRunsAffected=False;ActiveRunAffected=True;ActiveRunInProgress=False;RunCount=1;Run0Change0=Calibration;Run0Guid=DCC728E5-3C4C-4983-B651-241DCEC4C405
43194.1754010069,WLAcquisition,Calibration,Choose Available Calibration,Click,ComboBox,04:12:34.116 04-Apr-2018,UIInteraction,
43194.1754010301,WLAcquisition,Computation / Recomputation,ProcessRecomputeState,,,,UIAutomatic,JobGuid=C45724F8-7B16-44D9-99F2-3D0DF6580FC3;State=UIS_RECOMPUTATION_STATE_PENDING;Scope=JobScope;RecompPercentageComplete=;MultipleRunsAffected=False;ActiveRunAffected=True;ActiveRunInProgress=False;RunCount=1;Run0Change0=Calibration;Run0Guid=DCC728E5-3C4C-4983-B651-241DCEC4C405
43194.1756864815,WLAcquisition,PMIT-F,Ring 3,RightClick,TreeView,Ring 3,UIInteraction,TaskName=Ring 3
43194.1757011343,WLAcquisition,PMIT-F,Ring 3,Click,ContextMenu,Perform,UIInteraction,TaskName=Ring 3
43194.1758130671,WLAcquisition,Calibration,Perform Calibration Task,Click,Button,Next,UIInteraction,TaskName=Ring 3
43194.1759596528,WLAcquisition,Calibration,Perform Calibration Task,Click,Button,Next,UIInteraction,TaskName=Ring 3
43194.1759706366,DeliverablesSetup,Computation / Recomputation,ProcessRecomputeState,,,,UIAutomatic,JobGuid=C45724F8-7B16-44D9-99F2-3D0DF6580FC3;State=UIS_RECOMPUTATION_STATE_PENDING;Scope=JobScope;RecompPercentageComplete=;MultipleRunsAffected=False;ActiveRunAffected=True;ActiveRunInProgress=False;RunCount=1;Run0Change0=Calibration;Run0Guid=DCC728E5-3C4C-4983-B651-241DCEC4C405
43194.175970706,Setup,Computation / Recomputation,ProcessRecomputeState,,,,UIAutomatic,JobGuid=C45724F8-7B16-44D9-99F2-3D0DF6580FC3;State=UIS_RECOMPUTATION_STATE_PENDING;Scope=JobScope;RecompPercentageComplete=;MultipleRunsAffected=False;ActiveRunAffected=True;ActiveRunInProgress=False;RunCount=1;Run0Change0=Calibration;Run0Guid=DCC728E5-3C4C-4983-B651-241DCEC4C405
43194.1759720833,WLAcquisition,Calibration,Choose Available Calibration,Click,ComboBox,04:13:23.366 04-Apr-2018,UIInteraction,
43194.1759721065,WLAcquisition,Computation / Recomputation,ProcessRecomputeState,,,,UIAutomatic,JobGuid=C45724F8-7B16-44D9-99F2-3D0DF6580FC3;State=UIS_RECOMPUTATION_STATE_PENDING;Scope=JobScope;RecompPercentageComplete=;MultipleRunsAffected=False;ActiveRunAffected=True;ActiveRunInProgress=False;RunCount=1;Run0Change0=Calibration;Run0Guid=DCC728E5-3C4C-4983-B651-241DCEC4C405
43194.1762349537,WLAcquisition,PMIT-F,Ring 4,RightClick,TreeView,Ring 4,UIInteraction,TaskName=Ring 4
43194.1762489699,WLAcquisition,PMIT-F,Ring 4,Click,ContextMenu,Perform,UIInteraction,TaskName=Ring 4
43194.1763609028,WLAcquisition,Calibration,Perform Calibration Task,Click,Button,Next,UIInteraction,TaskName=Ring 4
43194.1765077546,WLAcquisition,Calibration,Perform Calibration Task,Click,Button,Next,UIInteraction,TaskName=Ring 4
43194.1765172801,DeliverablesSetup,Computation / Recomputation,ProcessRecomputeState,,,,UIAutomatic,JobGuid=C45724F8-7B16-44D9-99F2-3D0DF6580FC3;State=UIS_RECOMPUTATION_STATE_PENDING;Scope=JobScope;RecompPercentageComplete=;MultipleRunsAffected=False;ActiveRunAffected=True;ActiveRunInProgress=False;RunCount=1;Run0Change0=Calibration;Run0Guid=DCC728E5-3C4C-4983-B651-241DCEC4C405
43194.1765172801,Setup,Computation / Recomputation,ProcessRecomputeState,,,,UIAutomatic,JobGuid=C45724F8-7B16-44D9-99F2-3D0DF6580FC3;State=UIS_RECOMPUTATION_STATE_PENDING;Scope=JobScope;RecompPercentageComplete=;MultipleRunsAffected=False;ActiveRunAffected=True;ActiveRunInProgress=False;RunCount=1;Run0Change0=Calibration;Run0Guid=DCC728E5-3C4C-4983-B651-241DCEC4C405
43194.1765188194,WLAcquisition,Calibration,Choose Available Calibration,Click,ComboBox,04:14:10.669 04-Apr-2018,UIInteraction,
43194.1765188426,WLAcquisition,Computation / Recomputation,ProcessRecomputeState,,,,UIAutomatic,JobGuid=C45724F8-7B16-44D9-99F2-3D0DF6580FC3;State=UIS_RECOMPUTATION_STATE_PENDING;Scope=JobScope;RecompPercentageComplete=;MultipleRunsAffected=False;ActiveRunAffected=True;ActiveRunInProgress=False;RunCount=1;Run0Change0=Calibration;Run0Guid=DCC728E5-3C4C-4983-B651-241DCEC4C405
43194.1768023958,WLAcquisition,PMIT-F,Ring 5,RightClick,TreeView,Ring 5,UIInteraction,TaskName=Ring 5
43194.176816794,WLAcquisition,PMIT-F,Ring 5,Click,ContextMenu,Perform,UIInteraction,TaskName=Ring 5
43194.1769279977,WLAcquisition,Calibration,Perform Calibration Task,Click,Button,Next,UIInteraction,TaskName=Ring 5
43194.1770749653,WLAcquisition,Calibration,Perform Calibration Task,Click,Button,Next,UIInteraction,TaskName=Ring 5
43194.1770853357,Setup,Computation / Recomputation,ProcessRecomputeState,,,,UIAutomatic,JobGuid=C45724F8-7B16-44D9-99F2-3D0DF6580FC3;State=UIS_RECOMPUTATION_STATE_PENDING;Scope=JobScope;RecompPercentageComplete=;MultipleRunsAffected=False;ActiveRunAffected=True;ActiveRunInProgress=False;RunCount=1;Run0Change0=Calibration;Run0Guid=DCC728E5-3C4C-4983-B651-241DCEC4C405
43194.1770853472,DeliverablesSetup,Computation / Recomputation,ProcessRecomputeState,,,,UIAutomatic,JobGuid=C45724F8-7B16-44D9-99F2-3D0DF6580FC3;State=UIS_RECOMPUTATION_STATE_PENDING;Scope=JobScope;RecompPercentageComplete=;MultipleRunsAffected=False;ActiveRunAffected=True;ActiveRunInProgress=False;RunCount=1;Run0Change0=Calibration;Run0Guid=DCC728E5-3C4C-4983-B651-241DCEC4C405
43194.1770869792,WLAcquisition,Calibration,Choose Available Calibration,Click,ComboBox,04:14:59.727 04-Apr-2018,UIInteraction,
43194.1770869907,WLAcquisition,Computation / Recomputation,ProcessRecomputeState,,,,UIAutomatic,JobGuid=C45724F8-7B16-44D9-99F2-3D0DF6580FC3;State=UIS_RECOMPUTATION_STATE_PENDING;Scope=JobScope;RecompPercentageComplete=;MultipleRunsAffected=False;ActiveRunAffected=True;ActiveRunInProgress=False;RunCount=1;Run0Change0=Calibration;Run0Guid=DCC728E5-3C4C-4983-B651-241DCEC4C405
43194.1773442245,WLAcquisition,Calibration,Select Calibration Report Type,Click,ComboBox,Technical Concise,UIInteraction,
43194.1773795023,WLAcquisition,Calibration,Select Calibration in Calibration Report,Click,ComboBox,Fingers Calibration,UIInteraction,
43194.1773795139,WLAcquisition,Calibration,Select Tool in Calibration Report,Click,ComboBox,PMIT-F:712,UIInteraction,ToolName=PMIT-F:712
43194.1774023958,WLAcquisition,Calibration,Select Calibration in Calibration Report,Click,ComboBox,Fingers Calibration,UIInteraction,
43194.1774803588,WLAcquisition,Calibration,Change CaliParameter,Input,TextBox,3031,UIInteraction,
43194.17748125,WLAcquisition,Calibration,Choose Available Calibration,Click,ComboBox,,UIInteraction,
43194.1774861343,Setup,Computation / Recomputation,ProcessRecomputeState,,,,UIAutomatic,JobGuid=C45724F8-7B16-44D9-99F2-3D0DF6580FC3;State=UIS_RECOMPUTATION_STATE_PENDING;Scope=JobScope;RecompPercentageComplete=;MultipleRunsAffected=False;ActiveRunAffected=True;ActiveRunInProgress=False;RunCount=1;Run0Change0=Calibration;Run0Guid=DCC728E5-3C4C-4983-B651-241DCEC4C405
43194.1774861343,DeliverablesSetup,Computation / Recomputation,ProcessRecomputeState,,,,UIAutomatic,JobGuid=C45724F8-7B16-44D9-99F2-3D0DF6580FC3;State=UIS_RECOMPUTATION_STATE_PENDING;Scope=JobScope;RecompPercentageComplete=;MultipleRunsAffected=False;ActiveRunAffected=True;ActiveRunInProgress=False;RunCount=1;Run0Change0=Calibration;Run0Guid=DCC728E5-3C4C-4983-B651-241DCEC4C405
43194.1774879051,WLAcquisition,Calibration,Choose Available Calibration,Click,ComboBox,04:15:34.379 04-Apr-2018,UIInteraction,
43194.1774887037,WLAcquisition,Computation / Recomputation,ProcessRecomputeState,,,,UIAutomatic,JobGuid=C45724F8-7B16-44D9-99F2-3D0DF6580FC3;State=UIS_RECOMPUTATION_STATE_PENDING;Scope=JobScope;RecompPercentageComplete=;MultipleRunsAffected=False;ActiveRunAffected=True;ActiveRunInProgress=False;RunCount=1;Run0Change0=Calibration;Run0Guid=DCC728E5-3C4C-4983-B651-241DCEC4C405
43194.1774820486,WLAcquisition,Calibration,Choose Available Calibration,Click,ComboBox,Incomplete,UIInteraction,
43194.1776855556,WLAcquisition,PSTP-B,Zero,RightClick,TreeView,Zero,UIInteraction,TaskName=Zero
43194.1776994444,WLAcquisition,PSTP-B,Zero,Click,ContextMenu,Perform,UIInteraction,TaskName=Zero
43194.1777002315,WLAcquisition,Calibration,Choose Available Calibration,Click,ComboBox,Nominal,UIInteraction,
43194.1777005671,WLAcquisition,Calibration,Choose Available Calibration,Click,ComboBox,Nominal,UIInteraction,
43194.1778156713,WLAcquisition,Calibration,Perform Calibration Task,Click,Button,Next,UIInteraction,TaskName=Zero
43194.1784032407,WLAcquisition,Calibration,Choose Available Calibration,Click,ComboBox,Incomplete,UIInteraction,
43194.1784926505,Simulation,UI Framework,Switch Tab,Click,Tab,PBMS-B : 2,UIInteraction,
43194.1786834144,WLAcquisition,PSTP-B,Plus,RightClick,TreeView,Plus,UIInteraction,TaskName=Plus
43194.178697338,WLAcquisition,PSTP-B,Plus,Click,ContextMenu,Perform,UIInteraction,TaskName=Plus
43194.1788901157,WLAcquisition,Calibration,Perform Calibration Task,Click,Button,Next,UIInteraction,TaskName=Plus
43194.1794804977,WLAcquisition,Calibration,Choose Available Calibration,Click,ComboBox,04:18:26.761 04-Apr-2018,UIInteraction,
43194.1795598843,WLAcquisition,Computation / Recomputation,Recompute All Pending Runs,Click,ToolbarButton,Recompute All Pending Runs,UIInteraction,
43194.17956,Setup,Computation / Recomputation,ProcessRecomputeState,,,,UIAutomatic,JobGuid=C45724F8-7B16-44D9-99F2-3D0DF6580FC3;State=UIS_RECOMPUTATION_STATE_STARTING;Scope=JobScope;RecompPercentageComplete=;MultipleRunsAffected=False;ActiveRunAffected=True;ActiveRunInProgress=True;RunCount=1;Run0Change0=Calibration;Run0Guid=DCC728E5-3C4C-4983-B651-241DCEC4C405
43194.1795600116,DeliverablesSetup,Computation / Recomputation,ProcessRecomputeState,,,,UIAutomatic,JobGuid=C45724F8-7B16-44D9-99F2-3D0DF6580FC3;State=UIS_RECOMPUTATION_STATE_STARTING;Scope=JobScope;RecompPercentageComplete=;MultipleRunsAffected=False;ActiveRunAffected=True;ActiveRunInProgress=True;RunCount=1;Run0Change0=Calibration;Run0Guid=DCC728E5-3C4C-4983-B651-241DCEC4C405
43194.1795599074,WLAcquisition,Computation / Recomputation,Start Recomputation During Acquisition,Click,ToolbarButton,Recompute All Pending Runs,UIInteraction,FeatureName=Framework.RTOOP
43194.1795603472,WLAcquisition,Computation / Recomputation,ProcessRecomputeState,,,,UIAutomatic,JobGuid=C45724F8-7B16-44D9-99F2-3D0DF6580FC3;State=UIS_RECOMPUTATION_STATE_STARTING;Scope=JobScope;RecompPercentageComplete=;MultipleRunsAffected=False;ActiveRunAffected=True;ActiveRunInProgress=True;RunCount=1;Run0Change0=Calibration;Run0Guid=DCC728E5-3C4C-4983-B651-241DCEC4C405
43194.1796399884,Setup,Computation / Recomputation,ProcessRecomputeState,,,,UIAutomatic,JobGuid=C45724F8-7B16-44D9-99F2-3D0DF6580FC3;State=UIS_RECOMPUTATION_STATE_IN_PROGRESS;Scope=JobScope;RecompPercentageComplete=;MultipleRunsAffected=False;ActiveRunAffected=True;ActiveRunInProgress=True;RunCount=1;Run0Change0=Calibration;Run0Guid=DCC728E5-3C4C-4983-B651-241DCEC4C405
43194.17964,WLAcquisition,Computation / Recomputation,ProcessRecomputeState,,,,UIAutomatic,JobGuid=C45724F8-7B16-44D9-99F2-3D0DF6580FC3;State=UIS_RECOMPUTATION_STATE_IN_PROGRESS;Scope=JobScope;RecompPercentageComplete=;MultipleRunsAffected=False;ActiveRunAffected=True;ActiveRunInProgress=True;RunCount=1;Run0Change0=Calibration;Run0Guid=DCC728E5-3C4C-4983-B651-241DCEC4C405
43194.1796400231,DeliverablesSetup,Computation / Recomputation,ProcessRecomputeState,,,,UIAutomatic,JobGuid=C45724F8-7B16-44D9-99F2-3D0DF6580FC3;State=UIS_RECOMPUTATION_STATE_IN_PROGRESS;Scope=JobScope;RecompPercentageComplete=;MultipleRunsAffected=False;ActiveRunAffected=True;ActiveRunInProgress=True;RunCount=1;Run0Change0=Calibration;Run0Guid=DCC728E5-3C4C-4983-B651-241DCEC4C405
43194.1797204861,Setup,Computation / Recomputation,ProcessRecomputeState,,,,UIAutomatic,JobGuid=C45724F8-7B16-44D9-99F2-3D0DF6580FC3;State=UIS_RECOMPUTATION_STATE_SUCCEEDED;Scope=JobScope;RecompPercentageComplete=;MultipleRunsAffected=False;ActiveRunAffected=True;ActiveRunInProgress=True;RunCount=1;Run0Change0=Calibration;Run0Guid=DCC728E5-3C4C-4983-B651-241DCEC4C405
43194.1797204861,WLAcquisition,Computation / Recomputation,ProcessRecomputeState,,,,UIAutomatic,JobGuid=C45724F8-7B16-44D9-99F2-3D0DF6580FC3;State=UIS_RECOMPUTATION_STATE_SUCCEEDED;Scope=JobScope;RecompPercentageComplete=;MultipleRunsAffected=False;ActiveRunAffected=True;ActiveRunInProgress=True;RunCount=1;Run0Change0=Calibration;Run0Guid=DCC728E5-3C4C-4983-B651-241DCEC4C405
43194.1797204977,DeliverablesSetup,Computation / Recomputation,ProcessRecomputeState,,,,UIAutomatic,JobGuid=C45724F8-7B16-44D9-99F2-3D0DF6580FC3;State=UIS_RECOMPUTATION_STATE_SUCCEEDED;Scope=JobScope;RecompPercentageComplete=;MultipleRunsAffected=False;ActiveRunAffected=True;ActiveRunInProgress=True;RunCount=1;Run0Change0=Calibration;Run0Guid=DCC728E5-3C4C-4983-B651-241DCEC4C405
43194.1799409375,WLAcquisition,PSTP-B,Plus,RightClick,TreeView,Plus,UIInteraction,TaskName=Plus
43194.1799549537,WLAcquisition,PSTP-B,Plus,Click,ContextMenu,Perform,UIInteraction,TaskName=Plus
43194.180147338,WLAcquisition,Calibration,Perform Calibration Task,Click,Button,Next,UIInteraction,TaskName=Plus
43194.1807382292,WLAcquisition,Calibration,Choose Available Calibration,Click,ComboBox,04:20:15.398 04-Apr-2018,UIInteraction,
43194.1810234028,WLAcquisition,Depth Log/Station Planning,Perform Logging Task,RightClick,TreeView,Depth Log,UIInteraction,TaskName=Depth Log
43194.1810372801,WLAcquisition,Depth Log/Station Planning,Perform Logging Task,Click,ContextMenu,Perform,UIInteraction,TaskName=Depth Log
43194.1815303125,WLAcquisition,Data Acquiring - WL,Start Depth Pass,Click,Button,Start,UIInteraction,PassGuid=88F6D380-4415-4DC3-8091-D7D6133B7489;Objective=Log;Direction=Up;Depth=3047.99238
43194.1815335764,WLAcquisition,UI Framework,Switch Tab,Click,Tab,MD,UIInteraction,
43194.181561875,Simulation,UI Framework,Switch Tab,Click,Tab,PMIT2 : 0,UIInteraction,
43194.1817039005,WLAcquisition,PMIT-F,Open Fingers,RightClick,TreeView,PMIT-F: Open Fingers,UIInteraction,TaskName=PMIT-F: Open Fingers
43194.1817178935,WLAcquisition,PMIT-F,Open Fingers,Click,ContextMenu,Perform,UIInteraction,TaskName=PMIT-F: Open Fingers
43194.1847814468,WLAcquisition,Data Acquiring - WL,Unlock Pass,Click,ToolbarButton,Click to Unlock Stop Button,UIInteraction,
43194.1849204745,WLAcquisition,Data Acquiring - WL,Stop Depth Pass,Click,Button,Stop,UIInteraction,PassGuid=88F6D380-4415-4DC3-8091-D7D6133B7489;Depth=3004.95462
43194.1856187616,WLAcquisition,Data Acquiring - WL,Start Depth Pass,Click,Button,Start,UIInteraction,PassGuid=2D173434-2A72-4CD6-81A7-D287BF60C20E;Objective=Log;Direction=Up;Depth=3039.60276
43194.1912918866,WLAcquisition,Data Acquiring - WL,Unlock Pass,Click,ToolbarButton,Click to Unlock Stop Button,UIInteraction,
43194.1914168171,WLAcquisition,Data Acquiring - WL,Stop Depth Pass,Click,Button,Stop,UIInteraction,PassGuid=2D173434-2A72-4CD6-81A7-D287BF60C20E;Depth=2959.24732
43194.1915074537,WLAcquisition,PMIT-F,Close Fingers,RightClick,TreeView,PMIT-F: Close Fingers,UIInteraction,TaskName=PMIT-F: Close Fingers
43194.1915215625,WLAcquisition,PMIT-F,Close Fingers,Click,ContextMenu,Perform,UIInteraction,TaskName=PMIT-F: Close Fingers
43194.1916309259,Simulation,UI Framework,Switch Tab,Click,Tab,PBMS-B : 2,UIInteraction,
43194.1918496643,WLAcquisition,PSTP-B,Zero,RightClick,TreeView,Zero,UIInteraction,TaskName=Zero
43194.1918638542,WLAcquisition,UI Framework,Switch Tab,Click,Tab,Calibrations,UIInteraction,
43194.1918636921,WLAcquisition,PSTP-B,Zero,Click,ContextMenu,Perform,UIInteraction,TaskName=Zero
43194.192292037,WLAcquisition,PSTP-B,Plus,RightClick,TreeView,Plus,UIInteraction,TaskName=Plus
43194.1924033333,WLAcquisition,Calibration,Perform Calibration Task,Click,Button,Next,UIInteraction,TaskName=Zero
43194.1929926273,WLAcquisition,Calibration,Choose Available Calibration,Click,ComboBox,Incomplete,UIInteraction,
43194.1930927894,Simulation,UI Framework,Switch Tab,Click,Tab,PMIT2 : 0,UIInteraction,
43194.1932996296,WLAcquisition,PMIT-F,Ring 1,RightClick,TreeView,Ring 1,UIInteraction,TaskName=Ring 1
43194.1933137153,WLAcquisition,PMIT-F,Ring 1,Click,ContextMenu,Perform,UIInteraction,TaskName=Ring 1
43194.1934427778,WLAcquisition,Calibration,Perform Calibration Task,Click,Button,Next,UIInteraction,TaskName=Ring 1
43194.1935895833,WLAcquisition,Calibration,Perform Calibration Task,Click,Button,Next,UIInteraction,TaskName=Ring 1
43194.1936025926,WLAcquisition,Calibration,Choose Available Calibration,Click,ComboBox,04:38:46.592 04-Apr-2018,UIInteraction,
43194.1935957639,WLAcquisition,Calibration,View After Calibration in Calibration Report,Click,Tab,AFTER,UIInteraction,
43194.1938967361,WLAcquisition,PMIT-F,Ring 2,RightClick,TreeView,Ring 2,UIInteraction,TaskName=Ring 2
43194.1939105787,WLAcquisition,PMIT-F,Ring 2,Click,ContextMenu,Perform,UIInteraction,TaskName=Ring 2
43194.1940238079,WLAcquisition,Calibration,Perform Calibration Task,Click,Button,Next,UIInteraction,TaskName=Ring 2
43194.1941710185,WLAcquisition,Calibration,Perform Calibration Task,Click,Button,Next,UIInteraction,TaskName=Ring 2
43194.1941828125,WLAcquisition,Calibration,Choose Available Calibration,Click,ComboBox,04:39:36.810 04-Apr-2018,UIInteraction,
43194.1944665857,WLAcquisition,PMIT-F,Ring 3,RightClick,TreeView,Ring 3,UIInteraction,TaskName=Ring 3
43194.1944804167,WLAcquisition,PMIT-F,Ring 3,Click,ContextMenu,Perform,UIInteraction,TaskName=Ring 3
43194.1945992477,WLAcquisition,Calibration,Perform Calibration Task,Click,Button,Next,UIInteraction,TaskName=Ring 3
43194.1947459722,WLAcquisition,Calibration,Perform Calibration Task,Click,Button,Next,UIInteraction,TaskName=Ring 3
43194.1947566088,WLAcquisition,Calibration,Choose Available Calibration,Click,ComboBox,04:40:26.481 04-Apr-2018,UIInteraction,
43194.1950685069,WLAcquisition,PMIT-F,Ring 4,RightClick,TreeView,Ring 4,UIInteraction,TaskName=Ring 4
43194.1950823148,WLAcquisition,PMIT-F,Ring 4,Click,ContextMenu,Perform,UIInteraction,TaskName=Ring 4
43194.1952002778,WLAcquisition,Calibration,Perform Calibration Task,Click,Button,Next,UIInteraction,TaskName=Ring 4
43194.1953473032,WLAcquisition,Calibration,Perform Calibration Task,Click,Button,Next,UIInteraction,TaskName=Ring 4
43194.1953597454,WLAcquisition,Calibration,Choose Available Calibration,Click,ComboBox,04:41:18.450 04-Apr-2018,UIInteraction,
43194.1956552199,WLAcquisition,Calibration,Select Calibration Report Type,Click,ComboBox,Technical Concise,UIInteraction,
43194.1956790741,WLAcquisition,Calibration,Select Tool in Calibration Report,Click,ComboBox,PMIT-F:712,UIInteraction,ToolName=PMIT-F:712
43194.195715081,WLAcquisition,Calibration,Select Calibration in Calibration Report,Click,ComboBox,Fingers Calibration,UIInteraction,
43194.1959022222,WLAcquisition,PMIT-F,Ring 5,RightClick,TreeView,Ring 5,UIInteraction,TaskName=Ring 5
43194.1959166667,WLAcquisition,PMIT-F,Ring 5,Click,ContextMenu,Perform,UIInteraction,TaskName=Ring 5
43194.19604,WLAcquisition,Calibration,Perform Calibration Task,Click,Button,Next,UIInteraction,TaskName=Ring 5
43194.196188287,WLAcquisition,Calibration,Perform Calibration Task,Click,Button,Next,UIInteraction,TaskName=Ring 5
43194.1962022917,WLAcquisition,Calibration,Choose Available Calibration,Click,ComboBox,04:42:31.130 04-Apr-2018,UIInteraction,
43194.1964569676,WLAcquisition,Calibration,View Before Calibration in Calibration Report,Click,Tab,BEFORE,UIInteraction,
43194.1964934491,WLAcquisition,Calibration,Change CaliParameter,Input,TextBox,20 21,UIInteraction,
43194.1964941782,WLAcquisition,Calibration,Choose Available Calibration,Click,ComboBox,,UIInteraction,
43194.196495081,WLAcquisition,Calibration,Choose Available Calibration,Click,ComboBox,Incomplete,UIInteraction,
43194.1965051736,Setup,Computation / Recomputation,ProcessRecomputeState,,,,UIAutomatic,JobGuid=C45724F8-7B16-44D9-99F2-3D0DF6580FC3;State=UIS_RECOMPUTATION_STATE_PENDING;Scope=JobScope;RecompPercentageComplete=;MultipleRunsAffected=False;ActiveRunAffected=True;ActiveRunInProgress=True;RunCount=1;Run0Change0=Calibration;Run0Guid=DCC728E5-3C4C-4983-B651-241DCEC4C405
43194.1965051852,DeliverablesSetup,Computation / Recomputation,ProcessRecomputeState,,,,UIAutomatic,JobGuid=C45724F8-7B16-44D9-99F2-3D0DF6580FC3;State=UIS_RECOMPUTATION_STATE_PENDING;Scope=JobScope;RecompPercentageComplete=;MultipleRunsAffected=False;ActiveRunAffected=True;ActiveRunInProgress=True;RunCount=1;Run0Change0=Calibration;Run0Guid=DCC728E5-3C4C-4983-B651-241DCEC4C405
43194.1965083681,WLAcquisition,Calibration,Choose Available Calibration,Click,ComboBox,04:42:57.094 04-Apr-2018,UIInteraction,
43194.1965084954,WLAcquisition,Computation / Recomputation,ProcessRecomputeState,,,,UIAutomatic,JobGuid=C45724F8-7B16-44D9-99F2-3D0DF6580FC3;State=UIS_RECOMPUTATION_STATE_PENDING;Scope=JobScope;RecompPercentageComplete=;MultipleRunsAffected=False;ActiveRunAffected=True;ActiveRunInProgress=True;RunCount=1;Run0Change0=Calibration;Run0Guid=DCC728E5-3C4C-4983-B651-241DCEC4C405
43194.1965757176,WLAcquisition,Calibration,View After Calibration in Calibration Report,Click,Tab,AFTER,UIInteraction,
43194.1966115625,WLAcquisition,Calibration,Change CaliParameter,Input,TextBox,20 21 50,UIInteraction,
43194.1966125463,WLAcquisition,Calibration,Choose Available Calibration,Click,ComboBox,,UIInteraction,
43194.1966134028,WLAcquisition,Calibration,Choose Available Calibration,Click,ComboBox,Incomplete,UIInteraction,
43194.1966213426,WLAcquisition,Calibration,Choose Available Calibration,Click,ComboBox,04:43:07.319 04-Apr-2018,UIInteraction,
43194.1966708796,WLAcquisition,Data Acquiring - WL,Unlock 3 Buttons,Click,ToolbarButton,Unlock,UIInteraction,
43194.1966730208,WLAcquisition,Data Acquiring - WL,Disable Tool Power,Click,ToolbarButton,Disable Tool Power,UIInteraction,
43194.1967836806,WLAcquisition,Data Acquiring - WL,Stop Dataflow,Click,ToolbarButton,Stop Data Flow,UIInteraction,
43194.1969022222,WLAcquisition,Data Acquiring - WL,Disconnect Hardware,Click,ToolbarButton,Disconnect From Hardware,UIInteraction,
43194.1969094676,Simulation,UI Framework,Switch Tab,Click,Tab,PSTC UI : 1,UIInteraction,
43194.1969101505,Simulation,UI Framework,Switch Tab,Click,Tab,PMIT2 : 0,UIInteraction,
43194.1969103935,Simulation,UI Framework,Switch Tab,Click,Tab,PBMS-B : 2,UIInteraction,
43194.1970057176,,Console/Job Manager,Stop Acquisition Console,Click,Button,Stop,UIInteraction,JobGuid=C45724F8-7B16-44D9-99F2-3D0DF6580FC3
43194.1971046065,Setup,Run Manager (Internal),Stop Run,Click,Button,Stop,UIInteraction,RunGuid=DCC728E5-3C4C-4983-B651-241DCEC4C405
43194.1971473495,Setup,Run Manager (Internal),Confirm to Stop Run,Click,Button,OK,UIInteraction,RunGuid=DCC728E5-3C4C-4983-B651-241DCEC4C405
43194.1971768634,Simulation,UI Framework,Close Console,Click,Button,,UIInteraction,JobGuid=C45724F8-7B16-44D9-99F2-3D0DF6580FC3
43194.1972813194,DeliverablesSetup,UI Framework,Switch View,Click,ToolbarButton,Deliverables Display View,UIInteraction,
43194.197356088,DeliverablesSetup,Deliverables - Digital,Create Job Archive,Click,ContextMenu,Create,UIInteraction,ArchiveGuid=C45724F8-7B16-44D9-99F2-3D0DF6580FC3;JobArchiveType=3.0
43194.1976046065,DeliverablesSetup,UI Framework,Close Console,Click,Button,,UIInteraction,JobGuid=C45724F8-7B16-44D9-99F2-3D0DF6580FC3
43194.1976466898,DeliverablesSetup,UI Framework,OK to Close Deliverables - Display Console,Click,Button,OK,UIInteraction,
43194.1977272338,,Console/Job Manager,Stop Setup Console,Click,Button,Stop,UIInteraction,JobGuid=C45724F8-7B16-44D9-99F2-3D0DF6580FC3
43194.197811169,,Console/Job Manager,Stop Job,Click,Button,Stop,UIInteraction,JobGuid=C45724F8-7B16-44D9-99F2-3D0DF6580FC3
