Time,Process,Component,Operation,Action,Control,ControlText,Category,Context
43194.0172268519,,Console/Job Manager,Start Job,Click,Button,Start,UIInteraction,JobName=10MSA0091;WellName=maderil;ClientName=BGCAT;StartDate=4/4/2018 12:24 AM;Workflow=D&M;Simulator=False;UnitSystem=Metric;RTBackupDir=C:\AutoBackup;JobSize=0;State=Available;SideTrackId=0;SessionID=71FD60CE-708E-47A9-A1B0-639292824904;SortOrder=1;JobGUID=B34FA7BD-FA40-49A0-9B3F-968B79AF8137;WellGUID=FA6F3E2E-318C-42CC-BBC9-078E86A79E54;BoreholeGUID=4FC89827-F291-4F62-92F7-D4B45B834FE7;MachineName=HPV01-009;UserName=Engineer;UserDomainName=HPV01-009;OS=Microsoft Windows NT 6.1.7601 Service Pack 1;StartedJobCount=0;TimeZone=00:00:00;IPAddress_1=192.168.78.126;IPAddress_2=::1;MWVersion=9.0.100745.3100
43194.0176664583,,Console/Job Manager,Start Setup Console,Click,Button,Start...,UIInteraction,JobGuid=B34FA7BD-FA40-49A0-9B3F-968B79AF8137
43194.0178331597,Setup,UI Framework,Start Console,,,Setup - Job 10MSA0091,UIAutomatic,
43194.0178705208,Setup,Equipment,New ToolString,Click,ToolbarButton,New ToolString,UIInteraction,ToolstringName=New ToolString;ToolstringGuid=96224F06-9F45-4BBA-80FE-D0EB44F2AEF1
43194.0179031366,Setup,Equipment,Rename ToolString,Input,TextBox,Run1,UIInteraction,ToolstringGuid=96224F06-9F45-4BBA-80FE-D0EB44F2AEF1
43194.0179472222,Setup,Equipment,Filter Equipment in Catalog,Input,TextBox,,UIInteraction,Text=bit
43194.0179474653,Setup,Equipment,Filter Equipment in Catalog,Input,TextBox,,UIInteraction,Text=bit
43194.0179653819,Setup,Equipment,Add Equipment from Catalog to ToolString,Click,ToolbarButton,Add to ToolString,UIInteraction,EquipmentName=PDC Bit:Generic PDC Bit
43194.0179677546,Setup,Equipment,Filter Equipment in Catalog,Input,TextBox,,UIInteraction,Text=Stabilizer
43194.017968044,Setup,Equipment,Filter Equipment in Catalog,Input,TextBox,,UIInteraction,Text=Stabilizer
43194.0179732292,Setup,Equipment,Add Equipment from Catalog to ToolString,Click,ToolbarButton,Add to ToolString,UIInteraction,EquipmentName=Stabilizer:3 1/8"
43194.0179749537,Setup,Equipment,Filter Equipment in Catalog,Input,TextBox,,UIInteraction,Text=Sub
43194.0179751968,Setup,Equipment,Filter Equipment in Catalog,Input,TextBox,,UIInteraction,Text=Sub
43194.0179814236,Setup,Equipment,Add Equipment from Catalog to ToolString,Click,ToolbarButton,Add to ToolString,UIInteraction,EquipmentName=Float Sub:4 3/4"
43194.0179829977,Setup,Equipment,Filter Equipment in Catalog,Input,TextBox,,UIInteraction,Text=ARC
43194.0179835648,Setup,Equipment,Filter Equipment in Catalog,Input,TextBox,,UIInteraction,Text=ARC
43194.0179894792,Setup,Equipment,Add Equipment from Catalog to ToolString,Click,ToolbarButton,Add to ToolString,UIInteraction,EquipmentName=ARC:4 3/4"
43194.0179982407,Setup,Equipment,Filter Equipment in Catalog,Input,TextBox,,UIInteraction,Text=ShortPulse
43194.0179980556,Setup,Equipment,Filter Equipment in Catalog,Input,TextBox,,UIInteraction,Text=ShortPulse
43194.0180025347,Setup,Equipment,Add Equipment from Catalog to ToolString,Click,ToolbarButton,Add to ToolString,UIInteraction,EquipmentName=ShortPulse:4 3/4"
43194.0180077662,Setup,Equipment,Filter Equipment in Catalog,Input,TextBox,,UIInteraction,Text=SonicScope
43194.0180078704,Setup,Equipment,Filter Equipment in Catalog,Input,TextBox,,UIInteraction,Text=SonicScope
43194.0180284259,Setup,Equipment,Filter Equipment in Catalog,Input,TextBox,,UIInteraction,Text=ADN
43194.0180121065,Setup,Equipment,Add Equipment from Catalog to ToolString,Click,ToolbarButton,Add to ToolString,UIInteraction,EquipmentName=SonicScope:4 3/4"
43194.0180285648,Setup,Equipment,Filter Equipment in Catalog,Input,TextBox,,UIInteraction,Text=ADN
43194.0180329514,Setup,Equipment,Add Equipment from Catalog to ToolString,Click,ToolbarButton,Add to ToolString,UIInteraction,EquipmentName=ADN:4 3/4" A
43194.0181766204,Setup,Properties & Parameters,Change Property Value,Update,GridCell,0.22,UIInteraction,OSDD=EP_LENGTH;EnsemblePath=Generic PDC Bit
43194.018311331,Setup,Properties & Parameters,Change Property Value,Update,GridCell,6,UIInteraction,OSDD=EP_MAX_OD;EnsemblePath=Generic PDC Bit
43194.0184561921,Setup,Properties & Parameters,Change Property Value,Update,GridCell,6,UIInteraction,OSDD=EP_NO_OF_NOZZLES;EnsemblePath=Generic PDC Bit
43194.0185639468,Setup,Units,Show Unit System Manager,Click,MenuItem,Unit System Manager,UIInteraction,
43194.018656875,Setup,Units,Change unit type,Click,ContextMenu,1/32 in,UIInteraction,OldValue=mm;UnitQuantity=OilfieldGaugeLength
43194.018748588,Setup,Units,Save unit change to a different file,Click,Button,Save As...,UIInteraction,UnitSystem=BGCAT10MSA009104APR18
43194.0187497106,Setup,Units,Select unit system,Click,ComboBox,BGCAT10MSA009104APR18,UIInteraction,
43194.0187591435,Setup,Units,Select unit system,Click,ComboBox,BGCAT10MSA009104APR18,UIInteraction,
43194.0187668981,Setup,Units,Close Unit System Manager,Click,Button,Close,UIInteraction,
43194.0188762269,Setup,Properties & Parameters,Change Property Value,Update,GridCell,14,UIInteraction,OSDD=EP_NOZZLE_SIZE1;EnsemblePath=Generic PDC Bit
43194.0190075232,Setup,Properties & Parameters,Change Property Value,Update,GridCell,14,UIInteraction,OSDD=EP_NOZZLE_SIZE2;EnsemblePath=Generic PDC Bit
43194.0191398264,Setup,Properties & Parameters,Change Property Value,Update,GridCell,12,UIInteraction,OSDD=EP_NOZZLE_SIZE3;EnsemblePath=Generic PDC Bit
43194.0192711227,Setup,Properties & Parameters,Change Property Value,Update,GridCell,12,UIInteraction,OSDD=EP_NOZZLE_SIZE4;EnsemblePath=Generic PDC Bit
43194.0194040625,Setup,Properties & Parameters,Change Property Value,Update,GridCell,12,UIInteraction,OSDD=EP_NOZZLE_SIZE5;EnsemblePath=Generic PDC Bit
43194.0195374769,Setup,Properties & Parameters,Change Property Value,Update,GridCell,12,UIInteraction,OSDD=EP_NOZZLE_SIZE6;EnsemblePath=Generic PDC Bit
43194.0196755671,Setup,Properties & Parameters,Change Property Value,Update,GridCell,6,UIInteraction,OSDD=EP_OUTER_DIAMETER;EnsemblePath=Generic PDC Bit
43194.0198130093,Setup,Properties & Parameters,Change Property Value,Update,GridCell,PDC001,UIInteraction,OSDD=EP_SERIAL_NUMBER;EnsemblePath=Generic PDC Bit
43194.0199448843,Setup,Properties & Parameters,Change Property Value,Update,GridCell,4.75,UIInteraction,OSDD=EP_BLADE_OD;EnsemblePath=Stab: 3 1/8"
43194.0200996181,Setup,Properties & Parameters,Change Property Value,Update,GridCell,1.75,UIInteraction,OSDD=EP_INNER_DIAMETER;EnsemblePath=Stab: 3 1/8"
43194.0202112847,Setup,Properties & Parameters,Change Property Value,Update,GridCell,1.75,UIInteraction,OSDD=EP_LENGTH;EnsemblePath=Stab: 3 1/8"
43194.0203456829,Setup,Properties & Parameters,Change Property Value,Update,GridCell,STB001,UIInteraction,OSDD=EP_SERIAL_NUMBER;EnsemblePath=Stab: 3 1/8"
43194.020479537,Setup,Properties & Parameters,Change Property Value,Update,GridCell,1.22,UIInteraction,OSDD=EP_LENGTH;EnsemblePath=Flt Sub: 4 3/4"
43194.0206141551,Setup,Properties & Parameters,Change Property Value,Update,GridCell,FL001,UIInteraction,OSDD=EP_SERIAL_NUMBER;EnsemblePath=Flt Sub: 4 3/4"
43194.020750544,Setup,Properties & Parameters,Change Property Value,Update,GridCell,3.2,UIInteraction,OSDD=EP_ROP_TO_TOOL_BTM;EnsemblePath=ARC5:ARC5
43194.0208860995,Setup,Properties & Parameters,Change Property Value,Update,GridCell,7.13,UIInteraction,OSDD=COMB_TOOL_LEN;EnsemblePath=ARC5:ARC5
43194.0210208565,Setup,Properties & Parameters,Change Property Value,Update,GridCell,BA001,UIInteraction,OSDD=EP_SERIAL_NUMBER;EnsemblePath=ARC5:ARC5:ADBM
43194.0211569792,Setup,Properties & Parameters,Change Property Value,Update,GridCell,Non-Mag Chassis,UIInteraction,OSDD=FileCodeDescription;EnsemblePath=ARC5:ARC5:ARDC
43194.0213661458,Setup,Properties & Parameters,Change Property Value,Update,GridCell,DC123,UIInteraction,OSDD=EP_SERIAL_NUMBER;EnsemblePath=ARC5:ARC5:ARDC
43194.0214973611,Setup,Properties & Parameters,Change Property Value,Update,GridCell,E867,UIInteraction,OSDD=EP_SERIAL_NUMBER;EnsemblePath=ARC5:ARC5:AREA
43194.0216301042,Setup,Properties & Parameters,Change Property Value,Update,GridCell,909001,UIInteraction,OSDD=EP_SERIAL_NUMBER;EnsemblePath=ARC5:ARC5:ARSS
43194.0217630093,Setup,Properties & Parameters,Change Property Value,Update,GridCell,1.9,UIInteraction,OSDD=EP_ROP_TO_TOOL_BTM;EnsemblePath=SHORT475:SHORT475
43194.0218980903,Setup,Properties & Parameters,Change Property Value,Update,GridCell,9.17,UIInteraction,OSDD=COMB_TOOL_LEN;EnsemblePath=SHORT475:SHORT475
43194.0220321991,Setup,Properties & Parameters,Change Property Value,Update,GridCell,Dc002,UIInteraction,OSDD=EP_SERIAL_NUMBER;EnsemblePath=SHORT475:SHORT475:BMDC4
43194.0221665394,Setup,Properties & Parameters,Change Property Value,Update,GridCell,E232,UIInteraction,OSDD=EP_SERIAL_NUMBER;EnsemblePath=SHORT475:SHORT475:BMPC4
43194.0222978472,Setup,Properties & Parameters,Change Property Value,Update,GridCell,Ip1,UIInteraction,OSDD=EP_SERIAL_NUMBER;EnsemblePath=SHORT475:SHORT475:IPTA
43194.0223858912,Setup,UI Framework,Switch Tab,Click,Tab,Parameters,UIInteraction,
43194.0224296528,Setup,Properties & Parameters,Change Parameter Value,Update,GridCell,0,UIInteraction,OSDD=TFO;EnsemblePath=SHORT475:SHORT475
43194.0225164583,Setup,UI Framework,Switch Tab,Click,Tab,Properties,UIInteraction,
43194.0225182639,Setup,Properties & Parameters,Show Infrequent Properties/Parameters,Click,ToolbarButton,Show Infrequent Properties,UIInteraction,
43194.0225638426,Setup,Properties & Parameters,Change Property Value,Update,GridCell,4.75,UIInteraction,OSDD=EP_OUTER_DIAMETER;EnsemblePath=SONICSCOPE4:Crossover:XOS
43194.0227500579,Setup,Properties & Parameters,Change Property Value,Update,GridCell,6.3,UIInteraction,OSDD=EP_ROP_TO_TOOL_BTM;EnsemblePath=SONICSCOPE4
43194.0228639583,Setup,Properties & Parameters,Change Property Value,Update,GridCell,90923,UIInteraction,OSDD=EP_SERIAL_NUMBER;EnsemblePath=SONICSCOPE4:Crossover:XOS
43194.0229984259,Setup,Properties & Parameters,Change Property Value,Update,GridCell,EXT00561,UIInteraction,OSDD=EP_SERIAL_NUMBER;EnsemblePath=SONICSCOPE4:Drill Collar:Lower Extender
43194.0231310648,Setup,Properties & Parameters,Change Property Value,Update,GridCell,ET325,UIInteraction,OSDD=EP_SERIAL_NUMBER;EnsemblePath=SONICSCOPE4:Drill Collar:Lower Stabilizer
43194.023267419,Setup,Properties & Parameters,Change Property Value,Update,GridCell,9.12,UIInteraction,OSDD=EP_LENGTH;EnsemblePath=SONICSCOPE4:Drill Collar:MP4DC
43194.0234073843,Setup,Properties & Parameters,Change Property Value,Update,GridCell,DCS356,UIInteraction,OSDD=EP_SERIAL_NUMBER;EnsemblePath=SONICSCOPE4:Drill Collar:MP4DC
43194.0235432176,Setup,Properties & Parameters,Change Property Value,Update,GridCell,MP436,UIInteraction,OSDD=EP_SERIAL_NUMBER;EnsemblePath=SONICSCOPE4:Drill Collar:MP4LC
43194.023675544,Setup,Properties & Parameters,Change Property Value,Update,GridCell,PU879,UIInteraction,OSDD=EP_SERIAL_NUMBER;EnsemblePath=SONICSCOPE4:Drill Collar:MP4UC
43194.0237101042,Setup,Equipment,Validate ToolString,Click,ContextMenu,Validate,UIInteraction,Validated State=TS_VALIDATION_PREVENTION;Validated Message=<ToolStringValidation><ToolStringGuid>96224F06-9F45-4BBA-80FE-D0EB44F2AEF1</ToolStringGuid><ToolStringName>Run1</ToolStringName><SourceAction>Validate</SourceAction><IsAutomatic>FALSE</IsAutomatic><Error><EquipmentGuid>C3084B1D-B0CA-4862-A794-80F60DEFEE7A</EquipmentGuid><EquipmentName>ADN4</EquipmentName><EquipmentType>Segment</EquipmentType><ErrorInfo><![CDATA[The downhole software version must be selected.
The chassis file code must be selected.
The collar file code must be selected.
]]></ErrorInfo><ValidationType>EQUIP_CONFIG_VALIDATION_PREVENTION</ValidationType></Error></ToolStringValidation>
43194.0238195023,Setup,UI Framework,Switch Tab,Click,Tab,DnI Initializations Run - 1,UIInteraction,
43194.0238320718,Setup,DnI/Survey,Select DMS,Click,RadioButton,DMS,UIInteraction,
43194.0238534259,Setup,DnI/Survey,Enter Latitude,Input,TextBox, 18 : 09 : 42.498 N,UIInteraction,
43194.0238607176,Setup,DnI/Survey,Enter Longitude,Input,TextBox, 93 : 19 : 06.820 W,UIInteraction,
43194.0238719213,Setup,UI Framework,Switch Tab,Click,Tab,Equipment,UIInteraction,
43194.023909838,Setup,DnI/Survey,Select Permanent Datum,Click,ComboBox,Mean Sea Level,UIInteraction,
43194.0239146759,Setup,DnI/Survey,Select Log Measured From,Click,ComboBox,Drill Floor,UIInteraction,
43194.0239210648,Setup,DnI/Survey,Enter Elevation of 'Log Measured From',Input,TextBox,19,UIInteraction,LogMeasuredFrom=Drill Floor
43194.0239279282,Setup,DnI/Survey,Select Add Reference to Ground Level,Click,ComboBox,Yes,UIInteraction,
43194.0239360301,Setup,DnI/Survey,Enter Elevation of ground level,Input,TextBox,10,UIInteraction,
43194.0239479051,Setup,UI Framework,Switch Tab,Click,Tab,DnI Initializations Run - 1,UIInteraction,
43194.0239667824,Setup,UI Framework,Switch Tab,Click,Tab,Equipment,UIInteraction,
43194.023984213,Setup,DnI/Survey,Enter MD,Input,TextBox,0,UIInteraction,
43194.0239885069,Setup,DnI/Survey,Enter INCL,Input,TextBox,0,UIInteraction,
43194.0239929282,Setup,DnI/Survey,Enter AZIM,Input,TextBox,0,UIInteraction,
43194.0239970949,Setup,DnI/Survey,Enter TVD,Input,TextBox,0,UIInteraction,
43194.0240018287,Setup,DnI/Survey,Enter N/-S,Input,TextBox,0,UIInteraction,
43194.0240061458,Setup,DnI/Survey,Enter E/-W,Input,TextBox,0,UIInteraction,
43194.0240298611,Setup,UI Framework,Switch Tab,Click,Tab,DnI Initializations Run - 1,UIInteraction,
43194.0240504398,Setup,UI Framework,Switch Tab,Click,Tab,Equipment,UIInteraction,
43194.0240756713,Setup,DnI/Survey,Select True North,Click,RadioButton,True North,UIInteraction,
43194.0240894329,Setup,UI Framework,Switch Tab,Click,Tab,DnI Initializations Run - 1,UIInteraction,
43194.0241178472,Setup,DnI/Survey,Compute DnI/Elevation,Click,Button,Compute,UIInteraction,
43194.024318669,Setup,UI Framework,Switch Tab,Click,Tab,Equipment,UIInteraction,
43194.0243289815,Setup,Equipment,Validate ToolString,Click,ContextMenu,Validate,UIInteraction,Validated State=TS_VALIDATION_PREVENTION;Validated Message=<ToolStringValidation><ToolStringGuid>96224F06-9F45-4BBA-80FE-D0EB44F2AEF1</ToolStringGuid><ToolStringName>Run1</ToolStringName><SourceAction>Validate</SourceAction><IsAutomatic>FALSE</IsAutomatic><Error><EquipmentGuid>C3084B1D-B0CA-4862-A794-80F60DEFEE7A</EquipmentGuid><EquipmentName>ADN4</EquipmentName><EquipmentType>Segment</EquipmentType><ErrorInfo><![CDATA[The downhole software version must be selected.
The chassis file code must be selected.
The collar file code must be selected.
]]></ErrorInfo><ValidationType>EQUIP_CONFIG_VALIDATION_PREVENTION</ValidationType></Error></ToolStringValidation>
43194.0244790972,Setup,Run Manager (Internal),Associate toolstring to run,Update,GridCell,Run1,UIInteraction,RunGuid=A0AC3E5B-8DC2-4841-ADD3-5C8DDF095ADD;ToolstringGuid=96224F06-9F45-4BBA-80FE-D0EB44F2AEF1;DownholeEquipments=ARC5SHORT475SONICSCOPE4ADN4Generic PDC BitStab: 3 1/8"Flt Sub: 4 3/4";TSLevelActiveSurfaceEquips=DRILLING_SURFACE
43194.0246124306,Setup,Equipment,Close Toolstring Validation UI,Click,Button,Close,UIInteraction,ToolstringGuid=96224F06-9F45-4BBA-80FE-D0EB44F2AEF1
43194.0246150116,Setup,UI Framework,Switch Tab,Click,Tab,DnI Initializations Run - 1,UIInteraction,
43194.0250595486,Setup,UI Framework,Switch Tab,Click,Tab,Equipment,UIInteraction,
43194.0252196412,Setup,UI Framework,Switch Tab,Click,Tab,Well Properties,UIInteraction,
43194.0252244097,Setup,Well Setup (Internal),Select Header Type,Click,ComboBox,ESF Land,UIInteraction,
43194.0252392593,Setup,Well Setup (Internal),Change Property Value,Update,GridCell,Mexico,UIInteraction,OSDD=COUN
43194.0252638773,Setup,Well Setup (Internal),Select Header Type,Click,ComboBox,ESF Land,UIInteraction,
43194.0252816667,Setup,Well Setup (Internal),Change Property Value,Update,GridCell,X=18.161805,UIInteraction,OSDD=FL1
43194.0253072917,Setup,Well Setup (Internal),Select Header Type,Click,ComboBox,ESF Land,UIInteraction,
43194.025326088,Setup,Well Setup (Internal),Change Property Value,Update,GridCell,Y=-93.318661,UIInteraction,OSDD=FL2
43194.0253508333,Setup,Well Setup (Internal),Select Header Type,Click,ComboBox,ESF Land,UIInteraction,
43194.0253690856,Setup,Well Setup (Internal),Change Property Value,Update,GridCell,Madrefil,UIInteraction,OSDD=FN
43194.0253940972,Setup,Well Setup (Internal),Select Header Type,Click,ComboBox,ESF Land,UIInteraction,
43194.0254109954,Setup,Well Setup (Internal),Change Property Value,Update,GridCell,Ground,UIInteraction,OSDD=LUL
43194.0254353357,Setup,Well Setup (Internal),Select Header Type,Click,ComboBox,ESF Land,UIInteraction,
43194.0254525926,Setup,Well Setup (Internal),Change Property Value,Update,GridCell,FX004,UIInteraction,OSDD=LUN
43194.0254774306,Setup,Well Setup (Internal),Select Header Type,Click,ComboBox,ESF Land,UIInteraction,
43194.0254954745,Setup,Well Setup (Internal),Change Property Value,Update,GridCell,Mexico,UIInteraction,OSDD=NATI
43194.0255203009,Setup,Well Setup (Internal),Select Header Type,Click,ComboBox,ESF Land,UIInteraction,
43194.0255370255,Setup,Well Setup (Internal),Change Property Value,Update,GridCell,AD2,UIInteraction,OSDD=RIGN
43194.0255617593,Setup,Well Setup (Internal),Select Header Type,Click,ComboBox,ESF Land,UIInteraction,
43194.0255804977,Setup,Well Setup (Internal),Change Property Value,Update,GridCell,Land Rig,UIInteraction,OSDD=RIGTYP
43194.0256050116,Setup,Well Setup (Internal),Select Header Type,Click,ComboBox,ESF Land,UIInteraction,
43194.0256249421,Setup,Well Setup (Internal),Change Property Value,Update,GridCell,10MSA0091,UIInteraction,OSDD=SON
43194.0256494097,Setup,Well Setup (Internal),Select Header Type,Click,ComboBox,ESF Land,UIInteraction,
43194.0256695718,Setup,Well Setup (Internal),Change Property Value,Update,GridCell,01-Sep-2010,UIInteraction,OSDD=SPUD_DATE
43194.0256944213,Setup,Well Setup (Internal),Select Header Type,Click,ComboBox,ESF Land,UIInteraction,
43194.0257138773,Setup,Well Setup (Internal),Change Property Value,Update,GridCell,Mexico,UIInteraction,OSDD=STAT
43194.0257346991,Setup,UI Framework,Switch Tab,Click,Tab,Wellbore,UIInteraction,
43194.0257392593,Setup,Well Setup (Internal),Select Run Number,Click,ComboBox,1,UIInteraction,RunGuid=A0AC3E5B-8DC2-4841-ADD3-5C8DDF095ADD
43194.0257486806,Setup,Well Setup (Internal),Enter Size for Bit Size,Update,GridCell,26,UIInteraction,Row=1;Column=Size (in);RunGuid=A0AC3E5B-8DC2-4841-ADD3-5C8DDF095ADD
43194.0257684375,Setup,Well Setup (Internal),Enter Driller Bottom for Bit Size,Update,GridCell,1000,UIInteraction,Row=1;Column=Driller Bottom (m);RunGuid=A0AC3E5B-8DC2-4841-ADD3-5C8DDF095ADD
43194.025789213,Setup,Well Setup (Internal),Select Run Number,Click,ComboBox,1,UIInteraction,RunGuid=A0AC3E5B-8DC2-4841-ADD3-5C8DDF095ADD
43194.0257953356,Setup,Well Setup (Internal),Add Row for Bit Size,Click,ToolbarButton,Add Row,UIInteraction,Row=2;RunGuid=A0AC3E5B-8DC2-4841-ADD3-5C8DDF095ADD
43194.0258020949,Setup,Well Setup (Internal),Enter Size for Bit Size,Update,GridCell,17.5,UIInteraction,Row=2;Column=Size (in);RunGuid=A0AC3E5B-8DC2-4841-ADD3-5C8DDF095ADD
43194.025820463,Setup,Well Setup (Internal),Enter Driller Bottom for Bit Size,Update,GridCell,3372,UIInteraction,Row=2;Column=Driller Bottom (m);RunGuid=A0AC3E5B-8DC2-4841-ADD3-5C8DDF095ADD
43194.0258396875,Setup,Well Setup (Internal),Select Run Number,Click,ComboBox,1,UIInteraction,RunGuid=A0AC3E5B-8DC2-4841-ADD3-5C8DDF095ADD
43194.0258452431,Setup,Well Setup (Internal),Add Row for Bit Size,Click,ToolbarButton,Add Row,UIInteraction,Row=3;RunGuid=A0AC3E5B-8DC2-4841-ADD3-5C8DDF095ADD
43194.0258521759,Setup,Well Setup (Internal),Enter Size for Bit Size,Update,GridCell,14.5,UIInteraction,Row=3;Column=Size (in);RunGuid=A0AC3E5B-8DC2-4841-ADD3-5C8DDF095ADD
43194.0258706597,Setup,Well Setup (Internal),Enter Driller Bottom for Bit Size,Update,GridCell,3847,UIInteraction,Row=3;Column=Driller Bottom (m);RunGuid=A0AC3E5B-8DC2-4841-ADD3-5C8DDF095ADD
43194.0258898264,Setup,Well Setup (Internal),Select Run Number,Click,ComboBox,1,UIInteraction,RunGuid=A0AC3E5B-8DC2-4841-ADD3-5C8DDF095ADD
43194.0258952893,Setup,Well Setup (Internal),Add Row for Bit Size,Click,ToolbarButton,Add Row,UIInteraction,Row=4;RunGuid=A0AC3E5B-8DC2-4841-ADD3-5C8DDF095ADD
43194.0259023958,Setup,Well Setup (Internal),Enter Size for Bit Size,Update,GridCell,12.25,UIInteraction,Row=4;Column=Size (in);RunGuid=A0AC3E5B-8DC2-4841-ADD3-5C8DDF095ADD
43194.0259204861,Setup,Well Setup (Internal),Enter Driller Bottom for Bit Size,Update,GridCell,5328,UIInteraction,Row=4;Column=Driller Bottom (m);RunGuid=A0AC3E5B-8DC2-4841-ADD3-5C8DDF095ADD
43194.0259396991,Setup,Well Setup (Internal),Select Run Number,Click,ComboBox,1,UIInteraction,RunGuid=A0AC3E5B-8DC2-4841-ADD3-5C8DDF095ADD
43194.0259451042,Setup,Well Setup (Internal),Add Row for Bit Size,Click,ToolbarButton,Add Row,UIInteraction,Row=5;RunGuid=A0AC3E5B-8DC2-4841-ADD3-5C8DDF095ADD
43194.025951331,Setup,Well Setup (Internal),Enter Size for Bit Size,Update,GridCell,8.5,UIInteraction,Row=5;Column=Size (in);RunGuid=A0AC3E5B-8DC2-4841-ADD3-5C8DDF095ADD
43194.0259697917,Setup,Well Setup (Internal),Enter Driller Bottom for Bit Size,Update,GridCell,6465,UIInteraction,Row=5;Column=Driller Bottom (m);RunGuid=A0AC3E5B-8DC2-4841-ADD3-5C8DDF095ADD
43194.0259888657,Setup,Well Setup (Internal),Select Run Number,Click,ComboBox,1,UIInteraction,RunGuid=A0AC3E5B-8DC2-4841-ADD3-5C8DDF095ADD
43194.0259984259,Setup,Well Setup (Internal),Enter Size for Casings,Update,GridCell,20,UIInteraction,Row=1;Column=Size (in);RunGuid=A0AC3E5B-8DC2-4841-ADD3-5C8DDF095ADD
43194.0260160532,Setup,Well Setup (Internal),Enter Driller Top for Casings,Update,GridCell,0,UIInteraction,Row=1;Column=Driller Top (m);RunGuid=A0AC3E5B-8DC2-4841-ADD3-5C8DDF095ADD
43194.0260348843,Setup,Well Setup (Internal),Enter Driller Bottom for Casings,Update,GridCell,1000,UIInteraction,Row=1;Column=Driller Bottom (m);RunGuid=A0AC3E5B-8DC2-4841-ADD3-5C8DDF095ADD
43194.0260538542,Setup,Well Setup (Internal),Enter Weight for Casings,Update,GridCell,129.3,UIInteraction,Row=1;Column=Weight (kg/m);RunGuid=A0AC3E5B-8DC2-4841-ADD3-5C8DDF095ADD
43194.0261390972,Setup,Well Setup (Internal),Enter Grade for Casings,Update,GridCell,X52,UIInteraction,Row=1;Column=Grade;RunGuid=A0AC3E5B-8DC2-4841-ADD3-5C8DDF095ADD
43194.0261571065,Setup,Well Setup (Internal),Select Run Number,Click,ComboBox,1,UIInteraction,RunGuid=A0AC3E5B-8DC2-4841-ADD3-5C8DDF095ADD
43194.0261628704,Setup,Well Setup (Internal),Add Row for Casings,Click,ToolbarButton,Add Row,UIInteraction,Row=2;RunGuid=A0AC3E5B-8DC2-4841-ADD3-5C8DDF095ADD
43194.0261706597,Setup,Well Setup (Internal),Enter Size for Casings,Update,GridCell,13.375,UIInteraction,Row=2;Column=Size (in);RunGuid=A0AC3E5B-8DC2-4841-ADD3-5C8DDF095ADD
43194.0261884954,Setup,Well Setup (Internal),Enter Driller Top for Casings,Update,GridCell,0,UIInteraction,Row=2;Column=Driller Top (m);RunGuid=A0AC3E5B-8DC2-4841-ADD3-5C8DDF095ADD
43194.0262069097,Setup,Well Setup (Internal),Enter Driller Bottom for Casings,Update,GridCell,3372,UIInteraction,Row=2;Column=Driller Bottom (m);RunGuid=A0AC3E5B-8DC2-4841-ADD3-5C8DDF095ADD
43194.0262256482,Setup,Well Setup (Internal),Enter Weight for Casings,Update,GridCell,72.92,UIInteraction,Row=2;Column=Weight (kg/m);RunGuid=A0AC3E5B-8DC2-4841-ADD3-5C8DDF095ADD
43194.0263093171,Setup,Well Setup (Internal),Enter Grade for Casings,Update,GridCell,P110,UIInteraction,Row=2;Column=Grade;RunGuid=A0AC3E5B-8DC2-4841-ADD3-5C8DDF095ADD
43194.0263273264,Setup,Well Setup (Internal),Select Run Number,Click,ComboBox,1,UIInteraction,RunGuid=A0AC3E5B-8DC2-4841-ADD3-5C8DDF095ADD
43194.0263332292,Setup,Well Setup (Internal),Add Row for Casings,Click,ToolbarButton,Add Row,UIInteraction,Row=3;RunGuid=A0AC3E5B-8DC2-4841-ADD3-5C8DDF095ADD
43194.0263408333,Setup,Well Setup (Internal),Enter Size for Casings,Update,GridCell,11.75,UIInteraction,Row=3;Column=Size (in);RunGuid=A0AC3E5B-8DC2-4841-ADD3-5C8DDF095ADD
43194.0263595139,Setup,Well Setup (Internal),Enter Driller Top for Casings,Update,GridCell,3138,UIInteraction,Row=3;Column=Driller Top (m);RunGuid=A0AC3E5B-8DC2-4841-ADD3-5C8DDF095ADD
43194.0263783565,Setup,Well Setup (Internal),Enter Driller Bottom for Casings,Update,GridCell,3847,UIInteraction,Row=3;Column=Driller Bottom (m);RunGuid=A0AC3E5B-8DC2-4841-ADD3-5C8DDF095ADD
43194.0263974306,Setup,Well Setup (Internal),Enter Weight for Casings,Update,GridCell,65.48,UIInteraction,Row=3;Column=Weight (kg/m);RunGuid=A0AC3E5B-8DC2-4841-ADD3-5C8DDF095ADD
43194.0264220486,Setup,Well Setup (Internal),Enter Liner Hanger for Casings,Update,GridCell,Yes,UIInteraction,Row=3;Column=Liner Hanger;RunGuid=A0AC3E5B-8DC2-4841-ADD3-5C8DDF095ADD
43194.0264407176,Setup,Well Setup (Internal),Select Run Number,Click,ComboBox,1,UIInteraction,RunGuid=A0AC3E5B-8DC2-4841-ADD3-5C8DDF095ADD
43194.0264464583,Setup,Well Setup (Internal),Add Row for Casings,Click,ToolbarButton,Add Row,UIInteraction,Row=4;RunGuid=A0AC3E5B-8DC2-4841-ADD3-5C8DDF095ADD
43194.0264538657,Setup,Well Setup (Internal),Enter Size for Casings,Update,GridCell,9.625,UIInteraction,Row=4;Column=Size (in);RunGuid=A0AC3E5B-8DC2-4841-ADD3-5C8DDF095ADD
43194.0264713773,Setup,Well Setup (Internal),Enter Driller Top for Casings,Update,GridCell,0,UIInteraction,Row=4;Column=Driller Top (m);RunGuid=A0AC3E5B-8DC2-4841-ADD3-5C8DDF095ADD
43194.0264900579,Setup,Well Setup (Internal),Enter Driller Bottom for Casings,Update,GridCell,5328,UIInteraction,Row=4;Column=Driller Bottom (m);RunGuid=A0AC3E5B-8DC2-4841-ADD3-5C8DDF095ADD
43194.0265078009,Setup,Well Setup (Internal),Enter Weight for Casings,Update,GridCell,62.5,UIInteraction,Row=4;Column=Weight (kg/m);RunGuid=A0AC3E5B-8DC2-4841-ADD3-5C8DDF095ADD
43194.0265273148,Setup,Well Setup (Internal),Select Run Number,Click,ComboBox,1,UIInteraction,RunGuid=A0AC3E5B-8DC2-4841-ADD3-5C8DDF095ADD
43194.0265333449,Setup,Well Setup (Internal),Add Row for Casings,Click,ToolbarButton,Add Row,UIInteraction,Row=5;RunGuid=A0AC3E5B-8DC2-4841-ADD3-5C8DDF095ADD
43194.0265389931,Setup,Well Setup (Internal),Enter Size for Casings,Update,GridCell,7,UIInteraction,Row=5;Column=Size (in);RunGuid=A0AC3E5B-8DC2-4841-ADD3-5C8DDF095ADD
43194.0265575926,Setup,Well Setup (Internal),Enter Driller Top for Casings,Update,GridCell,4196,UIInteraction,Row=5;Column=Driller Top (m);RunGuid=A0AC3E5B-8DC2-4841-ADD3-5C8DDF095ADD
43194.0265764236,Setup,Well Setup (Internal),Enter Driller Bottom for Casings,Update,GridCell,6465,UIInteraction,Row=5;Column=Driller Bottom (m);RunGuid=A0AC3E5B-8DC2-4841-ADD3-5C8DDF095ADD
43194.026595463,Setup,Well Setup (Internal),Enter Weight for Casings,Update,GridCell,35.72,UIInteraction,Row=5;Column=Weight (kg/m);RunGuid=A0AC3E5B-8DC2-4841-ADD3-5C8DDF095ADD
43194.0266211574,Setup,Well Setup (Internal),Enter Liner Hanger for Casings,Update,GridCell,Yes,UIInteraction,Row=5;Column=Liner Hanger;RunGuid=A0AC3E5B-8DC2-4841-ADD3-5C8DDF095ADD
43194.0266352662,Setup,UI Framework,Switch Tab,Click,Tab,Equipment,UIInteraction,
43194.0266991782,Setup,UI Framework,Switch Tab,Click,Tab,Parameters,UIInteraction,
43194.0267483565,Setup,Properties & Parameters,Change Parameter Value,Update,GridCell,Oil,UIInteraction,OSDD=DFT_CATEGORY;EnsemblePath=Borehole
43194.0269251042,Setup,Properties & Parameters,Change Parameter Value,Update,GridCell,Synthetic Oil,UIInteraction,OSDD=DFT_OIL;EnsemblePath=Borehole
43194.0271465741,Setup,Properties & Parameters,Change Parameter Value,Update,GridCell,0.8,UIInteraction,OSDD=BHK;EnsemblePath=Borehole
43194.0272899769,Setup,Properties & Parameters,Change Parameter Value,Update,GridCell,37957,UIInteraction,OSDD=BSAL;EnsemblePath=Borehole
43194.0274321644,Setup,Properties & Parameters,Change Parameter Value,Update,GridCell,1.65,UIInteraction,OSDD=DFD;EnsemblePath=Borehole
43194.0274659259,,Console/Job Manager,Start Deliverables Console,Click,Button,Start...,UIInteraction,JobGuid=B34FA7BD-FA40-49A0-9B3F-968B79AF8137
43194.0275482292,DeliverablesSetup,Tier Manager,Tier Template Created for Tools in My Equipment,,,ARC5 Tier Created,Deliverables Console,
43194.0275487384,DeliverablesSetup,Tier Manager,Tier Template Created for Tools in My Equipment,,,SHORT475 Tier Created,Deliverables Console,
43194.0275488194,DeliverablesSetup,Tier Manager,Tier Template Created for Tools in My Equipment,,,ADN4 Tier Created,Deliverables Console,
43194.027548912,DeliverablesSetup,Tier Manager,Tier Template Created for Tools in My Equipment,,,SONICSCOPE4 Tier Created,Deliverables Console,
43194.0276278588,DeliverablesSetup,UI Framework,Start Console,,,Deliverables Console Setup - Job 10MSA0091,UIAutomatic,
43194.0276596412,DeliverablesSetup,UI Framework,Switch View,Click,ToolbarButton,Deliverables Display View,UIInteraction,
43194.0277359144,DeliverablesSetup,Deliverables - Digital,Create Job Archive,Click,ContextMenu,Create,UIInteraction,ArchiveGuid=B34FA7BD-FA40-49A0-9B3F-968B79AF8137;JobArchiveType=3.0
43194.0280997454,DeliverablesSetup,UI Framework,Close Console,Click,Button,,UIInteraction,JobGuid=B34FA7BD-FA40-49A0-9B3F-968B79AF8137
43194.0281388194,DeliverablesSetup,UI Framework,OK to Close Deliverables - Display Console,Click,Button,OK,UIInteraction,
43194.0282189468,,Console/Job Manager,Stop Setup Console,Click,Button,Stop,UIInteraction,JobGuid=B34FA7BD-FA40-49A0-9B3F-968B79AF8137
43194.0283590509,,Console/Job Manager,Stop Job,Click,Button,Stop,UIInteraction,JobGuid=B34FA7BD-FA40-49A0-9B3F-968B79AF8137
