43193.8541587153,,UI Framework,Initialize Maxwell Manager Process Name,,,Initialize Maxwell Manager Process Name,,
43193.854175706,,UI Framework,Start Console,,,Maxwell Manager,UIAutomatic,MachineName=HPV04-010;UserName=Engineer;UserDomainName=HPV04-010;OS=Microsoft Windows NT 6.1.7601 Service Pack 1;TimeZone=00:00:00;IPAddress_1=192.168.78.223;IPAddress_2=::1;MWVersion=9.0.100733.3100
43193.8544130093,,Console/Job Manager,Import Job Archive,Click,ContextMenu,Create Import,UIInteraction,
43193.8544191319,,Import/Export & Backup/Restore,Select file to import,Click,Button,...,UIInteraction,
43193.8544253588,,Import/Export & Backup/Restore,OK to select file,,,,UIAutomatic,FilePath=\\srv004bgc.dir.slb.com\MaxwellAT\TestData\TestData\Phase3\JobArchive\DnM_SWF_ARC6_ADN6_Sonic6_ACQ.Dlis
43193.8544771065,,Import/Export & Backup/Restore,Start Import,Click,Button,Import,UIInteraction,FilePath=\\srv004bgc.dir.slb.com\MaxwellAT\TestData\TestData\Phase3\JobArchive\DnM_SWF_ARC6_ADN6_Sonic6_ACQ.Dlis
43193.8551056134,,Import/Export & Backup/Restore,Close Import UI,Click,Button,Close,UIInteraction,
43193.8552444907,,Console/Job Manager,Select Auto Backup Folder,Click,ComboBox,C:\AutoBackup,UIInteraction,
43193.8791497338,,UI Framework,Close Console,Click,Button,,UIInteraction,
