43194.1260990046,,UI Framework,Start Console,,,Maxwell Manager,UIAutomatic,MachineName=HPV02-013;UserName=Engineer;UserDomainName=HPV02-013;OS=Microsoft Windows NT 6.1.7601 Service Pack 1;TimeZone=00:00:00;IPAddress_1=192.168.78.147;IPAddress_2=::1;MWVersion=9.0.100745.3100
43194.1262005556,,Console/Job Manager,New Job,Click,Button,New,UIInteraction,
43194.126225463,,Console/Job Manager,Input Job Name,Input,TextBox,Viceroy-PE,UIInteraction,
43194.126274919,,Console/Job Manager,Input Client Name,Input,TextBox,BGCAT,UIInteraction,
43194.1263748958,,Console/Job Manager,Select Workflow,Click,ComboBox,PerfoExpress,UIInteraction,
43194.1264144676,,Console/Job Manager,Check Simulator,Click,CheckBox,Simulator,UIInteraction,CheckState=True
43194.1266134606,,Console/Job Manager,Select Auto Backup Folder,Click,ComboBox,C:\AutoBackup,UIInteraction,
43194.131830787,,UI Framework,Switch Tab,Click,Tab,Job: Viceroy-PE,UIInteraction,
43194.1930045486,,UI Framework,Switch Tab,Click,Tab,Messages: Job Independent,UIInteraction,
43194.19301125,,UI Framework,Close Console,Click,Button,,UIInteraction,
