43193.8498336921,,UI Framework,Initialize Maxwell Manager Process Name,,,Initialize Maxwell Manager Process Name,,
43193.8498511343,,UI Framework,Start Console,,,Maxwell Manager,UIAutomatic,MachineName=HPV04-012;UserName=Engineer;UserDomainName=HPV04-012;OS=Microsoft Windows NT 6.1.7601 Service Pack 1;TimeZone=00:00:00;IPAddress_1=192.168.78.217;IPAddress_2=::1;MWVersion=9.0.100733.3100
43193.8500880324,,Console/Job Manager,Import Job Archive,Click,ContextMenu,Create Import,UIInteraction,
43193.8500945139,,Import/Export & Backup/Restore,Select file to import,Click,Button,...,UIInteraction,
43193.8501009259,,Import/Export & Backup/Restore,OK to select file,,,,UIAutomatic,FilePath=\\srv004bgc.dir.slb.com\MaxwellAT\TestData\TestData\Phase3\JobArchive\DnM_SWF_MP3_ACQ.Dlis
43193.8501527546,,Import/Export & Backup/Restore,Start Import,Click,Button,Import,UIInteraction,FilePath=\\srv004bgc.dir.slb.com\MaxwellAT\TestData\TestData\Phase3\JobArchive\DnM_SWF_MP3_ACQ.Dlis
43193.8507715741,,Import/Export & Backup/Restore,Close Import UI,Click,Button,Close,UIInteraction,
43193.8509036921,,Console/Job Manager,Select Auto Backup Folder,Click,ComboBox,C:\AutoBackup,UIInteraction,
43193.9013480324,,UI Framework,Close Console,Click,Button,,UIInteraction,
