Time,Process,Component,Operation,Action,Control,ControlText,Category,Context
43194.0313894329,,Console/Job Manager,Start Job,Click,Button,Start,UIInteraction,JobName=10MSA0091;WellName=maderil;ClientName=PEMEX;StartDate=4/4/2018 12:45 AM;Workflow=D&M;Simulator=False;UnitSystem=PEMEX10MSA009108APR15;JobSize=0;State=Available;SideTrackId=0;SessionID=5994DA7C-EEB4-471A-BB2B-3EC7FFDBBC6D;SortOrder=1;JobGUID=37581E69-834E-4FD0-8A92-C4FF8323AAF6;WellGUID=A6F073E2-EC2B-493E-BBCC-B08F27EC6AC7;BoreholeGUID=FEC71EB8-F5D5-4FB0-BEE0-53E4EDB1ED24;MachineName=HPV01-009;UserName=Engineer;UserDomainName=HPV01-009;OS=Microsoft Windows NT 6.1.7601 Service Pack 1;StartedJobCount=0;TimeZone=00:00:00;IPAddress_1=192.168.78.126;IPAddress_2=::1;MWVersion=9.0.100745.3100
43194.0316641551,,Console/Job Manager,Stop Job,Click,Button,Stop,UIInteraction,JobGuid=37581E69-834E-4FD0-8A92-C4FF8323AAF6
43194.0318444907,,Console/Job Manager,Start Job,Click,Button,Start,UIInteraction,JobName=10MSA0091;WellName=maderil;ClientName=PEMEX;StartDate=4/4/2018 12:45 AM;Workflow=D&M;Simulator=False;UnitSystem=PEMEX10MSA009108APR15;RTBackupDir=C:\AutoBackup;JobSize=0;State=Available;SideTrackId=0;SessionID=5994DA7C-EEB4-471A-BB2B-3EC7FFDBBC6D;SortOrder=1;JobGUID=37581E69-834E-4FD0-8A92-C4FF8323AAF6;WellGUID=A6F073E2-EC2B-493E-BBCC-B08F27EC6AC7;BoreholeGUID=FEC71EB8-F5D5-4FB0-BEE0-53E4EDB1ED24;MachineName=HPV01-009;UserName=Engineer;UserDomainName=HPV01-009;OS=Microsoft Windows NT 6.1.7601 Service Pack 1;StartedJobCount=0;TimeZone=00:00:00;IPAddress_1=192.168.78.126;IPAddress_2=::1;MWVersion=9.0.100745.3100
43194.0326093171,,Console/Job Manager,Start Setup Console,Click,Button,Start...,UIInteraction,JobGuid=37581E69-834E-4FD0-8A92-C4FF8323AAF6
43194.0327002315,Setup,UI Framework,Start Console,,,Setup - Job 10MSA0091,UIAutomatic,
43194.0327170833,,Console/Job Manager,Start Deliverables Console,Click,Button,Start...,UIInteraction,JobGuid=37581E69-834E-4FD0-8A92-C4FF8323AAF6
43194.0327643634,DeliverablesSetup,Tier Manager,Tier Template Created for Tools in My Equipment,,,ADN4 Tier Created,Deliverables Console,
43194.0327644676,DeliverablesSetup,Tier Manager,Tier Template Created for Tools in My Equipment,,,SONICSCOPE4 Tier Created,Deliverables Console,
43194.0327645602,DeliverablesSetup,Tier Manager,Tier Template Created for Tools in My Equipment,,,SHORT475 Tier Created,Deliverables Console,
43194.0327646528,DeliverablesSetup,Tier Manager,Tier Template Created for Tools in My Equipment,,,ARC5 Tier Created,Deliverables Console,
43194.0327736111,DeliverablesSetup,UI Framework,Start Console,,,Deliverables Console Setup - Job 10MSA0091,UIAutomatic,
43194.0329327431,Setup,UI Framework,Switch Tab,Click,Tab,DnI Initializations Run - 1,UIInteraction,
43194.0329921412,Setup,Run Manager (Internal),Start Run,Click,Button,Start,UIInteraction,RunGuid=A92E5407-BE3C-4047-BED8-EEA517418A6A;ToolstringGuid=B7398C6F-E5D0-43EA-8FFC-71BA426B5F89;DownholeEquipments=Generic PDC Bit:Stab: 3 1/8":Flt Sub: 4 3/4":ARC5:SHORT475:SONICSCOPE4:ADN4;TSLevelActiveSurfaceEquips=DRILLING_SURFACE
43194.0331075347,Setup,Equipment,Activate Run,Click,Button,Activate,UIInteraction,ToolstringGuid=B7398C6F-E5D0-43EA-8FFC-71BA426B5F89;DownholeEquipments=Generic PDC Bit:Stab: 3 1/8":Flt Sub: 4 3/4":ARC5:SHORT475:SONICSCOPE4:ADN4;TSLevelActiveSurfaceEquips=DRILLING_SURFACE
43194.0332622917,DnMAcquisition,Data Acquiring - D&M,HSPM Control/Set Recover Buffer,Click,ComboBox,No,UIInteraction,
43194.0332622685,DnMAcquisition,Data Acquiring - D&M,HSPM Control/Set Location,Click,ComboBox,LOCAL,UIInteraction,
43194.0332975579,DnMAcquisition,UI Framework,Start Console,,,Acquisition Console - Job 10MSA0091 - Run 1,UIAutomatic,
43194.034247338,DnMAcquisition,Manage Tasks,HSPM Control,DoubleClick,TreeView,HSPM Control,UIInteraction,TaskName=HSPM Control
43194.0342686574,DnMAcquisition,Data Acquiring - D&M,HSPM Control/Set Recover Buffer,Click,ComboBox,Yes,UIInteraction,
43194.0342845139,DnMAcquisition,Data Acquiring - D&M,HSPM Control/Connect HSPM,Click,Button,Connect,UIInteraction,
43194.0348663079,DnMAcquisition,UI Framework,Switch Tab,Click,Tab,Data Gauges,UIInteraction,
43194.0348822338,DnMAcquisition,Data Gauge / Alerts,Launch Alarm Manager,Click,ToolbarButton,Launch Alarms Manager...,UIInteraction,
43194.0348849884,DnMAcquisition,UI Framework,Switch Tab,Click,Tab,Alarms,UIInteraction,
43194.0349330324,DnMAcquisition,Data Gauge / Alerts,View Alarms,Click,Tab,Application,UIInteraction,
43194.042221169,DnMAcquisition,UI Framework,Switch Tab,Click,Tab,Picture,UIInteraction,
43194.0428114931,DnMAcquisition,UI Framework,Switch Tab,Click,Tab,Data Gauges,UIInteraction,
43194.0428769329,DnMAcquisition,UI Framework,Switch Tab,Click,Tab,Time,UIInteraction,
43194.0429738079,DnMAcquisition,Data Explorer,Change Focused Item to Current Run,Click,ToolbarButton,Current Run,UIInteraction,
43194.042973831,DnMAcquisition,Data Explorer,Change Current Focused Item,,,,UIAutomatic,EntityName=Run 1;EntityType=16;EntityGuid=A92E5407-BE3C-4047-BED8-EEA517418A6A
43194.0430122338,DnMAcquisition,Data Explorer,Change Current Focused Item,,,,UIAutomatic,EntityName=TimeLogicalAcq;EntityType=32;EntityGuid=11023C5A-DD2D-465F-A469-02FB4B2938E8
43194.0430412384,DnMAcquisition,Data Explorer,Click OK Button,Click,Button,OK,UIInteraction,Selection=BLKP_BPOS_Height of block above rig floor_DRILLING_SURFACE_1___
43194.0430586458,DnMAcquisition,UI Framework,Switch Tab,Click,Tab,Data Gauges,UIInteraction,
43194.0431363542,DnMAcquisition,Data Gauge / Alerts,Add Data Gauge,Click,ToolbarButton,Add Data Gauges...,UIInteraction,
43194.0432623032,DnMAcquisition,Data Explorer,Change Current Focused Item,,,,UIAutomatic,EntityName=Run 1;EntityType=16;EntityGuid=A92E5407-BE3C-4047-BED8-EEA517418A6A
43194.0432622917,DnMAcquisition,Data Explorer,Change Focused Item to Up-Level,Click,ToolbarButton,Level Up,UIInteraction,
43194.0433420139,DnMAcquisition,Data Explorer,Change Focused Item to Up-Level,Click,ToolbarButton,Level Up,UIInteraction,
43194.0433420255,DnMAcquisition,Data Explorer,Change Current Focused Item,,,,UIAutomatic,EntityName=maderil;EntityType=8;EntityGuid=FEC71EB8-F5D5-4FB0-BEE0-53E4EDB1ED24
43194.0434206366,DnMAcquisition,Data Explorer,Change Focused Item to Up-Level,Click,ToolbarButton,Level Up,UIInteraction,
43194.0434206482,DnMAcquisition,Data Explorer,Change Current Focused Item,,,,UIAutomatic,EntityName=maderil;EntityType=4;EntityGuid=A6F073E2-EC2B-493E-BBCC-B08F27EC6AC7
43194.0435067593,DnMAcquisition,Data Explorer,Change Focused Item to Up-Level,Click,ToolbarButton,Level Up,UIInteraction,
43194.0435067708,DnMAcquisition,Data Explorer,Change Current Focused Item,,,,UIAutomatic,EntityName=10MSA0091;EntityType=2;EntityGuid=37581E69-834E-4FD0-8A92-C4FF8323AAF6
43194.0436108912,DnMAcquisition,Data Explorer,Change Current Focused Item,,,,UIAutomatic,EntityName=maderil;EntityType=4;EntityGuid=A6F073E2-EC2B-493E-BBCC-B08F27EC6AC7
43194.0436679051,DnMAcquisition,Data Explorer,Change Current Focused Item,,,,UIAutomatic,EntityName=maderil;EntityType=8;EntityGuid=FEC71EB8-F5D5-4FB0-BEE0-53E4EDB1ED24
43194.0437242014,DnMAcquisition,Data Explorer,Change Current Focused Item,,,,UIAutomatic,EntityName=Run 1;EntityType=16;EntityGuid=A92E5407-BE3C-4047-BED8-EEA517418A6A
43194.0437810185,DnMAcquisition,Data Explorer,Change Current Focused Item,,,,UIAutomatic,EntityName=TimeLogicalAcq;EntityType=32;EntityGuid=11023C5A-DD2D-465F-A469-02FB4B2938E8
43194.0438480556,DnMAcquisition,Data Explorer,Click OK Button,Click,Button,OK,UIInteraction,Selection=ED_ED_East Departure_DnMWorkflow_1___
43194.0438481366,DnMAcquisition,Data Gauge / Alerts,Select Channel in Channel Selection Dialog,Click,Button,OK,UIInteraction,Channel OSDD=ED
43194.0440033102,DnMAcquisition,UI Framework,Switch Tab,Click,Tab,Time,UIInteraction,
43194.0440706018,DnMAcquisition,UI Framework,Switch Tab,Click,Tab,Data Gauges,UIInteraction,
43194.0442024074,DnMAcquisition,UI Framework,Switch Tab,Click,Tab,Time,UIInteraction,
43194.0442490741,DnMAcquisition,UI Framework,Switch Tab,Click,Tab,Alarms,UIInteraction,
43194.0442899884,DnMAcquisition,UI Framework,Switch Tab,Click,Tab,Time,UIInteraction,
43194.0442906134,DnMAcquisition,UI Framework,Switch Tab,Click,Tab,Data Gauges,UIInteraction,
43194.0443454051,DnMAcquisition,UI Framework,Switch Tab,Click,Tab,Alarms,UIInteraction,
43194.0444103935,DnMAcquisition,UI Framework,Switch Tab,Click,Tab,Data Gauges,UIInteraction,
43194.0444332755,DnMAcquisition,Data Gauge / Alerts,Launch Alarm Manager,Click,ToolbarButton,Launch Alarms Manager...,UIInteraction,
43194.0444333218,DnMAcquisition,UI Framework,Switch Tab,Click,Tab,Alarms,UIInteraction,
43194.0444505903,DnMAcquisition,Data Gauge / Alerts,View Alarms,Click,Tab,User,UIInteraction,
43194.0446712963,DnMAcquisition,Data Gauge / Alerts,Enable/Disable Alarm,Click,CheckBox,BLKP,UIInteraction,CheckState=True
43194.0446786574,DnMAcquisition,Data Gauge / Alerts,Enable/Disable Display Gauge,Click,CheckBox,BLKP,UIInteraction,CheckState=True
43194.044675463,DnMAcquisition,Data Gauge / Alerts,Enable/Disable Beep,Click,CheckBox,BLKP,UIInteraction,CheckState=True
43194.0447013657,DnMAcquisition,UI Framework,Switch Tab,Click,Tab,Data Gauges,UIInteraction,
43194.0447958565,DnMAcquisition,UI Framework,Switch Tab,Click,Tab,Time,UIInteraction,
43194.0448613773,DnMAcquisition,UI Framework,Switch Tab,Click,Tab,Data Gauges,UIInteraction,
43194.0449981019,DnMAcquisition,UI Framework,Switch Tab,Click,Tab,Time,UIInteraction,
43194.0450576852,DnMAcquisition,UI Framework,Switch Tab,Click,Tab,Data Gauges,UIInteraction,
43194.0452004977,DnMAcquisition,UI Framework,Switch Tab,Click,Tab,Time,UIInteraction,
43194.0452496412,DnMAcquisition,Data Gauge / Alerts,Set Data Gauge Columns,Click,ComboBox,Set Number of Columns,UIInteraction,
43194.0452702083,DnMAcquisition,UI Framework,Switch Tab,Click,Tab,Data Gauges,UIInteraction,
43194.0454164583,DnMAcquisition,UI Framework,Switch Tab,Click,Tab,Time,UIInteraction,
43194.0454683449,DnMAcquisition,Data Gauge / Alerts,Move Right Data Gauge,Click,ToolbarButton,Move Right,UIInteraction,Channel OSDD= BLKP
43194.0454875,DnMAcquisition,UI Framework,Switch Tab,Click,Tab,Data Gauges,UIInteraction,
43194.0456375694,DnMAcquisition,UI Framework,Switch Tab,Click,Tab,Time,UIInteraction,
43194.0457068056,DnMAcquisition,UI Framework,Switch Tab,Click,Tab,Data Gauges,UIInteraction,
43194.0458000579,DnMAcquisition,Data Gauge / Alerts,Save Data Gauge Layout,Click,ToolbarButton,Save Data Gauge Layout As...,UIInteraction,
43194.0458103241,DnMAcquisition,Data Gauge / Alerts,Save Data Gauge Layout,Click,Button,OK,UIInteraction,FileName=C:\TestComplete\RT_DataGuage.XML
43194.0459162037,DnMAcquisition,UI Framework,Switch Tab,Click,Tab,Time,UIInteraction,
43194.0459874884,DnMAcquisition,UI Framework,Switch Tab,Click,Tab,Data Gauges,UIInteraction,
43194.0461180787,DnMAcquisition,UI Framework,Switch Tab,Click,Tab,Alarms,UIInteraction,
43194.0461300231,DnMAcquisition,Data Gauge / Alerts,View Alarms,Click,Tab,Application,UIInteraction,
43194.0461833565,DnMAcquisition,UI Framework,Switch Tab,Click,Tab,Data Gauges,UIInteraction,
43194.0461986921,DnMAcquisition,Data Gauge / Alerts,Launch Alarm Manager,Click,ToolbarButton,Launch Alarms Manager...,UIInteraction,
43194.0461987384,DnMAcquisition,UI Framework,Switch Tab,Click,Tab,Alarms,UIInteraction,
43194.0462138194,DnMAcquisition,Data Gauge / Alerts,View Alarms,Click,Tab,User,UIInteraction,
43194.0463023148,DnMAcquisition,UI Framework,Switch Tab,Click,Tab,Data Gauges,UIInteraction,
43194.0463963657,DnMAcquisition,UI Framework,Switch Tab,Click,Tab,Time,UIInteraction,
43194.046448206,DnMAcquisition,Data Gauge / Alerts,Highlight Data Gauge,Click,ToolbarButton,Highlight,UIInteraction,Channel OSDD= BLKP
43194.0464659722,DnMAcquisition,UI Framework,Switch Tab,Click,Tab,Data Gauges,UIInteraction,
43194.0466078704,DnMAcquisition,UI Framework,Switch Tab,Click,Tab,Time,UIInteraction,
43194.0466609606,DnMAcquisition,Data Gauge / Alerts,Highlight Data Gauge,Click,ToolbarButton,Stop Highlight,UIInteraction,Channel OSDD= BLKP
43194.0466788426,DnMAcquisition,UI Framework,Switch Tab,Click,Tab,Data Gauges,UIInteraction,
43194.0468196643,DnMAcquisition,UI Framework,Switch Tab,Click,Tab,Time,UIInteraction,
43194.0468658796,DnMAcquisition,Data Gauge / Alerts,Change Data Gauge Unit,Click,ComboBox,Metric,UIInteraction,
43194.0468847222,DnMAcquisition,UI Framework,Switch Tab,Click,Tab,Data Gauges,UIInteraction,
43194.0469396065,DnMAcquisition,UI Framework,Switch Tab,Click,Tab,Tasks,UIInteraction,
43194.0470269213,DnMAcquisition,Data Tasks,Parameters,DoubleClick,TreeView,Parameters,UIInteraction,TaskName=Parameters
43194.0472330208,DnMAcquisition,Properties & Parameters,Change Parameter Value,Update,GridCell,1.2,UIInteraction,OSDD=FLEV;EnsemblePath=Borehole
43194.0472645949,,Console/Job Manager,Start Rig Floor Console,Click,Button,Start...,UIInteraction,JobGuid=37581E69-834E-4FD0-8A92-C4FF8323AAF6
43194.0472915509,RigFloor,UI Framework,Start Console,,,Rig Floor Console - Job 10MSA0091,UIAutomatic,
43194.0473119097,,Console/Job Manager,Start Witness Console Console,Click,Button,Start...,UIInteraction,JobGuid=37581E69-834E-4FD0-8A92-C4FF8323AAF6
43194.0473242477,Witness,UI Framework,Start Console,,,Witness Console - Job 10MSA0091,UIAutomatic,
43194.0474221065,WitnessDisplay,UI Framework,Start Console,,,Witness Display Console - Drilling View - Job 10MSA0091,UIAutomatic,
43194.0480928472,,Console/Job Manager,Stop Rig Floor Console,Click,Button,Stop,UIInteraction,JobGuid=37581E69-834E-4FD0-8A92-C4FF8323AAF6
43194.0486690625,DnMAcquisition,Data Tasks,Depth Tracking Manager,DoubleClick,TreeView,Depth Tracking Manager,UIInteraction,TaskName=Depth Tracking Manager
43194.048669838,DnMAcquisition,Time/Depth Edit/Shift,Time Depth Editor/Select size in "Time Depth Curve Viewer",Click,ComboBox,100%,UIInteraction,OldSize=100
43194.048671412,DnMAcquisition,Time/Depth Edit/Shift,Time Depth Editor/Select Shift Type,Click,ComboBox,Select Shift Type,UIInteraction,
43194.0487754861,DnMAcquisition,Time/Depth Edit/Shift,Time Depth Editor/Change Start Point,Change Start Point,AxLgLogViewer,40454.1094607204,UIInteraction,
43194.0487766782,DnMAcquisition,Time/Depth Edit/Shift,Time Depth Editor/Change Stop Point,Change Stop Point,AxLgLogViewer,40454.1431610664,UIInteraction,
43194.0487944329,DnMAcquisition,Time/Depth Edit/Shift,Time Depth Editor/Select Shift Type,Click,ComboBox,Start Shift,UIInteraction,
43194.0488335764,DnMAcquisition,Time/Depth Edit/Shift,Time Depth Editor/Confirm Shift,Click,Button,Shift,UIInteraction,
43194.0488344444,DnMAcquisition,Time/Depth Edit/Shift,DepthShift/Shift,Click,Button,ApplyShift,UIInteraction,AddTimeDepthModification() Shift Value=0.00191684726813683
43194.0488344792,DnMAcquisition,Time/Depth Edit/Shift,DepthShift/Shift,Click,Button,ApplyShift,UIInteraction,AddTimeDepthModification() Shift Value=0.195493854034952
43194.0488344907,DnMAcquisition,Time/Depth Edit/Shift,DepthShift/Shift,Click,Button,ApplyShift,UIInteraction,AddTimeDepthModification() Shift Value=0.0167887514549652
43194.0488345023,DnMAcquisition,Time/Depth Edit/Shift,DepthShift/Shift,Click,Button,ApplyShift,UIInteraction,AddTimeDepthModification() Shift Value=0.178705102579987
43194.0488345255,DnMAcquisition,Time/Depth Edit/Shift,DepthShift/Shift,Click,Button,ApplyShift,UIInteraction,AddTimeDepthModification() Shift Value=0.0178008087519527
43194.0488345486,DnMAcquisition,Time/Depth Edit/Shift,DepthShift/Shift,Click,Button,ApplyShift,UIInteraction,AddTimeDepthModification() Shift Value=0.160904293828034
43194.0488345602,DnMAcquisition,Time/Depth Edit/Shift,DepthShift/Shift,Click,Button,ApplyShift,UIInteraction,AddTimeDepthModification() Shift Value=0.0180259357800565
43194.0488345718,DnMAcquisition,Time/Depth Edit/Shift,DepthShift/Shift,Click,Button,ApplyShift,UIInteraction,AddTimeDepthModification() Shift Value=0.142878358047978
43194.0488345833,DnMAcquisition,Time/Depth Edit/Shift,DepthShift/Shift,Click,Button,ApplyShift,UIInteraction,AddTimeDepthModification() Shift Value=0.0172394558677954
43194.0488345949,DnMAcquisition,Time/Depth Edit/Shift,DepthShift/Shift,Click,Button,ApplyShift,UIInteraction,AddTimeDepthModification() Shift Value=0.125638902180182
43194.0488346065,DnMAcquisition,Time/Depth Edit/Shift,DepthShift/Shift,Click,Button,ApplyShift,UIInteraction,AddTimeDepthModification() Shift Value=0.0169007512794918
43194.0488346181,DnMAcquisition,Time/Depth Edit/Shift,DepthShift/Shift,Click,Button,ApplyShift,UIInteraction,AddTimeDepthModification() Shift Value=0.10873815090069
43194.0488346296,DnMAcquisition,Time/Depth Edit/Shift,DepthShift/Shift,Click,Button,ApplyShift,UIInteraction,AddTimeDepthModification() Shift Value=0.0164523002081014
43194.0488346412,DnMAcquisition,Time/Depth Edit/Shift,DepthShift/Shift,Click,Button,ApplyShift,UIInteraction,AddTimeDepthModification() Shift Value=0.092285850692589
43194.0488346528,DnMAcquisition,Time/Depth Edit/Shift,DepthShift/Shift,Click,Button,ApplyShift,UIInteraction,AddTimeDepthModification() Shift Value=0.0184815982240519
43194.0488346644,DnMAcquisition,Time/Depth Edit/Shift,DepthShift/Shift,Click,Button,ApplyShift,UIInteraction,AddTimeDepthModification() Shift Value=0.0738042524685371
43194.0488346759,DnMAcquisition,Time/Depth Edit/Shift,DepthShift/Shift,Click,Button,ApplyShift,UIInteraction,AddTimeDepthModification() Shift Value=0.0169027795134535
43194.0488346875,DnMAcquisition,Time/Depth Edit/Shift,DepthShift/Shift,Click,Button,ApplyShift,UIInteraction,AddTimeDepthModification() Shift Value=0.0569014729550836
43194.0488347107,DnMAcquisition,Time/Depth Edit/Shift,DepthShift/Shift,Click,Button,ApplyShift,UIInteraction,AddTimeDepthModification() Shift Value=0.0175754564747045
43194.0488347222,DnMAcquisition,Time/Depth Edit/Shift,DepthShift/Shift,Click,Button,ApplyShift,UIInteraction,AddTimeDepthModification() Shift Value=0.0393260164803791
43194.0488347338,DnMAcquisition,Time/Depth Edit/Shift,DepthShift/Shift,Click,Button,ApplyShift,UIInteraction,AddTimeDepthModification() Shift Value=0.0187042466615716
43194.0488347454,DnMAcquisition,Time/Depth Edit/Shift,DepthShift/Shift,Click,Button,ApplyShift,UIInteraction,AddTimeDepthModification() Shift Value=0.0206217698188075
43194.0488347569,DnMAcquisition,Time/Depth Edit/Shift,DepthShift/Shift,Click,Button,ApplyShift,UIInteraction,AddTimeDepthModification() Shift Value=0.0206217698188075
43194.0488347685,DnMAcquisition,Time/Depth Edit/Shift,DepthShift/Shift,Click,Button,ApplyShift,UIInteraction,AddTimeDepthModification() Shift Value=0.0206217698188075
43194.0488347801,DnMAcquisition,Time/Depth Edit/Shift,DepthShift/Shift,Click,Button,ApplyShift,UIInteraction,AddTimeDepthModification() Shift Value=0.0393260164803791
43194.0488347917,DnMAcquisition,Time/Depth Edit/Shift,DepthShift/Shift,Click,Button,ApplyShift,UIInteraction,AddTimeDepthModification() Shift Value=0.0569014729550836
43194.0488348032,DnMAcquisition,Time/Depth Edit/Shift,DepthShift/Shift,Click,Button,ApplyShift,UIInteraction,AddTimeDepthModification() Shift Value=0.0738042524685371
43194.0488348264,DnMAcquisition,Time/Depth Edit/Shift,DepthShift/Shift,Click,Button,ApplyShift,UIInteraction,AddTimeDepthModification() Shift Value=0.092285850692589
43194.048834838,DnMAcquisition,Time/Depth Edit/Shift,DepthShift/Shift,Click,Button,ApplyShift,UIInteraction,AddTimeDepthModification() Shift Value=0.10873815090069
43194.0488348495,DnMAcquisition,Time/Depth Edit/Shift,DepthShift/Shift,Click,Button,ApplyShift,UIInteraction,AddTimeDepthModification() Shift Value=0.125638902180182
43194.0488348611,DnMAcquisition,Time/Depth Edit/Shift,DepthShift/Shift,Click,Button,ApplyShift,UIInteraction,AddTimeDepthModification() Shift Value=0.142878358047978
43194.0488348727,DnMAcquisition,Time/Depth Edit/Shift,DepthShift/Shift,Click,Button,ApplyShift,UIInteraction,AddTimeDepthModification() Shift Value=0.160904293828034
43194.0488348843,DnMAcquisition,Time/Depth Edit/Shift,DepthShift/Shift,Click,Button,ApplyShift,UIInteraction,AddTimeDepthModification() Shift Value=0.178705102579987
43194.0488349074,DnMAcquisition,Time/Depth Edit/Shift,DepthShift/Shift,Click,Button,ApplyShift,UIInteraction,AddTimeDepthModification() Shift Value=0.195493854034952
43194.0488571991,Setup,Computation / Recomputation,ProcessRecomputeState,,,,UIAutomatic,JobGuid=37581E69-834E-4FD0-8A92-C4FF8323AAF6;State=UIS_RECOMPUTATION_STATE_PENDING;Scope=JobScope;RecompPercentageComplete=;MultipleRunsAffected=False;ActiveRunAffected=True;ActiveRunInProgress=False;RunCount=1;Run0Change0=TimeDepthEdit;Run0Guid=A92E5407-BE3C-4047-BED8-EEA517418A6A
43194.0488571991,DeliverablesSetup,Computation / Recomputation,ProcessRecomputeState,,,,UIAutomatic,JobGuid=37581E69-834E-4FD0-8A92-C4FF8323AAF6;State=UIS_RECOMPUTATION_STATE_PENDING;Scope=JobScope;RecompPercentageComplete=;MultipleRunsAffected=False;ActiveRunAffected=True;ActiveRunInProgress=False;RunCount=1;Run0Change0=TimeDepthEdit;Run0Guid=A92E5407-BE3C-4047-BED8-EEA517418A6A
43194.0488575232,DnMAcquisition,Time/Depth Edit/Shift,Time Depth Editor/Select Shift Type,Click,ComboBox,Select Shift Type,UIInteraction,
43194.048857963,DnMAcquisition,Computation / Recomputation,ProcessRecomputeState,,,,UIAutomatic,JobGuid=37581E69-834E-4FD0-8A92-C4FF8323AAF6;State=UIS_RECOMPUTATION_STATE_PENDING;Scope=JobScope;RecompPercentageComplete=;MultipleRunsAffected=False;ActiveRunAffected=True;ActiveRunInProgress=False;RunCount=1;Run0Change0=TimeDepthEdit;Run0Guid=A92E5407-BE3C-4047-BED8-EEA517418A6A
43194.0489890162,DnMAcquisition,Computation / Recomputation,Recompute All Pending Runs,Click,ToolbarButton,Recompute All Pending Runs,UIInteraction,
43194.0489890394,DnMAcquisition,Computation / Recomputation,Start Recomputation During Acquisition,Click,ToolbarButton,Recompute All Pending Runs,UIInteraction,FeatureName=Framework.RTOOP
43194.0489893171,DeliverablesSetup,Computation / Recomputation,ProcessRecomputeState,,,,UIAutomatic,JobGuid=37581E69-834E-4FD0-8A92-C4FF8323AAF6;State=UIS_RECOMPUTATION_STATE_STARTING;Scope=JobScope;RecompPercentageComplete=;MultipleRunsAffected=False;ActiveRunAffected=True;ActiveRunInProgress=True;RunCount=1;Run0Change0=TimeDepthEdit;Run0Guid=A92E5407-BE3C-4047-BED8-EEA517418A6A
43194.0489893171,Setup,Computation / Recomputation,ProcessRecomputeState,,,,UIAutomatic,JobGuid=37581E69-834E-4FD0-8A92-C4FF8323AAF6;State=UIS_RECOMPUTATION_STATE_STARTING;Scope=JobScope;RecompPercentageComplete=;MultipleRunsAffected=False;ActiveRunAffected=True;ActiveRunInProgress=True;RunCount=1;Run0Change0=TimeDepthEdit;Run0Guid=A92E5407-BE3C-4047-BED8-EEA517418A6A
43194.048989838,DnMAcquisition,Computation / Recomputation,ProcessRecomputeState,,,,UIAutomatic,JobGuid=37581E69-834E-4FD0-8A92-C4FF8323AAF6;State=UIS_RECOMPUTATION_STATE_STARTING;Scope=JobScope;RecompPercentageComplete=;MultipleRunsAffected=False;ActiveRunAffected=True;ActiveRunInProgress=True;RunCount=1;Run0Change0=TimeDepthEdit;Run0Guid=A92E5407-BE3C-4047-BED8-EEA517418A6A
43194.0489904745,DnMAcquisition,Computation / Recomputation,ProcessRecomputeState,,,,UIAutomatic,JobGuid=37581E69-834E-4FD0-8A92-C4FF8323AAF6;State=UIS_RECOMPUTATION_STATE_IN_PROGRESS;Scope=JobScope;RecompPercentageComplete=;MultipleRunsAffected=False;ActiveRunAffected=True;ActiveRunInProgress=True;RunCount=1;Run0Change0=TimeDepthEdit;Run0Guid=A92E5407-BE3C-4047-BED8-EEA517418A6A
43194.0489904861,Setup,Computation / Recomputation,ProcessRecomputeState,,,,UIAutomatic,JobGuid=37581E69-834E-4FD0-8A92-C4FF8323AAF6;State=UIS_RECOMPUTATION_STATE_IN_PROGRESS;Scope=JobScope;RecompPercentageComplete=;MultipleRunsAffected=False;ActiveRunAffected=True;ActiveRunInProgress=True;RunCount=1;Run0Change0=TimeDepthEdit;Run0Guid=A92E5407-BE3C-4047-BED8-EEA517418A6A
43194.048990544,DeliverablesSetup,Computation / Recomputation,ProcessRecomputeState,,,,UIAutomatic,JobGuid=37581E69-834E-4FD0-8A92-C4FF8323AAF6;State=UIS_RECOMPUTATION_STATE_IN_PROGRESS;Scope=JobScope;RecompPercentageComplete=;MultipleRunsAffected=False;ActiveRunAffected=True;ActiveRunInProgress=True;RunCount=1;Run0Change0=TimeDepthEdit;Run0Guid=A92E5407-BE3C-4047-BED8-EEA517418A6A
43194.0497541204,DeliverablesSetup,Computation / Recomputation,ProcessRecomputeState,,,,UIAutomatic,JobGuid=37581E69-834E-4FD0-8A92-C4FF8323AAF6;State=UIS_RECOMPUTATION_STATE_SUCCEEDED;Scope=JobScope;RecompPercentageComplete=;MultipleRunsAffected=False;ActiveRunAffected=True;ActiveRunInProgress=True;RunCount=1;Run0Change0=TimeDepthEdit;Run0Guid=A92E5407-BE3C-4047-BED8-EEA517418A6A
43194.0497541319,DnMAcquisition,Computation / Recomputation,ProcessRecomputeState,,,,UIAutomatic,JobGuid=37581E69-834E-4FD0-8A92-C4FF8323AAF6;State=UIS_RECOMPUTATION_STATE_SUCCEEDED;Scope=JobScope;RecompPercentageComplete=;MultipleRunsAffected=False;ActiveRunAffected=True;ActiveRunInProgress=True;RunCount=1;Run0Change0=TimeDepthEdit;Run0Guid=A92E5407-BE3C-4047-BED8-EEA517418A6A
43194.0497541667,Setup,Computation / Recomputation,ProcessRecomputeState,,,,UIAutomatic,JobGuid=37581E69-834E-4FD0-8A92-C4FF8323AAF6;State=UIS_RECOMPUTATION_STATE_SUCCEEDED;Scope=JobScope;RecompPercentageComplete=;MultipleRunsAffected=False;ActiveRunAffected=True;ActiveRunInProgress=True;RunCount=1;Run0Change0=TimeDepthEdit;Run0Guid=A92E5407-BE3C-4047-BED8-EEA517418A6A
43194.0497784259,DnMAcquisition,Data Acquiring - D&M,Depth Tracking Manager/Close Depth Tracking Manager,Click,Button,Close,UIInteraction,
43194.0499359722,DnMAcquisition,Manage Tasks,Survey Manager,DoubleClick,TreeView,Survey Manager,UIInteraction,TaskName=Survey Manager
43194.0500725694,DnMAcquisition,Data Acquiring - D&M,Survey Manager/Accept survey,Click,Button,Accept,UIInteraction,
43194.0500821644,DeliverablesSetup,Computation / Recomputation,ProcessRecomputeState,,,,UIAutomatic,JobGuid=37581E69-834E-4FD0-8A92-C4FF8323AAF6;State=UIS_RECOMPUTATION_STATE_STARTING;Scope=JobScope;RecompPercentageComplete=;MultipleRunsAffected=False;ActiveRunAffected=True;ActiveRunInProgress=True;RunCount=1;Run0Change0=LastSurvey;Run0Guid=A92E5407-BE3C-4047-BED8-EEA517418A6A
43194.0500821644,Setup,Computation / Recomputation,ProcessRecomputeState,,,,UIAutomatic,JobGuid=37581E69-834E-4FD0-8A92-C4FF8323AAF6;State=UIS_RECOMPUTATION_STATE_STARTING;Scope=JobScope;RecompPercentageComplete=;MultipleRunsAffected=False;ActiveRunAffected=True;ActiveRunInProgress=True;RunCount=1;Run0Change0=LastSurvey;Run0Guid=A92E5407-BE3C-4047-BED8-EEA517418A6A
43194.0500831019,Setup,Computation / Recomputation,ProcessRecomputeState,,,,UIAutomatic,JobGuid=37581E69-834E-4FD0-8A92-C4FF8323AAF6;State=UIS_RECOMPUTATION_STATE_IN_PROGRESS;Scope=JobScope;RecompPercentageComplete=;MultipleRunsAffected=False;ActiveRunAffected=True;ActiveRunInProgress=True;RunCount=1;Run0Change0=LastSurvey;Run0Guid=A92E5407-BE3C-4047-BED8-EEA517418A6A
43194.0500831019,DeliverablesSetup,Computation / Recomputation,ProcessRecomputeState,,,,UIAutomatic,JobGuid=37581E69-834E-4FD0-8A92-C4FF8323AAF6;State=UIS_RECOMPUTATION_STATE_IN_PROGRESS;Scope=JobScope;RecompPercentageComplete=;MultipleRunsAffected=False;ActiveRunAffected=True;ActiveRunInProgress=True;RunCount=1;Run0Change0=LastSurvey;Run0Guid=A92E5407-BE3C-4047-BED8-EEA517418A6A
43194.0500854398,DnMAcquisition,Computation / Recomputation,ProcessRecomputeState,,,,UIAutomatic,JobGuid=37581E69-834E-4FD0-8A92-C4FF8323AAF6;State=UIS_RECOMPUTATION_STATE_STARTING;Scope=JobScope;RecompPercentageComplete=;MultipleRunsAffected=False;ActiveRunAffected=True;ActiveRunInProgress=True;RunCount=1;Run0Change0=LastSurvey;Run0Guid=A92E5407-BE3C-4047-BED8-EEA517418A6A
43194.050085463,DnMAcquisition,Computation / Recomputation,ProcessRecomputeState,,,,UIAutomatic,JobGuid=37581E69-834E-4FD0-8A92-C4FF8323AAF6;State=UIS_RECOMPUTATION_STATE_IN_PROGRESS;Scope=JobScope;RecompPercentageComplete=;MultipleRunsAffected=False;ActiveRunAffected=True;ActiveRunInProgress=True;RunCount=1;Run0Change0=LastSurvey;Run0Guid=A92E5407-BE3C-4047-BED8-EEA517418A6A
43194.0501962847,DnMAcquisition,Data Acquiring - D&M,Survey Manager/Accept survey,Click,Button,Accept,UIInteraction,
43194.0502895602,DnMAcquisition,Data Acquiring - D&M,Survey Manager/Accept survey,Click,Button,Accept,UIInteraction,
43194.0504031713,DnMAcquisition,Data Acquiring - D&M,Survey Manager/Accept survey,Click,Button,Accept,UIInteraction,
43194.0505010069,DnMAcquisition,Data Acquiring - D&M,Survey Manager/Accept survey,Click,Button,Accept,UIInteraction,
43194.050560706,DeliverablesSetup,Computation / Recomputation,ProcessRecomputeState,,,,UIAutomatic,JobGuid=37581E69-834E-4FD0-8A92-C4FF8323AAF6;State=UIS_RECOMPUTATION_STATE_SUCCEEDED;Scope=JobScope;RecompPercentageComplete=;MultipleRunsAffected=False;ActiveRunAffected=True;ActiveRunInProgress=True;RunCount=1;Run0Change0=LastSurvey;Run0Guid=A92E5407-BE3C-4047-BED8-EEA517418A6A
43194.050560706,Setup,Computation / Recomputation,ProcessRecomputeState,,,,UIAutomatic,JobGuid=37581E69-834E-4FD0-8A92-C4FF8323AAF6;State=UIS_RECOMPUTATION_STATE_SUCCEEDED;Scope=JobScope;RecompPercentageComplete=;MultipleRunsAffected=False;ActiveRunAffected=True;ActiveRunInProgress=True;RunCount=1;Run0Change0=LastSurvey;Run0Guid=A92E5407-BE3C-4047-BED8-EEA517418A6A
43194.0505607523,DnMAcquisition,Computation / Recomputation,ProcessRecomputeState,,,,UIAutomatic,JobGuid=37581E69-834E-4FD0-8A92-C4FF8323AAF6;State=UIS_RECOMPUTATION_STATE_SUCCEEDED;Scope=JobScope;RecompPercentageComplete=;MultipleRunsAffected=False;ActiveRunAffected=True;ActiveRunInProgress=True;RunCount=1;Run0Change0=LastSurvey;Run0Guid=A92E5407-BE3C-4047-BED8-EEA517418A6A
43194.0505609144,Setup,Computation / Recomputation,ProcessRecomputeState,,,,UIAutomatic,JobGuid=37581E69-834E-4FD0-8A92-C4FF8323AAF6;State=UIS_RECOMPUTATION_STATE_STARTING;Scope=JobScope;RecompPercentageComplete=;MultipleRunsAffected=False;ActiveRunAffected=True;ActiveRunInProgress=True;RunCount=1;Run0Change0=LastSurvey;Run0Guid=A92E5407-BE3C-4047-BED8-EEA517418A6A
43194.0505609259,DeliverablesSetup,Computation / Recomputation,ProcessRecomputeState,,,,UIAutomatic,JobGuid=37581E69-834E-4FD0-8A92-C4FF8323AAF6;State=UIS_RECOMPUTATION_STATE_STARTING;Scope=JobScope;RecompPercentageComplete=;MultipleRunsAffected=False;ActiveRunAffected=True;ActiveRunInProgress=True;RunCount=1;Run0Change0=LastSurvey;Run0Guid=A92E5407-BE3C-4047-BED8-EEA517418A6A
43194.0505619097,Setup,Computation / Recomputation,ProcessRecomputeState,,,,UIAutomatic,JobGuid=37581E69-834E-4FD0-8A92-C4FF8323AAF6;State=UIS_RECOMPUTATION_STATE_IN_PROGRESS;Scope=JobScope;RecompPercentageComplete=;MultipleRunsAffected=False;ActiveRunAffected=True;ActiveRunInProgress=True;RunCount=1;Run0Change0=LastSurvey;Run0Guid=A92E5407-BE3C-4047-BED8-EEA517418A6A
43194.0505637847,DnMAcquisition,Computation / Recomputation,ProcessRecomputeState,,,,UIAutomatic,JobGuid=37581E69-834E-4FD0-8A92-C4FF8323AAF6;State=UIS_RECOMPUTATION_STATE_STARTING;Scope=JobScope;RecompPercentageComplete=;MultipleRunsAffected=False;ActiveRunAffected=True;ActiveRunInProgress=True;RunCount=1;Run0Change0=LastSurvey;Run0Guid=A92E5407-BE3C-4047-BED8-EEA517418A6A
43194.0505638079,DnMAcquisition,Computation / Recomputation,ProcessRecomputeState,,,,UIAutomatic,JobGuid=37581E69-834E-4FD0-8A92-C4FF8323AAF6;State=UIS_RECOMPUTATION_STATE_IN_PROGRESS;Scope=JobScope;RecompPercentageComplete=;MultipleRunsAffected=False;ActiveRunAffected=True;ActiveRunInProgress=True;RunCount=1;Run0Change0=LastSurvey;Run0Guid=A92E5407-BE3C-4047-BED8-EEA517418A6A
43194.0505619213,DeliverablesSetup,Computation / Recomputation,ProcessRecomputeState,,,,UIAutomatic,JobGuid=37581E69-834E-4FD0-8A92-C4FF8323AAF6;State=UIS_RECOMPUTATION_STATE_IN_PROGRESS;Scope=JobScope;RecompPercentageComplete=;MultipleRunsAffected=False;ActiveRunAffected=True;ActiveRunInProgress=True;RunCount=1;Run0Change0=LastSurvey;Run0Guid=A92E5407-BE3C-4047-BED8-EEA517418A6A
43194.0506290394,DnMAcquisition,Data Acquiring - D&M,Survey Manager/Accept survey,Click,Button,Accept,UIInteraction,
43194.0507480208,DnMAcquisition,Data Acquiring - D&M,Survey Manager/Accept survey,Click,Button,Accept,UIInteraction,
43194.0508490741,DnMAcquisition,Data Acquiring - D&M,Survey Manager/Accept survey,Click,Button,Accept,UIInteraction,
43194.0509593403,DnMAcquisition,Data Acquiring - D&M,Survey Manager/Accept survey,Click,Button,Accept,UIInteraction,
43194.0510529282,DnMAcquisition,Data Acquiring - D&M,Survey Manager/Accept survey,Click,Button,Accept,UIInteraction,
43194.0510634375,Setup,Computation / Recomputation,ProcessRecomputeState,,,,UIAutomatic,JobGuid=37581E69-834E-4FD0-8A92-C4FF8323AAF6;State=UIS_RECOMPUTATION_STATE_SUCCEEDED;Scope=JobScope;RecompPercentageComplete=;MultipleRunsAffected=False;ActiveRunAffected=True;ActiveRunInProgress=True;RunCount=1;Run0Change0=LastSurvey;Run0Guid=A92E5407-BE3C-4047-BED8-EEA517418A6A
43194.0510634375,DeliverablesSetup,Computation / Recomputation,ProcessRecomputeState,,,,UIAutomatic,JobGuid=37581E69-834E-4FD0-8A92-C4FF8323AAF6;State=UIS_RECOMPUTATION_STATE_SUCCEEDED;Scope=JobScope;RecompPercentageComplete=;MultipleRunsAffected=False;ActiveRunAffected=True;ActiveRunInProgress=True;RunCount=1;Run0Change0=LastSurvey;Run0Guid=A92E5407-BE3C-4047-BED8-EEA517418A6A
43194.0510636343,Setup,Computation / Recomputation,ProcessRecomputeState,,,,UIAutomatic,JobGuid=37581E69-834E-4FD0-8A92-C4FF8323AAF6;State=UIS_RECOMPUTATION_STATE_STARTING;Scope=JobScope;RecompPercentageComplete=;MultipleRunsAffected=False;ActiveRunAffected=True;ActiveRunInProgress=True;RunCount=1;Run0Change0=LastSurvey;Run0Guid=A92E5407-BE3C-4047-BED8-EEA517418A6A
43194.0510636458,DeliverablesSetup,Computation / Recomputation,ProcessRecomputeState,,,,UIAutomatic,JobGuid=37581E69-834E-4FD0-8A92-C4FF8323AAF6;State=UIS_RECOMPUTATION_STATE_STARTING;Scope=JobScope;RecompPercentageComplete=;MultipleRunsAffected=False;ActiveRunAffected=True;ActiveRunInProgress=True;RunCount=1;Run0Change0=LastSurvey;Run0Guid=A92E5407-BE3C-4047-BED8-EEA517418A6A
43194.0510651968,DnMAcquisition,Computation / Recomputation,ProcessRecomputeState,,,,UIAutomatic,JobGuid=37581E69-834E-4FD0-8A92-C4FF8323AAF6;State=UIS_RECOMPUTATION_STATE_SUCCEEDED;Scope=JobScope;RecompPercentageComplete=;MultipleRunsAffected=False;ActiveRunAffected=True;ActiveRunInProgress=True;RunCount=1;Run0Change0=LastSurvey;Run0Guid=A92E5407-BE3C-4047-BED8-EEA517418A6A
43194.0510652315,DnMAcquisition,Computation / Recomputation,ProcessRecomputeState,,,,UIAutomatic,JobGuid=37581E69-834E-4FD0-8A92-C4FF8323AAF6;State=UIS_RECOMPUTATION_STATE_STARTING;Scope=JobScope;RecompPercentageComplete=;MultipleRunsAffected=False;ActiveRunAffected=True;ActiveRunInProgress=True;RunCount=1;Run0Change0=LastSurvey;Run0Guid=A92E5407-BE3C-4047-BED8-EEA517418A6A
43194.0510667245,DeliverablesSetup,Computation / Recomputation,ProcessRecomputeState,,,,UIAutomatic,JobGuid=37581E69-834E-4FD0-8A92-C4FF8323AAF6;State=UIS_RECOMPUTATION_STATE_IN_PROGRESS;Scope=JobScope;RecompPercentageComplete=;MultipleRunsAffected=False;ActiveRunAffected=True;ActiveRunInProgress=True;RunCount=1;Run0Change0=LastSurvey;Run0Guid=A92E5407-BE3C-4047-BED8-EEA517418A6A
43194.0510667824,Setup,Computation / Recomputation,ProcessRecomputeState,,,,UIAutomatic,JobGuid=37581E69-834E-4FD0-8A92-C4FF8323AAF6;State=UIS_RECOMPUTATION_STATE_IN_PROGRESS;Scope=JobScope;RecompPercentageComplete=;MultipleRunsAffected=False;ActiveRunAffected=True;ActiveRunInProgress=True;RunCount=1;Run0Change0=LastSurvey;Run0Guid=A92E5407-BE3C-4047-BED8-EEA517418A6A
43194.0510683218,DnMAcquisition,Computation / Recomputation,ProcessRecomputeState,,,,UIAutomatic,JobGuid=37581E69-834E-4FD0-8A92-C4FF8323AAF6;State=UIS_RECOMPUTATION_STATE_IN_PROGRESS;Scope=JobScope;RecompPercentageComplete=;MultipleRunsAffected=False;ActiveRunAffected=True;ActiveRunInProgress=True;RunCount=1;Run0Change0=LastSurvey;Run0Guid=A92E5407-BE3C-4047-BED8-EEA517418A6A
43194.0511773843,DnMAcquisition,Data Acquiring - D&M,Survey Manager/Accept survey,Click,Button,Accept,UIInteraction,
43194.0512504051,DnMAcquisition,Data Acquiring - D&M,Survey Manager/Reject survey,Click,Button,Reject,UIInteraction,
43194.0515720255,DeliverablesSetup,Computation / Recomputation,ProcessRecomputeState,,,,UIAutomatic,JobGuid=37581E69-834E-4FD0-8A92-C4FF8323AAF6;State=UIS_RECOMPUTATION_STATE_SUCCEEDED;Scope=JobScope;RecompPercentageComplete=;MultipleRunsAffected=False;ActiveRunAffected=True;ActiveRunInProgress=True;RunCount=1;Run0Change0=LastSurvey;Run0Guid=A92E5407-BE3C-4047-BED8-EEA517418A6A
43194.051572037,Setup,Computation / Recomputation,ProcessRecomputeState,,,,UIAutomatic,JobGuid=37581E69-834E-4FD0-8A92-C4FF8323AAF6;State=UIS_RECOMPUTATION_STATE_SUCCEEDED;Scope=JobScope;RecompPercentageComplete=;MultipleRunsAffected=False;ActiveRunAffected=True;ActiveRunInProgress=True;RunCount=1;Run0Change0=LastSurvey;Run0Guid=A92E5407-BE3C-4047-BED8-EEA517418A6A
43194.0515720949,DnMAcquisition,Computation / Recomputation,ProcessRecomputeState,,,,UIAutomatic,JobGuid=37581E69-834E-4FD0-8A92-C4FF8323AAF6;State=UIS_RECOMPUTATION_STATE_SUCCEEDED;Scope=JobScope;RecompPercentageComplete=;MultipleRunsAffected=False;ActiveRunAffected=True;ActiveRunInProgress=True;RunCount=1;Run0Change0=LastSurvey;Run0Guid=A92E5407-BE3C-4047-BED8-EEA517418A6A
43194.0515721644,DeliverablesSetup,Computation / Recomputation,ProcessRecomputeState,,,,UIAutomatic,JobGuid=37581E69-834E-4FD0-8A92-C4FF8323AAF6;State=UIS_RECOMPUTATION_STATE_STARTING;Scope=JobScope;RecompPercentageComplete=;MultipleRunsAffected=False;ActiveRunAffected=True;ActiveRunInProgress=True;RunCount=1;Run0Change0=LastSurvey;Run0Guid=A92E5407-BE3C-4047-BED8-EEA517418A6A
43194.0515721644,Setup,Computation / Recomputation,ProcessRecomputeState,,,,UIAutomatic,JobGuid=37581E69-834E-4FD0-8A92-C4FF8323AAF6;State=UIS_RECOMPUTATION_STATE_STARTING;Scope=JobScope;RecompPercentageComplete=;MultipleRunsAffected=False;ActiveRunAffected=True;ActiveRunInProgress=True;RunCount=1;Run0Change0=LastSurvey;Run0Guid=A92E5407-BE3C-4047-BED8-EEA517418A6A
43194.0515741667,DnMAcquisition,Computation / Recomputation,ProcessRecomputeState,,,,UIAutomatic,JobGuid=37581E69-834E-4FD0-8A92-C4FF8323AAF6;State=UIS_RECOMPUTATION_STATE_STARTING;Scope=JobScope;RecompPercentageComplete=;MultipleRunsAffected=False;ActiveRunAffected=True;ActiveRunInProgress=True;RunCount=1;Run0Change0=LastSurvey;Run0Guid=A92E5407-BE3C-4047-BED8-EEA517418A6A
43194.0515751852,Setup,Computation / Recomputation,ProcessRecomputeState,,,,UIAutomatic,JobGuid=37581E69-834E-4FD0-8A92-C4FF8323AAF6;State=UIS_RECOMPUTATION_STATE_IN_PROGRESS;Scope=JobScope;RecompPercentageComplete=;MultipleRunsAffected=False;ActiveRunAffected=True;ActiveRunInProgress=True;RunCount=1;Run0Change0=LastSurvey;Run0Guid=A92E5407-BE3C-4047-BED8-EEA517418A6A
43194.0515751852,DeliverablesSetup,Computation / Recomputation,ProcessRecomputeState,,,,UIAutomatic,JobGuid=37581E69-834E-4FD0-8A92-C4FF8323AAF6;State=UIS_RECOMPUTATION_STATE_IN_PROGRESS;Scope=JobScope;RecompPercentageComplete=;MultipleRunsAffected=False;ActiveRunAffected=True;ActiveRunInProgress=True;RunCount=1;Run0Change0=LastSurvey;Run0Guid=A92E5407-BE3C-4047-BED8-EEA517418A6A
43194.0515759491,DnMAcquisition,Computation / Recomputation,ProcessRecomputeState,,,,UIAutomatic,JobGuid=37581E69-834E-4FD0-8A92-C4FF8323AAF6;State=UIS_RECOMPUTATION_STATE_IN_PROGRESS;Scope=JobScope;RecompPercentageComplete=;MultipleRunsAffected=False;ActiveRunAffected=True;ActiveRunInProgress=True;RunCount=1;Run0Change0=LastSurvey;Run0Guid=A92E5407-BE3C-4047-BED8-EEA517418A6A
43194.0517157176,DnMAcquisition,Data Acquiring - D&M,Survey Manager/Accept survey,Click,Button,Accept,UIInteraction,
43194.0517585185,Setup,Computation / Recomputation,ProcessRecomputeState,,,,UIAutomatic,JobGuid=37581E69-834E-4FD0-8A92-C4FF8323AAF6;State=UIS_RECOMPUTATION_STATE_SUCCEEDED;Scope=JobScope;RecompPercentageComplete=;MultipleRunsAffected=False;ActiveRunAffected=True;ActiveRunInProgress=True;RunCount=1;Run0Change0=LastSurvey;Run0Guid=A92E5407-BE3C-4047-BED8-EEA517418A6A
43194.0517585301,DeliverablesSetup,Computation / Recomputation,ProcessRecomputeState,,,,UIAutomatic,JobGuid=37581E69-834E-4FD0-8A92-C4FF8323AAF6;State=UIS_RECOMPUTATION_STATE_SUCCEEDED;Scope=JobScope;RecompPercentageComplete=;MultipleRunsAffected=False;ActiveRunAffected=True;ActiveRunInProgress=True;RunCount=1;Run0Change0=LastSurvey;Run0Guid=A92E5407-BE3C-4047-BED8-EEA517418A6A
43194.05175875,Setup,Computation / Recomputation,ProcessRecomputeState,,,,UIAutomatic,JobGuid=37581E69-834E-4FD0-8A92-C4FF8323AAF6;State=UIS_RECOMPUTATION_STATE_STARTING;Scope=JobScope;RecompPercentageComplete=;MultipleRunsAffected=False;ActiveRunAffected=True;ActiveRunInProgress=True;RunCount=1;Run0Change0=LastSurvey;Run0Guid=A92E5407-BE3C-4047-BED8-EEA517418A6A
43194.05175875,DeliverablesSetup,Computation / Recomputation,ProcessRecomputeState,,,,UIAutomatic,JobGuid=37581E69-834E-4FD0-8A92-C4FF8323AAF6;State=UIS_RECOMPUTATION_STATE_STARTING;Scope=JobScope;RecompPercentageComplete=;MultipleRunsAffected=False;ActiveRunAffected=True;ActiveRunInProgress=True;RunCount=1;Run0Change0=LastSurvey;Run0Guid=A92E5407-BE3C-4047-BED8-EEA517418A6A
43194.0517590856,DnMAcquisition,Computation / Recomputation,ProcessRecomputeState,,,,UIAutomatic,JobGuid=37581E69-834E-4FD0-8A92-C4FF8323AAF6;State=UIS_RECOMPUTATION_STATE_SUCCEEDED;Scope=JobScope;RecompPercentageComplete=;MultipleRunsAffected=False;ActiveRunAffected=True;ActiveRunInProgress=True;RunCount=1;Run0Change0=LastSurvey;Run0Guid=A92E5407-BE3C-4047-BED8-EEA517418A6A
43194.0517591319,DnMAcquisition,Computation / Recomputation,ProcessRecomputeState,,,,UIAutomatic,JobGuid=37581E69-834E-4FD0-8A92-C4FF8323AAF6;State=UIS_RECOMPUTATION_STATE_STARTING;Scope=JobScope;RecompPercentageComplete=;MultipleRunsAffected=False;ActiveRunAffected=True;ActiveRunInProgress=True;RunCount=1;Run0Change0=LastSurvey;Run0Guid=A92E5407-BE3C-4047-BED8-EEA517418A6A
43194.0517620023,DeliverablesSetup,Computation / Recomputation,ProcessRecomputeState,,,,UIAutomatic,JobGuid=37581E69-834E-4FD0-8A92-C4FF8323AAF6;State=UIS_RECOMPUTATION_STATE_IN_PROGRESS;Scope=JobScope;RecompPercentageComplete=;MultipleRunsAffected=False;ActiveRunAffected=True;ActiveRunInProgress=True;RunCount=1;Run0Change0=LastSurvey;Run0Guid=A92E5407-BE3C-4047-BED8-EEA517418A6A
43194.0517620023,Setup,Computation / Recomputation,ProcessRecomputeState,,,,UIAutomatic,JobGuid=37581E69-834E-4FD0-8A92-C4FF8323AAF6;State=UIS_RECOMPUTATION_STATE_IN_PROGRESS;Scope=JobScope;RecompPercentageComplete=;MultipleRunsAffected=False;ActiveRunAffected=True;ActiveRunInProgress=True;RunCount=1;Run0Change0=LastSurvey;Run0Guid=A92E5407-BE3C-4047-BED8-EEA517418A6A
43194.0517639005,DnMAcquisition,Computation / Recomputation,ProcessRecomputeState,,,,UIAutomatic,JobGuid=37581E69-834E-4FD0-8A92-C4FF8323AAF6;State=UIS_RECOMPUTATION_STATE_IN_PROGRESS;Scope=JobScope;RecompPercentageComplete=;MultipleRunsAffected=False;ActiveRunAffected=True;ActiveRunInProgress=True;RunCount=1;Run0Change0=LastSurvey;Run0Guid=A92E5407-BE3C-4047-BED8-EEA517418A6A
43194.0519198843,DeliverablesSetup,Computation / Recomputation,ProcessRecomputeState,,,,UIAutomatic,JobGuid=37581E69-834E-4FD0-8A92-C4FF8323AAF6;State=UIS_RECOMPUTATION_STATE_SUCCEEDED;Scope=JobScope;RecompPercentageComplete=;MultipleRunsAffected=False;ActiveRunAffected=True;ActiveRunInProgress=True;RunCount=1;Run0Change0=LastSurvey;Run0Guid=A92E5407-BE3C-4047-BED8-EEA517418A6A
43194.0519202778,Setup,Computation / Recomputation,ProcessRecomputeState,,,,UIAutomatic,JobGuid=37581E69-834E-4FD0-8A92-C4FF8323AAF6;State=UIS_RECOMPUTATION_STATE_SUCCEEDED;Scope=JobScope;RecompPercentageComplete=;MultipleRunsAffected=False;ActiveRunAffected=True;ActiveRunInProgress=True;RunCount=1;Run0Change0=LastSurvey;Run0Guid=A92E5407-BE3C-4047-BED8-EEA517418A6A
43194.0519213542,DnMAcquisition,Computation / Recomputation,ProcessRecomputeState,,,,UIAutomatic,JobGuid=37581E69-834E-4FD0-8A92-C4FF8323AAF6;State=UIS_RECOMPUTATION_STATE_SUCCEEDED;Scope=JobScope;RecompPercentageComplete=;MultipleRunsAffected=False;ActiveRunAffected=True;ActiveRunInProgress=True;RunCount=1;Run0Change0=LastSurvey;Run0Guid=A92E5407-BE3C-4047-BED8-EEA517418A6A
43194.0525854398,DnMAcquisition,Data Acquiring - D&M,Survey Manager/Accept survey,Click,Button,Accept,UIInteraction,
43194.0525952662,DeliverablesSetup,Computation / Recomputation,ProcessRecomputeState,,,,UIAutomatic,JobGuid=37581E69-834E-4FD0-8A92-C4FF8323AAF6;State=UIS_RECOMPUTATION_STATE_STARTING;Scope=JobScope;RecompPercentageComplete=;MultipleRunsAffected=False;ActiveRunAffected=True;ActiveRunInProgress=True;RunCount=1;Run0Change0=LastSurvey;Run0Guid=A92E5407-BE3C-4047-BED8-EEA517418A6A
43194.0525953241,Setup,Computation / Recomputation,ProcessRecomputeState,,,,UIAutomatic,JobGuid=37581E69-834E-4FD0-8A92-C4FF8323AAF6;State=UIS_RECOMPUTATION_STATE_STARTING;Scope=JobScope;RecompPercentageComplete=;MultipleRunsAffected=False;ActiveRunAffected=True;ActiveRunInProgress=True;RunCount=1;Run0Change0=LastSurvey;Run0Guid=A92E5407-BE3C-4047-BED8-EEA517418A6A
43194.0525972569,DnMAcquisition,Computation / Recomputation,ProcessRecomputeState,,,,UIAutomatic,JobGuid=37581E69-834E-4FD0-8A92-C4FF8323AAF6;State=UIS_RECOMPUTATION_STATE_STARTING;Scope=JobScope;RecompPercentageComplete=;MultipleRunsAffected=False;ActiveRunAffected=True;ActiveRunInProgress=True;RunCount=1;Run0Change0=LastSurvey;Run0Guid=A92E5407-BE3C-4047-BED8-EEA517418A6A
43194.0525985764,DeliverablesSetup,Computation / Recomputation,ProcessRecomputeState,,,,UIAutomatic,JobGuid=37581E69-834E-4FD0-8A92-C4FF8323AAF6;State=UIS_RECOMPUTATION_STATE_IN_PROGRESS;Scope=JobScope;RecompPercentageComplete=;MultipleRunsAffected=False;ActiveRunAffected=True;ActiveRunInProgress=True;RunCount=1;Run0Change0=LastSurvey;Run0Guid=A92E5407-BE3C-4047-BED8-EEA517418A6A
43194.0525985764,DnMAcquisition,Computation / Recomputation,ProcessRecomputeState,,,,UIAutomatic,JobGuid=37581E69-834E-4FD0-8A92-C4FF8323AAF6;State=UIS_RECOMPUTATION_STATE_IN_PROGRESS;Scope=JobScope;RecompPercentageComplete=;MultipleRunsAffected=False;ActiveRunAffected=True;ActiveRunInProgress=True;RunCount=1;Run0Change0=LastSurvey;Run0Guid=A92E5407-BE3C-4047-BED8-EEA517418A6A
43194.0525985995,Setup,Computation / Recomputation,ProcessRecomputeState,,,,UIAutomatic,JobGuid=37581E69-834E-4FD0-8A92-C4FF8323AAF6;State=UIS_RECOMPUTATION_STATE_IN_PROGRESS;Scope=JobScope;RecompPercentageComplete=;MultipleRunsAffected=False;ActiveRunAffected=True;ActiveRunInProgress=True;RunCount=1;Run0Change0=LastSurvey;Run0Guid=A92E5407-BE3C-4047-BED8-EEA517418A6A
43194.0527639931,DeliverablesSetup,Computation / Recomputation,ProcessRecomputeState,,,,UIAutomatic,JobGuid=37581E69-834E-4FD0-8A92-C4FF8323AAF6;State=UIS_RECOMPUTATION_STATE_SUCCEEDED;Scope=JobScope;RecompPercentageComplete=;MultipleRunsAffected=False;ActiveRunAffected=True;ActiveRunInProgress=True;RunCount=1;Run0Change0=LastSurvey;Run0Guid=A92E5407-BE3C-4047-BED8-EEA517418A6A
43194.0527639931,Setup,Computation / Recomputation,ProcessRecomputeState,,,,UIAutomatic,JobGuid=37581E69-834E-4FD0-8A92-C4FF8323AAF6;State=UIS_RECOMPUTATION_STATE_SUCCEEDED;Scope=JobScope;RecompPercentageComplete=;MultipleRunsAffected=False;ActiveRunAffected=True;ActiveRunInProgress=True;RunCount=1;Run0Change0=LastSurvey;Run0Guid=A92E5407-BE3C-4047-BED8-EEA517418A6A
43194.0527640393,DnMAcquisition,Computation / Recomputation,ProcessRecomputeState,,,,UIAutomatic,JobGuid=37581E69-834E-4FD0-8A92-C4FF8323AAF6;State=UIS_RECOMPUTATION_STATE_SUCCEEDED;Scope=JobScope;RecompPercentageComplete=;MultipleRunsAffected=False;ActiveRunAffected=True;ActiveRunInProgress=True;RunCount=1;Run0Change0=LastSurvey;Run0Guid=A92E5407-BE3C-4047-BED8-EEA517418A6A
43194.0527777894,DnMAcquisition,Data Acquiring - D&M,Survey Manager/Reject survey,Click,Button,Reject,UIInteraction,
43194.0530374769,DnMAcquisition,Data Acquiring - D&M,Survey Manager/Accept survey,Click,Button,Accept,UIInteraction,
43194.0530469444,Setup,Computation / Recomputation,ProcessRecomputeState,,,,UIAutomatic,JobGuid=37581E69-834E-4FD0-8A92-C4FF8323AAF6;State=UIS_RECOMPUTATION_STATE_STARTING;Scope=JobScope;RecompPercentageComplete=;MultipleRunsAffected=False;ActiveRunAffected=True;ActiveRunInProgress=True;RunCount=1;Run0Change0=LastSurvey;Run0Guid=A92E5407-BE3C-4047-BED8-EEA517418A6A
43194.0530469444,DeliverablesSetup,Computation / Recomputation,ProcessRecomputeState,,,,UIAutomatic,JobGuid=37581E69-834E-4FD0-8A92-C4FF8323AAF6;State=UIS_RECOMPUTATION_STATE_STARTING;Scope=JobScope;RecompPercentageComplete=;MultipleRunsAffected=False;ActiveRunAffected=True;ActiveRunInProgress=True;RunCount=1;Run0Change0=LastSurvey;Run0Guid=A92E5407-BE3C-4047-BED8-EEA517418A6A
43194.0530478472,Setup,Computation / Recomputation,ProcessRecomputeState,,,,UIAutomatic,JobGuid=37581E69-834E-4FD0-8A92-C4FF8323AAF6;State=UIS_RECOMPUTATION_STATE_IN_PROGRESS;Scope=JobScope;RecompPercentageComplete=;MultipleRunsAffected=False;ActiveRunAffected=True;ActiveRunInProgress=True;RunCount=1;Run0Change0=LastSurvey;Run0Guid=A92E5407-BE3C-4047-BED8-EEA517418A6A
43194.0530478472,DeliverablesSetup,Computation / Recomputation,ProcessRecomputeState,,,,UIAutomatic,JobGuid=37581E69-834E-4FD0-8A92-C4FF8323AAF6;State=UIS_RECOMPUTATION_STATE_IN_PROGRESS;Scope=JobScope;RecompPercentageComplete=;MultipleRunsAffected=False;ActiveRunAffected=True;ActiveRunInProgress=True;RunCount=1;Run0Change0=LastSurvey;Run0Guid=A92E5407-BE3C-4047-BED8-EEA517418A6A
43194.0530486458,DnMAcquisition,Computation / Recomputation,ProcessRecomputeState,,,,UIAutomatic,JobGuid=37581E69-834E-4FD0-8A92-C4FF8323AAF6;State=UIS_RECOMPUTATION_STATE_STARTING;Scope=JobScope;RecompPercentageComplete=;MultipleRunsAffected=False;ActiveRunAffected=True;ActiveRunInProgress=True;RunCount=1;Run0Change0=LastSurvey;Run0Guid=A92E5407-BE3C-4047-BED8-EEA517418A6A
43194.053048669,DnMAcquisition,Computation / Recomputation,ProcessRecomputeState,,,,UIAutomatic,JobGuid=37581E69-834E-4FD0-8A92-C4FF8323AAF6;State=UIS_RECOMPUTATION_STATE_IN_PROGRESS;Scope=JobScope;RecompPercentageComplete=;MultipleRunsAffected=False;ActiveRunAffected=True;ActiveRunInProgress=True;RunCount=1;Run0Change0=LastSurvey;Run0Guid=A92E5407-BE3C-4047-BED8-EEA517418A6A
43194.0531212616,DnMAcquisition,Data Acquiring - D&M,Survey Manager/Reject survey,Click,Button,Reject,UIInteraction,
43194.0531937384,Setup,Computation / Recomputation,ProcessRecomputeState,,,,UIAutomatic,JobGuid=37581E69-834E-4FD0-8A92-C4FF8323AAF6;State=UIS_RECOMPUTATION_STATE_SUCCEEDED;Scope=JobScope;RecompPercentageComplete=;MultipleRunsAffected=False;ActiveRunAffected=True;ActiveRunInProgress=True;RunCount=1;Run0Change0=LastSurvey;Run0Guid=A92E5407-BE3C-4047-BED8-EEA517418A6A
43194.0531938079,DeliverablesSetup,Computation / Recomputation,ProcessRecomputeState,,,,UIAutomatic,JobGuid=37581E69-834E-4FD0-8A92-C4FF8323AAF6;State=UIS_RECOMPUTATION_STATE_SUCCEEDED;Scope=JobScope;RecompPercentageComplete=;MultipleRunsAffected=False;ActiveRunAffected=True;ActiveRunInProgress=True;RunCount=1;Run0Change0=LastSurvey;Run0Guid=A92E5407-BE3C-4047-BED8-EEA517418A6A
43194.0531938773,DnMAcquisition,Computation / Recomputation,ProcessRecomputeState,,,,UIAutomatic,JobGuid=37581E69-834E-4FD0-8A92-C4FF8323AAF6;State=UIS_RECOMPUTATION_STATE_SUCCEEDED;Scope=JobScope;RecompPercentageComplete=;MultipleRunsAffected=False;ActiveRunAffected=True;ActiveRunInProgress=True;RunCount=1;Run0Change0=LastSurvey;Run0Guid=A92E5407-BE3C-4047-BED8-EEA517418A6A
43194.0532661806,DnMAcquisition,Data Acquiring - D&M,Survey Manager/Accept survey,Click,Button,Accept,UIInteraction,
43194.0532749421,DeliverablesSetup,Computation / Recomputation,ProcessRecomputeState,,,,UIAutomatic,JobGuid=37581E69-834E-4FD0-8A92-C4FF8323AAF6;State=UIS_RECOMPUTATION_STATE_PENDING;Scope=JobScope;RecompPercentageComplete=;MultipleRunsAffected=False;ActiveRunAffected=True;ActiveRunInProgress=True;RunCount=1;Run0Change0=Trajectory;Run0Guid=A92E5407-BE3C-4047-BED8-EEA517418A6A
43194.0532749421,Setup,Computation / Recomputation,ProcessRecomputeState,,,,UIAutomatic,JobGuid=37581E69-834E-4FD0-8A92-C4FF8323AAF6;State=UIS_RECOMPUTATION_STATE_PENDING;Scope=JobScope;RecompPercentageComplete=;MultipleRunsAffected=False;ActiveRunAffected=True;ActiveRunInProgress=True;RunCount=1;Run0Change0=Trajectory;Run0Guid=A92E5407-BE3C-4047-BED8-EEA517418A6A
43194.0532798843,DnMAcquisition,Computation / Recomputation,ProcessRecomputeState,,,,UIAutomatic,JobGuid=37581E69-834E-4FD0-8A92-C4FF8323AAF6;State=UIS_RECOMPUTATION_STATE_PENDING;Scope=JobScope;RecompPercentageComplete=;MultipleRunsAffected=False;ActiveRunAffected=True;ActiveRunInProgress=True;RunCount=1;Run0Change0=Trajectory;Run0Guid=A92E5407-BE3C-4047-BED8-EEA517418A6A
43194.0542790278,DnMAcquisition,Data Acquiring - D&M,Survey Manager/Accept survey,Click,Button,Accept,UIInteraction,
43194.054280162,Setup,Computation / Recomputation,ProcessRecomputeState,,,,UIAutomatic,JobGuid=37581E69-834E-4FD0-8A92-C4FF8323AAF6;State=UIS_RECOMPUTATION_STATE_PENDING;Scope=JobScope;RecompPercentageComplete=;MultipleRunsAffected=False;ActiveRunAffected=True;ActiveRunInProgress=True;RunCount=1;Run0Change0=Trajectory;Run0Guid=A92E5407-BE3C-4047-BED8-EEA517418A6A
43194.054280162,DeliverablesSetup,Computation / Recomputation,ProcessRecomputeState,,,,UIAutomatic,JobGuid=37581E69-834E-4FD0-8A92-C4FF8323AAF6;State=UIS_RECOMPUTATION_STATE_PENDING;Scope=JobScope;RecompPercentageComplete=;MultipleRunsAffected=False;ActiveRunAffected=True;ActiveRunInProgress=True;RunCount=1;Run0Change0=Trajectory;Run0Guid=A92E5407-BE3C-4047-BED8-EEA517418A6A
43194.0542829398,DnMAcquisition,Computation / Recomputation,ProcessRecomputeState,,,,UIAutomatic,JobGuid=37581E69-834E-4FD0-8A92-C4FF8323AAF6;State=UIS_RECOMPUTATION_STATE_PENDING;Scope=JobScope;RecompPercentageComplete=;MultipleRunsAffected=False;ActiveRunAffected=True;ActiveRunInProgress=True;RunCount=1;Run0Change0=Trajectory;Run0Guid=A92E5407-BE3C-4047-BED8-EEA517418A6A
43194.055601088,DnMAcquisition,Data Acquiring - D&M,Survey Manager/Accept survey,Click,Button,Accept,UIInteraction,
43194.055602419,DeliverablesSetup,Computation / Recomputation,ProcessRecomputeState,,,,UIAutomatic,JobGuid=37581E69-834E-4FD0-8A92-C4FF8323AAF6;State=UIS_RECOMPUTATION_STATE_PENDING;Scope=JobScope;RecompPercentageComplete=;MultipleRunsAffected=False;ActiveRunAffected=True;ActiveRunInProgress=True;RunCount=1;Run0Change0=Trajectory;Run0Guid=A92E5407-BE3C-4047-BED8-EEA517418A6A
43194.0556025231,Setup,Computation / Recomputation,ProcessRecomputeState,,,,UIAutomatic,JobGuid=37581E69-834E-4FD0-8A92-C4FF8323AAF6;State=UIS_RECOMPUTATION_STATE_PENDING;Scope=JobScope;RecompPercentageComplete=;MultipleRunsAffected=False;ActiveRunAffected=True;ActiveRunInProgress=True;RunCount=1;Run0Change0=Trajectory;Run0Guid=A92E5407-BE3C-4047-BED8-EEA517418A6A
43194.0556053588,DnMAcquisition,Computation / Recomputation,ProcessRecomputeState,,,,UIAutomatic,JobGuid=37581E69-834E-4FD0-8A92-C4FF8323AAF6;State=UIS_RECOMPUTATION_STATE_PENDING;Scope=JobScope;RecompPercentageComplete=;MultipleRunsAffected=False;ActiveRunAffected=True;ActiveRunInProgress=True;RunCount=1;Run0Change0=Trajectory;Run0Guid=A92E5407-BE3C-4047-BED8-EEA517418A6A
43194.056501331,DnMAcquisition,Data Acquiring - D&M,Survey Manager/Accept survey,Click,Button,Accept,UIInteraction,
43194.0565024884,DeliverablesSetup,Computation / Recomputation,ProcessRecomputeState,,,,UIAutomatic,JobGuid=37581E69-834E-4FD0-8A92-C4FF8323AAF6;State=UIS_RECOMPUTATION_STATE_PENDING;Scope=JobScope;RecompPercentageComplete=;MultipleRunsAffected=False;ActiveRunAffected=True;ActiveRunInProgress=True;RunCount=1;Run0Change0=Trajectory;Run0Guid=A92E5407-BE3C-4047-BED8-EEA517418A6A
43194.0565056019,DnMAcquisition,Computation / Recomputation,ProcessRecomputeState,,,,UIAutomatic,JobGuid=37581E69-834E-4FD0-8A92-C4FF8323AAF6;State=UIS_RECOMPUTATION_STATE_PENDING;Scope=JobScope;RecompPercentageComplete=;MultipleRunsAffected=False;ActiveRunAffected=True;ActiveRunInProgress=True;RunCount=1;Run0Change0=Trajectory;Run0Guid=A92E5407-BE3C-4047-BED8-EEA517418A6A
43194.0565024884,Setup,Computation / Recomputation,ProcessRecomputeState,,,,UIAutomatic,JobGuid=37581E69-834E-4FD0-8A92-C4FF8323AAF6;State=UIS_RECOMPUTATION_STATE_PENDING;Scope=JobScope;RecompPercentageComplete=;MultipleRunsAffected=False;ActiveRunAffected=True;ActiveRunInProgress=True;RunCount=1;Run0Change0=Trajectory;Run0Guid=A92E5407-BE3C-4047-BED8-EEA517418A6A
43194.0576260995,DnMAcquisition,Data Acquiring - D&M,Survey Manager/Accept survey,Click,Button,Accept,UIInteraction,
43194.0576272569,Setup,Computation / Recomputation,ProcessRecomputeState,,,,UIAutomatic,JobGuid=37581E69-834E-4FD0-8A92-C4FF8323AAF6;State=UIS_RECOMPUTATION_STATE_PENDING;Scope=JobScope;RecompPercentageComplete=;MultipleRunsAffected=False;ActiveRunAffected=True;ActiveRunInProgress=True;RunCount=1;Run0Change0=Trajectory;Run0Guid=A92E5407-BE3C-4047-BED8-EEA517418A6A
43194.0576272685,DeliverablesSetup,Computation / Recomputation,ProcessRecomputeState,,,,UIAutomatic,JobGuid=37581E69-834E-4FD0-8A92-C4FF8323AAF6;State=UIS_RECOMPUTATION_STATE_PENDING;Scope=JobScope;RecompPercentageComplete=;MultipleRunsAffected=False;ActiveRunAffected=True;ActiveRunInProgress=True;RunCount=1;Run0Change0=Trajectory;Run0Guid=A92E5407-BE3C-4047-BED8-EEA517418A6A
43194.0576300116,DnMAcquisition,Computation / Recomputation,ProcessRecomputeState,,,,UIAutomatic,JobGuid=37581E69-834E-4FD0-8A92-C4FF8323AAF6;State=UIS_RECOMPUTATION_STATE_PENDING;Scope=JobScope;RecompPercentageComplete=;MultipleRunsAffected=False;ActiveRunAffected=True;ActiveRunInProgress=True;RunCount=1;Run0Change0=Trajectory;Run0Guid=A92E5407-BE3C-4047-BED8-EEA517418A6A
43194.0582239583,DnMAcquisition,Data Acquiring - D&M,Survey Manager/Accept survey,Click,Button,Accept,UIInteraction,
43194.0582250926,Setup,Computation / Recomputation,ProcessRecomputeState,,,,UIAutomatic,JobGuid=37581E69-834E-4FD0-8A92-C4FF8323AAF6;State=UIS_RECOMPUTATION_STATE_PENDING;Scope=JobScope;RecompPercentageComplete=;MultipleRunsAffected=False;ActiveRunAffected=True;ActiveRunInProgress=True;RunCount=1;Run0Change0=Trajectory;Run0Guid=A92E5407-BE3C-4047-BED8-EEA517418A6A
43194.0582251157,DeliverablesSetup,Computation / Recomputation,ProcessRecomputeState,,,,UIAutomatic,JobGuid=37581E69-834E-4FD0-8A92-C4FF8323AAF6;State=UIS_RECOMPUTATION_STATE_PENDING;Scope=JobScope;RecompPercentageComplete=;MultipleRunsAffected=False;ActiveRunAffected=True;ActiveRunInProgress=True;RunCount=1;Run0Change0=Trajectory;Run0Guid=A92E5407-BE3C-4047-BED8-EEA517418A6A
43194.0582281366,DnMAcquisition,Computation / Recomputation,ProcessRecomputeState,,,,UIAutomatic,JobGuid=37581E69-834E-4FD0-8A92-C4FF8323AAF6;State=UIS_RECOMPUTATION_STATE_PENDING;Scope=JobScope;RecompPercentageComplete=;MultipleRunsAffected=False;ActiveRunAffected=True;ActiveRunInProgress=True;RunCount=1;Run0Change0=Trajectory;Run0Guid=A92E5407-BE3C-4047-BED8-EEA517418A6A
43194.059200787,DnMAcquisition,Data Acquiring - D&M,Survey Manager/Accept survey,Click,Button,Accept,UIInteraction,
43194.0592021296,Setup,Computation / Recomputation,ProcessRecomputeState,,,,UIAutomatic,JobGuid=37581E69-834E-4FD0-8A92-C4FF8323AAF6;State=UIS_RECOMPUTATION_STATE_PENDING;Scope=JobScope;RecompPercentageComplete=;MultipleRunsAffected=False;ActiveRunAffected=True;ActiveRunInProgress=True;RunCount=1;Run0Change0=Trajectory;Run0Guid=A92E5407-BE3C-4047-BED8-EEA517418A6A
43194.0592021296,DeliverablesSetup,Computation / Recomputation,ProcessRecomputeState,,,,UIAutomatic,JobGuid=37581E69-834E-4FD0-8A92-C4FF8323AAF6;State=UIS_RECOMPUTATION_STATE_PENDING;Scope=JobScope;RecompPercentageComplete=;MultipleRunsAffected=False;ActiveRunAffected=True;ActiveRunInProgress=True;RunCount=1;Run0Change0=Trajectory;Run0Guid=A92E5407-BE3C-4047-BED8-EEA517418A6A
43194.0592049074,DnMAcquisition,Computation / Recomputation,ProcessRecomputeState,,,,UIAutomatic,JobGuid=37581E69-834E-4FD0-8A92-C4FF8323AAF6;State=UIS_RECOMPUTATION_STATE_PENDING;Scope=JobScope;RecompPercentageComplete=;MultipleRunsAffected=False;ActiveRunAffected=True;ActiveRunInProgress=True;RunCount=1;Run0Change0=Trajectory;Run0Guid=A92E5407-BE3C-4047-BED8-EEA517418A6A
43194.0598218171,DnMAcquisition,Data Acquiring - D&M,Survey Manager/Accept survey,Click,Button,Accept,UIInteraction,
43194.0598230324,Setup,Computation / Recomputation,ProcessRecomputeState,,,,UIAutomatic,JobGuid=37581E69-834E-4FD0-8A92-C4FF8323AAF6;State=UIS_RECOMPUTATION_STATE_PENDING;Scope=JobScope;RecompPercentageComplete=;MultipleRunsAffected=False;ActiveRunAffected=True;ActiveRunInProgress=True;RunCount=1;Run0Change0=Trajectory;Run0Guid=A92E5407-BE3C-4047-BED8-EEA517418A6A
43194.0598230324,DeliverablesSetup,Computation / Recomputation,ProcessRecomputeState,,,,UIAutomatic,JobGuid=37581E69-834E-4FD0-8A92-C4FF8323AAF6;State=UIS_RECOMPUTATION_STATE_PENDING;Scope=JobScope;RecompPercentageComplete=;MultipleRunsAffected=False;ActiveRunAffected=True;ActiveRunInProgress=True;RunCount=1;Run0Change0=Trajectory;Run0Guid=A92E5407-BE3C-4047-BED8-EEA517418A6A
43194.0598260301,DnMAcquisition,Computation / Recomputation,ProcessRecomputeState,,,,UIAutomatic,JobGuid=37581E69-834E-4FD0-8A92-C4FF8323AAF6;State=UIS_RECOMPUTATION_STATE_PENDING;Scope=JobScope;RecompPercentageComplete=;MultipleRunsAffected=False;ActiveRunAffected=True;ActiveRunInProgress=True;RunCount=1;Run0Change0=Trajectory;Run0Guid=A92E5407-BE3C-4047-BED8-EEA517418A6A
43194.0604294792,DnMAcquisition,Data Acquiring - D&M,Survey Manager/Accept survey,Click,Button,Accept,UIInteraction,
43194.0604306481,Setup,Computation / Recomputation,ProcessRecomputeState,,,,UIAutomatic,JobGuid=37581E69-834E-4FD0-8A92-C4FF8323AAF6;State=UIS_RECOMPUTATION_STATE_PENDING;Scope=JobScope;RecompPercentageComplete=;MultipleRunsAffected=False;ActiveRunAffected=True;ActiveRunInProgress=True;RunCount=1;Run0Change0=Trajectory;Run0Guid=A92E5407-BE3C-4047-BED8-EEA517418A6A
43194.0604306829,DeliverablesSetup,Computation / Recomputation,ProcessRecomputeState,,,,UIAutomatic,JobGuid=37581E69-834E-4FD0-8A92-C4FF8323AAF6;State=UIS_RECOMPUTATION_STATE_PENDING;Scope=JobScope;RecompPercentageComplete=;MultipleRunsAffected=False;ActiveRunAffected=True;ActiveRunInProgress=True;RunCount=1;Run0Change0=Trajectory;Run0Guid=A92E5407-BE3C-4047-BED8-EEA517418A6A
43194.0604334838,DnMAcquisition,Computation / Recomputation,ProcessRecomputeState,,,,UIAutomatic,JobGuid=37581E69-834E-4FD0-8A92-C4FF8323AAF6;State=UIS_RECOMPUTATION_STATE_PENDING;Scope=JobScope;RecompPercentageComplete=;MultipleRunsAffected=False;ActiveRunAffected=True;ActiveRunInProgress=True;RunCount=1;Run0Change0=Trajectory;Run0Guid=A92E5407-BE3C-4047-BED8-EEA517418A6A
43194.0611663773,DeliverablesSetup,Computation / Recomputation,ProcessRecomputeState,,,,UIAutomatic,JobGuid=37581E69-834E-4FD0-8A92-C4FF8323AAF6;State=UIS_RECOMPUTATION_STATE_PENDING;Scope=JobScope;RecompPercentageComplete=;MultipleRunsAffected=False;ActiveRunAffected=True;ActiveRunInProgress=True;RunCount=1;Run0Change0=Trajectory;Run0Guid=A92E5407-BE3C-4047-BED8-EEA517418A6A
43194.0611651505,DnMAcquisition,Data Acquiring - D&M,Survey Manager/Accept survey,Click,Button,Accept,UIInteraction,
43194.0611664699,Setup,Computation / Recomputation,ProcessRecomputeState,,,,UIAutomatic,JobGuid=37581E69-834E-4FD0-8A92-C4FF8323AAF6;State=UIS_RECOMPUTATION_STATE_PENDING;Scope=JobScope;RecompPercentageComplete=;MultipleRunsAffected=False;ActiveRunAffected=True;ActiveRunInProgress=True;RunCount=1;Run0Change0=Trajectory;Run0Guid=A92E5407-BE3C-4047-BED8-EEA517418A6A
43194.0611693171,DnMAcquisition,Computation / Recomputation,ProcessRecomputeState,,,,UIAutomatic,JobGuid=37581E69-834E-4FD0-8A92-C4FF8323AAF6;State=UIS_RECOMPUTATION_STATE_PENDING;Scope=JobScope;RecompPercentageComplete=;MultipleRunsAffected=False;ActiveRunAffected=True;ActiveRunInProgress=True;RunCount=1;Run0Change0=Trajectory;Run0Guid=A92E5407-BE3C-4047-BED8-EEA517418A6A
43194.0612644907,DnMAcquisition,Data Acquiring - D&M,Survey Manager/Reject survey,Click,Button,Reject,UIInteraction,
43194.0623445486,DnMAcquisition,Data Acquiring - D&M,Survey Manager/Accept survey,Click,Button,Accept,UIInteraction,
43194.0623459375,Setup,Computation / Recomputation,ProcessRecomputeState,,,,UIAutomatic,JobGuid=37581E69-834E-4FD0-8A92-C4FF8323AAF6;State=UIS_RECOMPUTATION_STATE_PENDING;Scope=JobScope;RecompPercentageComplete=;MultipleRunsAffected=False;ActiveRunAffected=True;ActiveRunInProgress=True;RunCount=1;Run0Change0=Trajectory;Run0Guid=A92E5407-BE3C-4047-BED8-EEA517418A6A
43194.0623459491,DeliverablesSetup,Computation / Recomputation,ProcessRecomputeState,,,,UIAutomatic,JobGuid=37581E69-834E-4FD0-8A92-C4FF8323AAF6;State=UIS_RECOMPUTATION_STATE_PENDING;Scope=JobScope;RecompPercentageComplete=;MultipleRunsAffected=False;ActiveRunAffected=True;ActiveRunInProgress=True;RunCount=1;Run0Change0=Trajectory;Run0Guid=A92E5407-BE3C-4047-BED8-EEA517418A6A
43194.0623489352,DnMAcquisition,Computation / Recomputation,ProcessRecomputeState,,,,UIAutomatic,JobGuid=37581E69-834E-4FD0-8A92-C4FF8323AAF6;State=UIS_RECOMPUTATION_STATE_PENDING;Scope=JobScope;RecompPercentageComplete=;MultipleRunsAffected=False;ActiveRunAffected=True;ActiveRunInProgress=True;RunCount=1;Run0Change0=Trajectory;Run0Guid=A92E5407-BE3C-4047-BED8-EEA517418A6A
43194.0635133565,DnMAcquisition,Data Acquiring - D&M,Survey Manager/Accept survey,Click,Button,Accept,UIInteraction,
43194.0635145718,Setup,Computation / Recomputation,ProcessRecomputeState,,,,UIAutomatic,JobGuid=37581E69-834E-4FD0-8A92-C4FF8323AAF6;State=UIS_RECOMPUTATION_STATE_PENDING;Scope=JobScope;RecompPercentageComplete=;MultipleRunsAffected=False;ActiveRunAffected=True;ActiveRunInProgress=True;RunCount=1;Run0Change0=Trajectory;Run0Guid=A92E5407-BE3C-4047-BED8-EEA517418A6A
43194.0635145833,DeliverablesSetup,Computation / Recomputation,ProcessRecomputeState,,,,UIAutomatic,JobGuid=37581E69-834E-4FD0-8A92-C4FF8323AAF6;State=UIS_RECOMPUTATION_STATE_PENDING;Scope=JobScope;RecompPercentageComplete=;MultipleRunsAffected=False;ActiveRunAffected=True;ActiveRunInProgress=True;RunCount=1;Run0Change0=Trajectory;Run0Guid=A92E5407-BE3C-4047-BED8-EEA517418A6A
43194.0635174537,DnMAcquisition,Computation / Recomputation,ProcessRecomputeState,,,,UIAutomatic,JobGuid=37581E69-834E-4FD0-8A92-C4FF8323AAF6;State=UIS_RECOMPUTATION_STATE_PENDING;Scope=JobScope;RecompPercentageComplete=;MultipleRunsAffected=False;ActiveRunAffected=True;ActiveRunInProgress=True;RunCount=1;Run0Change0=Trajectory;Run0Guid=A92E5407-BE3C-4047-BED8-EEA517418A6A
43194.0637947454,DnMAcquisition,Data Acquiring - D&M,Survey Manager/Accept survey,Click,Button,Accept,UIInteraction,
43194.0637958333,DeliverablesSetup,Computation / Recomputation,ProcessRecomputeState,,,,UIAutomatic,JobGuid=37581E69-834E-4FD0-8A92-C4FF8323AAF6;State=UIS_RECOMPUTATION_STATE_PENDING;Scope=JobScope;RecompPercentageComplete=;MultipleRunsAffected=False;ActiveRunAffected=True;ActiveRunInProgress=True;RunCount=1;Run0Change0=Trajectory;Run0Guid=A92E5407-BE3C-4047-BED8-EEA517418A6A
43194.0637988079,DnMAcquisition,Computation / Recomputation,ProcessRecomputeState,,,,UIAutomatic,JobGuid=37581E69-834E-4FD0-8A92-C4FF8323AAF6;State=UIS_RECOMPUTATION_STATE_PENDING;Scope=JobScope;RecompPercentageComplete=;MultipleRunsAffected=False;ActiveRunAffected=True;ActiveRunInProgress=True;RunCount=1;Run0Change0=Trajectory;Run0Guid=A92E5407-BE3C-4047-BED8-EEA517418A6A
43194.0637959259,Setup,Computation / Recomputation,ProcessRecomputeState,,,,UIAutomatic,JobGuid=37581E69-834E-4FD0-8A92-C4FF8323AAF6;State=UIS_RECOMPUTATION_STATE_PENDING;Scope=JobScope;RecompPercentageComplete=;MultipleRunsAffected=False;ActiveRunAffected=True;ActiveRunInProgress=True;RunCount=1;Run0Change0=Trajectory;Run0Guid=A92E5407-BE3C-4047-BED8-EEA517418A6A
43194.0643985417,Setup,Computation / Recomputation,ProcessRecomputeState,,,,UIAutomatic,JobGuid=37581E69-834E-4FD0-8A92-C4FF8323AAF6;State=UIS_RECOMPUTATION_STATE_PENDING;Scope=JobScope;RecompPercentageComplete=;MultipleRunsAffected=False;ActiveRunAffected=True;ActiveRunInProgress=True;RunCount=1;Run0Change0=Trajectory;Run0Guid=A92E5407-BE3C-4047-BED8-EEA517418A6A
43194.0643974306,DnMAcquisition,Data Acquiring - D&M,Survey Manager/Accept survey,Click,Button,Accept,UIInteraction,
43194.0643985417,DeliverablesSetup,Computation / Recomputation,ProcessRecomputeState,,,,UIAutomatic,JobGuid=37581E69-834E-4FD0-8A92-C4FF8323AAF6;State=UIS_RECOMPUTATION_STATE_PENDING;Scope=JobScope;RecompPercentageComplete=;MultipleRunsAffected=False;ActiveRunAffected=True;ActiveRunInProgress=True;RunCount=1;Run0Change0=Trajectory;Run0Guid=A92E5407-BE3C-4047-BED8-EEA517418A6A
43194.0644012963,DnMAcquisition,Computation / Recomputation,ProcessRecomputeState,,,,UIAutomatic,JobGuid=37581E69-834E-4FD0-8A92-C4FF8323AAF6;State=UIS_RECOMPUTATION_STATE_PENDING;Scope=JobScope;RecompPercentageComplete=;MultipleRunsAffected=False;ActiveRunAffected=True;ActiveRunInProgress=True;RunCount=1;Run0Change0=Trajectory;Run0Guid=A92E5407-BE3C-4047-BED8-EEA517418A6A
43194.0651958796,DnMAcquisition,Data Acquiring - D&M,Survey Manager/Accept survey,Click,Button,Accept,UIInteraction,
43194.0651970602,Setup,Computation / Recomputation,ProcessRecomputeState,,,,UIAutomatic,JobGuid=37581E69-834E-4FD0-8A92-C4FF8323AAF6;State=UIS_RECOMPUTATION_STATE_PENDING;Scope=JobScope;RecompPercentageComplete=;MultipleRunsAffected=False;ActiveRunAffected=True;ActiveRunInProgress=True;RunCount=1;Run0Change0=Trajectory;Run0Guid=A92E5407-BE3C-4047-BED8-EEA517418A6A
43194.0651970602,DeliverablesSetup,Computation / Recomputation,ProcessRecomputeState,,,,UIAutomatic,JobGuid=37581E69-834E-4FD0-8A92-C4FF8323AAF6;State=UIS_RECOMPUTATION_STATE_PENDING;Scope=JobScope;RecompPercentageComplete=;MultipleRunsAffected=False;ActiveRunAffected=True;ActiveRunInProgress=True;RunCount=1;Run0Change0=Trajectory;Run0Guid=A92E5407-BE3C-4047-BED8-EEA517418A6A
43194.0651998264,DnMAcquisition,Computation / Recomputation,ProcessRecomputeState,,,,UIAutomatic,JobGuid=37581E69-834E-4FD0-8A92-C4FF8323AAF6;State=UIS_RECOMPUTATION_STATE_PENDING;Scope=JobScope;RecompPercentageComplete=;MultipleRunsAffected=False;ActiveRunAffected=True;ActiveRunInProgress=True;RunCount=1;Run0Change0=Trajectory;Run0Guid=A92E5407-BE3C-4047-BED8-EEA517418A6A
43194.0659298843,DnMAcquisition,Data Acquiring - D&M,Survey Manager/Accept survey,Click,Button,Accept,UIInteraction,
43194.0659312732,Setup,Computation / Recomputation,ProcessRecomputeState,,,,UIAutomatic,JobGuid=37581E69-834E-4FD0-8A92-C4FF8323AAF6;State=UIS_RECOMPUTATION_STATE_PENDING;Scope=JobScope;RecompPercentageComplete=;MultipleRunsAffected=False;ActiveRunAffected=True;ActiveRunInProgress=True;RunCount=1;Run0Change0=Trajectory;Run0Guid=A92E5407-BE3C-4047-BED8-EEA517418A6A
43194.0659312732,DeliverablesSetup,Computation / Recomputation,ProcessRecomputeState,,,,UIAutomatic,JobGuid=37581E69-834E-4FD0-8A92-C4FF8323AAF6;State=UIS_RECOMPUTATION_STATE_PENDING;Scope=JobScope;RecompPercentageComplete=;MultipleRunsAffected=False;ActiveRunAffected=True;ActiveRunInProgress=True;RunCount=1;Run0Change0=Trajectory;Run0Guid=A92E5407-BE3C-4047-BED8-EEA517418A6A
43194.0659339815,DnMAcquisition,Computation / Recomputation,ProcessRecomputeState,,,,UIAutomatic,JobGuid=37581E69-834E-4FD0-8A92-C4FF8323AAF6;State=UIS_RECOMPUTATION_STATE_PENDING;Scope=JobScope;RecompPercentageComplete=;MultipleRunsAffected=False;ActiveRunAffected=True;ActiveRunInProgress=True;RunCount=1;Run0Change0=Trajectory;Run0Guid=A92E5407-BE3C-4047-BED8-EEA517418A6A
43194.0670387153,DnMAcquisition,Data Acquiring - D&M,Survey Manager/Accept survey,Click,Button,Accept,UIInteraction,
43194.0670398611,DeliverablesSetup,Computation / Recomputation,ProcessRecomputeState,,,,UIAutomatic,JobGuid=37581E69-834E-4FD0-8A92-C4FF8323AAF6;State=UIS_RECOMPUTATION_STATE_PENDING;Scope=JobScope;RecompPercentageComplete=;MultipleRunsAffected=False;ActiveRunAffected=True;ActiveRunInProgress=True;RunCount=1;Run0Change0=Trajectory;Run0Guid=A92E5407-BE3C-4047-BED8-EEA517418A6A
43194.0670398611,Setup,Computation / Recomputation,ProcessRecomputeState,,,,UIAutomatic,JobGuid=37581E69-834E-4FD0-8A92-C4FF8323AAF6;State=UIS_RECOMPUTATION_STATE_PENDING;Scope=JobScope;RecompPercentageComplete=;MultipleRunsAffected=False;ActiveRunAffected=True;ActiveRunInProgress=True;RunCount=1;Run0Change0=Trajectory;Run0Guid=A92E5407-BE3C-4047-BED8-EEA517418A6A
43194.0670428588,DnMAcquisition,Computation / Recomputation,ProcessRecomputeState,,,,UIAutomatic,JobGuid=37581E69-834E-4FD0-8A92-C4FF8323AAF6;State=UIS_RECOMPUTATION_STATE_PENDING;Scope=JobScope;RecompPercentageComplete=;MultipleRunsAffected=False;ActiveRunAffected=True;ActiveRunInProgress=True;RunCount=1;Run0Change0=Trajectory;Run0Guid=A92E5407-BE3C-4047-BED8-EEA517418A6A
43194.0677605903,DnMAcquisition,Data Acquiring - D&M,Survey Manager/Accept survey,Click,Button,Accept,UIInteraction,
43194.0677617361,Setup,Computation / Recomputation,ProcessRecomputeState,,,,UIAutomatic,JobGuid=37581E69-834E-4FD0-8A92-C4FF8323AAF6;State=UIS_RECOMPUTATION_STATE_PENDING;Scope=JobScope;RecompPercentageComplete=;MultipleRunsAffected=False;ActiveRunAffected=True;ActiveRunInProgress=True;RunCount=1;Run0Change0=Trajectory;Run0Guid=A92E5407-BE3C-4047-BED8-EEA517418A6A
43194.0677618982,DeliverablesSetup,Computation / Recomputation,ProcessRecomputeState,,,,UIAutomatic,JobGuid=37581E69-834E-4FD0-8A92-C4FF8323AAF6;State=UIS_RECOMPUTATION_STATE_PENDING;Scope=JobScope;RecompPercentageComplete=;MultipleRunsAffected=False;ActiveRunAffected=True;ActiveRunInProgress=True;RunCount=1;Run0Change0=Trajectory;Run0Guid=A92E5407-BE3C-4047-BED8-EEA517418A6A
43194.0677647338,DnMAcquisition,Computation / Recomputation,ProcessRecomputeState,,,,UIAutomatic,JobGuid=37581E69-834E-4FD0-8A92-C4FF8323AAF6;State=UIS_RECOMPUTATION_STATE_PENDING;Scope=JobScope;RecompPercentageComplete=;MultipleRunsAffected=False;ActiveRunAffected=True;ActiveRunInProgress=True;RunCount=1;Run0Change0=Trajectory;Run0Guid=A92E5407-BE3C-4047-BED8-EEA517418A6A
43194.0683658449,DnMAcquisition,Data Acquiring - D&M,Survey Manager/Accept survey,Click,Button,Accept,UIInteraction,
43194.0683669792,Setup,Computation / Recomputation,ProcessRecomputeState,,,,UIAutomatic,JobGuid=37581E69-834E-4FD0-8A92-C4FF8323AAF6;State=UIS_RECOMPUTATION_STATE_PENDING;Scope=JobScope;RecompPercentageComplete=;MultipleRunsAffected=False;ActiveRunAffected=True;ActiveRunInProgress=True;RunCount=1;Run0Change0=Trajectory;Run0Guid=A92E5407-BE3C-4047-BED8-EEA517418A6A
43194.0683669792,DeliverablesSetup,Computation / Recomputation,ProcessRecomputeState,,,,UIAutomatic,JobGuid=37581E69-834E-4FD0-8A92-C4FF8323AAF6;State=UIS_RECOMPUTATION_STATE_PENDING;Scope=JobScope;RecompPercentageComplete=;MultipleRunsAffected=False;ActiveRunAffected=True;ActiveRunInProgress=True;RunCount=1;Run0Change0=Trajectory;Run0Guid=A92E5407-BE3C-4047-BED8-EEA517418A6A
43194.0683700694,DnMAcquisition,Computation / Recomputation,ProcessRecomputeState,,,,UIAutomatic,JobGuid=37581E69-834E-4FD0-8A92-C4FF8323AAF6;State=UIS_RECOMPUTATION_STATE_PENDING;Scope=JobScope;RecompPercentageComplete=;MultipleRunsAffected=False;ActiveRunAffected=True;ActiveRunInProgress=True;RunCount=1;Run0Change0=Trajectory;Run0Guid=A92E5407-BE3C-4047-BED8-EEA517418A6A
43194.0689837847,DnMAcquisition,Data Acquiring - D&M,Survey Manager/Accept survey,Click,Button,Accept,UIInteraction,
43194.0689849769,DeliverablesSetup,Computation / Recomputation,ProcessRecomputeState,,,,UIAutomatic,JobGuid=37581E69-834E-4FD0-8A92-C4FF8323AAF6;State=UIS_RECOMPUTATION_STATE_PENDING;Scope=JobScope;RecompPercentageComplete=;MultipleRunsAffected=False;ActiveRunAffected=True;ActiveRunInProgress=True;RunCount=1;Run0Change0=Trajectory;Run0Guid=A92E5407-BE3C-4047-BED8-EEA517418A6A
43194.0689850232,Setup,Computation / Recomputation,ProcessRecomputeState,,,,UIAutomatic,JobGuid=37581E69-834E-4FD0-8A92-C4FF8323AAF6;State=UIS_RECOMPUTATION_STATE_PENDING;Scope=JobScope;RecompPercentageComplete=;MultipleRunsAffected=False;ActiveRunAffected=True;ActiveRunInProgress=True;RunCount=1;Run0Change0=Trajectory;Run0Guid=A92E5407-BE3C-4047-BED8-EEA517418A6A
43194.0689881713,DnMAcquisition,Computation / Recomputation,ProcessRecomputeState,,,,UIAutomatic,JobGuid=37581E69-834E-4FD0-8A92-C4FF8323AAF6;State=UIS_RECOMPUTATION_STATE_PENDING;Scope=JobScope;RecompPercentageComplete=;MultipleRunsAffected=False;ActiveRunAffected=True;ActiveRunInProgress=True;RunCount=1;Run0Change0=Trajectory;Run0Guid=A92E5407-BE3C-4047-BED8-EEA517418A6A
43194.0692662616,DnMAcquisition,Data Acquiring - D&M,Survey Manager/Accept survey,Click,Button,Accept,UIInteraction,
43194.0692674884,Setup,Computation / Recomputation,ProcessRecomputeState,,,,UIAutomatic,JobGuid=37581E69-834E-4FD0-8A92-C4FF8323AAF6;State=UIS_RECOMPUTATION_STATE_PENDING;Scope=JobScope;RecompPercentageComplete=;MultipleRunsAffected=False;ActiveRunAffected=True;ActiveRunInProgress=True;RunCount=1;Run0Change0=Trajectory;Run0Guid=A92E5407-BE3C-4047-BED8-EEA517418A6A
43194.0692674884,DeliverablesSetup,Computation / Recomputation,ProcessRecomputeState,,,,UIAutomatic,JobGuid=37581E69-834E-4FD0-8A92-C4FF8323AAF6;State=UIS_RECOMPUTATION_STATE_PENDING;Scope=JobScope;RecompPercentageComplete=;MultipleRunsAffected=False;ActiveRunAffected=True;ActiveRunInProgress=True;RunCount=1;Run0Change0=Trajectory;Run0Guid=A92E5407-BE3C-4047-BED8-EEA517418A6A
43194.0692703819,DnMAcquisition,Computation / Recomputation,ProcessRecomputeState,,,,UIAutomatic,JobGuid=37581E69-834E-4FD0-8A92-C4FF8323AAF6;State=UIS_RECOMPUTATION_STATE_PENDING;Scope=JobScope;RecompPercentageComplete=;MultipleRunsAffected=False;ActiveRunAffected=True;ActiveRunInProgress=True;RunCount=1;Run0Change0=Trajectory;Run0Guid=A92E5407-BE3C-4047-BED8-EEA517418A6A
43194.0695850926,DnMAcquisition,Data Acquiring - D&M,Survey Manager/Reject survey,Click,Button,Reject,UIInteraction,
43194.0709398148,DnMAcquisition,Data Acquiring - D&M,Survey Manager/Accept survey,Click,Button,Accept,UIInteraction,
43194.0709411921,Setup,Computation / Recomputation,ProcessRecomputeState,,,,UIAutomatic,JobGuid=37581E69-834E-4FD0-8A92-C4FF8323AAF6;State=UIS_RECOMPUTATION_STATE_PENDING;Scope=JobScope;RecompPercentageComplete=;MultipleRunsAffected=False;ActiveRunAffected=True;ActiveRunInProgress=True;RunCount=1;Run0Change0=Trajectory;Run0Guid=A92E5407-BE3C-4047-BED8-EEA517418A6A
43194.0709411921,DeliverablesSetup,Computation / Recomputation,ProcessRecomputeState,,,,UIAutomatic,JobGuid=37581E69-834E-4FD0-8A92-C4FF8323AAF6;State=UIS_RECOMPUTATION_STATE_PENDING;Scope=JobScope;RecompPercentageComplete=;MultipleRunsAffected=False;ActiveRunAffected=True;ActiveRunInProgress=True;RunCount=1;Run0Change0=Trajectory;Run0Guid=A92E5407-BE3C-4047-BED8-EEA517418A6A
43194.0709466319,DnMAcquisition,Computation / Recomputation,ProcessRecomputeState,,,,UIAutomatic,JobGuid=37581E69-834E-4FD0-8A92-C4FF8323AAF6;State=UIS_RECOMPUTATION_STATE_PENDING;Scope=JobScope;RecompPercentageComplete=;MultipleRunsAffected=False;ActiveRunAffected=True;ActiveRunInProgress=True;RunCount=1;Run0Change0=Trajectory;Run0Guid=A92E5407-BE3C-4047-BED8-EEA517418A6A
43194.0714357523,DnMAcquisition,Data Acquiring - D&M,Survey Manager/Accept survey,Click,Button,Accept,UIInteraction,
43194.0714369907,Setup,Computation / Recomputation,ProcessRecomputeState,,,,UIAutomatic,JobGuid=37581E69-834E-4FD0-8A92-C4FF8323AAF6;State=UIS_RECOMPUTATION_STATE_PENDING;Scope=JobScope;RecompPercentageComplete=;MultipleRunsAffected=False;ActiveRunAffected=True;ActiveRunInProgress=True;RunCount=1;Run0Change0=Trajectory;Run0Guid=A92E5407-BE3C-4047-BED8-EEA517418A6A
43194.0714369907,DeliverablesSetup,Computation / Recomputation,ProcessRecomputeState,,,,UIAutomatic,JobGuid=37581E69-834E-4FD0-8A92-C4FF8323AAF6;State=UIS_RECOMPUTATION_STATE_PENDING;Scope=JobScope;RecompPercentageComplete=;MultipleRunsAffected=False;ActiveRunAffected=True;ActiveRunInProgress=True;RunCount=1;Run0Change0=Trajectory;Run0Guid=A92E5407-BE3C-4047-BED8-EEA517418A6A
43194.0714428704,DnMAcquisition,Computation / Recomputation,ProcessRecomputeState,,,,UIAutomatic,JobGuid=37581E69-834E-4FD0-8A92-C4FF8323AAF6;State=UIS_RECOMPUTATION_STATE_PENDING;Scope=JobScope;RecompPercentageComplete=;MultipleRunsAffected=False;ActiveRunAffected=True;ActiveRunInProgress=True;RunCount=1;Run0Change0=Trajectory;Run0Guid=A92E5407-BE3C-4047-BED8-EEA517418A6A
43194.0725253357,DnMAcquisition,Data Acquiring - D&M,Survey Manager/Accept survey,Click,Button,Accept,UIInteraction,
43194.0725265278,Setup,Computation / Recomputation,ProcessRecomputeState,,,,UIAutomatic,JobGuid=37581E69-834E-4FD0-8A92-C4FF8323AAF6;State=UIS_RECOMPUTATION_STATE_PENDING;Scope=JobScope;RecompPercentageComplete=;MultipleRunsAffected=False;ActiveRunAffected=True;ActiveRunInProgress=True;RunCount=1;Run0Change0=Trajectory;Run0Guid=A92E5407-BE3C-4047-BED8-EEA517418A6A
43194.0725265278,DeliverablesSetup,Computation / Recomputation,ProcessRecomputeState,,,,UIAutomatic,JobGuid=37581E69-834E-4FD0-8A92-C4FF8323AAF6;State=UIS_RECOMPUTATION_STATE_PENDING;Scope=JobScope;RecompPercentageComplete=;MultipleRunsAffected=False;ActiveRunAffected=True;ActiveRunInProgress=True;RunCount=1;Run0Change0=Trajectory;Run0Guid=A92E5407-BE3C-4047-BED8-EEA517418A6A
43194.0725320949,DnMAcquisition,Computation / Recomputation,ProcessRecomputeState,,,,UIAutomatic,JobGuid=37581E69-834E-4FD0-8A92-C4FF8323AAF6;State=UIS_RECOMPUTATION_STATE_PENDING;Scope=JobScope;RecompPercentageComplete=;MultipleRunsAffected=False;ActiveRunAffected=True;ActiveRunInProgress=True;RunCount=1;Run0Change0=Trajectory;Run0Guid=A92E5407-BE3C-4047-BED8-EEA517418A6A
43194.0735344097,DnMAcquisition,Data Acquiring - D&M,Survey Manager/Accept survey,Click,Button,Accept,UIInteraction,
43194.0735359259,DeliverablesSetup,Computation / Recomputation,ProcessRecomputeState,,,,UIAutomatic,JobGuid=37581E69-834E-4FD0-8A92-C4FF8323AAF6;State=UIS_RECOMPUTATION_STATE_PENDING;Scope=JobScope;RecompPercentageComplete=;MultipleRunsAffected=False;ActiveRunAffected=True;ActiveRunInProgress=True;RunCount=1;Run0Change0=Trajectory;Run0Guid=A92E5407-BE3C-4047-BED8-EEA517418A6A
43194.0735359375,Setup,Computation / Recomputation,ProcessRecomputeState,,,,UIAutomatic,JobGuid=37581E69-834E-4FD0-8A92-C4FF8323AAF6;State=UIS_RECOMPUTATION_STATE_PENDING;Scope=JobScope;RecompPercentageComplete=;MultipleRunsAffected=False;ActiveRunAffected=True;ActiveRunInProgress=True;RunCount=1;Run0Change0=Trajectory;Run0Guid=A92E5407-BE3C-4047-BED8-EEA517418A6A
43194.073541088,DnMAcquisition,Computation / Recomputation,ProcessRecomputeState,,,,UIAutomatic,JobGuid=37581E69-834E-4FD0-8A92-C4FF8323AAF6;State=UIS_RECOMPUTATION_STATE_PENDING;Scope=JobScope;RecompPercentageComplete=;MultipleRunsAffected=False;ActiveRunAffected=True;ActiveRunInProgress=True;RunCount=1;Run0Change0=Trajectory;Run0Guid=A92E5407-BE3C-4047-BED8-EEA517418A6A
43194.0768339468,DnMAcquisition,Data Acquiring - D&M,Survey Manager/Accept survey,Click,Button,Accept,UIInteraction,
43194.0768352546,Setup,Computation / Recomputation,ProcessRecomputeState,,,,UIAutomatic,JobGuid=37581E69-834E-4FD0-8A92-C4FF8323AAF6;State=UIS_RECOMPUTATION_STATE_PENDING;Scope=JobScope;RecompPercentageComplete=;MultipleRunsAffected=False;ActiveRunAffected=True;ActiveRunInProgress=True;RunCount=1;Run0Change0=Trajectory;Run0Guid=A92E5407-BE3C-4047-BED8-EEA517418A6A
43194.0768406134,DnMAcquisition,Computation / Recomputation,ProcessRecomputeState,,,,UIAutomatic,JobGuid=37581E69-834E-4FD0-8A92-C4FF8323AAF6;State=UIS_RECOMPUTATION_STATE_PENDING;Scope=JobScope;RecompPercentageComplete=;MultipleRunsAffected=False;ActiveRunAffected=True;ActiveRunInProgress=True;RunCount=1;Run0Change0=Trajectory;Run0Guid=A92E5407-BE3C-4047-BED8-EEA517418A6A
43194.0768353125,DeliverablesSetup,Computation / Recomputation,ProcessRecomputeState,,,,UIAutomatic,JobGuid=37581E69-834E-4FD0-8A92-C4FF8323AAF6;State=UIS_RECOMPUTATION_STATE_PENDING;Scope=JobScope;RecompPercentageComplete=;MultipleRunsAffected=False;ActiveRunAffected=True;ActiveRunInProgress=True;RunCount=1;Run0Change0=Trajectory;Run0Guid=A92E5407-BE3C-4047-BED8-EEA517418A6A
43194.0816121296,DnMAcquisition,Computation / Recomputation,Recompute All Pending Runs,Click,ToolbarButton,Recompute All Pending Runs,UIInteraction,
43194.0816121528,DnMAcquisition,Computation / Recomputation,Start Recomputation During Acquisition,Click,ToolbarButton,Recompute All Pending Runs,UIInteraction,FeatureName=Framework.RTOOP
43194.0816122106,DeliverablesSetup,Computation / Recomputation,ProcessRecomputeState,,,,UIAutomatic,JobGuid=37581E69-834E-4FD0-8A92-C4FF8323AAF6;State=UIS_RECOMPUTATION_STATE_STARTING;Scope=JobScope;RecompPercentageComplete=;MultipleRunsAffected=False;ActiveRunAffected=True;ActiveRunInProgress=True;RunCount=1;Run0Change0=Trajectory;Run0Guid=A92E5407-BE3C-4047-BED8-EEA517418A6A
43194.0816122106,Setup,Computation / Recomputation,ProcessRecomputeState,,,,UIAutomatic,JobGuid=37581E69-834E-4FD0-8A92-C4FF8323AAF6;State=UIS_RECOMPUTATION_STATE_STARTING;Scope=JobScope;RecompPercentageComplete=;MultipleRunsAffected=False;ActiveRunAffected=True;ActiveRunInProgress=True;RunCount=1;Run0Change0=Trajectory;Run0Guid=A92E5407-BE3C-4047-BED8-EEA517418A6A
43194.0816126157,DnMAcquisition,Computation / Recomputation,ProcessRecomputeState,,,,UIAutomatic,JobGuid=37581E69-834E-4FD0-8A92-C4FF8323AAF6;State=UIS_RECOMPUTATION_STATE_STARTING;Scope=JobScope;RecompPercentageComplete=;MultipleRunsAffected=False;ActiveRunAffected=True;ActiveRunInProgress=True;RunCount=1;Run0Change0=Trajectory;Run0Guid=A92E5407-BE3C-4047-BED8-EEA517418A6A
43194.0816132639,DnMAcquisition,Computation / Recomputation,ProcessRecomputeState,,,,UIAutomatic,JobGuid=37581E69-834E-4FD0-8A92-C4FF8323AAF6;State=UIS_RECOMPUTATION_STATE_IN_PROGRESS;Scope=JobScope;RecompPercentageComplete=;MultipleRunsAffected=False;ActiveRunAffected=True;ActiveRunInProgress=True;RunCount=1;Run0Change0=Trajectory;Run0Guid=A92E5407-BE3C-4047-BED8-EEA517418A6A
43194.0816133796,DeliverablesSetup,Computation / Recomputation,ProcessRecomputeState,,,,UIAutomatic,JobGuid=37581E69-834E-4FD0-8A92-C4FF8323AAF6;State=UIS_RECOMPUTATION_STATE_IN_PROGRESS;Scope=JobScope;RecompPercentageComplete=;MultipleRunsAffected=False;ActiveRunAffected=True;ActiveRunInProgress=True;RunCount=1;Run0Change0=Trajectory;Run0Guid=A92E5407-BE3C-4047-BED8-EEA517418A6A
43194.0816133796,Setup,Computation / Recomputation,ProcessRecomputeState,,,,UIAutomatic,JobGuid=37581E69-834E-4FD0-8A92-C4FF8323AAF6;State=UIS_RECOMPUTATION_STATE_IN_PROGRESS;Scope=JobScope;RecompPercentageComplete=;MultipleRunsAffected=False;ActiveRunAffected=True;ActiveRunInProgress=True;RunCount=1;Run0Change0=Trajectory;Run0Guid=A92E5407-BE3C-4047-BED8-EEA517418A6A
43194.083245,DeliverablesSetup,Computation / Recomputation,ProcessRecomputeState,,,,UIAutomatic,JobGuid=37581E69-834E-4FD0-8A92-C4FF8323AAF6;State=UIS_RECOMPUTATION_STATE_SUCCEEDED;Scope=JobScope;RecompPercentageComplete=;MultipleRunsAffected=False;ActiveRunAffected=True;ActiveRunInProgress=True;RunCount=1;Run0Change0=Trajectory;Run0Guid=A92E5407-BE3C-4047-BED8-EEA517418A6A
43194.083245,Setup,Computation / Recomputation,ProcessRecomputeState,,,,UIAutomatic,JobGuid=37581E69-834E-4FD0-8A92-C4FF8323AAF6;State=UIS_RECOMPUTATION_STATE_SUCCEEDED;Scope=JobScope;RecompPercentageComplete=;MultipleRunsAffected=False;ActiveRunAffected=True;ActiveRunInProgress=True;RunCount=1;Run0Change0=Trajectory;Run0Guid=A92E5407-BE3C-4047-BED8-EEA517418A6A
43194.083245162,DnMAcquisition,Computation / Recomputation,ProcessRecomputeState,,,,UIAutomatic,JobGuid=37581E69-834E-4FD0-8A92-C4FF8323AAF6;State=UIS_RECOMPUTATION_STATE_SUCCEEDED;Scope=JobScope;RecompPercentageComplete=;MultipleRunsAffected=False;ActiveRunAffected=True;ActiveRunInProgress=True;RunCount=1;Run0Change0=Trajectory;Run0Guid=A92E5407-BE3C-4047-BED8-EEA517418A6A
43194.0833241898,DnMAcquisition,Manage Tasks,HSPM Control,DoubleClick,TreeView,HSPM Control,UIInteraction,TaskName=HSPM Control
43194.0833242708,DnMAcquisition,Data Acquiring - D&M,HSPM Control/Set Location,Click,ComboBox,LOCAL,UIInteraction,
43194.0833242824,DnMAcquisition,Data Acquiring - D&M,HSPM Control/Set Recover Buffer,Click,ComboBox,Yes,UIInteraction,
43194.0833535532,DnMAcquisition,Data Acquiring - D&M,HSPM Control/Disconnect,Click,Button,Disconnect,UIInteraction,
43194.0837522917,Setup,Run Manager (Internal),Stop Run,Click,Button,Stop,UIInteraction,RunGuid=A92E5407-BE3C-4047-BED8-EEA517418A6A
43194.0838045602,Setup,Run Manager (Internal),Confirm to Stop Run,Click,Button,OK,UIInteraction,RunGuid=A92E5407-BE3C-4047-BED8-EEA517418A6A
43194.0839430093,DeliverablesSetup,UI Framework,Switch View,Click,ToolbarButton,Deliverables Display View,UIInteraction,
43194.0840176505,DeliverablesSetup,Deliverables - Digital,Create Job Archive,Click,ContextMenu,Create,UIInteraction,ArchiveGuid=37581E69-834E-4FD0-8A92-C4FF8323AAF6;JobArchiveType=3.0
43194.0842612153,DeliverablesSetup,UI Framework,Close Console,Click,Button,,UIInteraction,JobGuid=37581E69-834E-4FD0-8A92-C4FF8323AAF6
43194.0842977546,DeliverablesSetup,UI Framework,OK to Close Deliverables - Display Console,Click,Button,OK,UIInteraction,
43194.0843788194,,Console/Job Manager,Stop Setup Console,Click,Button,Stop,UIInteraction,JobGuid=37581E69-834E-4FD0-8A92-C4FF8323AAF6
43194.0844029398,,Console/Job Manager,Stop Job,Click,Button,Stop,UIInteraction,JobGuid=37581E69-834E-4FD0-8A92-C4FF8323AAF6
