Time,Process,Component,Operation,Action,Control,ControlText,Category,Context
43194.1503086111,,Console/Job Manager,Start Job,Click,Button,Start,UIInteraction,JobName=MIRAGE-PLUG;ClientName=BGCAT;StartDate=4/4/2018 3:35 AM;Workflow=Wireline;Simulator=True;UnitSystem=English;RTBackupDir=C:\Autobackup;JobSize=0;State=Available;SideTrackId=0;SessionID=EEF2A13B-77F7-4E64-9A28-7655D88EEABA;SortOrder=1;JobGUID=5B8F48B7-E7A7-4C0E-8C54-0FF98CA9ACC3;WellGUID=388C5C57-E78D-4F4F-AA59-6D185F598E33;BoreholeGUID=65795F31-91EA-4426-A8D8-0E16DEBCCA45;MachineName=HPV02-012;UserName=Engineer;UserDomainName=HPV02-012;OS=Microsoft Windows NT 6.1.7601 Service Pack 1;StartedJobCount=0;TimeZone=00:00:00;IPAddress_1=192.168.78.144;IPAddress_2=::1;MWVersion=9.0.100745.3100
43194.1506550579,,Console/Job Manager,Start Deliverables Console,Click,Button,Start...,UIInteraction,JobGuid=5B8F48B7-E7A7-4C0E-8C54-0FF98CA9ACC3
43194.1508445833,DeliverablesSetup,UI Framework,Start Console,,,Deliverables Console Setup - Job MIRAGE-PLUG,UIAutomatic,
43194.1508615625,,Console/Job Manager,Start Setup Console,Click,Button,Start...,UIInteraction,JobGuid=5B8F48B7-E7A7-4C0E-8C54-0FF98CA9ACC3
43194.1509434838,Setup,Calibration,Select Calibration Report Type,Click,ComboBox,Technical Concise,UIInteraction,
43194.1510464931,Setup,UI Framework,Start Console,,,Setup - Job MIRAGE-PLUG,UIAutomatic,
43194.1510922454,Setup,Equipment,New ToolString,Click,ToolbarButton,New ToolString,UIInteraction,ToolstringName=New ToolString;ToolstringGuid=1F680715-8A93-4934-8A91-A3EACA1E14C0
43194.1511264583,Setup,Equipment,Rename ToolString,Input,TextBox,Plug,UIInteraction,ToolstringGuid=1F680715-8A93-4934-8A91-A3EACA1E14C0
43194.1511372569,Setup,Equipment,Filter Equipment in Catalog,Input,TextBox,,UIInteraction,Text=MSPP-BB
43194.1511368866,Setup,Equipment,Filter Equipment in Catalog,Input,TextBox,,UIInteraction,Text=MSPP-BB
43194.1511421181,Setup,Equipment,Add Equipment from Catalog to ToolString,Click,ToolbarButton,Add to ToolString,UIInteraction,EquipmentName=MSPP-BB
43194.151159213,Setup,Equipment,Filter Equipment in Catalog,Input,TextBox,,UIInteraction,Text=MSPY-BA
43194.1511593056,Setup,Equipment,Filter Equipment in Catalog,Input,TextBox,,UIInteraction,Text=MSPY-BA
43194.1511635995,Setup,Equipment,Add Equipment from Catalog to ToolString,Click,ToolbarButton,Add to ToolString,UIInteraction,EquipmentName=MSPY-BA
43194.1511653357,DeliverablesSetup,Tier Manager,Tier Template Created for Tools in My Equipment,,,MSPY-BA Tier Created,Deliverables Console,
43194.15116,DeliverablesSetup,Tier Manager,Tier Template Created for Tools in My Equipment,,,MSPP-BB Tier Created,Deliverables Console,
43194.1511660995,Setup,Equipment,Filter Equipment in Catalog,Input,TextBox,,UIInteraction,Text=MSPC-BA
43194.1511662037,Setup,Equipment,Filter Equipment in Catalog,Input,TextBox,,UIInteraction,Text=MSPC-BA
43194.1511716898,Setup,Equipment,Add Equipment from Catalog to ToolString,Click,ToolbarButton,Add to ToolString,UIInteraction,EquipmentName=MSPC-BA
43194.151173669,DeliverablesSetup,Tier Manager,Tier Template Created for Tools in My Equipment,,,MSPC-BA Tier Created,Deliverables Console,
43194.1511744213,Setup,Equipment,Filter Equipment in Catalog,Input,TextBox,,UIInteraction,Text=PSTE-F
43194.1511746875,Setup,Equipment,Filter Equipment in Catalog,Input,TextBox,,UIInteraction,Text=PSTE-F
43194.1511798264,Setup,Equipment,Add Equipment from Catalog to ToolString,Click,ToolbarButton,Add to ToolString,UIInteraction,EquipmentName=PSTE-F
43194.1511962847,DeliverablesSetup,Tier Manager,Tier Template Created for Tools in My Equipment,,,PSTE-F Tier Created,Deliverables Console,
43194.1511969329,Setup,Equipment,Filter Equipment in Catalog,Input,TextBox,,UIInteraction,Text=AH-324
43194.151197037,Setup,Equipment,Filter Equipment in Catalog,Input,TextBox,,UIInteraction,Text=AH-324
43194.1512013773,Setup,Equipment,Add Equipment from Catalog to ToolString,Click,ToolbarButton,Add to ToolString,UIInteraction,EquipmentName=AH-324
43194.1512035417,Setup,Equipment,Filter Equipment in Catalog,Input,TextBox,,UIInteraction,Text=LEH-ST
43194.151203669,Setup,Equipment,Filter Equipment in Catalog,Input,TextBox,,UIInteraction,Text=LEH-ST
43194.1512095602,Setup,Equipment,Add Equipment from Catalog to ToolString,Click,ToolbarButton,Add to ToolString,UIInteraction,EquipmentName=LEH-ST
43194.1512142245,DeliverablesSetup,Tier Manager,Tier Template Created for Tools in My Equipment,,,LEH-ST Tier Created,Deliverables Console,
43194.1513410995,Setup,Properties & Parameters,Change Property Value,Update,GridCell,250629,UIInteraction,OSDD=EP_SERIAL_NUMBER;EnsemblePath=MSPC-BA:MSPC Cartridge Segment:MSPC Acq-Board Element
43194.1513611111,Setup,Properties & Parameters,Change Property Value,Update,GridCell,250629,UIInteraction,OSDD=EP_SERIAL_NUMBER;EnsemblePath=MSPC-BA:MSPC Cartridge Segment:MSPC AnalogAcq-Board Element
43194.151380625,Setup,Properties & Parameters,Change Property Value,Update,GridCell,250629,UIInteraction,OSDD=EP_SERIAL_NUMBER;EnsemblePath=MSPC-BA:MSPC Cartridge Segment:MSPC WPRE Pressure Gauge Element
43194.1514008218,Setup,Properties & Parameters,Change Property Value,Update,GridCell,250629,UIInteraction,OSDD=EP_SERIAL_NUMBER;EnsemblePath=MSPC-BA:MSPC Cartridge Segment:MSPH-BA
43194.1515369907,Setup,Properties & Parameters,Change Property Value,Update,GridCell,250719,UIInteraction,OSDD=EP_SERIAL_NUMBER;EnsemblePath=MSPY-BA:MSPY Sonde Segment:MSPT Pump Pressure Gauge Element
43194.151556412,Setup,Properties & Parameters,Change Property Value,Update,GridCell,250719,UIInteraction,OSDD=EP_SERIAL_NUMBER;EnsemblePath=MSPY-BA:MSPY Sonde Segment:MSPY-BA Housing Element
43194.1516902199,Setup,Properties & Parameters,Change Property Value,Update,GridCell,0,UIInteraction,OSDD=EP_SERIAL_NUMBER;EnsemblePath=MSPP-BB:MSPP Expendable Segment:MSPP Expendable Segment
43194.1517077662,Setup,Properties & Parameters,Change Property Value,Update,GridCell,0,UIInteraction,OSDD=EP_SERIAL_NUMBER;EnsemblePath=MSPP-BB:MSPP-BB Actuator Segment:MSPP-BB Actuator Element
43194.152000787,Setup,Calibration,Select Calibration in Calibration Report,Click,ComboBox,HTEN Before Calibration,UIInteraction,
43194.1520007986,Setup,Calibration,Select Tool in Calibration Report,Click,ComboBox,LEH-ST,UIInteraction,ToolName=LEH-ST
43194.1520012037,Setup,UI Framework,Switch Tab,Click,Tab,Calibrations,UIInteraction,
43194.1520355556,Setup,Calibration,Select Calibration in Calibration Report,Click,ComboBox,Pressure Gauge Calibration,UIInteraction,
43194.1520355671,Setup,Calibration,Select Tool in Calibration Report,Click,ComboBox,MSPC-BA:250629,UIInteraction,ToolName=MSPC-BA:250629
43194.1521267245,Setup,Calibration,Import Calibration,Click,ToolbarButton,Import Calibrations,UIInteraction,FilePath=\\srv004bgc.dir.slb.com\MaxwellAT\TestData\TestData\Phase3\Mirage_Plug\MSPC_ENP02_SN250629_example.xml.txt
43194.1521294676,Setup,Calibration,Choose Available Calibration,Click,ComboBox,03:39:03.664 04-Apr-2018,UIInteraction,
43194.1521570486,Setup,Calibration,Select Calibration in Calibration Report,Click,ComboBox,HTEN Before Calibration,UIInteraction,
43194.1521570602,Setup,Calibration,Select Tool in Calibration Report,Click,ComboBox,LEH-ST,UIInteraction,ToolName=LEH-ST
43194.1521978588,Setup,Calibration,Select Calibration in Calibration Report,Click,ComboBox,Pressure Gauge Calibration,UIInteraction,
43194.1521978704,Setup,Calibration,Select Tool in Calibration Report,Click,ComboBox,MSPY-BA:250719,UIInteraction,ToolName=MSPY-BA:250719
43194.1522799537,Setup,Calibration,Import Calibration,Click,ToolbarButton,Import Calibrations,UIInteraction,FilePath=\\srv004bgc.dir.slb.com\MaxwellAT\TestData\TestData\Phase3\Mirage_Plug\MSPY_ENP02_SN250719_SimCorrectCoeff.xml.txt
43194.1522815162,Setup,Calibration,Choose Available Calibration,Click,ComboBox,03:39:16.976 04-Apr-2018,UIInteraction,
43194.1523848727,Setup,UI Framework,Switch Tab,Click,Tab,Depth Reference Table,UIInteraction,
43194.1524896875,Setup,Depth Reference Table,Add row for depth reference,Click,ToolbarButton,Add row,UIInteraction,
43194.1525862616,Setup,Depth Reference Table,Add row for depth reference,Click,ToolbarButton,Add row,UIInteraction,
43194.1526826389,Setup,Depth Reference Table,Add row for depth reference,Click,ToolbarButton,Add row,UIInteraction,
43194.1527795718,Setup,Depth Reference Table,Add row for depth reference,Click,ToolbarButton,Add row,UIInteraction,
43194.1528799884,Setup,Depth Reference Table,Add row for depth reference,Click,ToolbarButton,Add row,UIInteraction,
43194.1529761921,Setup,Depth Reference Table,Add row for depth reference,Click,ToolbarButton,Add row,UIInteraction,
43194.1531370949,Setup,Depth Reference Table,Save depth reference,Click,ToolbarButton,Save Depth References,UIInteraction,FilePath=C:\TestComplete\DepthReferenceTable.xls
43194.1533714005,Setup,Run Manager (Internal),Associate toolstring to run,Update,GridCell,Plug,UIInteraction,RunGuid=F937D4BF-33A3-4A9B-86F6-92348B413C37;ToolstringGuid=1F680715-8A93-4934-8A91-A3EACA1E14C0;DownholeEquipments=MSPP-BBMSPY-BAMSPC-BAPSTE-FLEH-STAH-324;TSLevelActiveSurfaceEquips=DEPTH_DEVICETENSION_DEVICELOGGING_CABLEWAFEWITMPSTD-B
43194.1533848727,Setup,Calibration,Select Calibration in Calibration Report,Click,ComboBox,HTEN Before Calibration,UIInteraction,
43194.1533848843,Setup,Calibration,Select Tool in Calibration Report,Click,ComboBox,LEH-ST,UIInteraction,ToolName=LEH-ST
43194.153505706,Setup,Equipment,Close Toolstring Validation UI,Click,Button,Close,UIInteraction,ToolstringGuid=1F680715-8A93-4934-8A91-A3EACA1E14C0
43194.15350875,Setup,UI Framework,Switch Tab,Click,Tab,Wellbore,UIInteraction,
43194.1535135301,Setup,Well Setup (Internal),Select Run Number,Click,ComboBox,1,UIInteraction,RunGuid=F937D4BF-33A3-4A9B-86F6-92348B413C37
43194.15352375,Setup,Well Setup (Internal),Enter Size for Bit Size,Update,GridCell,8.5,UIInteraction,Row=1;Column=Size (in);RunGuid=F937D4BF-33A3-4A9B-86F6-92348B413C37
43194.1535420486,Setup,Well Setup (Internal),Enter Driller Top for Bit Size,Update,GridCell,0,UIInteraction,Row=1;Column=Driller Top (ft);RunGuid=F937D4BF-33A3-4A9B-86F6-92348B413C37
43194.1535604514,Setup,Well Setup (Internal),Enter Driller Bottom for Bit Size,Update,GridCell,10000,UIInteraction,Row=1;Column=Driller Bottom (ft);RunGuid=F937D4BF-33A3-4A9B-86F6-92348B413C37
43194.1535806944,Setup,Well Setup (Internal),Enter Logger Top for Bit Size,Update,GridCell,0,UIInteraction,Row=1;Column=Logger Top (ft);RunGuid=F937D4BF-33A3-4A9B-86F6-92348B413C37
43194.1535993287,Setup,Well Setup (Internal),Enter Logger Bottom for Bit Size,Update,GridCell,10000,UIInteraction,Row=1;Column=Logger Bottom (ft);RunGuid=F937D4BF-33A3-4A9B-86F6-92348B413C37
43194.1536184838,Setup,Well Setup (Internal),Select Run Number,Click,ComboBox,1,UIInteraction,RunGuid=F937D4BF-33A3-4A9B-86F6-92348B413C37
43194.1536298032,Setup,Well Setup (Internal),Enter Size for Casings,Update,GridCell,7.625,UIInteraction,Row=1;Column=Size (in);RunGuid=F937D4BF-33A3-4A9B-86F6-92348B413C37
43194.1536472685,Setup,Well Setup (Internal),Enter Driller Top for Casings,Update,GridCell,0,UIInteraction,Row=1;Column=Driller Top (ft);RunGuid=F937D4BF-33A3-4A9B-86F6-92348B413C37
43194.1536666551,Setup,Well Setup (Internal),Enter Driller Bottom for Casings,Update,GridCell,10000,UIInteraction,Row=1;Column=Driller Bottom (ft);RunGuid=F937D4BF-33A3-4A9B-86F6-92348B413C37
43194.1536843056,Setup,Well Setup (Internal),Enter Logger Top for Casings,Update,GridCell,0,UIInteraction,Row=1;Column=Logger Top (ft);RunGuid=F937D4BF-33A3-4A9B-86F6-92348B413C37
43194.1537035301,Setup,Well Setup (Internal),Enter Logger Bottom for Casings,Update,GridCell,10000,UIInteraction,Row=1;Column=Logger Bottom (ft);RunGuid=F937D4BF-33A3-4A9B-86F6-92348B413C37
43194.1537212963,Setup,Well Setup (Internal),Enter Weight for Casings,Update,GridCell,78,UIInteraction,Row=1;Column=Weight (lbm/ft);RunGuid=F937D4BF-33A3-4A9B-86F6-92348B413C37
43194.1538087037,Setup,Well Setup (Internal),Enter Grade for Casings,Update,GridCell,K55,UIInteraction,Row=1;Column=Grade;RunGuid=F937D4BF-33A3-4A9B-86F6-92348B413C37
43194.1538285995,DeliverablesSetup,UI Framework,Switch View,Click,ToolbarButton,Deliverables Display View,UIInteraction,
43194.1539036458,DeliverablesSetup,Deliverables - Digital,Create Job Archive,Click,ContextMenu,Create,UIInteraction,ArchiveGuid=5B8F48B7-E7A7-4C0E-8C54-0FF98CA9ACC3;JobArchiveType=3.0
43194.1541906829,DeliverablesSetup,UI Framework,Close Console,Click,Button,,UIInteraction,JobGuid=5B8F48B7-E7A7-4C0E-8C54-0FF98CA9ACC3
43194.1542250926,DeliverablesSetup,UI Framework,OK to Close Deliverables - Display Console,Click,Button,OK,UIInteraction,
43194.1543056134,,Console/Job Manager,Stop Setup Console,Click,Button,Stop,UIInteraction,JobGuid=5B8F48B7-E7A7-4C0E-8C54-0FF98CA9ACC3
43194.1544068403,,Console/Job Manager,Stop Job,Click,Button,Stop,UIInteraction,JobGuid=5B8F48B7-E7A7-4C0E-8C54-0FF98CA9ACC3
