Time,Process,Component,Operation,Action,Control,ControlText,Category,Context
43194.1912175116,,Console/Job Manager,Start Job,Click,Button,Start,UIInteraction,JobName=MDT_SG_Cal;ClientName=BGCAT;StartDate=4/4/2018 4:34 AM;Workflow=Wireline;Simulator=True;UnitSystem=English;RTBackupDir=C:\Autobackup;JobSize=0;State=Available;SideTrackId=0;SessionID=C4E95F0C-FAF4-4597-A304-9C11ABFB44CC;SortOrder=1;JobGUID=14186B53-5FE3-4C8A-A8DA-F4040D90558F;WellGUID=200598EF-18BC-4708-89FA-C139820BFEF4;BoreholeGUID=7C6C1DA8-779A-44E6-BEF5-BEB476D91F8D;MachineName=HPV04-010;UserName=Engineer;UserDomainName=HPV04-010;OS=Microsoft Windows NT 6.1.7601 Service Pack 1;StartedJobCount=0;TimeZone=00:00:00;IPAddress_1=192.168.78.223;IPAddress_2=::1;MWVersion=9.0.100745.3100
43194.1912898727,,Console/Job Manager,Start Setup Console,Click,Button,Start...,UIInteraction,JobGuid=14186B53-5FE3-4C8A-A8DA-F4040D90558F
43194.1914071875,Setup,Calibration,Select Calibration Report Type,Click,ComboBox,Technical Concise,UIInteraction,
43194.1914142361,Setup,UI Framework,Start Console,,,Setup - Job MDT_SG_Cal,UIAutomatic,
43194.1914470833,Setup,Equipment,New ToolString,Click,ToolbarButton,New ToolString,UIInteraction,ToolstringName=New ToolString;ToolstringGuid=075E28BA-9EA5-4A93-8AFD-5DFCB6DF109F
43194.191479294,Setup,Equipment,Rename ToolString,Input,TextBox,MDT,UIInteraction,ToolstringGuid=075E28BA-9EA5-4A93-8AFD-5DFCB6DF109F
43194.1914897917,Setup,Equipment,Filter Equipment in Catalog,Input,TextBox,,UIInteraction,Text=MRPQ-ND
43194.1914900463,Setup,Equipment,Filter Equipment in Catalog,Input,TextBox,,UIInteraction,Text=MRPQ-ND
43194.1914944329,Setup,Equipment,Add Equipment from Catalog to ToolString,Click,ToolbarButton,Add to ToolString,UIInteraction,EquipmentName=MRPQ-ND
43194.1915171181,Setup,Equipment,Filter Equipment in Catalog,Input,TextBox,,UIInteraction,Text=MRPC-NC
43194.1915172106,Setup,Equipment,Filter Equipment in Catalog,Input,TextBox,,UIInteraction,Text=MRPC-NC
43194.1915286227,Setup,Equipment,Filter Equipment in Catalog,Input,TextBox,,UIInteraction,Text=DTA-A
43194.1915287153,Setup,Equipment,Filter Equipment in Catalog,Input,TextBox,,UIInteraction,Text=DTA-A
43194.1915213426,Setup,Equipment,Add Equipment from Catalog to ToolString,Click,ToolbarButton,Add to ToolString,UIInteraction,EquipmentName=MRPC-NC
43194.1915327778,Setup,Equipment,Add Equipment from Catalog to ToolString,Click,ToolbarButton,Add to ToolString,UIInteraction,EquipmentName=DTA-A
43194.1915381713,Setup,Equipment,Filter Equipment in Catalog,Input,TextBox,,UIInteraction,Text=DTC-H
43194.1915380903,Setup,Equipment,Filter Equipment in Catalog,Input,TextBox,,UIInteraction,Text=DTC-H
43194.191542338,Setup,Equipment,Add Equipment from Catalog to ToolString,Click,ToolbarButton,Add to ToolString,UIInteraction,EquipmentName=DTC-H
43194.1916708681,Setup,Properties & Parameters,Change Property Value,Update,GridCell,123456,UIInteraction,OSDD=EP_SERIAL_NUMBER;EnsemblePath=MRPQ-ND:MRPQ-ND:StrainGauge
43194.191746956,Setup,Properties & Parameters,Change Property Value,Update,GridCell,100,UIInteraction,OSDD=EP_SERIAL_NUMBER;EnsemblePath=DTC-H:DTC-H:DTC-H
43194.1917739352,Setup,Properties & Parameters,Change Property Value,Update,GridCell,100,UIInteraction,OSDD=EP_SERIAL_NUMBER;EnsemblePath=DTC-H:DTC-H:ECH-KC
43194.1917996991,Setup,Properties & Parameters,Change Property Value,Update,GridCell,100,UIInteraction,OSDD=EP_SERIAL_NUMBER;EnsemblePath=WITM
43194.191872037,Setup,Properties & Parameters,Change Property Value,Update,GridCell,100,UIInteraction,OSDD=EP_SERIAL_NUMBER;EnsemblePath=DTA-A:DTA-A:DTA-A
43194.191898588,Setup,Properties & Parameters,Change Property Value,Update,GridCell,100,UIInteraction,OSDD=EP_SERIAL_NUMBER;EnsemblePath=DTA-A:DTA-A:ECH-KE
43194.1919684491,Setup,Properties & Parameters,Change Property Value,Update,GridCell,100,UIInteraction,OSDD=EP_SERIAL_NUMBER;EnsemblePath=MRPC-NC:MRPC-NC:MRCH-NL
43194.1919972685,Setup,Properties & Parameters,Change Property Value,Update,GridCell,100,UIInteraction,OSDD=EP_SERIAL_NUMBER;EnsemblePath=MRPC-NC:MRPC-NC:MRPC-NC
43194.1920244213,Setup,Properties & Parameters,Change Property Value,Update,GridCell,100,UIInteraction,OSDD=EP_SERIAL_NUMBER;EnsemblePath=MRPP
43194.1920508565,Setup,Properties & Parameters,Change Property Value,Update,GridCell,100,UIInteraction,OSDD=EP_SERIAL_NUMBER;EnsemblePath=MRTM
43194.1921263194,Setup,Properties & Parameters,Change Property Value,Update,GridCell,100,UIInteraction,OSDD=EP_SERIAL_NUMBER;EnsemblePath=MRPQ-ND:MRPQ-ND:Bumper
43194.192152419,Setup,Properties & Parameters,Change Property Value,Update,GridCell,100,UIInteraction,OSDD=EP_SERIAL_NUMBER;EnsemblePath=MRPQ-ND:MRPQ-ND:CQG-G
43194.1921797569,Setup,Properties & Parameters,Change Property Value,Update,GridCell,100,UIInteraction,OSDD=EP_SERIAL_NUMBER;EnsemblePath=MRPQ-ND:MRPQ-ND:MRPQ-ND
43194.1922081829,Setup,Properties & Parameters,Change Property Value,Update,GridCell,100,UIInteraction,OSDD=EP_SERIAL_NUMBER;EnsemblePath=MRPQ-ND:MRPQ-ND:Probe
43194.1922344097,Setup,Properties & Parameters,Change Property Value,Update,GridCell,100,UIInteraction,OSDD=EP_SERIAL_NUMBER;EnsemblePath=MRPQ-ND:MRPQ-ND:ResistivityCell
43194.1922835417,Setup,Equipment,Activate ToolString for Shop Calibration,Click,ContextMenu,Activate for Checks and Calibration,UIInteraction,TooStringGuid=075E28BA-9EA5-4A93-8AFD-5DFCB6DF109F
43194.1924431018,Simulation,UI Framework,Start Console,,,Simulation Console - Job MDT_SG_Cal,UIAutomatic,
43194.1924951505,ShopCalibration,Calibration,Select Calibration Report Type,Click,ComboBox,Technical Concise,UIInteraction,
43194.1925123958,ShopCalibration,Calibration,Select Calibration in Calibration Report,Click,ComboBox,{All Calibrations},UIInteraction,
43194.1925124074,ShopCalibration,Calibration,Select Tool in Calibration Report,Click,ComboBox,DTC-H:100,UIInteraction,ToolName=DTC-H:100
43194.1925131481,ShopCalibration,UI Framework,Start Console,,,Shop Calibration Console - Job MDT_SG_Cal,UIAutomatic,
43194.1925189815,ShopCalibration,UI Framework,Switch Tab,Click,Tab,MD,UIInteraction,
43194.1959207176,ShopCalibration,Data Acquiring - WL,Connect Hardware,Click,ToolbarButton,Connect to Hardware,UIInteraction,
43194.1960570486,ShopCalibration,Data Acquiring - WL,Start Dataflow,Click,ToolbarButton,Start Data Flow,UIInteraction,
43194.1961784954,ShopCalibration,Data Acquiring - WL,Enable Tool Power,Click,ToolbarButton,Enable Tool Power,UIInteraction,
43194.1977060417,ShopCalibration,UI Framework,Switch Tab,Click,Tab,Tool Control,UIInteraction,
43194.1977208449,ShopCalibration,MRPQ-ND,SG Master Calibration,RightClick,TreeView,MRPQ-ND: SG Master Calibration,UIInteraction,TaskName=MRPQ-ND: SG Master Calibration
43194.1977346759,ShopCalibration,MRPQ-ND,SG Master Calibration,Click,ContextMenu,Perform,UIInteraction,TaskName=MRPQ-ND: SG Master Calibration
43194.1980794792,ShopCalibration,MRPQ-ND,SG Master Calibration,RightClick,TreeView,MRPQ-ND: SG Master Calibration,UIInteraction,TaskName=MRPQ-ND: SG Master Calibration
43194.1980933333,ShopCalibration,MRPQ-ND,SG Master Calibration,Click,ContextMenu,Close,UIInteraction,TaskName=MRPQ-ND: SG Master Calibration
43194.1981142824,ShopCalibration,UI Framework,Switch Tab,Click,Tab,Calibrations,UIInteraction,
43194.1981402894,ShopCalibration,Calibration,Choose Available Calibration,Click,ComboBox,Nominal,UIInteraction,
43194.1981428819,ShopCalibration,Calibration,Select Calibration in Calibration Report,Click,ComboBox,CQG Calibration Coefficients,UIInteraction,
43194.1981428935,ShopCalibration,Calibration,Select Tool in Calibration Report,Click,ComboBox,MRPQ-ND:100,UIInteraction,ToolName=MRPQ-ND:100
43194.1981526273,ShopCalibration,Calibration,Choose Available Calibration,Click,ComboBox,Nominal,UIInteraction,
43194.1981529977,ShopCalibration,Calibration,Select Calibration in Calibration Report,Click,ComboBox,Strain Gauge Calibration Coefficients,UIInteraction,
43194.1981689468,ShopCalibration,Calibration,Import Calibration,Click,ToolbarButton,Import Calibrations,UIInteraction,FilePath=C:\Schlumberger Horizon Data\Calibrations\SG\SG-123456-20K.txt
43194.1981720255,ShopCalibration,Calibration,Choose Available Calibration,Click,ComboBox,00:00:00.000 04-Apr-2018,UIInteraction,
43194.1981854167,ShopCalibration,MRPQ-ND,SG Check Calibration,RightClick,TreeView,MRPQ-ND: SG Check Calibration,UIInteraction,TaskName=MRPQ-ND: SG Check Calibration
43194.1981993403,ShopCalibration,MRPQ-ND,SG Check Calibration,Click,ContextMenu,Perform,UIInteraction,TaskName=MRPQ-ND: SG Check Calibration
43194.1983330093,ShopCalibration,MRPQ-ND,SG Check Calibration,RightClick,TreeView,MRPQ-ND: SG Check Calibration,UIInteraction,TaskName=MRPQ-ND: SG Check Calibration
43194.1983468981,ShopCalibration,MRPQ-ND,SG Check Calibration,Click,ContextMenu,Close,UIInteraction,TaskName=MRPQ-ND: SG Check Calibration
43194.1983628241,ShopCalibration,MRPQ-ND,Temperature Gauge Control,RightClick,TreeView,MRPQ-ND: Temperature Gauge Control,UIInteraction,TaskName=MRPQ-ND: Temperature Gauge Control
43194.1983767361,ShopCalibration,MRPQ-ND,Temperature Gauge Control,Click,ContextMenu,Perform,UIInteraction,TaskName=MRPQ-ND: Temperature Gauge Control
43194.1983849074,ShopCalibration,UI Framework,Switch Tab,Click,Tab,Operation,UIInteraction,
43194.1983933449,ShopCalibration,Depth Log/Station Planning,Perform Logging Task,RightClick,TreeView,MRPQ-ND: Resistivity Cell - ACOM,UIInteraction,TaskName=MRPQ-ND: Resistivity Cell - ACOM
43194.1984073148,ShopCalibration,Depth Log/Station Planning,Perform Logging Task,Click,ContextMenu,Perform,UIInteraction,TaskName=MRPQ-ND: Resistivity Cell - ACOM
43194.1984084259,ShopCalibration,Calibration,Choose Available Calibration,Click,ComboBox,Nominal,UIInteraction,
43194.198423588,ShopCalibration,Depth Log/Station Planning,Perform Logging Task,RightClick,TreeView,MRPQ-ND: Strain Gauge - ACOM,UIInteraction,TaskName=MRPQ-ND: Strain Gauge - ACOM
43194.1984375,ShopCalibration,Depth Log/Station Planning,Perform Logging Task,Click,ContextMenu,Perform,UIInteraction,TaskName=MRPQ-ND: Strain Gauge - ACOM
43194.1984380324,ShopCalibration,Calibration,Choose Available Calibration,Click,ComboBox,Nominal,UIInteraction,
43194.1985920139,ShopCalibration,Calibration,Choose Available Calibration,Click,ComboBox,04:45:57.956 04-Apr-2018,UIInteraction,
43194.1986211227,ShopCalibration,UI Framework,Switch Tab,Click,Tab,Tool Control,UIInteraction,
43194.1986322222,ShopCalibration,Calibration,Choose Available Calibration,Click,ComboBox,04:46:01.489 04-Apr-2018,UIInteraction,
43194.1987662269,ShopCalibration,Data Gauge / Alerts,Add Data Gauge,Click,ToolbarButton,Add Data Gauges...,UIInteraction,
43194.1988004282,ShopCalibration,Data Explorer,Click OK Button,Click,Button,OK,UIInteraction,Selection=RSGPRES_PQRS1_Raw Strain Gauge Sensor Pressure_MRPQ-ND_1___
43194.1988006134,ShopCalibration,Data Gauge / Alerts,Select Channel in Channel Selection Dialog,Click,Button,OK,UIInteraction,Channel OSDD=RSGPRES
43194.1989541667,ShopCalibration,Data Gauge / Alerts,Add Data Gauge,Click,ToolbarButton,Add Data Gauges...,UIInteraction,
43194.198977963,ShopCalibration,Data Explorer,Click OK Button,Click,Button,OK,UIInteraction,Selection=RFFRES_PQRR1_Raw Flowline Fluid Resistivity_MRPQ-ND_1___
43194.1989780093,ShopCalibration,Data Gauge / Alerts,Select Channel in Channel Selection Dialog,Click,Button,OK,UIInteraction,Channel OSDD=RFFRES
43194.1995777315,ShopCalibration,MRPQ-ND,Temperature Gauge Control,RightClick,TreeView,MRPQ-ND: Temperature Gauge Control,UIInteraction,TaskName=MRPQ-ND: Temperature Gauge Control
43194.1995917245,ShopCalibration,MRPQ-ND,Temperature Gauge Control,Click,ContextMenu,Close,UIInteraction,TaskName=MRPQ-ND: Temperature Gauge Control
43194.1995991088,ShopCalibration,Data Acquiring - WL,Unlock 3 Buttons,Click,ToolbarButton,Unlock,UIInteraction,
43194.1996035995,ShopCalibration,Data Acquiring - WL,Disable Tool Power,Click,ToolbarButton,Disable Tool Power,UIInteraction,
43194.1997150926,ShopCalibration,Data Acquiring - WL,Stop Dataflow,Click,ToolbarButton,Stop Data Flow,UIInteraction,
43194.1997625579,ShopCalibration,Data Acquiring - WL,Disconnect Hardware,Click,ToolbarButton,Disconnect From Hardware,UIInteraction,
43194.199883287,ShopCalibration,UI Framework,Close Console,Click,Button,,UIInteraction,JobGuid=14186B53-5FE3-4C8A-A8DA-F4040D90558F
43194.2002204861,,Console/Job Manager,Stop Setup Console,Click,Button,Stop,UIInteraction,JobGuid=14186B53-5FE3-4C8A-A8DA-F4040D90558F
43194.2003017593,,Console/Job Manager,Stop Job,Click,Button,Stop,UIInteraction,JobGuid=14186B53-5FE3-4C8A-A8DA-F4040D90558F
