43193.6876054167,,Console/Job Manager,New Job,Click,Button,New,UIInteraction,
43193.687622662,,Console/Job Manager,Input Job Name,Input,TextBox,09IOC0042-B,UIInteraction,
43193.6876698495,,Console/Job Manager,Input Well Name,Input,TextBox,1-OGX-1_RJS,UIInteraction,
43193.6877139699,,Console/Job Manager,Input Client Name,Input,TextBox,BGCAT,UIInteraction,
43193.6878476273,,Console/Job Manager,Select Units,Click,ComboBox,Metric,UIInteraction,
43193.688025162,,Console/Job Manager,Select Auto Backup Folder,Click,ComboBox,C:\AutoBackup,UIInteraction,
43193.6886687153,,Console/Job Manager,Start Job Spec Manager,Click,ToolbarButton,Job Spec Manager,UIInteraction,
43193.688704375,,Import/Export & Backup/Restore,Select Target,Click,ComboBox,09IOC0042-B  D&M  16:30:09 03-Apr-2018,UIInteraction,JobName=09IOC0042-B;EntityGuid=9E30FC46-CE06-45F1-A210-3F3B31FB4192
43193.6887415972,,Import/Export & Backup/Restore,Select Source,Click,Button,...,UIInteraction,
43193.6887531481,,Import/Export & Backup/Restore,OK to Select Source,,,,UIAutomatic,FilePath=\\srv004bgc.dir.slb.com\MaxwellAT\TestData\TestData\Phase3\ARC6_ADN6_Sonic6\JobSpec_09IOC0042.dlis
43193.6902797454,,Import/Export & Backup/Restore,Select/Deselect item,ByMouse,TreeView,09IOC0042-B  DnM  03:03:25 26-Jun-2012,UIInteraction,CheckState=True
43193.690293912,,Import/Export & Backup/Restore,Restore Job Spec File,Click,Button,Restore,UIInteraction,
43193.6904294097,,Import/Export & Backup/Restore,Close Job Spec UI,Click,Button,Close,UIInteraction,
43193.6968712616,,UI Framework,Close Console,Click,Button,,UIInteraction,
43193.6995064352,,UI Framework,Initialize Maxwell Manager Process Name,,,Initialize Maxwell Manager Process Name,,
43193.6995237384,,UI Framework,Start Console,,,Maxwell Manager,UIAutomatic,MachineName=HPV02-015;UserName=Engineer;UserDomainName=HPV02-015;OS=Microsoft Windows NT 6.1.7601 Service Pack 1;TimeZone=00:00:00;IPAddress_1=192.168.78.150;IPAddress_2=::1;MWVersion=9.0.100732.3100
43193.6997598495,,Console/Job Manager,Import Job Archive,Click,ContextMenu,Create Import,UIInteraction,
43193.6997667593,,Import/Export & Backup/Restore,Select file to import,Click,Button,...,UIInteraction,
43193.6997731829,,Import/Export & Backup/Restore,OK to select file,,,,UIAutomatic,FilePath=\\srv004bgc.dir.slb.com\MaxwellAT\TestData\TestData\Phase3\JobArchive\DnM_SWF_ARC6_ADN6_Sonic6_SETUP.Dlis
43193.6998234607,,Import/Export & Backup/Restore,Start Import,Click,Button,Import,UIInteraction,FilePath=\\srv004bgc.dir.slb.com\MaxwellAT\TestData\TestData\Phase3\JobArchive\DnM_SWF_ARC6_ADN6_Sonic6_SETUP.Dlis
43193.7001639815,,Import/Export & Backup/Restore,Close Import UI,Click,Button,Close,UIInteraction,
43193.7002987384,,Console/Job Manager,Select Auto Backup Folder,Click,ComboBox,C:\AutoBackup,UIInteraction,
43193.7600995486,,UI Framework,Close Console,Click,Button,,UIInteraction,
