Time,Process,Component,Operation,Action,Control,ControlText,Category,Context
43194.1788432292,,Console/Job Manager,Start Job,Click,Button,Start,UIInteraction,JobName=VSI;WellName=SKK;ClientName=BGCAT;StartDate=4/4/2018 4:16 AM;Workflow=Wireline;Simulator=True;UnitSystem=English;RTBackupDir=C:\Autobackup;JobSize=0;State=Available;SideTrackId=0;SessionID=5F456B3B-4777-4FCF-BCEE-7C9B588C2CED;SortOrder=1;JobGUID=B3718918-287D-43A8-B87C-A676E712D482;WellGUID=0032D718-0E12-4926-99E0-9B6F71F0E37A;BoreholeGUID=99002951-651B-4C0C-B81A-45A2A68D72A8;MachineName=HPV01-020;UserName=Engineer;UserDomainName=HPV01-020;OS=Microsoft Windows NT 6.1.7601 Service Pack 1;StartedJobCount=0;TimeZone=00:00:00;IPAddress_1=192.168.78.198;IPAddress_2=::1;MWVersion=9.0.100745.3100
43194.1790871412,,Console/Job Manager,Start Setup Console,Click,Button,Start...,UIInteraction,JobGuid=B3718918-287D-43A8-B87C-A676E712D482
43194.1791495255,Setup,Calibration,Select Calibration Report Type,Click,ComboBox,Technical Concise,UIInteraction,
43194.1792225694,Setup,UI Framework,Start Console,,,Setup - Job VSI,UIAutomatic,
43194.1792527083,Setup,UI Framework,Switch Tab,Click,Tab,DnI Initializations,UIInteraction,
43194.1792646065,Setup,DnI/Survey,Select Decimal,Click,RadioButton,Decimal,UIInteraction,
43194.1792841435,Setup,DnI/Survey,Enter Latitude,Input,TextBox,39,UIInteraction,
43194.1792949653,Setup,DnI/Survey,Enter Longitude,Input,TextBox,116,UIInteraction,
43194.1793052662,Setup,UI Framework,Switch Tab,Click,Tab,Equipment,UIInteraction,
43194.1793501389,Setup,DnI/Survey,Select Permanent Datum,Click,ComboBox,Mean Sea Level,UIInteraction,
43194.179355544,Setup,DnI/Survey,Select Log Measured From,Click,ComboBox,Drill Floor,UIInteraction,
43194.1793622801,Setup,DnI/Survey,Enter Elevation of 'Log Measured From',Input,TextBox,1000,UIInteraction,LogMeasuredFrom=Drill Floor
43194.1793734259,Setup,UI Framework,Switch Tab,Click,Tab,DnI Initializations,UIInteraction,
43194.1794027778,Setup,DnI/Survey,Compute DnI/Elevation,Click,Button,Compute,UIInteraction,
43194.1795303009,Setup,UI Framework,Switch Tab,Click,Tab,Wellbore,UIInteraction,
43194.1795351157,Setup,Well Setup (Internal),Select Run Number,Click,ComboBox,1,UIInteraction,RunGuid=681CF8BF-9577-4D3A-B445-717DD6B0A104
43194.1795484838,Setup,Well Setup (Internal),Enter Size for Bit Size,Update,GridCell,12.25,UIInteraction,Row=1;Column=Size (in);RunGuid=681CF8BF-9577-4D3A-B445-717DD6B0A104
43194.1795900926,Setup,Well Setup (Internal),Enter Driller Top for Bit Size,Update,GridCell,0,UIInteraction,Row=1;Column=Driller Top (ft);RunGuid=681CF8BF-9577-4D3A-B445-717DD6B0A104
43194.1796325231,Setup,Well Setup (Internal),Enter Driller Bottom for Bit Size,Update,GridCell,10000,UIInteraction,Row=1;Column=Driller Bottom (ft);RunGuid=681CF8BF-9577-4D3A-B445-717DD6B0A104
43194.1796743981,Setup,Well Setup (Internal),Enter Logger Top for Bit Size,Update,GridCell,0,UIInteraction,Row=1;Column=Logger Top (ft);RunGuid=681CF8BF-9577-4D3A-B445-717DD6B0A104
43194.1797118056,Setup,UI Framework,Switch Tab,Click,Tab,Equipment,UIInteraction,
43194.1797177315,Setup,Equipment,New ToolString,Click,ToolbarButton,New ToolString,UIInteraction,ToolstringName=New ToolString;ToolstringGuid=E2A9FEB3-7A90-48D3-8421-5734C38D84F6
43194.1797515278,Setup,Equipment,Rename ToolString,Input,TextBox,VSI,UIInteraction,ToolstringGuid=E2A9FEB3-7A90-48D3-8421-5734C38D84F6
43194.1797572685,Setup,Equipment,Filter Equipment in Catalog,Input,TextBox,,UIInteraction,Text=VSIT-GA
43194.1797575347,Setup,Equipment,Filter Equipment in Catalog,Input,TextBox,,UIInteraction,Text=VSIT-GA
43194.1797623032,Setup,Equipment,Add Equipment from Catalog to ToolString,Click,ToolbarButton,Add to ToolString,UIInteraction,EquipmentName=VSIT-GA
43194.1797836574,Setup,Equipment,Filter Equipment in Catalog,Input,TextBox,,UIInteraction,Text=AH-199
43194.17978375,Setup,Equipment,Filter Equipment in Catalog,Input,TextBox,,UIInteraction,Text=AH-199
43194.1797890741,Setup,Equipment,Add Equipment from Catalog to ToolString,Click,ToolbarButton,Add to ToolString,UIInteraction,EquipmentName=AH-199
43194.1797910764,Setup,Equipment,Filter Equipment in Catalog,Input,TextBox,,UIInteraction,Text=EDTC-B
43194.1797972685,Setup,Equipment,Add Equipment from Catalog to ToolString,Click,ToolbarButton,Add to ToolString,UIInteraction,EquipmentName=EDTC-B
43194.1797911806,Setup,Equipment,Filter Equipment in Catalog,Input,TextBox,,UIInteraction,Text=EDTC-B
43194.1798024306,Setup,Equipment,Filter Equipment in Catalog,Input,TextBox,,UIInteraction,Text=LEH-QT
43194.1798025579,Setup,Equipment,Filter Equipment in Catalog,Input,TextBox,,UIInteraction,Text=LEH-QT
43194.1798070255,Setup,Equipment,Add Equipment from Catalog to ToolString,Click,ToolbarButton,Add to ToolString,UIInteraction,EquipmentName=LEH-QT
43194.1828197338,Setup,UI Framework,Switch Tab,Click,Tab,Parameters,UIInteraction,
43194.1828223843,Setup,Properties & Parameters,Show Infrequent Properties/Parameters,Click,ToolbarButton,Show Infrequent Parameters,UIInteraction,
43194.1828714699,Setup,Properties & Parameters,Change Parameter Value,Update,GridCell,720,UIInteraction,OSDD=ULT;EnsemblePath=VSIT-GA:VSCC-G:VSCC-G
43194.182908912,Setup,Equipment,Validate ToolString,Click,ContextMenu,Validate,UIInteraction,Validated State=TS_VALIDATION_VALID;Validated Message=<ToolStringValidation><ToolStringGuid>E2A9FEB3-7A90-48D3-8421-5734C38D84F6</ToolStringGuid><ToolStringName>VSI</ToolStringName><SourceAction>Validate</SourceAction><IsAutomatic>FALSE</IsAutomatic></ToolStringValidation>
43194.1830383449,Setup,Well Setup (Internal),Select Run Number,Click,ComboBox,1,UIInteraction,RunGuid=681CF8BF-9577-4D3A-B445-717DD6B0A104
43194.1830495139,Setup,Well Setup (Internal),Enter Size for Casings,Update,GridCell,8.625,UIInteraction,Row=1;Column=Size (in);RunGuid=681CF8BF-9577-4D3A-B445-717DD6B0A104
43194.1830672222,Setup,Well Setup (Internal),Enter Driller Top for Casings,Update,GridCell,0,UIInteraction,Row=1;Column=Driller Top (ft);RunGuid=681CF8BF-9577-4D3A-B445-717DD6B0A104
43194.1830862153,Setup,Well Setup (Internal),Enter Driller Bottom for Casings,Update,GridCell,5000,UIInteraction,Row=1;Column=Driller Bottom (ft);RunGuid=681CF8BF-9577-4D3A-B445-717DD6B0A104
43194.1831052315,Setup,Well Setup (Internal),Enter Logger Bottom for Casings,Update,GridCell,5000,UIInteraction,Row=1;Column=Logger Bottom (ft);RunGuid=681CF8BF-9577-4D3A-B445-717DD6B0A104
43194.1831230208,Setup,Well Setup (Internal),Enter Weight for Casings,Update,GridCell,83,UIInteraction,Row=1;Column=Weight (lbm/ft);RunGuid=681CF8BF-9577-4D3A-B445-717DD6B0A104
43194.1832140972,Setup,Well Setup (Internal),Enter Grade for Casings,Update,GridCell,K55,UIInteraction,Row=1;Column=Grade;RunGuid=681CF8BF-9577-4D3A-B445-717DD6B0A104
43194.1832339699,Setup,Well Setup (Internal),Enter Inner Diameter for Casings,Update,GridCell,6.633,UIInteraction,Row=1;Column=Inner Diameter (in);RunGuid=681CF8BF-9577-4D3A-B445-717DD6B0A104
43194.1832520139,Setup,UI Framework,Switch Tab,Click,Tab,Runs,UIInteraction,
43194.1832855208,Setup,Run Manager (Internal),Associate toolstring to run,Update,GridCell,VSI,UIInteraction,RunGuid=681CF8BF-9577-4D3A-B445-717DD6B0A104;ToolstringGuid=E2A9FEB3-7A90-48D3-8421-5734C38D84F6;DownholeEquipments=VSIT-GAEDTC-BLEH-QTVSIA-GAVSII-GVSII-GVSII-GVSII-GVSII-GVSII-GVSII-GVSII-GVSII-GVSII-GVSII-GVSII-GVSII-GVSII-GVSII-GAH-199;TSLevelActiveSurfaceEquips=DEPTH_DEVICETENSION_DEVICELOGGING_CABLEWAFEWSAM-ABWITM
43194.183419213,Setup,Equipment,Close Toolstring Validation UI,Click,Button,Close,UIInteraction,ToolstringGuid=E2A9FEB3-7A90-48D3-8421-5734C38D84F6
43194.1834437384,Setup,Run Manager (Internal),Start Run,Click,Button,Start,UIInteraction,RunGuid=681CF8BF-9577-4D3A-B445-717DD6B0A104;ToolstringGuid=E2A9FEB3-7A90-48D3-8421-5734C38D84F6;DownholeEquipments=VSIT-GA:AH-199:EDTC-B:LEH-QT;TSLevelActiveSurfaceEquips=DEPTH_DEVICE:TENSION_DEVICE:LOGGING_CABLE:WAFE
43194.1834439583,Setup,Run Manager (Internal),Change Tool Zero Selection,Click,CheckBox,VSIT-GA,UIInteraction,CheckState=True
43194.1834933912,Setup,Run Manager (Internal),Confirm Tool Zero Selection,Click,Button,Confirm and Continue,UIInteraction,
43194.1836313542,Simulation,UI Framework,Start Console,,,Simulation Console - Job VSI,UIAutomatic,
43194.1836762731,WLAcquisition,Calibration,Select Calibration Report Type,Click,ComboBox,Technical Concise,UIInteraction,
43194.1837381944,WLAcquisition,UI Framework,Start Console,,,Acquisition Console - Job VSI - Run 1,UIAutomatic,
43194.1840406366,WLAcquisition,Data Acquiring - WL,Connect Hardware,Click,ToolbarButton,Connect to Hardware,UIInteraction,
43194.1842317014,WLAcquisition,Data Acquiring - WL,Start Dataflow,Click,ToolbarButton,Start Data Flow,UIInteraction,
43194.1843396296,WLAcquisition,Data Acquiring - WL,Enable Tool Power,Click,ToolbarButton,Enable Tool Power,UIInteraction,
43194.1843473264,WLAcquisition,EDTC-B,Read Memory Data,,,,UIAutomatic,TaskName=EDTC-B: Read Memory Data
43194.1843511574,WLAcquisition,Calibration,Select Calibration in Calibration Report,Click,ComboBox,HTEN Before Calibration,UIInteraction,
43194.1843511806,WLAcquisition,Calibration,Select Tool in Calibration Report,Click,ComboBox,LEH-QT,UIInteraction,ToolName=LEH-QT
43194.1843517014,WLAcquisition,UI Framework,Switch Tab,Click,Tab,Calibrations,UIInteraction,
43194.1843685417,WLAcquisition,Calibration,Choose Available Calibration,Click,ComboBox,04:25:28.225 04-Apr-2018,UIInteraction,
43194.1843669097,Setup,Computation / Recomputation,ProcessRecomputeState,,,,UIAutomatic,JobGuid=B3718918-287D-43A8-B87C-A676E712D482;State=UIS_RECOMPUTATION_STATE_PENDING;Scope=JobScope;RecompPercentageComplete=;MultipleRunsAffected=False;ActiveRunAffected=True;ActiveRunInProgress=False;RunCount=1;Run0Change0=Calibration;Run0Guid=681CF8BF-9577-4D3A-B445-717DD6B0A104
43194.1843697917,WLAcquisition,Calibration,Choose Available Calibration,Click,ComboBox,04:25:28.225 04-Apr-2018,UIInteraction,
43194.1843698843,WLAcquisition,Computation / Recomputation,ProcessRecomputeState,,,,UIAutomatic,JobGuid=B3718918-287D-43A8-B87C-A676E712D482;State=UIS_RECOMPUTATION_STATE_PENDING;Scope=JobScope;RecompPercentageComplete=;MultipleRunsAffected=False;ActiveRunAffected=True;ActiveRunInProgress=False;RunCount=1;Run0Change0=Calibration;Run0Guid=681CF8BF-9577-4D3A-B445-717DD6B0A104
43194.1860701389,WLAcquisition,Depth Log/Station Planning,Perform Logging Task,RightClick,TreeView,Open Seismic Project,UIInteraction,TaskName=Open Seismic Project
43194.1860839583,WLAcquisition,Depth Log/Station Planning,Perform Logging Task,Click,ContextMenu,Perform,UIInteraction,TaskName=Open Seismic Project
43194.1863254282,WLAcquisition,Depth Log/Station Planning,Perform Logging Task,RightClick,TreeView,Set Geometry Information,UIInteraction,TaskName=Set Geometry Information
43194.1863394676,WLAcquisition,Depth Log/Station Planning,Perform Logging Task,Click,ContextMenu,Perform,UIInteraction,TaskName=Set Geometry Information
43194.1863423727,WLAcquisition,UI Framework,Switch Tab,Click,Tab,Geometry Information,UIInteraction,
43194.1865369213,WLAcquisition,Depth Log/Station Planning,Perform Logging Task,RightClick,TreeView,Configure Survey,UIInteraction,TaskName=Configure Survey
43194.1865509954,WLAcquisition,Depth Log/Station Planning,Perform Logging Task,Click,ContextMenu,Perform,UIInteraction,TaskName=Configure Survey
43194.1865525116,WLAcquisition,[Seismic]: SurveyObjectivesComboBox,comboBox_Objectives_SelectedIndexChanged,Click,ComboBox,ZVSP,UIInteraction,TaskName=[Seismic]: SurveyObjectivesComboBox
43194.1865530556,WLAcquisition,[Seismic]: SurveyObjectivesComboBox,comboBox_Objectives_SelectedIndexChanged,Click,ComboBox,ZVSP,UIInteraction,TaskName=[Seismic]: SurveyObjectivesComboBox
43194.1865555903,WLAcquisition,UI Framework,Switch Tab,Click,Tab,Open Seismic Project,UIInteraction,
43194.1865561458,WLAcquisition,UI Framework,Switch Tab,Click,Tab,Geometry Information,UIInteraction,
43194.1865564699,WLAcquisition,UI Framework,Switch Tab,Click,Tab,Survey Manager,UIInteraction,
43194.1865860995,WLAcquisition,[Seismic]: SurveyObjectivesComboBox,comboBox_Objectives_SelectedIndexChanged,Click,ComboBox,ZVSP,UIInteraction,TaskName=[Seismic]: SurveyObjectivesComboBox
43194.1866349537,WLAcquisition,[Seismic]: SurveyObjectivesComboBox,comboBox_Objectives_SelectedIndexChanged,Click,ComboBox,HFM,UIInteraction,TaskName=[Seismic]: SurveyObjectivesComboBox
43194.1869166435,WLAcquisition,Depth Log/Station Planning,Perform Logging Task,RightClick,TreeView,Select Survey,UIInteraction,TaskName=Select Survey
43194.186930544,WLAcquisition,Depth Log/Station Planning,Perform Logging Task,Click,ContextMenu,Perform,UIInteraction,TaskName=Select Survey
43194.1870073843,WLAcquisition,[Seismic]: SurveyComboBox,SurveyComboBox_SelectedIndexChanged,Click,ComboBox,Survey1,UIInteraction,TaskName=[Seismic]: SurveyComboBox
43194.1870128009,WLAcquisition,[Seismic]: ActivateButton,ActivateButton_Click,Click,Button,Activate,UIInteraction,TaskName=[Seismic]: ActivateButton
43194.1870216319,WLAcquisition,[VSI] Select Survey,VSI [VSI] Select Survey,Click,Button,Close,UIInteraction,TaskName=[VSI] Select Survey
43194.1871179167,WLAcquisition,Depth Log/Station Planning,Perform Logging Task,RightClick,TreeView,Open All Arms,UIInteraction,TaskName=Open All Arms
43194.1871321065,WLAcquisition,Depth Log/Station Planning,Perform Logging Task,Click,ContextMenu,Perform,UIInteraction,TaskName=Open All Arms
43194.1885315162,WLAcquisition,Depth Log/Station Planning,Perform Logging Task,RightClick,TreeView,Start New Station,UIInteraction,TaskName=Start New Station
43194.1885461343,WLAcquisition,Depth Log/Station Planning,Perform Logging Task,Click,ContextMenu,Perform,UIInteraction,TaskName=Start New Station
43194.1887196759,WLAcquisition,Depth Log/Station Planning,Perform Logging Task,RightClick,TreeView,Anchor All Arms,UIInteraction,TaskName=Anchor All Arms
43194.1887340625,WLAcquisition,Depth Log/Station Planning,Perform Logging Task,Click,ContextMenu,Perform,UIInteraction,TaskName=Anchor All Arms
43194.1905585185,WLAcquisition,Depth Log/Station Planning,Perform Logging Task,RightClick,TreeView,Continuous Acquisition,UIInteraction,TaskName=Continuous Acquisition
43194.1905723958,WLAcquisition,Depth Log/Station Planning,Perform Logging Task,Click,ContextMenu,Perform,UIInteraction,TaskName=Continuous Acquisition
43194.1950355093,WLAcquisition,Depth Log/Station Planning,Perform Logging Task,RightClick,TreeView,Disanchor All Arms,UIInteraction,TaskName=Disanchor All Arms
43194.1950496412,WLAcquisition,Depth Log/Station Planning,Perform Logging Task,Click,ContextMenu,Perform,UIInteraction,TaskName=Disanchor All Arms
43194.1961164468,WLAcquisition,Depth Log/Station Planning,Perform Logging Task,RightClick,TreeView,Close All Arms,UIInteraction,TaskName=Close All Arms
43194.196130706,WLAcquisition,Depth Log/Station Planning,Perform Logging Task,Click,ContextMenu,Perform,UIInteraction,TaskName=Close All Arms
43194.1972272685,WLAcquisition,Data Acquiring - WL,Unlock 3 Buttons,Click,ToolbarButton,Unlock,UIInteraction,
43194.1972295023,WLAcquisition,Data Acquiring - WL,Disable Tool Power,Click,ToolbarButton,Disable Tool Power,UIInteraction,
43194.1973316204,WLAcquisition,Data Acquiring - WL,Stop Dataflow,Click,ToolbarButton,Stop Data Flow,UIInteraction,
43194.1974423495,WLAcquisition,Data Acquiring - WL,Disconnect Hardware,Click,ToolbarButton,Disconnect From Hardware,UIInteraction,
43194.1975412269,Setup,Run Manager (Internal),Stop Run,Click,Button,Stop,UIInteraction,RunGuid=681CF8BF-9577-4D3A-B445-717DD6B0A104
43194.1975860301,Setup,Run Manager (Internal),Confirm to Stop Run,Click,Button,OK,UIInteraction,RunGuid=681CF8BF-9577-4D3A-B445-717DD6B0A104
43194.1976331597,Simulation,UI Framework,Close Console,Click,Button,,UIInteraction,JobGuid=B3718918-287D-43A8-B87C-A676E712D482
43194.197754919,,Console/Job Manager,Stop Setup Console,Click,Button,Stop,UIInteraction,JobGuid=B3718918-287D-43A8-B87C-A676E712D482
43194.1978384259,,Console/Job Manager,Stop Job,Click,Button,Stop,UIInteraction,JobGuid=B3718918-287D-43A8-B87C-A676E712D482
