43194.1745060995,,UI Framework,Initialize Maxwell Manager Process Name,,,Initialize Maxwell Manager Process Name,,
43194.1745235069,,UI Framework,Start Console,,,Maxwell Manager,UIAutomatic,MachineName=HPV26-010;UserName=Engineer;UserDomainName=HPV26-010;OS=Microsoft Windows NT 6.1.7601 Service Pack 1;TimeZone=00:00:00;IPAddress_1=192.168.78.60;IPAddress_2=::1;MWVersion=9.0.100745.3100
43194.174761169,,Console/Job Manager,Import Job Archive,Click,ContextMenu,Create Import,UIInteraction,
43194.1747676273,,Import/Export & Backup/Restore,Select file to import,Click,Button,...,UIInteraction,
43194.1747737384,,Import/Export & Backup/Restore,OK to select file,,,,UIAutomatic,FilePath=C:\DataValidation\EMIT-A\EMIT-A_Normal_3.0.9609.1098_JA.Dlis
43194.1748361111,,Import/Export & Backup/Restore,Start Import,Click,Button,Import,UIInteraction,FilePath=C:\DataValidation\EMIT-A\EMIT-A_Normal_3.0.9609.1098_JA.Dlis
43194.1755292708,,Import/Export & Backup/Restore,Close Import UI,Click,Button,Close,UIInteraction,
43194.1756627431,,Console/Job Manager,Select Auto Backup Folder,Click,ComboBox,C:\Autobackup,UIInteraction,
43194.1822475347,,UI Framework,Close Console,Click,Button,,UIInteraction,
43194.1877127315,,UI Framework,Initialize Maxwell Manager Process Name,,,Initialize Maxwell Manager Process Name,,
43194.1877298843,,UI Framework,Start Console,,,Maxwell Manager,UIAutomatic,MachineName=HPV26-010;UserName=Engineer;UserDomainName=HPV26-010;OS=Microsoft Windows NT 6.1.7601 Service Pack 1;TimeZone=00:00:00;IPAddress_1=192.168.78.60;IPAddress_2=::1;MWVersion=9.0.100745.3100
43194.1879683796,,Console/Job Manager,Import Job Archive,Click,ContextMenu,Create Import,UIInteraction,
43194.1879818403,,Import/Export & Backup/Restore,OK to select file,,,,UIAutomatic,FilePath=C:\DataValidation\HDRS-Dual\HDRS-Dual_Normal_3.0.9602.1098_JA.Dlis
43194.1879754398,,Import/Export & Backup/Restore,Select file to import,Click,Button,...,UIInteraction,
43194.188043287,,Import/Export & Backup/Restore,Start Import,Click,Button,Import,UIInteraction,FilePath=C:\DataValidation\HDRS-Dual\HDRS-Dual_Normal_3.0.9602.1098_JA.Dlis
43194.1893245486,,Import/Export & Backup/Restore,Close Import UI,Click,Button,Close,UIInteraction,
43194.1894586574,,Console/Job Manager,Select Auto Backup Folder,Click,ComboBox,C:\Autobackup,UIInteraction,
43194.1954873727,,UI Framework,Close Console,Click,Button,,UIInteraction,
43194.1991225694,,UI Framework,Initialize Maxwell Manager Process Name,,,Initialize Maxwell Manager Process Name,,
43194.1991408565,,UI Framework,Start Console,,,Maxwell Manager,UIAutomatic,MachineName=HPV26-010;UserName=Engineer;UserDomainName=HPV26-010;OS=Microsoft Windows NT 6.1.7601 Service Pack 1;TimeZone=00:00:00;IPAddress_1=192.168.78.60;IPAddress_2=::1;MWVersion=9.0.100745.3100
43194.1993654977,,Console/Job Manager,New Job,Click,Button,New,UIInteraction,
43194.1993827083,,Console/Job Manager,Input Job Name,Input,TextBox,DynamicTC_WXT,UIInteraction,
43194.1994334607,,Console/Job Manager,Input Well Name,Input,TextBox,Dynamic tool configuration,UIInteraction,
43194.1994775,,Console/Job Manager,Input Client Name,Input,TextBox,BGCAT,UIInteraction,
43194.1995676505,,Console/Job Manager,Check Simulator,Click,CheckBox,Simulator,UIInteraction,CheckState=True
43194.1997820602,,Console/Job Manager,Select Auto Backup Folder,Click,ComboBox,C:\Autobackup,UIInteraction,
43194.2023263773,,UI Framework,Switch Tab,Click,Tab,Job: DynamicTC_WXT,UIInteraction,
43194.2163406829,,UI Framework,Switch Tab,Click,Tab,Messages: Job Independent,UIInteraction,
43194.2163561111,,UI Framework,Close Console,Click,Button,,UIInteraction,
