43194.1498343634,,UI Framework,Start Console,,,Maxwell Manager,UIAutomatic,MachineName=HPV02-002;UserName=Engineer;UserDomainName=HPV02-002;OS=Microsoft Windows NT 6.1.7601 Service Pack 1;TimeZone=00:00:00;IPAddress_1=192.168.78.109;IPAddress_2=::1;MWVersion=9.0.100745.3100
43194.1499544213,,Console/Job Manager,New Job,Click,Button,New,UIInteraction,
43194.149975787,,Console/Job Manager,Input Job Name,Input,TextBox,USIT-D-IBC_ICE,UIInteraction,
43194.1500201157,,Console/Job Manager,Input Client Name,Input,TextBox,BGCAT,UIInteraction,
43194.1501560764,,Console/Job Manager,Check Simulator,Click,CheckBox,Simulator,UIInteraction,CheckState=True
43194.1503392014,,Console/Job Manager,Select Auto Backup Folder,Click,ComboBox,C:\AutoBackup,UIInteraction,
43194.1503472917,,Console/Job Manager,Start Job Spec Manager,Click,ToolbarButton,Job Spec Manager,UIInteraction,
43194.1503841898,,Import/Export & Backup/Restore,Select Target,Click,ComboBox,USIT-D-IBC_ICE  WL Simulator  03:35:56 04-Apr-2018,UIInteraction,JobName=USIT-D-IBC_ICE;EntityGuid=918D957D-D1AD-45CF-A153-4082FFBD9616
43194.1504216204,,Import/Export & Backup/Restore,Select Source,Click,Button,...,UIInteraction,
43194.1504367245,,Import/Export & Backup/Restore,OK to Select Source,,,,UIAutomatic,FilePath=\\srv004bgc.dir.slb.com\MaxwellAT\TestData\TestData\Phase3\USIT-D-IBC-ICE_Simu\JobSpec_USIT-D-IBC_ICE.dlis
43194.1519459954,,Import/Export & Backup/Restore,Select/Deselect item,ByMouse,TreeView,USIT-D-IBC_ICE  WL Simulator  16:02:25 09-Sep-2015,UIInteraction,CheckState=True
43194.15196,,Import/Export & Backup/Restore,Restore Job Spec File,Click,Button,Restore,UIInteraction,
43194.1524353935,,Import/Export & Backup/Restore,Close Job Spec UI,Click,Button,Close,UIInteraction,
43194.1541814815,,UI Framework,Switch Tab,Click,Tab,Job: USIT-D-IBC_ICE,UIInteraction,
43194.181166412,,UI Framework,Switch Tab,Click,Tab,Messages: Job Independent,UIInteraction,
43194.1811746065,,UI Framework,Close Console,Click,Button,,UIInteraction,
43194.1865216319,,UI Framework,Initialize Maxwell Manager Process Name,,,Initialize Maxwell Manager Process Name,,
43194.186538125,,UI Framework,Start Console,,,Maxwell Manager,UIAutomatic,MachineName=HPV02-002;UserName=Engineer;UserDomainName=HPV02-002;OS=Microsoft Windows NT 6.1.7601 Service Pack 1;TimeZone=00:00:00;IPAddress_1=192.168.78.109;IPAddress_2=::1;MWVersion=9.0.100745.3100
43194.1867758218,,Console/Job Manager,Import Job Archive,Click,ContextMenu,Create Import,UIInteraction,
43194.1867888426,,Import/Export & Backup/Restore,OK to select file,,,,UIAutomatic,FilePath=C:\DataValidation\GPIT-C\GPIT-C_Normal_3.0.9605.0_JA.Dlis
43194.1867828241,,Import/Export & Backup/Restore,Select file to import,Click,Button,...,UIInteraction,
43194.186841794,,Import/Export & Backup/Restore,Start Import,Click,Button,Import,UIInteraction,FilePath=C:\DataValidation\GPIT-C\GPIT-C_Normal_3.0.9605.0_JA.Dlis
43194.1874121991,,Import/Export & Backup/Restore,Close Import UI,Click,Button,Close,UIInteraction,
43194.187544213,,Console/Job Manager,Select Auto Backup Folder,Click,ComboBox,C:\AutoBackup,UIInteraction,
43194.1901890741,,UI Framework,Close Console,Click,Button,,UIInteraction,
