43194.178180463,,UI Framework,Initialize Maxwell Manager Process Name,,,Initialize Maxwell Manager Process Name,,
43194.1782012384,,UI Framework,Start Console,,,Maxwell Manager,UIAutomatic,MachineName=HPV01-020;UserName=Engineer;UserDomainName=HPV01-020;OS=Microsoft Windows NT 6.1.7601 Service Pack 1;TimeZone=00:00:00;IPAddress_1=192.168.78.198;IPAddress_2=::1;MWVersion=9.0.100745.3100
43194.1784231482,,Console/Job Manager,New Job,Click,Button,New,UIInteraction,
43194.1784346875,,Console/Job Manager,Input Job Name,Input,TextBox,VSI,UIInteraction,
43194.1784780903,,Console/Job Manager,Input Well Name,Input,TextBox,SKK,UIInteraction,
43194.1785226736,,Console/Job Manager,Input Client Name,Input,TextBox,BGCAT,UIInteraction,
43194.1786146991,,Console/Job Manager,Check Simulator,Click,CheckBox,Simulator,UIInteraction,CheckState=True
43194.1788317361,,Console/Job Manager,Select Auto Backup Folder,Click,ComboBox,C:\Autobackup,UIInteraction,
43194.1840483912,,UI Framework,Switch Tab,Click,Tab,Job: VSI,UIInteraction,
43194.1978777199,,UI Framework,Switch Tab,Click,Tab,Messages: Job Independent,UIInteraction,
43194.1978827894,,UI Framework,Close Console,Click,Button,,UIInteraction,
43194.2039938889,,UI Framework,Initialize Maxwell Manager Process Name,,,Initialize Maxwell Manager Process Name,,
43194.2040107176,,UI Framework,Start Console,,,Maxwell Manager,UIAutomatic,MachineName=HPV01-020;UserName=Engineer;UserDomainName=HPV01-020;OS=Microsoft Windows NT 6.1.7601 Service Pack 1;TimeZone=00:00:00;IPAddress_1=192.168.78.198;IPAddress_2=::1;MWVersion=9.0.100745.3100
43194.2042490046,,Console/Job Manager,Import Job Archive,Click,ContextMenu,Create Import,UIInteraction,
43194.204263125,,Import/Export & Backup/Restore,OK to select file,,,,UIAutomatic,FilePath=C:\DataValidation\MAST-Image2\MAST-Image2_Normal_3.1.9755.1112_JA.DLIS
43194.2042561458,,Import/Export & Backup/Restore,Select file to import,Click,Button,...,UIInteraction,
43194.2043368287,,Import/Export & Backup/Restore,Start Import,Click,Button,Import,UIInteraction,FilePath=C:\DataValidation\MAST-Image2\MAST-Image2_Normal_3.1.9755.1112_JA.DLIS
43194.2075976389,,Import/Export & Backup/Restore,Close Import UI,Click,Button,Close,UIInteraction,
43194.2077353704,,Console/Job Manager,Select Auto Backup Folder,Click,ComboBox,C:\Autobackup,UIInteraction,
43194.223966088,,UI Framework,Close Console,Click,Button,,UIInteraction,
