Time,Process,Component,Operation,Action,Control,ControlText,Category,Context
43194.1519053009,,Console/Job Manager,Start Job,Click,Button,Start,UIInteraction,JobName=RT_DLIS_MDT;WellName=BGC;ClientName=BGCAT;StartDate=4/4/2018 3:35 AM;Workflow=Wireline;Simulator=True;UnitSystem=Metric;RTBackupDir=C:\AutoBackup;JobSize=0;State=Available;SideTrackId=0;SessionID=62893708-724E-4E60-887C-4AF1EE6477E9;SortOrder=1;JobGUID=DDBBEA2D-4FA1-4359-8E3B-E5DA9BBB6DDA;WellGUID=7F36636A-2442-41E2-B587-C9D0505CF739;BoreholeGUID=FE9C56B7-4B4E-43F2-A153-EB4AAEBAB02F;MachineName=HPV04-005;UserName=Engineer;UserDomainName=HPV04-005;OS=Microsoft Windows NT 6.1.7601 Service Pack 1;StartedJobCount=0;TimeZone=00:00:00;IPAddress_1=192.168.78.165;IPAddress_2=::1;MWVersion=9.0.100745.3100
43194.1524163542,,Console/Job Manager,Stop Job,Click,Button,Stop,UIInteraction,JobGuid=DDBBEA2D-4FA1-4359-8E3B-E5DA9BBB6DDA
43194.1524416319,,Console/Job Manager,Start Job,Click,Button,Start,UIInteraction,JobName=RT_DLIS_MDT;WellName=BGC;ClientName=BGCAT;StartDate=4/4/2018 3:35 AM;Workflow=Wireline;Simulator=True;UnitSystem=Metric;RTBackupDir=C:\AutoBackup;JobSize=0;State=Available;SideTrackId=0;SessionID=62893708-724E-4E60-887C-4AF1EE6477E9;SortOrder=1;JobGUID=DDBBEA2D-4FA1-4359-8E3B-E5DA9BBB6DDA;WellGUID=7F36636A-2442-41E2-B587-C9D0505CF739;BoreholeGUID=FE9C56B7-4B4E-43F2-A153-EB4AAEBAB02F;MachineName=HPV04-005;UserName=Engineer;UserDomainName=HPV04-005;OS=Microsoft Windows NT 6.1.7601 Service Pack 1;StartedJobCount=0;TimeZone=00:00:00;IPAddress_1=192.168.78.165;IPAddress_2=::1;MWVersion=9.0.100745.3100
43194.1525046644,,Console/Job Manager,Start Setup Console,Click,Button,Start...,UIInteraction,JobGuid=DDBBEA2D-4FA1-4359-8E3B-E5DA9BBB6DDA
43194.1527283565,Setup,Calibration,Select Calibration Report Type,Click,ComboBox,Technical Concise,UIInteraction,
43194.1527343634,Setup,UI Framework,Start Console,,,Setup - Job RT_DLIS_MDT,UIAutomatic,
43194.1527667708,Setup,UI Framework,Switch Tab,Click,Tab,Well Properties,UIInteraction,
43194.1527791551,Setup,Well Setup (Internal),Select Header Type,Click,ComboBox,US Land,UIInteraction,
43194.1528003125,Setup,Well Setup (Internal),Change Property Value,Update,GridCell,123,UIInteraction,OSDD=SON
43194.1528858218,Setup,Run Manager (Internal),Associate toolstring to run,Update,GridCell,MDT Pretests,UIInteraction,RunGuid=2A44FB55-F2D6-428F-A97B-C4C75904F739;ToolstringGuid=977DC83F-9C01-4F71-A30B-2DED6E8A4CF1;DownholeEquipments=MRPS-NDMRHY-NBMRPC-NDDTA-ASGT-NDTC-HLEH-QT;TSLevelActiveSurfaceEquips=LOGGING_CABLEWITMMRTMWAFEDEPTH_DEVICETENSION_DEVICEDTMMRPP
43194.1530429745,Setup,Equipment,Close Toolstring Validation UI,Click,Button,Close,UIInteraction,ToolstringGuid=977DC83F-9C01-4F71-A30B-2DED6E8A4CF1
43194.1530624884,Setup,Run Manager (Internal),Start Run,Click,Button,Start,UIInteraction,RunGuid=2A44FB55-F2D6-428F-A97B-C4C75904F739;ToolstringGuid=977DC83F-9C01-4F71-A30B-2DED6E8A4CF1;DownholeEquipments=MRPS-ND:MRHY-NB:MRPC-ND:DTA-A:SGT-N:DTC-H:LEH-QT;TSLevelActiveSurfaceEquips=LOGGING_CABLE:WAFE:DEPTH_DEVICE:TENSION_DEVICE
43194.1530626852,Setup,Run Manager (Internal),Change Tool Zero Selection,Click,CheckBox,MRPS-ND,UIInteraction,CheckState=True
43194.1531087384,Setup,Run Manager (Internal),Confirm Tool Zero Selection,Click,Button,Confirm and Continue,UIInteraction,
43194.1531867824,Setup,Equipment,Activate Run,Click,Button,Activate,UIInteraction,ToolstringGuid=977DC83F-9C01-4F71-A30B-2DED6E8A4CF1;DownholeEquipments=MRPS-ND:MRHY-NB:MRPC-ND:DTA-A:SGT-N:DTC-H:LEH-QT;TSLevelActiveSurfaceEquips=LOGGING_CABLE:WAFE:DEPTH_DEVICE:TENSION_DEVICE
43194.1533274653,Simulation,UI Framework,Start Console,,,Simulation Console - Job RT_DLIS_MDT,UIAutomatic,
43194.1534528935,WLAcquisition,Calibration,Select Calibration Report Type,Click,ComboBox,Technical Concise,UIInteraction,
43194.1534660185,WLAcquisition,UI Framework,Start Console,,,Acquisition Console - Job RT_DLIS_MDT - Run 1,UIAutomatic,
43194.1534776389,WLAcquisition,Calibration,Select Calibration in Calibration Report,Click,ComboBox,HTEN Before Calibration,UIInteraction,
43194.153477662,WLAcquisition,Calibration,Select Tool in Calibration Report,Click,ComboBox,LEH-QT:123,UIInteraction,ToolName=LEH-QT:123
43194.1537988426,WLAcquisition,Data Acquiring - WL,Connect Hardware,Click,ToolbarButton,Connect to Hardware,UIInteraction,
43194.153937419,WLAcquisition,Data Acquiring - WL,Start Dataflow,Click,ToolbarButton,Start Data Flow,UIInteraction,
43194.1540288889,WLAcquisition,Data Acquiring - WL,Enable Tool Power,Click,ToolbarButton,Enable Tool Power,UIInteraction,
43194.1556887847,WLAcquisition,UI Framework,Switch Tab,Click,Tab,Tool Control,UIInteraction,
43194.1558601389,WLAcquisition,Tool Control,Regulate 50V Supply,RightClick,TreeView,Regulate 50V Supply,UIInteraction,TaskName=Regulate 50V Supply
43194.1558740394,WLAcquisition,Tool Control,Regulate 50V Supply,Click,ContextMenu,Perform,UIInteraction,TaskName=Regulate 50V Supply
43194.1563872222,WLAcquisition,MRPS-ND,Control,RightClick,TreeView,MRPS-ND: Control,UIInteraction,TaskName=MRPS-ND: Control
43194.1564015046,WLAcquisition,MRPS-ND,Control,Click,ContextMenu,Perform,UIInteraction,TaskName=MRPS-ND: Control
43194.156835706,WLAcquisition,UI Framework,Switch Tab,Click,Tab,Operation,UIInteraction,
43194.1569123958,WLAcquisition,Depth Log/Station Planning,Perform Logging Task,RightClick,TreeView,Station Log,UIInteraction,TaskName=Station Log
43194.156926169,WLAcquisition,Depth Log/Station Planning,Perform Logging Task,Click,ContextMenu,Perform,UIInteraction,TaskName=Station Log
43194.1572958449,,Console/Job Manager,Start Deliverables Console,Click,Button,Start...,UIInteraction,JobGuid=DDBBEA2D-4FA1-4359-8E3B-E5DA9BBB6DDA
43194.1573638542,DeliverablesSetup,Tier Manager,Tier Template Created for Tools in My Equipment,,,SGT-N Tier Created,Deliverables Console,
43194.157364537,DeliverablesSetup,Tier Manager,Tier Template Created for Tools in My Equipment,,,DTC-H Tier Created,Deliverables Console,
43194.1573646528,DeliverablesSetup,Tier Manager,Tier Template Created for Tools in My Equipment,,,LEH-QT Tier Created,Deliverables Console,
43194.1573647917,DeliverablesSetup,Tier Manager,Tier Template Created for Tools in My Equipment,,,MRPS-ND Tier Created,Deliverables Console,
43194.1573649537,DeliverablesSetup,Tier Manager,Tier Template Created for Tools in My Equipment,,,MRPC-ND Tier Created,Deliverables Console,
43194.1573651273,DeliverablesSetup,Tier Manager,Tier Template Created for Tools in My Equipment,,,DTA-A Tier Created,Deliverables Console,
43194.1573653009,DeliverablesSetup,Tier Manager,Tier Template Created for Tools in My Equipment,,,MRHY-NB Tier Created,Deliverables Console,
43194.1574003704,DeliverablesSetup,UI Framework,Start Console,,,Deliverables Console Setup - Job RT_DLIS_MDT,UIAutomatic,
43194.1575265162,DeliverablesSetup,Deliverables - Digital,Add Template to Deliverable,Click,ContextMenu,Run 1,UIInteraction,ComponentName=DLIS Standard;ComponentCode=Component_Template_Dlis
43194.1575367245,DeliverablesSetup,UI Framework,Switch View,Click,ToolbarButton,Deliverables Display View,UIInteraction,
43194.1575548958,DeliverablesSetup,Deliverables - Digital,Change Publisher Properties,Click,ComboBox,Select Publisher ,UIInteraction,NewValue=InterACT Publisher
43194.1576019213,DeliverablesSetup,Deliverables - Digital,Change Publisher Properties,Click,ComboBox,Select Publisher ,UIInteraction,NewValue=InterACT Publisher
43194.1576348495,DeliverablesSetup,Deliverables - Digital,Change Publisher Properties,Input,TextBox,https://www.interact.slb.com,UIInteraction,
43194.1576542593,DeliverablesSetup,Deliverables - Digital,Change Publisher Properties,Input,TextBox,https://kltest.interact.slb.com/,UIInteraction,
43194.1576543171,DeliverablesSetup,Deliverables - Digital,Change Publisher Properties,Input,TextBox,https://kltest.interact.slb.com/,UIInteraction,
43194.1576705208,DeliverablesSetup,Deliverables - Digital,Change InterACT Publisher Properties,Click,Button,Login,UIInteraction,
43194.157670625,DeliverablesSetup,Deliverables - Digital,Change Publisher Properties,Input,TextBox,https://kltest.interact.slb.com,UIInteraction,
43194.1578564236,DeliverablesSetup,Deliverables - Digital,Change InterACT Publisher Properties,Click,Button,Save Settings,UIInteraction,
43194.1578751157,DeliverablesSetup,UI Framework,Switch View,Click,ToolbarButton,Deliverables Setup View,UIInteraction,
43194.1581027315,DeliverablesSetup,Deliverables - Digital,Change Digital Properties,Click,ComboBox,DataAssignment_Type,UIInteraction,DeliverableType=DLIS;ChangedProperty=DataAssignment_Type;OldValue=Single Pass;NewValue=All Station Passes
43194.1581027431,DeliverablesSetup,Deliverables - Digital,Change Property,Click,DataAssignmentTypeConverter,DataAssignment_Type,UIInteraction,NewValue=All Station Passes;OldValue=Single Pass
43194.15828125,DeliverablesSetup,Deliverables - Digital,Change Digital Properties,Click,ComboBox,Publish,UIInteraction,DeliverableType=DLIS;ChangedProperty=Publish;OldValue=No;NewValue=Yes
43194.1582812616,DeliverablesSetup,Deliverables - Digital,Change Property,Click,PublishConverter,Publish,UIInteraction,NewValue=Yes;OldValue=No
43194.1584648264,DeliverablesSetup,Deliverables - Digital,Change Digital Properties,Click,ComboBox,Update_In_Real_Time,UIInteraction,DeliverableType=DLIS;ChangedProperty=Update_In_Real_Time;OldValue=No;NewValue=Yes
43194.158464838,DeliverablesSetup,Deliverables - Digital,Change Property,Click,BooleanComboBoxConverter,Update_In_Real_Time,UIInteraction,NewValue=Yes;OldValue=No
43194.1584879051,DeliverablesSetup,UI Framework,Switch View,Click,ToolbarButton,Deliverables Display View,UIInteraction,
43194.1586005556,DeliverablesSetup,Deliverables - Digital,Create Publish Digital Deliverable,Click,ContextMenu,Create/Publish,UIInteraction,ComponentName=All Station Passes;ComponentCode=Component_Template_Dlis;DelivTemplateGuid=0BF24415-94E3-4E74-974A-B66A087DDC77;DelivTemplatePropertyData=<gp:GraphicalFormat xmlns:gp="urn:horizon:GraphicalProductCatalogSchema"><gp:Name>Template</gp:Name><gp:Component_Code>Component_Template_Dlis</gp:Component_Code><gp:Component_Format_Ref /><gp:Properties><gp:Property><gp:Key>Type</gp:Key><gp:Value>Dlis</gp:Value></gp:Property><gp:Property><gp:Key>DataAssignment_Type</gp:Key><gp:Value>All Station Passes</gp:Value></gp:Property><gp:Property><gp:Key>CDDI_Availability</gp:Key><gp:Value>Customer</gp:Value></gp:Property><gp:Property><gp:Key>Data_Assignment</gp:Key><gp:Value></gp:Value></gp:Property><gp:Property><gp:Key>Proxy_Data_Assignment</gp:Key><gp:Value /></gp:Property><gp:Property><gp:Key>File_Destination</gp:Key><gp:Value>C:\Schlumberger Horizon Data\RT_DLIS_MDT\Deliverable\MDT Pretests\Digital\DLIS\</gp:Value></gp:Property><gp:Property><gp:Key>File_Name</gp:Key><gp:Value>All_Station_Passes.dlis</gp:Value></gp:Property><gp:Property><gp:Key>Index</gp:Key><gp:Value>Time</gp:Value></gp:Property><gp:Property><gp:Key>Publish</gp:Key><gp:Value>Yes</gp:Value></gp:Property><gp:Property><gp:Key>Publisher</gp:Key><gp:Value>1</gp:Value></gp:Property><gp:Property><gp:Key>LoadToRTDB</gp:Key><gp:Value>No</gp:Value></gp:Property><gp:Property><gp:Key>Update_In_Real_Time</gp:Key><gp:Value>Yes</gp:Value></gp:Property><gp:Property><gp:Key>_Top</gp:Key><gp:Value></gp:Value></gp:Property><gp:Property><gp:Key>Bottom</gp:Key><gp:Value></gp:Value></gp:Property><gp:Property><gp:Key>Start</gp:Key><gp:Value></gp:Value></gp:Property><gp:Property><gp:Key>Stop</gp:Key><gp:Value></gp:Value></gp:Property><gp:Property><gp:Key>Unit_System</gp:Key><gp:Value>Metric</gp:Value></gp:Property><gp:Property><gp:Key>DLIS_Compatibility</gp:Key><gp:Value>Hz Converted</gp:Value></gp:Property><gp:Property><gp:Key>Preferred_Source_Pass</gp:Key><gp:Value></gp:Value></gp:Property><gp:Property><gp:Key>Reduced_DLIS</gp:Key><gp:Value>No</gp:Value></gp:Property><gp:Property><gp:Key>HIDE</gp:Key><gp:Value /></gp:Property><gp:Property><gp:Key>HID1</gp:Key><gp:Value></gp:Value></gp:Property><gp:Property><gp:Key>HID2</gp:Key><gp:Value></gp:Value></gp:Property><gp:Property><gp:Key>OS1</gp:Key><gp:Value /></gp:Property><gp:Property><gp:Key>OS2</gp:Key><gp:Value /></gp:Property><gp:Property><gp:Key>OS3</gp:Key><gp:Value /></gp:Property><gp:Property><gp:Key>OS4</gp:Key><gp:Value /></gp:Property><gp:Property><gp:Key>OS5</gp:Key><gp:Value /></gp:Property><gp:Property><gp:Key>Channel_Confliction</gp:Key><gp:Value>Include Duplicate Channel Names</gp:Value></gp:Property><gp:PropertiesSnippetVersion>1.5</gp:PropertiesSnippetVersion></gp:Properties></gp:GraphicalFormat>
43194.1593992477,WLAcquisition,Data Acquiring - WL,Start Station Pass,Click,Button,Start,UIInteraction,PassGuid=EC09778C-D53A-4494-9D6B-19CD34743A81;Main Objective=MDT;MDT Station Objective=Sampling;Power Station=MRPS-ND
43194.1594002662,WLAcquisition,Depth Log/Station Planning,Perform Logging Task,,,,UIAutomatic,TaskName=MRPS-ND: Strain Gauge - ACOM
43194.1594045949,WLAcquisition,Calibration,Choose Available Calibration,Click,ComboBox,02:48:35.000 30-Sep-2013,UIInteraction,
43194.1594053819,WLAcquisition,UI Framework,Switch Tab,Click,Tab,Calibrations,UIInteraction,
43194.1594122917,WLAcquisition,Depth Log/Station Planning,Perform Logging Task,,,,UIAutomatic,TaskName=MRPS-ND: Resistivity Cell - ACOM
43194.1594150926,WLAcquisition,Calibration,Choose Available Calibration,Click,ComboBox,02:48:34.000 30-Sep-2013,UIInteraction,
43194.1595811458,WLAcquisition,Calibration,Choose Available Calibration,Click,ComboBox,03:49:47.448 04-Apr-2018,UIInteraction,
43194.1595903935,WLAcquisition,Calibration,Choose Available Calibration,Click,ComboBox,03:49:48.297 04-Apr-2018,UIInteraction,
43194.1596346181,WLAcquisition,Data Acquiring - WL,Continue Station Pass,Click,Button,Continue,UIInteraction,PassGuid=EC09778C-D53A-4494-9D6B-19CD34743A81;Main Objective=MDT;MDT Station Objective=Sampling;Power Station=MRPS-ND
43194.159642037,WLAcquisition,UI Framework,Switch Tab,Click,Tab,Station,UIInteraction,
43194.1626607292,WLAcquisition,Data Acquiring - WL,Unlock Pass,Click,ToolbarButton,Click to Unlock Stop Button,UIInteraction,
43194.1626939236,WLAcquisition,Data Acquiring - WL,Stop Station Pass,Click,Button,Stop,UIInteraction,PassGuid=EC09778C-D53A-4494-9D6B-19CD34743A81;Depth=0
43194.163045162,WLAcquisition,Data Acquiring - WL,Start Station Pass,Click,Button,Start,UIInteraction,PassGuid=A00FCF25-6DF7-4E49-842E-9EEA844C4BAD;Main Objective=MDT;MDT Station Objective=Sampling;Power Station=MRPS-ND
43194.1630459491,WLAcquisition,Depth Log/Station Planning,Perform Logging Task,,,,UIAutomatic,TaskName=MRPS-ND: Strain Gauge - ACOM
43194.1630461921,WLAcquisition,UI Framework,Switch Tab,Click,Tab,Calibrations,UIInteraction,
43194.1630532523,WLAcquisition,Depth Log/Station Planning,Perform Logging Task,,,,UIAutomatic,TaskName=MRPS-ND: Resistivity Cell - ACOM
43194.163221713,WLAcquisition,Calibration,Choose Available Calibration,Click,ComboBox,03:55:02.029 04-Apr-2018,UIInteraction,
43194.1632315741,WLAcquisition,Calibration,Choose Available Calibration,Click,ComboBox,03:55:02.884 04-Apr-2018,UIInteraction,
43194.1632700347,WLAcquisition,Data Acquiring - WL,Continue Station Pass,Click,Button,Continue,UIInteraction,PassGuid=A00FCF25-6DF7-4E49-842E-9EEA844C4BAD;Main Objective=MDT;MDT Station Objective=Sampling;Power Station=MRPS-ND
43194.1632763542,WLAcquisition,UI Framework,Switch Tab,Click,Tab,Station,UIInteraction,
43194.1663878819,WLAcquisition,Data Acquiring - WL,Unlock Pass,Click,ToolbarButton,Click to Unlock Stop Button,UIInteraction,
43194.1664131713,WLAcquisition,Data Acquiring - WL,Stop Station Pass,Click,Button,Stop,UIInteraction,PassGuid=A00FCF25-6DF7-4E49-842E-9EEA844C4BAD;Depth=0
43194.1667645949,WLAcquisition,Depth Log/Station Planning,Perform Logging Task,,,,UIAutomatic,TaskName=MRPS-ND: Strain Gauge - ACOM
43194.1667638657,WLAcquisition,Data Acquiring - WL,Start Station Pass,Click,Button,Start,UIInteraction,PassGuid=9705DD67-C846-4F73-A6CF-2B4FD2F39362;Main Objective=MDT;MDT Station Objective=Sampling;Power Station=MRPS-ND
43194.1667647338,WLAcquisition,UI Framework,Switch Tab,Click,Tab,Calibrations,UIInteraction,
43194.1667718056,WLAcquisition,Depth Log/Station Planning,Perform Logging Task,,,,UIAutomatic,TaskName=MRPS-ND: Resistivity Cell - ACOM
43194.1669413773,WLAcquisition,Calibration,Choose Available Calibration,Click,ComboBox,04:00:23.301 04-Apr-2018,UIInteraction,
43194.1669577083,WLAcquisition,Calibration,Choose Available Calibration,Click,ComboBox,04:00:24.835 04-Apr-2018,UIInteraction,
43194.1669972917,WLAcquisition,Data Acquiring - WL,Continue Station Pass,Click,Button,Continue,UIInteraction,PassGuid=9705DD67-C846-4F73-A6CF-2B4FD2F39362;Main Objective=MDT;MDT Station Objective=Sampling;Power Station=MRPS-ND
43194.167004213,WLAcquisition,UI Framework,Switch Tab,Click,Tab,Station,UIInteraction,
43194.1696979167,WLAcquisition,Data Acquiring - WL,Unlock Pass,Click,ToolbarButton,Click to Unlock Stop Button,UIInteraction,
43194.1697185185,WLAcquisition,Data Acquiring - WL,Stop Station Pass,Click,Button,Stop,UIInteraction,PassGuid=9705DD67-C846-4F73-A6CF-2B4FD2F39362;Depth=0
43194.1700513079,WLAcquisition,Data Acquiring - WL,Start Station Pass,Click,Button,Start,UIInteraction,PassGuid=1D1A2494-D02D-4240-B958-9F0D025C72B4;Main Objective=MDT;MDT Station Objective=Pressure;Power Station=MRPS-ND
43194.1700520486,WLAcquisition,Depth Log/Station Planning,Perform Logging Task,,,,UIAutomatic,TaskName=MRPS-ND: Strain Gauge - ACOM
43194.1700522569,WLAcquisition,UI Framework,Switch Tab,Click,Tab,Calibrations,UIInteraction,
43194.1700586458,WLAcquisition,Depth Log/Station Planning,Perform Logging Task,,,,UIAutomatic,TaskName=MRPS-ND: Resistivity Cell - ACOM
43194.170232963,WLAcquisition,Calibration,Choose Available Calibration,Click,ComboBox,04:05:07.596 04-Apr-2018,UIInteraction,
43194.1702387384,WLAcquisition,Calibration,Choose Available Calibration,Click,ComboBox,04:05:08.263 04-Apr-2018,UIInteraction,
43194.170274838,WLAcquisition,Data Acquiring - WL,Continue Station Pass,Click,Button,Continue,UIInteraction,PassGuid=1D1A2494-D02D-4240-B958-9F0D025C72B4;Main Objective=MDT;MDT Station Objective=Pressure;Power Station=MRPS-ND
43194.1702813426,WLAcquisition,UI Framework,Switch Tab,Click,Tab,Station,UIInteraction,
43194.1730464468,WLAcquisition,Data Acquiring - WL,Unlock Pass,Click,ToolbarButton,Click to Unlock Stop Button,UIInteraction,
43194.1730672454,WLAcquisition,Data Acquiring - WL,Stop Station Pass,Click,Button,Stop,UIInteraction,PassGuid=1D1A2494-D02D-4240-B958-9F0D025C72B4;Depth=0
43194.1734061343,WLAcquisition,Data Acquiring - WL,Start Station Pass,Click,Button,Start,UIInteraction,PassGuid=916B1B2F-119E-4319-81C2-81E4BB82C46F;Main Objective=MDT;MDT Station Objective=Pressure;Power Station=MRPS-ND
43194.1734070602,WLAcquisition,Depth Log/Station Planning,Perform Logging Task,,,,UIAutomatic,TaskName=MRPS-ND: Strain Gauge - ACOM
43194.1734072338,WLAcquisition,UI Framework,Switch Tab,Click,Tab,Calibrations,UIInteraction,
43194.1734145718,WLAcquisition,Depth Log/Station Planning,Perform Logging Task,,,,UIAutomatic,TaskName=MRPS-ND: Resistivity Cell - ACOM
43194.1735864468,WLAcquisition,Calibration,Choose Available Calibration,Click,ComboBox,04:09:57.560 04-Apr-2018,UIInteraction,
43194.1735976736,WLAcquisition,Calibration,Choose Available Calibration,Click,ComboBox,04:09:58.517 04-Apr-2018,UIInteraction,
43194.1736251389,WLAcquisition,Data Acquiring - WL,Continue Station Pass,Click,Button,Continue,UIInteraction,PassGuid=916B1B2F-119E-4319-81C2-81E4BB82C46F;Main Objective=MDT;MDT Station Objective=Pressure;Power Station=MRPS-ND
43194.1736338194,WLAcquisition,UI Framework,Switch Tab,Click,Tab,Station,UIInteraction,
43194.1766914236,WLAcquisition,Data Acquiring - WL,Unlock Pass,Click,ToolbarButton,Click to Unlock Stop Button,UIInteraction,
43194.1767129051,WLAcquisition,Data Acquiring - WL,Stop Station Pass,Click,Button,Stop,UIInteraction,PassGuid=916B1B2F-119E-4319-81C2-81E4BB82C46F;Depth=0
43194.1770546296,WLAcquisition,Data Acquiring - WL,Start Station Pass,Click,Button,Start,UIInteraction,PassGuid=2DCB8325-7B67-4872-9156-E90F38FD74C1;Main Objective=MDT;MDT Station Objective=Pressure;Power Station=MRPS-ND
43194.1770556019,WLAcquisition,UI Framework,Switch Tab,Click,Tab,Calibrations,UIInteraction,
43194.1770554051,WLAcquisition,Depth Log/Station Planning,Perform Logging Task,,,,UIAutomatic,TaskName=MRPS-ND: Strain Gauge - ACOM
43194.1770614468,WLAcquisition,Depth Log/Station Planning,Perform Logging Task,,,,UIAutomatic,TaskName=MRPS-ND: Resistivity Cell - ACOM
43194.1772354977,WLAcquisition,Calibration,Choose Available Calibration,Click,ComboBox,04:15:12.822 04-Apr-2018,UIInteraction,
43194.1772510417,WLAcquisition,Calibration,Choose Available Calibration,Click,ComboBox,04:15:14.113 04-Apr-2018,UIInteraction,
43194.1772932639,WLAcquisition,Data Acquiring - WL,Continue Station Pass,Click,Button,Continue,UIInteraction,PassGuid=2DCB8325-7B67-4872-9156-E90F38FD74C1;Main Objective=MDT;MDT Station Objective=Pressure;Power Station=MRPS-ND
43194.1773006018,WLAcquisition,UI Framework,Switch Tab,Click,Tab,Station,UIInteraction,
43194.1799896065,WLAcquisition,Data Acquiring - WL,Unlock Pass,Click,ToolbarButton,Click to Unlock Stop Button,UIInteraction,
43194.1800226852,WLAcquisition,Data Acquiring - WL,Stop Station Pass,Click,Button,Stop,UIInteraction,PassGuid=2DCB8325-7B67-4872-9156-E90F38FD74C1;Depth=0
43194.1805786111,DeliverablesSetup,UI Framework,Switch View,Click,ToolbarButton,Deliverables Setup View,UIInteraction,
43194.1807035995,DeliverablesSetup,Deliverables - Digital,Add Template to Deliverable,Click,ContextMenu,Run 1,UIInteraction,ComponentName=DLIS Standard;ComponentCode=Component_Template_Dlis
43194.1808924653,DeliverablesSetup,Deliverables - Digital,Change Digital Properties,Click,ComboBox,DataAssignment_Type,UIInteraction,DeliverableType=DLIS;ChangedProperty=DataAssignment_Type;OldValue=Single Pass;NewValue=All Station Passes
43194.1808924768,DeliverablesSetup,Deliverables - Digital,Change Property,Click,DataAssignmentTypeConverter,DataAssignment_Type,UIInteraction,NewValue=All Station Passes;OldValue=Single Pass
43194.1810984028,DeliverablesSetup,Deliverables - Digital,Change Property,Click,PublishConverter,Publish,UIInteraction,NewValue=No;OldValue=No
43194.1810983912,DeliverablesSetup,Deliverables - Digital,Change Digital Properties,Click,ComboBox,Publish,UIInteraction,DeliverableType=DLIS;ChangedProperty=Publish;OldValue=No;NewValue=No
43194.1812841898,DeliverablesSetup,Deliverables - Digital,Change Digital Properties,Click,ComboBox,CDDI_Availability,UIInteraction,DeliverableType=DLIS;ChangedProperty=CDDI_Availability;OldValue=Customer;NewValue=Basic
43194.181284213,DeliverablesSetup,Deliverables - Digital,Change Property,Click,CDDIAvailabilityConverter,CDDI_Availability,UIInteraction,NewValue=Basic;OldValue=Customer
43194.1814753472,DeliverablesSetup,Deliverables - Digital,Change Digital Properties,Click,ComboBox,Update_In_Real_Time,UIInteraction,DeliverableType=DLIS;ChangedProperty=Update_In_Real_Time;OldValue=No;NewValue=Yes
43194.1814753588,DeliverablesSetup,Deliverables - Digital,Change Property,Click,BooleanComboBoxConverter,Update_In_Real_Time,UIInteraction,NewValue=Yes;OldValue=No
43194.1814989931,DeliverablesSetup,UI Framework,Switch View,Click,ToolbarButton,Deliverables Display View,UIInteraction,
43194.1816123264,DeliverablesSetup,Deliverables - Digital,Create Publish Digital Deliverable,Click,ContextMenu,Create/Publish,UIInteraction,ComponentName=All Station Passes [1];ComponentCode=Component_Template_Dlis;DelivTemplateGuid=6AAA5915-1F0E-4861-A9FF-37883DB978E8;DelivTemplatePropertyData=<gp:GraphicalFormat xmlns:gp="urn:horizon:GraphicalProductCatalogSchema"><gp:Name>Template</gp:Name><gp:Component_Code>Component_Template_Dlis</gp:Component_Code><gp:Component_Format_Ref /><gp:Properties><gp:Property><gp:Key>Type</gp:Key><gp:Value>Dlis</gp:Value></gp:Property><gp:Property><gp:Key>DataAssignment_Type</gp:Key><gp:Value>All Station Passes</gp:Value></gp:Property><gp:Property><gp:Key>CDDI_Availability</gp:Key><gp:Value>Basic</gp:Value></gp:Property><gp:Property><gp:Key>Data_Assignment</gp:Key><gp:Value></gp:Value></gp:Property><gp:Property><gp:Key>Proxy_Data_Assignment</gp:Key><gp:Value /></gp:Property><gp:Property><gp:Key>File_Destination</gp:Key><gp:Value>C:\Schlumberger Horizon Data\RT_DLIS_MDT\Deliverable\MDT Pretests\Digital\DLIS\</gp:Value></gp:Property><gp:Property><gp:Key>File_Name</gp:Key><gp:Value>All_Station_Passes_1_.dlis</gp:Value></gp:Property><gp:Property><gp:Key>Index</gp:Key><gp:Value>Time</gp:Value></gp:Property><gp:Property><gp:Key>Publish</gp:Key><gp:Value>No</gp:Value></gp:Property><gp:Property><gp:Key>Publisher</gp:Key><gp:Value>1</gp:Value></gp:Property><gp:Property><gp:Key>LoadToRTDB</gp:Key><gp:Value>No</gp:Value></gp:Property><gp:Property><gp:Key>Update_In_Real_Time</gp:Key><gp:Value>Yes</gp:Value></gp:Property><gp:Property><gp:Key>_Top</gp:Key><gp:Value></gp:Value></gp:Property><gp:Property><gp:Key>Bottom</gp:Key><gp:Value></gp:Value></gp:Property><gp:Property><gp:Key>Start</gp:Key><gp:Value></gp:Value></gp:Property><gp:Property><gp:Key>Stop</gp:Key><gp:Value></gp:Value></gp:Property><gp:Property><gp:Key>Unit_System</gp:Key><gp:Value>Metric</gp:Value></gp:Property><gp:Property><gp:Key>DLIS_Compatibility</gp:Key><gp:Value>Hz Converted</gp:Value></gp:Property><gp:Property><gp:Key>Preferred_Source_Pass</gp:Key><gp:Value></gp:Value></gp:Property><gp:Property><gp:Key>Reduced_DLIS</gp:Key><gp:Value>No</gp:Value></gp:Property><gp:Property><gp:Key>HIDE</gp:Key><gp:Value /></gp:Property><gp:Property><gp:Key>HID1</gp:Key><gp:Value></gp:Value></gp:Property><gp:Property><gp:Key>HID2</gp:Key><gp:Value></gp:Value></gp:Property><gp:Property><gp:Key>OS1</gp:Key><gp:Value /></gp:Property><gp:Property><gp:Key>OS2</gp:Key><gp:Value /></gp:Property><gp:Property><gp:Key>OS3</gp:Key><gp:Value /></gp:Property><gp:Property><gp:Key>OS4</gp:Key><gp:Value /></gp:Property><gp:Property><gp:Key>OS5</gp:Key><gp:Value /></gp:Property><gp:Property><gp:Key>Channel_Confliction</gp:Key><gp:Value>Include Duplicate Channel Names</gp:Value></gp:Property><gp:PropertiesSnippetVersion>1.5</gp:PropertiesSnippetVersion></gp:Properties></gp:GraphicalFormat>
43194.1823971065,WLAcquisition,Depth Log/Station Planning,Perform Logging Task,,,,UIAutomatic,TaskName=MRPS-ND: Strain Gauge - ACOM
43194.1823974884,WLAcquisition,UI Framework,Switch Tab,Click,Tab,Calibrations,UIInteraction,
43194.1824036111,WLAcquisition,Depth Log/Station Planning,Perform Logging Task,,,,UIAutomatic,TaskName=MRPS-ND: Resistivity Cell - ACOM
43194.182396169,WLAcquisition,Data Acquiring - WL,Start Station Pass,Click,Button,Start,UIInteraction,PassGuid=0BADF0FA-88A3-4DC5-8E85-78902A382D3C;Main Objective=MDT;MDT Station Objective=Sampling;Power Station=MRPS-ND
43194.1825749421,WLAcquisition,Calibration,Choose Available Calibration,Click,ComboBox,04:22:53.827 04-Apr-2018,UIInteraction,
43194.1825815857,WLAcquisition,Calibration,Choose Available Calibration,Click,ComboBox,04:22:54.591 04-Apr-2018,UIInteraction,
43194.1826102083,WLAcquisition,Data Acquiring - WL,Continue Station Pass,Click,Button,Continue,UIInteraction,PassGuid=0BADF0FA-88A3-4DC5-8E85-78902A382D3C;Main Objective=MDT;MDT Station Objective=Sampling;Power Station=MRPS-ND
43194.1826165741,WLAcquisition,UI Framework,Switch Tab,Click,Tab,Station,UIInteraction,
43194.1854789352,WLAcquisition,Data Acquiring - WL,Unlock Pass,Click,ToolbarButton,Click to Unlock Stop Button,UIInteraction,
43194.1855091898,WLAcquisition,Data Acquiring - WL,Stop Station Pass,Click,Button,Stop,UIInteraction,PassGuid=0BADF0FA-88A3-4DC5-8E85-78902A382D3C;Depth=0
43194.1860520486,DeliverablesSetup,UI Framework,Switch View,Click,ToolbarButton,Deliverables Setup View,UIInteraction,
43194.1862718171,DeliverablesSetup,Deliverables - Digital,Change Digital Properties,Click,ComboBox,CDDI_Availability,UIInteraction,DeliverableType=DLIS;ChangedProperty=CDDI_Availability;OldValue=Basic;NewValue=Producer
43194.1862718287,DeliverablesSetup,Deliverables - Digital,Change Property,Click,CDDIAvailabilityConverter,CDDI_Availability,UIInteraction,NewValue=Producer;OldValue=Basic
43194.1862968519,DeliverablesSetup,UI Framework,Switch View,Click,ToolbarButton,Deliverables Display View,UIInteraction,
43194.1864110417,DeliverablesSetup,Deliverables - Digital,Create Publish Digital Deliverable,Click,ContextMenu,Create/Publish,UIInteraction,ComponentName=All Station Passes [1];ComponentCode=Component_Template_Dlis;DelivTemplateGuid=6AAA5915-1F0E-4861-A9FF-37883DB978E8;DelivTemplatePropertyData=<gp:GraphicalFormat xmlns:gp="urn:horizon:GraphicalProductCatalogSchema"><gp:Name>Template</gp:Name><gp:Component_Code>Component_Template_Dlis</gp:Component_Code><gp:Component_Format_Ref /><gp:Properties><gp:Property><gp:Key>Type</gp:Key><gp:Value>Dlis</gp:Value></gp:Property><gp:Property><gp:Key>DataAssignment_Type</gp:Key><gp:Value>All Station Passes</gp:Value></gp:Property><gp:Property><gp:Key>CDDI_Availability</gp:Key><gp:Value>Producer</gp:Value></gp:Property><gp:Property><gp:Key>Data_Assignment</gp:Key><gp:Value></gp:Value></gp:Property><gp:Property><gp:Key>Proxy_Data_Assignment</gp:Key><gp:Value /></gp:Property><gp:Property><gp:Key>File_Destination</gp:Key><gp:Value>C:\Schlumberger Horizon Data\RT_DLIS_MDT\Deliverable\MDT Pretests\Digital\DLIS\</gp:Value></gp:Property><gp:Property><gp:Key>File_Name</gp:Key><gp:Value>All_Station_Passes_1_.dlis</gp:Value></gp:Property><gp:Property><gp:Key>Index</gp:Key><gp:Value>Time</gp:Value></gp:Property><gp:Property><gp:Key>Publish</gp:Key><gp:Value>No</gp:Value></gp:Property><gp:Property><gp:Key>Publisher</gp:Key><gp:Value>1</gp:Value></gp:Property><gp:Property><gp:Key>LoadToRTDB</gp:Key><gp:Value>No</gp:Value></gp:Property><gp:Property><gp:Key>Update_In_Real_Time</gp:Key><gp:Value>Yes</gp:Value></gp:Property><gp:Property><gp:Key>_Top</gp:Key><gp:Value></gp:Value></gp:Property><gp:Property><gp:Key>Bottom</gp:Key><gp:Value></gp:Value></gp:Property><gp:Property><gp:Key>Start</gp:Key><gp:Value></gp:Value></gp:Property><gp:Property><gp:Key>Stop</gp:Key><gp:Value></gp:Value></gp:Property><gp:Property><gp:Key>Unit_System</gp:Key><gp:Value>Metric</gp:Value></gp:Property><gp:Property><gp:Key>DLIS_Compatibility</gp:Key><gp:Value>Hz Converted</gp:Value></gp:Property><gp:Property><gp:Key>Preferred_Source_Pass</gp:Key><gp:Value></gp:Value></gp:Property><gp:Property><gp:Key>Reduced_DLIS</gp:Key><gp:Value>No</gp:Value></gp:Property><gp:Property><gp:Key>HIDE</gp:Key><gp:Value /></gp:Property><gp:Property><gp:Key>HID1</gp:Key><gp:Value></gp:Value></gp:Property><gp:Property><gp:Key>HID2</gp:Key><gp:Value></gp:Value></gp:Property><gp:Property><gp:Key>OS1</gp:Key><gp:Value /></gp:Property><gp:Property><gp:Key>OS2</gp:Key><gp:Value /></gp:Property><gp:Property><gp:Key>OS3</gp:Key><gp:Value /></gp:Property><gp:Property><gp:Key>OS4</gp:Key><gp:Value /></gp:Property><gp:Property><gp:Key>OS5</gp:Key><gp:Value /></gp:Property><gp:Property><gp:Key>Channel_Confliction</gp:Key><gp:Value>Include Duplicate Channel Names</gp:Value></gp:Property><gp:PropertiesSnippetVersion>1.5</gp:PropertiesSnippetVersion></gp:Properties></gp:GraphicalFormat>
43194.1871919213,WLAcquisition,Data Acquiring - WL,Start Station Pass,Click,Button,Start,UIInteraction,PassGuid=FE6C0BA2-2A8A-4006-B2C6-F255A6BA6FA2;Main Objective=MDT;MDT Station Objective=Sampling;Power Station=MRPS-ND
43194.1871926736,WLAcquisition,Depth Log/Station Planning,Perform Logging Task,,,,UIAutomatic,TaskName=MRPS-ND: Strain Gauge - ACOM
43194.1871928125,WLAcquisition,UI Framework,Switch Tab,Click,Tab,Calibrations,UIInteraction,
43194.1871998264,WLAcquisition,Depth Log/Station Planning,Perform Logging Task,,,,UIAutomatic,TaskName=MRPS-ND: Resistivity Cell - ACOM
43194.1873676968,WLAcquisition,Calibration,Choose Available Calibration,Click,ComboBox,04:29:48.261 04-Apr-2018,UIInteraction,
43194.1873817708,WLAcquisition,Calibration,Choose Available Calibration,Click,ComboBox,04:29:49.476 04-Apr-2018,UIInteraction,
43194.1874173843,WLAcquisition,Data Acquiring - WL,Continue Station Pass,Click,Button,Continue,UIInteraction,PassGuid=FE6C0BA2-2A8A-4006-B2C6-F255A6BA6FA2;Main Objective=MDT;MDT Station Objective=Sampling;Power Station=MRPS-ND
43194.1874255208,WLAcquisition,UI Framework,Switch Tab,Click,Tab,Station,UIInteraction,
43194.1905265394,WLAcquisition,Data Acquiring - WL,Unlock Pass,Click,ToolbarButton,Click to Unlock Stop Button,UIInteraction,
43194.1905469444,WLAcquisition,Data Acquiring - WL,Stop Station Pass,Click,Button,Stop,UIInteraction,PassGuid=FE6C0BA2-2A8A-4006-B2C6-F255A6BA6FA2;Depth=0
43194.1910923148,DeliverablesSetup,UI Framework,Switch View,Click,ToolbarButton,Deliverables Setup View,UIInteraction,
43194.1913066435,DeliverablesSetup,Deliverables - Digital,Change Digital Properties,Click,ComboBox,DLIS_Compatibility,UIInteraction,DeliverableType=DLIS;ChangedProperty=DLIS_Compatibility;OldValue=Hz Converted;NewValue=Hz Native
43194.1913066551,DeliverablesSetup,Deliverables - Digital,Change Property,Click,DlisCompatibilityConverter,DLIS_Compatibility,UIInteraction,NewValue=Hz Native;OldValue=Hz Converted
43194.191337963,DeliverablesSetup,UI Framework,Switch View,Click,ToolbarButton,Deliverables Display View,UIInteraction,
43194.1914510764,DeliverablesSetup,Deliverables - Digital,Create Publish Digital Deliverable,Click,ContextMenu,Create/Publish,UIInteraction,ComponentName=All Station Passes [1];ComponentCode=Component_Template_Dlis;DelivTemplateGuid=6AAA5915-1F0E-4861-A9FF-37883DB978E8;DelivTemplatePropertyData=<gp:GraphicalFormat xmlns:gp="urn:horizon:GraphicalProductCatalogSchema"><gp:Name>Template</gp:Name><gp:Component_Code>Component_Template_Dlis</gp:Component_Code><gp:Component_Format_Ref /><gp:Properties><gp:Property><gp:Key>Type</gp:Key><gp:Value>Dlis</gp:Value></gp:Property><gp:Property><gp:Key>DataAssignment_Type</gp:Key><gp:Value>All Station Passes</gp:Value></gp:Property><gp:Property><gp:Key>CDDI_Availability</gp:Key><gp:Value>Producer</gp:Value></gp:Property><gp:Property><gp:Key>Data_Assignment</gp:Key><gp:Value></gp:Value></gp:Property><gp:Property><gp:Key>Proxy_Data_Assignment</gp:Key><gp:Value /></gp:Property><gp:Property><gp:Key>File_Destination</gp:Key><gp:Value>C:\Schlumberger Horizon Data\RT_DLIS_MDT\Deliverable\MDT Pretests\Digital\DLIS\</gp:Value></gp:Property><gp:Property><gp:Key>File_Name</gp:Key><gp:Value>All_Station_Passes_1_.dlis</gp:Value></gp:Property><gp:Property><gp:Key>Index</gp:Key><gp:Value>Time</gp:Value></gp:Property><gp:Property><gp:Key>Publish</gp:Key><gp:Value>No</gp:Value></gp:Property><gp:Property><gp:Key>Publisher</gp:Key><gp:Value>1</gp:Value></gp:Property><gp:Property><gp:Key>LoadToRTDB</gp:Key><gp:Value>No</gp:Value></gp:Property><gp:Property><gp:Key>Update_In_Real_Time</gp:Key><gp:Value>Yes</gp:Value></gp:Property><gp:Property><gp:Key>_Top</gp:Key><gp:Value></gp:Value></gp:Property><gp:Property><gp:Key>Bottom</gp:Key><gp:Value></gp:Value></gp:Property><gp:Property><gp:Key>Start</gp:Key><gp:Value></gp:Value></gp:Property><gp:Property><gp:Key>Stop</gp:Key><gp:Value></gp:Value></gp:Property><gp:Property><gp:Key>Unit_System</gp:Key><gp:Value>Metric</gp:Value></gp:Property><gp:Property><gp:Key>DLIS_Compatibility</gp:Key><gp:Value>Hz Native</gp:Value></gp:Property><gp:Property><gp:Key>Preferred_Source_Pass</gp:Key><gp:Value></gp:Value></gp:Property><gp:Property><gp:Key>Reduced_DLIS</gp:Key><gp:Value>No</gp:Value></gp:Property><gp:Property><gp:Key>HIDE</gp:Key><gp:Value /></gp:Property><gp:Property><gp:Key>HID1</gp:Key><gp:Value></gp:Value></gp:Property><gp:Property><gp:Key>HID2</gp:Key><gp:Value></gp:Value></gp:Property><gp:Property><gp:Key>OS1</gp:Key><gp:Value /></gp:Property><gp:Property><gp:Key>OS2</gp:Key><gp:Value /></gp:Property><gp:Property><gp:Key>OS3</gp:Key><gp:Value /></gp:Property><gp:Property><gp:Key>OS4</gp:Key><gp:Value /></gp:Property><gp:Property><gp:Key>OS5</gp:Key><gp:Value /></gp:Property><gp:Property><gp:Key>Channel_Confliction</gp:Key><gp:Value>Include Duplicate Channel Names</gp:Value></gp:Property><gp:PropertiesSnippetVersion>1.5</gp:PropertiesSnippetVersion></gp:Properties></gp:GraphicalFormat>
43194.1922319792,WLAcquisition,Data Acquiring - WL,Start Station Pass,Click,Button,Start,UIInteraction,PassGuid=64CE7D7D-C3F4-46FD-ADF7-CA06A61B5BAE;Main Objective=MDT;MDT Station Objective=Sampling;Power Station=MRPS-ND
43194.1922327431,WLAcquisition,Depth Log/Station Planning,Perform Logging Task,,,,UIAutomatic,TaskName=MRPS-ND: Strain Gauge - ACOM
43194.1922329861,WLAcquisition,UI Framework,Switch Tab,Click,Tab,Calibrations,UIInteraction,
43194.1922395718,WLAcquisition,Depth Log/Station Planning,Perform Logging Task,,,,UIAutomatic,TaskName=MRPS-ND: Resistivity Cell - ACOM
43194.1924094329,WLAcquisition,Calibration,Choose Available Calibration,Click,ComboBox,04:37:03.852 04-Apr-2018,UIInteraction,
43194.1924198958,WLAcquisition,Calibration,Choose Available Calibration,Click,ComboBox,04:37:04.735 04-Apr-2018,UIInteraction,
43194.1924541204,WLAcquisition,Data Acquiring - WL,Continue Station Pass,Click,Button,Continue,UIInteraction,PassGuid=64CE7D7D-C3F4-46FD-ADF7-CA06A61B5BAE;Main Objective=MDT;MDT Station Objective=Sampling;Power Station=MRPS-ND
43194.1924609375,WLAcquisition,UI Framework,Switch Tab,Click,Tab,Station,UIInteraction,
43194.1951620486,WLAcquisition,Data Acquiring - WL,Unlock Pass,Click,ToolbarButton,Click to Unlock Stop Button,UIInteraction,
43194.1951830671,WLAcquisition,Data Acquiring - WL,Stop Station Pass,Click,Button,Stop,UIInteraction,PassGuid=64CE7D7D-C3F4-46FD-ADF7-CA06A61B5BAE;Depth=0
43194.1956355556,DeliverablesSetup,UI Framework,Switch View,Click,ToolbarButton,Deliverables Setup View,UIInteraction,
43194.1958577083,DeliverablesSetup,Deliverables - Digital,Change Digital Properties,Click,ComboBox,CDDI_Availability,UIInteraction,DeliverableType=DLIS;ChangedProperty=CDDI_Availability;OldValue=Producer;NewValue=Customer
43194.1958577199,DeliverablesSetup,Deliverables - Digital,Change Property,Click,CDDIAvailabilityConverter,CDDI_Availability,UIInteraction,NewValue=Customer;OldValue=Producer
43194.1958829167,DeliverablesSetup,UI Framework,Switch View,Click,ToolbarButton,Deliverables Display View,UIInteraction,
43194.1959973727,DeliverablesSetup,Deliverables - Digital,Create Publish Digital Deliverable,Click,ContextMenu,Create/Publish,UIInteraction,ComponentName=All Station Passes [1];ComponentCode=Component_Template_Dlis;DelivTemplateGuid=6AAA5915-1F0E-4861-A9FF-37883DB978E8;DelivTemplatePropertyData=<gp:GraphicalFormat xmlns:gp="urn:horizon:GraphicalProductCatalogSchema"><gp:Name>Template</gp:Name><gp:Component_Code>Component_Template_Dlis</gp:Component_Code><gp:Component_Format_Ref /><gp:Properties><gp:Property><gp:Key>Type</gp:Key><gp:Value>Dlis</gp:Value></gp:Property><gp:Property><gp:Key>DataAssignment_Type</gp:Key><gp:Value>All Station Passes</gp:Value></gp:Property><gp:Property><gp:Key>CDDI_Availability</gp:Key><gp:Value>Customer</gp:Value></gp:Property><gp:Property><gp:Key>Data_Assignment</gp:Key><gp:Value></gp:Value></gp:Property><gp:Property><gp:Key>Proxy_Data_Assignment</gp:Key><gp:Value /></gp:Property><gp:Property><gp:Key>File_Destination</gp:Key><gp:Value>C:\Schlumberger Horizon Data\RT_DLIS_MDT\Deliverable\MDT Pretests\Digital\DLIS\</gp:Value></gp:Property><gp:Property><gp:Key>File_Name</gp:Key><gp:Value>All_Station_Passes_1_.dlis</gp:Value></gp:Property><gp:Property><gp:Key>Index</gp:Key><gp:Value>Time</gp:Value></gp:Property><gp:Property><gp:Key>Publish</gp:Key><gp:Value>No</gp:Value></gp:Property><gp:Property><gp:Key>Publisher</gp:Key><gp:Value>1</gp:Value></gp:Property><gp:Property><gp:Key>LoadToRTDB</gp:Key><gp:Value>No</gp:Value></gp:Property><gp:Property><gp:Key>Update_In_Real_Time</gp:Key><gp:Value>Yes</gp:Value></gp:Property><gp:Property><gp:Key>_Top</gp:Key><gp:Value></gp:Value></gp:Property><gp:Property><gp:Key>Bottom</gp:Key><gp:Value></gp:Value></gp:Property><gp:Property><gp:Key>Start</gp:Key><gp:Value></gp:Value></gp:Property><gp:Property><gp:Key>Stop</gp:Key><gp:Value></gp:Value></gp:Property><gp:Property><gp:Key>Unit_System</gp:Key><gp:Value>Metric</gp:Value></gp:Property><gp:Property><gp:Key>DLIS_Compatibility</gp:Key><gp:Value>Hz Native</gp:Value></gp:Property><gp:Property><gp:Key>Preferred_Source_Pass</gp:Key><gp:Value></gp:Value></gp:Property><gp:Property><gp:Key>Reduced_DLIS</gp:Key><gp:Value>No</gp:Value></gp:Property><gp:Property><gp:Key>HIDE</gp:Key><gp:Value /></gp:Property><gp:Property><gp:Key>HID1</gp:Key><gp:Value></gp:Value></gp:Property><gp:Property><gp:Key>HID2</gp:Key><gp:Value></gp:Value></gp:Property><gp:Property><gp:Key>OS1</gp:Key><gp:Value /></gp:Property><gp:Property><gp:Key>OS2</gp:Key><gp:Value /></gp:Property><gp:Property><gp:Key>OS3</gp:Key><gp:Value /></gp:Property><gp:Property><gp:Key>OS4</gp:Key><gp:Value /></gp:Property><gp:Property><gp:Key>OS5</gp:Key><gp:Value /></gp:Property><gp:Property><gp:Key>Channel_Confliction</gp:Key><gp:Value>Include Duplicate Channel Names</gp:Value></gp:Property><gp:PropertiesSnippetVersion>1.5</gp:PropertiesSnippetVersion></gp:Properties></gp:GraphicalFormat>
43194.1967866435,WLAcquisition,Data Acquiring - WL,Start Station Pass,Click,Button,Start,UIInteraction,PassGuid=E7BAFB7F-2A42-4808-8BDC-6D6D860CBB38;Main Objective=MDT;MDT Station Objective=Sampling;Power Station=MRPS-ND
43194.1967875579,WLAcquisition,Depth Log/Station Planning,Perform Logging Task,,,,UIAutomatic,TaskName=MRPS-ND: Strain Gauge - ACOM
43194.1967877778,WLAcquisition,UI Framework,Switch Tab,Click,Tab,Calibrations,UIInteraction,
43194.1967941435,WLAcquisition,Depth Log/Station Planning,Perform Logging Task,,,,UIAutomatic,TaskName=MRPS-ND: Resistivity Cell - ACOM
43194.196971088,WLAcquisition,Calibration,Choose Available Calibration,Click,ComboBox,04:43:37.902 04-Apr-2018,UIInteraction,
43194.1969853704,WLAcquisition,Calibration,Choose Available Calibration,Click,ComboBox,04:43:39.167 04-Apr-2018,UIInteraction,
43194.197034294,WLAcquisition,Data Acquiring - WL,Continue Station Pass,Click,Button,Continue,UIInteraction,PassGuid=E7BAFB7F-2A42-4808-8BDC-6D6D860CBB38;Main Objective=MDT;MDT Station Objective=Sampling;Power Station=MRPS-ND
43194.1970425347,WLAcquisition,UI Framework,Switch Tab,Click,Tab,Station,UIInteraction,
43194.1998962731,WLAcquisition,Data Acquiring - WL,Unlock Pass,Click,ToolbarButton,Click to Unlock Stop Button,UIInteraction,
43194.1999175579,WLAcquisition,Data Acquiring - WL,Stop Station Pass,Click,Button,Stop,UIInteraction,PassGuid=E7BAFB7F-2A42-4808-8BDC-6D6D860CBB38;Depth=0
43194.2004676042,DeliverablesSetup,UI Framework,Switch View,Click,ToolbarButton,Deliverables Setup View,UIInteraction,
43194.2006829282,DeliverablesSetup,Deliverables - Digital,Change Digital Properties,Click,ComboBox,CDDI_Availability,UIInteraction,DeliverableType=DLIS;ChangedProperty=CDDI_Availability;OldValue=Customer;NewValue=Basic
43194.200682963,DeliverablesSetup,Deliverables - Digital,Change Property,Click,CDDIAvailabilityConverter,CDDI_Availability,UIInteraction,NewValue=Basic;OldValue=Customer
43194.2007105093,DeliverablesSetup,UI Framework,Switch View,Click,ToolbarButton,Deliverables Display View,UIInteraction,
43194.2008249537,DeliverablesSetup,Deliverables - Digital,Create Publish Digital Deliverable,Click,ContextMenu,Create/Publish,UIInteraction,ComponentName=All Station Passes [1];ComponentCode=Component_Template_Dlis;DelivTemplateGuid=6AAA5915-1F0E-4861-A9FF-37883DB978E8;DelivTemplatePropertyData=<gp:GraphicalFormat xmlns:gp="urn:horizon:GraphicalProductCatalogSchema"><gp:Name>Template</gp:Name><gp:Component_Code>Component_Template_Dlis</gp:Component_Code><gp:Component_Format_Ref /><gp:Properties><gp:Property><gp:Key>Type</gp:Key><gp:Value>Dlis</gp:Value></gp:Property><gp:Property><gp:Key>DataAssignment_Type</gp:Key><gp:Value>All Station Passes</gp:Value></gp:Property><gp:Property><gp:Key>CDDI_Availability</gp:Key><gp:Value>Basic</gp:Value></gp:Property><gp:Property><gp:Key>Data_Assignment</gp:Key><gp:Value></gp:Value></gp:Property><gp:Property><gp:Key>Proxy_Data_Assignment</gp:Key><gp:Value /></gp:Property><gp:Property><gp:Key>File_Destination</gp:Key><gp:Value>C:\Schlumberger Horizon Data\RT_DLIS_MDT\Deliverable\MDT Pretests\Digital\DLIS\</gp:Value></gp:Property><gp:Property><gp:Key>File_Name</gp:Key><gp:Value>All_Station_Passes_1_.dlis</gp:Value></gp:Property><gp:Property><gp:Key>Index</gp:Key><gp:Value>Time</gp:Value></gp:Property><gp:Property><gp:Key>Publish</gp:Key><gp:Value>No</gp:Value></gp:Property><gp:Property><gp:Key>Publisher</gp:Key><gp:Value>1</gp:Value></gp:Property><gp:Property><gp:Key>LoadToRTDB</gp:Key><gp:Value>No</gp:Value></gp:Property><gp:Property><gp:Key>Update_In_Real_Time</gp:Key><gp:Value>Yes</gp:Value></gp:Property><gp:Property><gp:Key>_Top</gp:Key><gp:Value></gp:Value></gp:Property><gp:Property><gp:Key>Bottom</gp:Key><gp:Value></gp:Value></gp:Property><gp:Property><gp:Key>Start</gp:Key><gp:Value></gp:Value></gp:Property><gp:Property><gp:Key>Stop</gp:Key><gp:Value></gp:Value></gp:Property><gp:Property><gp:Key>Unit_System</gp:Key><gp:Value>Metric</gp:Value></gp:Property><gp:Property><gp:Key>DLIS_Compatibility</gp:Key><gp:Value>Hz Native</gp:Value></gp:Property><gp:Property><gp:Key>Preferred_Source_Pass</gp:Key><gp:Value></gp:Value></gp:Property><gp:Property><gp:Key>Reduced_DLIS</gp:Key><gp:Value>No</gp:Value></gp:Property><gp:Property><gp:Key>HIDE</gp:Key><gp:Value /></gp:Property><gp:Property><gp:Key>HID1</gp:Key><gp:Value></gp:Value></gp:Property><gp:Property><gp:Key>HID2</gp:Key><gp:Value></gp:Value></gp:Property><gp:Property><gp:Key>OS1</gp:Key><gp:Value /></gp:Property><gp:Property><gp:Key>OS2</gp:Key><gp:Value /></gp:Property><gp:Property><gp:Key>OS3</gp:Key><gp:Value /></gp:Property><gp:Property><gp:Key>OS4</gp:Key><gp:Value /></gp:Property><gp:Property><gp:Key>OS5</gp:Key><gp:Value /></gp:Property><gp:Property><gp:Key>Channel_Confliction</gp:Key><gp:Value>Include Duplicate Channel Names</gp:Value></gp:Property><gp:PropertiesSnippetVersion>1.5</gp:PropertiesSnippetVersion></gp:Properties></gp:GraphicalFormat>
43194.2016089352,WLAcquisition,Data Acquiring - WL,Start Station Pass,Click,Button,Start,UIInteraction,PassGuid=361702BA-B7A3-40EE-B142-4B319BF7B585;Main Objective=MDT;MDT Station Objective=Sampling;Power Station=MRPS-ND
43194.2016098611,WLAcquisition,Depth Log/Station Planning,Perform Logging Task,,,,UIAutomatic,TaskName=MRPS-ND: Strain Gauge - ACOM
43194.2016099653,WLAcquisition,UI Framework,Switch Tab,Click,Tab,Calibrations,UIInteraction,
43194.2016168982,WLAcquisition,Depth Log/Station Planning,Perform Logging Task,,,,UIAutomatic,TaskName=MRPS-ND: Resistivity Cell - ACOM
43194.2017852894,WLAcquisition,Calibration,Choose Available Calibration,Click,ComboBox,04:50:33.912 04-Apr-2018,UIInteraction,
43194.2018004282,WLAcquisition,Calibration,Choose Available Calibration,Click,ComboBox,04:50:35.180 04-Apr-2018,UIInteraction,
43194.2018417824,WLAcquisition,Data Acquiring - WL,Continue Station Pass,Click,Button,Continue,UIInteraction,PassGuid=361702BA-B7A3-40EE-B142-4B319BF7B585;Main Objective=MDT;MDT Station Objective=Sampling;Power Station=MRPS-ND
43194.2018498727,WLAcquisition,UI Framework,Switch Tab,Click,Tab,Station,UIInteraction,
43194.2049421065,WLAcquisition,Data Acquiring - WL,Unlock Pass,Click,ToolbarButton,Click to Unlock Stop Button,UIInteraction,
43194.2049771296,WLAcquisition,Data Acquiring - WL,Stop Station Pass,Click,Button,Stop,UIInteraction,PassGuid=361702BA-B7A3-40EE-B142-4B319BF7B585;Depth=0
43194.2055219329,DeliverablesSetup,UI Framework,Switch View,Click,ToolbarButton,Deliverables Setup View,UIInteraction,
43194.2057431597,DeliverablesSetup,Deliverables - Digital,Change Digital Properties,Click,ComboBox,CDDI_Availability,UIInteraction,DeliverableType=DLIS;ChangedProperty=CDDI_Availability;OldValue=Basic;NewValue=Customer
43194.2057431713,DeliverablesSetup,Deliverables - Digital,Change Property,Click,CDDIAvailabilityConverter,CDDI_Availability,UIInteraction,NewValue=Customer;OldValue=Basic
43194.2059248032,DeliverablesSetup,Deliverables - Digital,Change Property,Click,DlisCompatibilityConverter,DLIS_Compatibility,UIInteraction,NewValue=Hz Converted;OldValue=Hz Native
43194.2059247917,DeliverablesSetup,Deliverables - Digital,Change Digital Properties,Click,ComboBox,DLIS_Compatibility,UIInteraction,DeliverableType=DLIS;ChangedProperty=DLIS_Compatibility;OldValue=Hz Native;NewValue=Hz Converted
43194.205950463,DeliverablesSetup,UI Framework,Switch View,Click,ToolbarButton,Deliverables Display View,UIInteraction,
43194.2060657523,DeliverablesSetup,Deliverables - Digital,Create Publish Digital Deliverable,Click,ContextMenu,Create/Publish,UIInteraction,ComponentName=All Station Passes [1];ComponentCode=Component_Template_Dlis;DelivTemplateGuid=6AAA5915-1F0E-4861-A9FF-37883DB978E8;DelivTemplatePropertyData=<gp:GraphicalFormat xmlns:gp="urn:horizon:GraphicalProductCatalogSchema"><gp:Name>Template</gp:Name><gp:Component_Code>Component_Template_Dlis</gp:Component_Code><gp:Component_Format_Ref /><gp:Properties><gp:Property><gp:Key>Type</gp:Key><gp:Value>Dlis</gp:Value></gp:Property><gp:Property><gp:Key>DataAssignment_Type</gp:Key><gp:Value>All Station Passes</gp:Value></gp:Property><gp:Property><gp:Key>CDDI_Availability</gp:Key><gp:Value>Customer</gp:Value></gp:Property><gp:Property><gp:Key>Data_Assignment</gp:Key><gp:Value></gp:Value></gp:Property><gp:Property><gp:Key>Proxy_Data_Assignment</gp:Key><gp:Value /></gp:Property><gp:Property><gp:Key>File_Destination</gp:Key><gp:Value>C:\Schlumberger Horizon Data\RT_DLIS_MDT\Deliverable\MDT Pretests\Digital\DLIS\</gp:Value></gp:Property><gp:Property><gp:Key>File_Name</gp:Key><gp:Value>All_Station_Passes_1_.dlis</gp:Value></gp:Property><gp:Property><gp:Key>Index</gp:Key><gp:Value>Time</gp:Value></gp:Property><gp:Property><gp:Key>Publish</gp:Key><gp:Value>No</gp:Value></gp:Property><gp:Property><gp:Key>Publisher</gp:Key><gp:Value>1</gp:Value></gp:Property><gp:Property><gp:Key>LoadToRTDB</gp:Key><gp:Value>No</gp:Value></gp:Property><gp:Property><gp:Key>Update_In_Real_Time</gp:Key><gp:Value>Yes</gp:Value></gp:Property><gp:Property><gp:Key>_Top</gp:Key><gp:Value></gp:Value></gp:Property><gp:Property><gp:Key>Bottom</gp:Key><gp:Value></gp:Value></gp:Property><gp:Property><gp:Key>Start</gp:Key><gp:Value></gp:Value></gp:Property><gp:Property><gp:Key>Stop</gp:Key><gp:Value></gp:Value></gp:Property><gp:Property><gp:Key>Unit_System</gp:Key><gp:Value>Metric</gp:Value></gp:Property><gp:Property><gp:Key>DLIS_Compatibility</gp:Key><gp:Value>Hz Converted</gp:Value></gp:Property><gp:Property><gp:Key>Preferred_Source_Pass</gp:Key><gp:Value></gp:Value></gp:Property><gp:Property><gp:Key>Reduced_DLIS</gp:Key><gp:Value>No</gp:Value></gp:Property><gp:Property><gp:Key>HIDE</gp:Key><gp:Value /></gp:Property><gp:Property><gp:Key>HID1</gp:Key><gp:Value></gp:Value></gp:Property><gp:Property><gp:Key>HID2</gp:Key><gp:Value></gp:Value></gp:Property><gp:Property><gp:Key>OS1</gp:Key><gp:Value /></gp:Property><gp:Property><gp:Key>OS2</gp:Key><gp:Value /></gp:Property><gp:Property><gp:Key>OS3</gp:Key><gp:Value /></gp:Property><gp:Property><gp:Key>OS4</gp:Key><gp:Value /></gp:Property><gp:Property><gp:Key>OS5</gp:Key><gp:Value /></gp:Property><gp:Property><gp:Key>Channel_Confliction</gp:Key><gp:Value>Include Duplicate Channel Names</gp:Value></gp:Property><gp:PropertiesSnippetVersion>1.5</gp:PropertiesSnippetVersion></gp:Properties></gp:GraphicalFormat>
43194.2068472338,WLAcquisition,Depth Log/Station Planning,Perform Logging Task,,,,UIAutomatic,TaskName=MRPS-ND: Strain Gauge - ACOM
43194.2068473611,WLAcquisition,UI Framework,Switch Tab,Click,Tab,Calibrations,UIInteraction,
43194.2068462153,WLAcquisition,Data Acquiring - WL,Start Station Pass,Click,Button,Start,UIInteraction,PassGuid=AF943B86-A329-41AD-A1E6-78252744F3A5;Main Objective=MDT;MDT Station Objective=Sampling;Power Station=MRPS-ND
43194.2068543982,WLAcquisition,Depth Log/Station Planning,Perform Logging Task,,,,UIAutomatic,TaskName=MRPS-ND: Resistivity Cell - ACOM
43194.2070255787,WLAcquisition,Calibration,Choose Available Calibration,Click,ComboBox,04:58:06.472 04-Apr-2018,UIInteraction,
43194.2070321296,WLAcquisition,Calibration,Choose Available Calibration,Click,ComboBox,04:58:07.167 04-Apr-2018,UIInteraction,
43194.2070703125,WLAcquisition,Data Acquiring - WL,Continue Station Pass,Click,Button,Continue,UIInteraction,PassGuid=AF943B86-A329-41AD-A1E6-78252744F3A5;Main Objective=MDT;MDT Station Objective=Sampling;Power Station=MRPS-ND
43194.2070768403,WLAcquisition,UI Framework,Switch Tab,Click,Tab,Station,UIInteraction,
43194.2098161574,WLAcquisition,Data Acquiring - WL,Unlock Pass,Click,ToolbarButton,Click to Unlock Stop Button,UIInteraction,
43194.2098469097,WLAcquisition,Data Acquiring - WL,Stop Station Pass,Click,Button,Stop,UIInteraction,PassGuid=AF943B86-A329-41AD-A1E6-78252744F3A5;Depth=0
43194.2104765394,DeliverablesSetup,UI Framework,Close Console,Click,Button,,UIInteraction,JobGuid=DDBBEA2D-4FA1-4359-8E3B-E5DA9BBB6DDA
43194.2105263426,DeliverablesSetup,UI Framework,OK to Close Deliverables - Display Console,Click,Button,OK,UIInteraction,
43194.2106583218,WLAcquisition,UI Framework,Switch Tab,Click,Tab,Tool Control,UIInteraction,
43194.2107672917,WLAcquisition,Tool Control,Regulate 50V Supply,RightClick,TreeView,Regulate 50V Supply,UIInteraction,TaskName=Regulate 50V Supply
43194.2107815972,WLAcquisition,Tool Control,Regulate 50V Supply,Click,ContextMenu,Close,UIInteraction,TaskName=Regulate 50V Supply
43194.2109329051,WLAcquisition,MRPS-ND,Control,RightClick,TreeView,MRPS-ND: Control,UIInteraction,TaskName=MRPS-ND: Control
43194.2109471181,WLAcquisition,MRPS-ND,Control,Click,ContextMenu,Close,UIInteraction,TaskName=MRPS-ND: Control
43194.2109710995,WLAcquisition,Data Acquiring - WL,Unlock 3 Buttons,Click,ToolbarButton,Unlock,UIInteraction,
43194.2109731944,WLAcquisition,Data Acquiring - WL,Disable Tool Power,Click,ToolbarButton,Disable Tool Power,UIInteraction,
43194.211487419,WLAcquisition,Data Acquiring - WL,Stop Dataflow,Click,ToolbarButton,Stop Data Flow,UIInteraction,
43194.2119106829,WLAcquisition,Data Acquiring - WL,Disconnect Hardware,Click,ToolbarButton,Disconnect From Hardware,UIInteraction,
43194.2120147569,Setup,Run Manager (Internal),Stop Run,Click,Button,Stop,UIInteraction,RunGuid=2A44FB55-F2D6-428F-A97B-C4C75904F739
43194.212058588,Setup,Run Manager (Internal),Confirm to Stop Run,Click,Button,OK,UIInteraction,RunGuid=2A44FB55-F2D6-428F-A97B-C4C75904F739
43194.212135625,Simulation,UI Framework,Close Console,Click,Button,,UIInteraction,JobGuid=DDBBEA2D-4FA1-4359-8E3B-E5DA9BBB6DDA
43194.212227662,,Console/Job Manager,Stop Setup Console,Click,Button,Stop,UIInteraction,JobGuid=DDBBEA2D-4FA1-4359-8E3B-E5DA9BBB6DDA
43194.2123122569,,Console/Job Manager,Stop Job,Click,Button,Stop,UIInteraction,JobGuid=DDBBEA2D-4FA1-4359-8E3B-E5DA9BBB6DDA
