Time,Process,Component,Operation,Action,Control,ControlText,Category,Context
43194.0682400694,,Console/Job Manager,Start Job,Click,Button,Start,UIInteraction,JobName=10MSA0091;WellName=maderil;ClientName=PEMEX;StartDate=4/4/2018 1:38 AM;Workflow=D&M;Simulator=False;UnitSystem=PEMEX10MSA009109MAR14;JobSize=0;State=Available;SideTrackId=0;SessionID=C1654566-9B76-4719-A59B-B14073A7BB49;SortOrder=1;JobGUID=E09BE155-D1C4-4FFA-B7CB-024573E4BFAF;WellGUID=79B3E987-416B-411B-8582-1160CD8853C6;BoreholeGUID=2D78E76C-354A-4019-A1A7-936D78464C9C;MachineName=HPV21-004;UserName=Engineer;UserDomainName=HPV21-004;OS=Microsoft Windows NT 6.1.7601 Service Pack 1;StartedJobCount=0;TimeZone=00:00:00;IPAddress_1=192.168.178.12;IPAddress_2=::1;MWVersion=9.0.100742.3100
43194.0693581366,,Console/Job Manager,Stop Job,Click,Button,Stop,UIInteraction,JobGuid=E09BE155-D1C4-4FFA-B7CB-024573E4BFAF
43194.0695623495,,Console/Job Manager,Start Job,Click,Button,Start,UIInteraction,JobName=10MSA0091;WellName=maderil;ClientName=PEMEX;StartDate=4/4/2018 1:38 AM;Workflow=D&M;Simulator=False;UnitSystem=PEMEX10MSA009109MAR14;RTBackupDir=C:\AutoBackup;JobSize=1081.1;State=Available;SideTrackId=0;SessionID=C1654566-9B76-4719-A59B-B14073A7BB49;SortOrder=1;JobGUID=E09BE155-D1C4-4FFA-B7CB-024573E4BFAF;WellGUID=79B3E987-416B-411B-8582-1160CD8853C6;BoreholeGUID=2D78E76C-354A-4019-A1A7-936D78464C9C;MachineName=HPV21-004;UserName=Engineer;UserDomainName=HPV21-004;OS=Microsoft Windows NT 6.1.7601 Service Pack 1;StartedJobCount=0;TimeZone=00:00:00;IPAddress_1=192.168.178.12;IPAddress_2=::1;MWVersion=9.0.100742.3100
43194.0703395602,,Console/Job Manager,Start Deliverables Console,Click,Button,Start...,UIInteraction,JobGuid=E09BE155-D1C4-4FFA-B7CB-024573E4BFAF
43194.0704190394,DeliverablesSetup,Tier Manager,Tier Template Created for Tools in My Equipment,,,ARC5 Tier Created,Deliverables Console,
43194.0704191551,DeliverablesSetup,Tier Manager,Tier Template Created for Tools in My Equipment,,,SONICSCOPE4 Tier Created,Deliverables Console,
43194.0704192477,DeliverablesSetup,Tier Manager,Tier Template Created for Tools in My Equipment,,,SHORT475 Tier Created,Deliverables Console,
43194.0704193403,DeliverablesSetup,Tier Manager,Tier Template Created for Tools in My Equipment,,,ADN4 Tier Created,Deliverables Console,
43194.0704375116,DeliverablesSetup,Computation / Recomputation,ProcessRecomputeState,,,,UIAutomatic,JobGuid=E09BE155-D1C4-4FFA-B7CB-024573E4BFAF;State=UIS_RECOMPUTATION_STATE_IN_PROGRESS;Scope=JobScope;RecompPercentageComplete=18.0916573397721;MultipleRunsAffected=False;ActiveRunAffected=False;ActiveRunInProgress=False;RunCount=1;Run0Change0=DataImport;Run0Guid=A06D301B-9120-4E76-949E-7B6EC01244C5
43194.0704397454,DeliverablesSetup,UI Framework,Start Console,,,Deliverables Console Setup - Job 10MSA0091,UIAutomatic,
43194.0826903819,DeliverablesSetup,Computation / Recomputation,ProcessRecomputeState,,,,UIAutomatic,JobGuid=E09BE155-D1C4-4FFA-B7CB-024573E4BFAF;State=UIS_RECOMPUTATION_STATE_SUCCEEDED;Scope=JobScope;RecompPercentageComplete=;MultipleRunsAffected=False;ActiveRunAffected=False;ActiveRunInProgress=False;RunCount=1;Run0Change0=DataImport;Run0Guid=A06D301B-9120-4E76-949E-7B6EC01244C5
43194.0827170255,DeliverablesSetup,Deliverables - Graphical,Add Catalog Format to Component,Click,ToolbarButton,Add to Component,UIInteraction,ComponentName=DLIS Custom;ComponentCode=Component_CustomDlis_Format
43194.0829034491,DeliverablesSetup,Deliverables - Graphical,Add Catalog Format to Component,Click,ToolbarButton,Add to Component,UIInteraction,ComponentName=DLIS Standard;ComponentCode=Component_StandardDlis_Format
43194.0830469792,DeliverablesSetup,Deliverables - Graphical,Add Catalog Format to Component,Click,ToolbarButton,Add to Component,UIInteraction,ComponentName=LAS Custom;ComponentCode=Component_CustomLas_Format
43194.0831967245,DeliverablesSetup,Deliverables - Graphical,Add Catalog Format to Component,Click,ToolbarButton,Add to Component,UIInteraction,ComponentName=LAS Standard;ComponentCode=Component_StandardLas_Format
43194.0833351157,DeliverablesSetup,Deliverables - Graphical,Add Catalog Format to Component,Click,ToolbarButton,Add to Component,UIInteraction,ComponentName=WITS Record 07;ComponentCode=Component_StandardWits_Format
43194.0834806597,DeliverablesSetup,Deliverables - Graphical,Add Catalog Format to Component,Click,ToolbarButton,Add to Component,UIInteraction,ComponentName=WITS Record 08;ComponentCode=Component_StandardWits_Format
43194.0836244097,DeliverablesSetup,Deliverables - Graphical,Add Catalog Format to Component,Click,ToolbarButton,Add to Component,UIInteraction,ComponentName=WITSML Custom;ComponentCode=Component_CustomWitsml_Format
43194.0837742824,DeliverablesSetup,Deliverables - Graphical,Add Catalog Format to Component,Click,ToolbarButton,Add to Component,UIInteraction,ComponentName=WITSML Standard;ComponentCode=Component_StandardWitsml_Format
43194.0839539583,DeliverablesSetup,Deliverables - Graphical,Add Catalog Format to Component,Click,ToolbarButton,Add to Component,UIInteraction,ComponentName=ShortPulse Drilling Mechanics Depth RT;ComponentCode=Component_Log
43194.0841106829,DeliverablesSetup,Deliverables - Graphical,Add Catalog Format to Component,Click,ToolbarButton,Add to Component,UIInteraction,ComponentName=SonicScope Monopole PnS Combo;ComponentCode=Component_Log
43194.0842672338,DeliverablesSetup,Deliverables - Graphical,Add Catalog Format to Component,Click,ToolbarButton,Add to Component,UIInteraction,ComponentName=ARC + VDN Detail;ComponentCode=Component_Log
43194.0844229514,DeliverablesSetup,Deliverables - Digital,Create New Template,Click,ContextMenu,New Template,UIInteraction,
43194.0845288542,DeliverablesSetup,Deliverables - Digital,Rename Component,Click,ContextMenu,Rename,UIInteraction,ComponentName=New Template;DelivTemplateGuid=DF42D002-435F-48AA-A5AE-C67B4293C25C
43194.0845432292,DeliverablesSetup,Deliverables - Graphical,Rename Component,Input,TextBox,GR_RES_DeN_RM_Depth,UIInteraction,OldComponentName=New Template
43194.0846102778,DeliverablesSetup,Deliverables - Digital,Create New Template,Click,ContextMenu,New Template,UIInteraction,
43194.084714213,DeliverablesSetup,Deliverables - Digital,Rename Component,Click,ContextMenu,Rename,UIInteraction,ComponentName=New Template;DelivTemplateGuid=07B581FD-ED00-4C47-B880-A6A94AF5126F
43194.0847236458,DeliverablesSetup,Deliverables - Graphical,Rename Component,Input,TextBox,Drilling Mechanics,UIInteraction,OldComponentName=New Template
43194.0847878704,DeliverablesSetup,Deliverables - Digital,Create New Template,Click,ContextMenu,New Template,UIInteraction,
43194.0848912847,DeliverablesSetup,Deliverables - Digital,Rename Component,Click,ContextMenu,Rename,UIInteraction,ComponentName=New Template;DelivTemplateGuid=230A682B-5E47-4E51-AA8C-849A85A96775
43194.0848973611,DeliverablesSetup,Deliverables - Graphical,Rename Component,Input,TextBox,Sonic Log,UIInteraction,OldComponentName=New Template
43194.0849618403,DeliverablesSetup,Deliverables - Digital,Add Digital Template,Click,ContextMenu,LAS,UIInteraction,
43194.085090081,DeliverablesSetup,Deliverables - Digital,Rename Component,Click,ContextMenu,Rename,UIInteraction,ComponentName=New Template;DelivTemplateGuid=C5434F1F-4AF5-428E-BA8B-0DDA830EF236
43194.0850973032,DeliverablesSetup,Deliverables - Graphical,Rename Component,Input,TextBox,LAS Custom,UIInteraction,OldComponentName=New Template
43194.085129213,DeliverablesSetup,Deliverables - Digital,Add Digital Template,Click,ContextMenu,LAS,UIInteraction,
43194.085257581,DeliverablesSetup,Deliverables - Digital,Rename Component,Click,ContextMenu,Rename,UIInteraction,ComponentName=New Template;DelivTemplateGuid=E873E6E4-E6D9-4485-953E-6FBDDB296726
43194.0852654977,DeliverablesSetup,Deliverables - Graphical,Rename Component,Input,TextBox,LAS Standard,UIInteraction,OldComponentName=New Template
43194.0852923727,DeliverablesSetup,Deliverables - Digital,Add Digital Template,Click,ContextMenu,DLIS,UIInteraction,
43194.0854206713,DeliverablesSetup,Deliverables - Digital,Rename Component,Click,ContextMenu,Rename,UIInteraction,ComponentName=New Template;DelivTemplateGuid=6FD84F87-7F0D-49D9-96C7-AFD11834CFA3
43194.085428669,DeliverablesSetup,Deliverables - Graphical,Rename Component,Input,TextBox,DLIS Custom,UIInteraction,OldComponentName=New Template
43194.0854560764,DeliverablesSetup,Deliverables - Digital,Add Digital Template,Click,ContextMenu,DLIS,UIInteraction,
43194.0855847107,DeliverablesSetup,Deliverables - Digital,Rename Component,Click,ContextMenu,Rename,UIInteraction,ComponentName=New Template;DelivTemplateGuid=3E097E5A-3338-4F8C-9311-4E1A263DF9D7
43194.0855933796,DeliverablesSetup,Deliverables - Graphical,Rename Component,Input,TextBox,DLIS Standard,UIInteraction,OldComponentName=New Template
43194.0856206019,DeliverablesSetup,Deliverables - Digital,Add Digital Template,Click,ContextMenu,WITS,UIInteraction,
43194.0857487847,DeliverablesSetup,Deliverables - Digital,Rename Component,Click,ContextMenu,Rename,UIInteraction,ComponentName=New Template;DelivTemplateGuid=18254BA7-4289-4D6C-9BEB-6988B7AB0B83
43194.0857574653,DeliverablesSetup,Deliverables - Graphical,Rename Component,Input,TextBox,WITS For Job,UIInteraction,OldComponentName=New Template
43194.0857840856,DeliverablesSetup,Deliverables - Digital,Add Digital Template,Click,ContextMenu,WITSML,UIInteraction,
43194.0859142593,DeliverablesSetup,Deliverables - Digital,Rename Component,Click,ContextMenu,Rename,UIInteraction,ComponentName=New Template;DelivTemplateGuid=5E590F4C-0D50-4749-A16F-D8D355E368BC
43194.0859236227,DeliverablesSetup,Deliverables - Graphical,Rename Component,Input,TextBox,WITSML Custom,UIInteraction,OldComponentName=New Template
43194.0859525926,DeliverablesSetup,Deliverables - Digital,Add Digital Template,Click,ContextMenu,WITSML,UIInteraction,
43194.086081794,DeliverablesSetup,Deliverables - Digital,Rename Component,Click,ContextMenu,Rename,UIInteraction,ComponentName=New Template;DelivTemplateGuid=EF38D8E3-D9BE-4A86-9667-1B093DF66FE9
43194.0860919907,DeliverablesSetup,Deliverables - Graphical,Rename Component,Input,TextBox,WITSML Standard,UIInteraction,OldComponentName=New Template
43194.086122581,DeliverablesSetup,Deliverables - Digital,Add to Template,Click,ContextMenu,LAS Custom,UIInteraction,ComponentName=LAS Custom;ComponentCode=Component_CustomLas_Format
43194.0863287847,DeliverablesSetup,Deliverables - Digital,Add to Template,Click,ContextMenu,LAS Standard,UIInteraction,ComponentName=LAS Standard;ComponentCode=Component_StandardLas_Format
43194.0865339931,DeliverablesSetup,Deliverables - Digital,Add to Template,Click,ContextMenu,WITSML Custom,UIInteraction,ComponentName=WITSML Custom;ComponentCode=Component_CustomWitsml_Format
43194.0867383102,DeliverablesSetup,Deliverables - Digital,Add to Template,Click,ContextMenu,WITSML Standard,UIInteraction,ComponentName=WITSML Standard;ComponentCode=Component_StandardWitsml_Format
43194.08694375,DeliverablesSetup,Deliverables - Digital,Add to Template,Click,ContextMenu,WITS For Job,UIInteraction,ComponentName=WITS Record 07;ComponentCode=Component_StandardWits_Format
43194.0871514236,DeliverablesSetup,Deliverables - Digital,Add to Template,Click,ContextMenu,WITS For Job,UIInteraction,ComponentName=WITS Record 08;ComponentCode=Component_StandardWits_Format
43194.0873543403,DeliverablesSetup,Deliverables - Digital,Add to Template,Click,ContextMenu,DLIS Custom,UIInteraction,ComponentName=DLIS Custom;ComponentCode=Component_CustomDlis_Format
43194.0875555556,DeliverablesSetup,Deliverables - Digital,Add to Template,Click,ContextMenu,DLIS Standard,UIInteraction,ComponentName=DLIS Standard;ComponentCode=Component_StandardDlis_Format
43194.0877636458,DeliverablesSetup,Deliverables - Digital,Add Component to Template,Click,ContextMenu,Drilling Mechanics,UIInteraction,ComponentCode=Component_Log
43194.0879775579,DeliverablesSetup,Deliverables - Digital,Add Component to Template,Click,ContextMenu,Sonic Log,UIInteraction,ComponentCode=Component_Log
43194.0881878588,DeliverablesSetup,Deliverables - Digital,Add Component to Template,Click,ContextMenu,GR_RES_DeN_RM_Depth,UIInteraction,ComponentCode=Component_Log
43194.0884139815,DeliverablesSetup,Deliverables - Digital,Add Template to Deliverable,Click,ContextMenu,Job,UIInteraction,ComponentName=GR_RES_DeN_RM_Depth;ComponentCode=Component_None
43194.0884642708,DeliverablesSetup,Deliverables - Digital,Add Template to Deliverable,Click,ContextMenu,Run 1,UIInteraction,ComponentName=GR_RES_DeN_RM_Depth;ComponentCode=Component_None
43194.0885157755,DeliverablesSetup,Deliverables - Digital,Add Template to Deliverable,Click,ContextMenu,Job,UIInteraction,ComponentName=Drilling Mechanics;ComponentCode=Component_None
43194.0885658681,DeliverablesSetup,Deliverables - Digital,Add Template to Deliverable,Click,ContextMenu,Run 1,UIInteraction,ComponentName=Drilling Mechanics;ComponentCode=Component_None
43194.0886173032,DeliverablesSetup,Deliverables - Digital,Add Template to Deliverable,Click,ContextMenu,Job,UIInteraction,ComponentName=Sonic Log;ComponentCode=Component_None
43194.088671794,DeliverablesSetup,Deliverables - Digital,Add Template to Deliverable,Click,ContextMenu,Run 1,UIInteraction,ComponentName=Sonic Log;ComponentCode=Component_None
43194.0887488542,DeliverablesSetup,Deliverables - Digital,Add Template to Deliverable,Click,ContextMenu,Job,UIInteraction,ComponentName=DLIS Custom;ComponentCode=Component_Template_Dlis
43194.0888277662,DeliverablesSetup,Deliverables - Digital,Add Template to Deliverable,Click,ContextMenu,Run 1,UIInteraction,ComponentName=DLIS Custom;ComponentCode=Component_Template_Dlis
43194.0889056829,DeliverablesSetup,Deliverables - Digital,Add Template to Deliverable,Click,ContextMenu,Job,UIInteraction,ComponentName=DLIS Standard (1);ComponentCode=Component_Template_Dlis
43194.0889807755,DeliverablesSetup,Deliverables - Digital,Add Template to Deliverable,Click,ContextMenu,Run 1,UIInteraction,ComponentName=DLIS Standard (1);ComponentCode=Component_Template_Dlis
43194.0890572338,DeliverablesSetup,Deliverables - Digital,Add Template to Deliverable,Click,ContextMenu,Run 1,UIInteraction,ComponentName=LAS Custom;ComponentCode=Component_Template_Las
43194.0891334375,DeliverablesSetup,Deliverables - Digital,Add Template to Deliverable,Click,ContextMenu,Run 1,UIInteraction,ComponentName=LAS Standard (1);ComponentCode=Component_Template_Las
43194.0892091782,DeliverablesSetup,Deliverables - Digital,Add Template to Deliverable,Click,ContextMenu,Job,UIInteraction,ComponentName=LAS Custom;ComponentCode=Component_Template_Las
43194.089285463,DeliverablesSetup,Deliverables - Digital,Add Template to Deliverable,Click,ContextMenu,Job,UIInteraction,ComponentName=LAS Standard (1);ComponentCode=Component_Template_Las
43194.089363287,DeliverablesSetup,Deliverables - Digital,Add Template to Deliverable,Click,ContextMenu,Run 1,UIInteraction,ComponentName=WITS For Job;ComponentCode=Component_Template_Wits
43194.0894398958,DeliverablesSetup,Deliverables - Digital,Add Template to Deliverable,Click,ContextMenu,Job,UIInteraction,ComponentName=WITS For Job;ComponentCode=Component_Template_Wits
43194.0895233796,DeliverablesSetup,Deliverables - Digital,Add Template to Deliverable,Click,ContextMenu,Job,UIInteraction,ComponentName=WITSML Custom;ComponentCode=Component_Template_Witsml
43194.0895989699,DeliverablesSetup,Deliverables - Digital,Add Template to Deliverable,Click,ContextMenu,Run 1,UIInteraction,ComponentName=WITSML Custom;ComponentCode=Component_Template_Witsml
43194.0896756018,DeliverablesSetup,Deliverables - Digital,Add Template to Deliverable,Click,ContextMenu,Job,UIInteraction,ComponentName=WITSML Standard (1);ComponentCode=Component_Template_Witsml
43194.0897522569,DeliverablesSetup,Deliverables - Digital,Add Template to Deliverable,Click,ContextMenu,Run 1,UIInteraction,ComponentName=WITSML Standard (1);ComponentCode=Component_Template_Witsml
43194.0926351042,DeliverablesSetup,Data Explorer,Change Current Focused Item,,,,UIAutomatic,EntityName=Composites;EntityType=512;EntityGuid=Composite_Root
43194.0926457407,DeliverablesSetup,Data Explorer,Click OK Button,Click,Button,OK,UIInteraction,Selection=Well Composite______
43194.0933693287,DeliverablesSetup,Data Explorer,Change Current Focused Item,,,,UIAutomatic,EntityName=Composites;EntityType=512;EntityGuid=Composite_Root
43194.0933834491,DeliverablesSetup,Deliverables - Digital,Change Digital Properties,Click,ComboBox,Data_Assignment,UIInteraction,DeliverableType=LAS;ChangedProperty=Data_Assignment;OldValue={ Not Set };NewValue=Well Composite
43194.0933834606,DeliverablesSetup,Deliverables - Digital,Change Property,Click,TypeConverter,Data_Assignment,UIInteraction,NewValue=Well Composite;OldValue={ Not Set }
43194.0933831481,DeliverablesSetup,Data Explorer,Click OK Button,Click,Button,OK,UIInteraction,Selection=Well Composite______
43194.0935879282,DeliverablesSetup,Deliverables - Digital,Change Digital Properties,Click,ComboBox,_Top,UIInteraction,DeliverableType=LAS;ChangedProperty=_Top;OldValue=;NewValue=6500.00
43194.0935879514,DeliverablesSetup,Deliverables - Digital,Change Property,Click,StringConverter,_Top,UIInteraction,NewValue=6500.00;OldValue=
43194.0937453704,DeliverablesSetup,Deliverables - Digital,Change Digital Properties,Click,ComboBox,Bottom,UIInteraction,DeliverableType=LAS;ChangedProperty=Bottom;OldValue=;NewValue=7000.00
43194.0937453819,DeliverablesSetup,Deliverables - Digital,Change Property,Click,StringConverter,Bottom,UIInteraction,NewValue=7000.00;OldValue=
43194.0938989699,DeliverablesSetup,Deliverables - Digital,Change Digital Properties,Click,ComboBox,Decimal_Length,UIInteraction,DeliverableType=LAS;ChangedProperty=Decimal_Length;OldValue=5;NewValue=2
43194.0938989815,DeliverablesSetup,Deliverables - Digital,Change Property,Click,DecimalLengthConverter,Decimal_Length,UIInteraction,NewValue=2;OldValue=5
43194.0942107176,DeliverablesSetup,Deliverables - Digital,Change Property,Click,InterpolationConverter,Interpolation,UIInteraction,NewValue=Linear;OldValue=No
43194.094210706,DeliverablesSetup,Deliverables - Digital,Change Digital Properties,Click,ComboBox,Interpolation,UIInteraction,DeliverableType=LAS;ChangedProperty=Interpolation;OldValue=No;NewValue=Linear
43194.0942342593,DeliverablesSetup,Deliverables - Digital,Format Editor / Add Channels,Click,ToolbarButton,New Channel,UIInteraction,DeliverableType=LAS
43194.0943008912,DeliverablesSetup,Data Explorer,Click OK Button,Click,Button,OK,UIInteraction,Selection=GR_GR_IMP_Gamma Ray_IMPulse[1]_60___
43194.0943102199,DeliverablesSetup,Deliverables - Digital,Confirm Format Editor / Select Channels,Click,Button,OK,UIInteraction,DeliverableType=LAS;AddedChannel1=OSDD-GR
43194.0943246759,DeliverablesSetup,Deliverables - Digital,Format Editor / Add Channels,Click,ToolbarButton,New Channel,UIInteraction,DeliverableType=LAS
43194.0943817361,DeliverablesSetup,Data Explorer,Click OK Button,Click,Button,OK,UIInteraction,Selection=P112_P112_Phase R1 from T1 at 2 MHz_ARC[1]_60___
43194.0943906019,DeliverablesSetup,Deliverables - Digital,Confirm Format Editor / Select Channels,Click,Button,OK,UIInteraction,DeliverableType=LAS;AddedChannel1=OSDD-P112
43194.0944041435,DeliverablesSetup,Deliverables - Digital,Format Editor / Add Channels,Click,ToolbarButton,New Channel,UIInteraction,DeliverableType=LAS
43194.0944658449,DeliverablesSetup,Data Explorer,Click OK Button,Click,Button,OK,UIInteraction,Selection=P114_P114_Phase R1 from T1 at 400 KHz_ARC[1]_60___
43194.0944765394,DeliverablesSetup,Deliverables - Digital,Confirm Format Editor / Select Channels,Click,Button,OK,UIInteraction,DeliverableType=LAS;AddedChannel1=OSDD-P114
43194.0944906829,DeliverablesSetup,Deliverables - Digital,Format Editor / Add Channels,Click,ToolbarButton,New Channel,UIInteraction,DeliverableType=LAS
43194.0945560764,DeliverablesSetup,Data Explorer,Click OK Button,Click,Button,OK,UIInteraction,Selection=P122_P122_Phase R1 from T2 at 2 MHz_ARC[1]_60___
43194.0945646181,DeliverablesSetup,Deliverables - Digital,Confirm Format Editor / Select Channels,Click,Button,OK,UIInteraction,DeliverableType=LAS;AddedChannel1=OSDD-P122
43194.0945791319,DeliverablesSetup,Deliverables - Digital,Format Editor / Add Channels,Click,ToolbarButton,New Channel,UIInteraction,DeliverableType=LAS
43194.0946382407,DeliverablesSetup,Data Explorer,Click OK Button,Click,Button,OK,UIInteraction,Selection=P124_P124_Phase R1 from T2 at 400 KHz_ARC[1]_60___
43194.0946475463,DeliverablesSetup,Deliverables - Digital,Confirm Format Editor / Select Channels,Click,Button,OK,UIInteraction,DeliverableType=LAS;AddedChannel1=OSDD-P124
43194.0946609028,DeliverablesSetup,Deliverables - Digital,Format Editor / Add Channels,Click,ToolbarButton,New Channel,UIInteraction,DeliverableType=LAS
43194.0947196644,DeliverablesSetup,Data Explorer,Click OK Button,Click,Button,OK,UIInteraction,Selection=P132_P132_Phase R1 from T3 at 2 MHz_ARC[1]_60___
43194.0947299074,DeliverablesSetup,Deliverables - Digital,Confirm Format Editor / Select Channels,Click,Button,OK,UIInteraction,DeliverableType=LAS;AddedChannel1=OSDD-P132
43194.0947444907,DeliverablesSetup,Deliverables - Digital,Format Editor / Add Channels,Click,ToolbarButton,New Channel,UIInteraction,DeliverableType=LAS
43194.0948088079,DeliverablesSetup,Data Explorer,Click OK Button,Click,Button,OK,UIInteraction,Selection=P134_P134_Phase R1 from T3 at 400 KHz_ARC[1]_60___
43194.0948174768,DeliverablesSetup,Deliverables - Digital,Confirm Format Editor / Select Channels,Click,Button,OK,UIInteraction,DeliverableType=LAS;AddedChannel1=OSDD-P134
43194.0948307639,DeliverablesSetup,Deliverables - Digital,Format Editor / Add Channels,Click,ToolbarButton,New Channel,UIInteraction,DeliverableType=LAS
43194.0948882176,DeliverablesSetup,Data Explorer,Click OK Button,Click,Button,OK,UIInteraction,Selection=P142_P142_Phase R1 from T4 at 2 MHz_ARC[1]_60___
43194.0948967708,DeliverablesSetup,Deliverables - Digital,Confirm Format Editor / Select Channels,Click,Button,OK,UIInteraction,DeliverableType=LAS;AddedChannel1=OSDD-P142
43194.0949104167,DeliverablesSetup,Deliverables - Digital,Format Editor / Add Channels,Click,ToolbarButton,New Channel,UIInteraction,DeliverableType=LAS
43194.0949690972,DeliverablesSetup,Data Explorer,Click OK Button,Click,Button,OK,UIInteraction,Selection=P144_P144_Phase R1 from T4 at 400 KHz_ARC[1]_60___
43194.0949772222,DeliverablesSetup,Deliverables - Digital,Confirm Format Editor / Select Channels,Click,Button,OK,UIInteraction,DeliverableType=LAS;AddedChannel1=OSDD-P144
43194.0949912269,DeliverablesSetup,Deliverables - Digital,Format Editor / Add Channels,Click,ToolbarButton,New Channel,UIInteraction,DeliverableType=LAS
43194.0950481944,DeliverablesSetup,Data Explorer,Click OK Button,Click,Button,OK,UIInteraction,Selection=P152_P152_Phase R1 from T5 at 2 MHz_ARC[1]_60___
43194.095056412,DeliverablesSetup,Deliverables - Digital,Confirm Format Editor / Select Channels,Click,Button,OK,UIInteraction,DeliverableType=LAS;AddedChannel1=OSDD-P152
43194.0950715046,DeliverablesSetup,Deliverables - Digital,Format Editor / Add Channels,Click,ToolbarButton,New Channel,UIInteraction,DeliverableType=LAS
43194.0951291551,DeliverablesSetup,Data Explorer,Click OK Button,Click,Button,OK,UIInteraction,Selection=P154_P154_Phase R1 from T5 at 400 KHz_ARC[1]_60___
43194.0951377315,DeliverablesSetup,Deliverables - Digital,Confirm Format Editor / Select Channels,Click,Button,OK,UIInteraction,DeliverableType=LAS;AddedChannel1=OSDD-P154
43194.0953356019,DeliverablesSetup,Data Explorer,Change Current Focused Item,,,,UIAutomatic,EntityName=Run 1;EntityType=16;EntityGuid=A06D301B-9120-4E76-949E-7B6EC01244C5
43194.0953497454,DeliverablesSetup,Data Explorer,Click OK Button,Click,Button,OK,UIInteraction,Selection=Drilling____6450.03 (m)_7075.86 (m)_
43194.0953500579,DeliverablesSetup,Deliverables - Digital,Change Digital Properties,Click,ComboBox,Data_Assignment,UIInteraction,DeliverableType=LAS;ChangedProperty=Data_Assignment;OldValue={ Not Set };NewValue=Run 1: Drilling
43194.0953500694,DeliverablesSetup,Deliverables - Digital,Change Property,Click,TypeConverter,Data_Assignment,UIInteraction,NewValue=Run 1: Drilling;OldValue={ Not Set }
43194.0955657639,DeliverablesSetup,Deliverables - Digital,Change Digital Properties,Click,ComboBox,CDDI_Availability,UIInteraction,DeliverableType=LAS;ChangedProperty=CDDI_Availability;OldValue=Customer;NewValue=Producer
43194.0955657755,DeliverablesSetup,Deliverables - Digital,Change Property,Click,CDDIAvailabilityConverter,CDDI_Availability,UIInteraction,NewValue=Producer;OldValue=Customer
43194.0957914699,DeliverablesSetup,Deliverables - Digital,Change Digital Properties,Click,ComboBox,Decimal_Length,UIInteraction,DeliverableType=LAS;ChangedProperty=Decimal_Length;OldValue=5;NewValue=6
43194.0957914815,DeliverablesSetup,Deliverables - Digital,Change Property,Click,DecimalLengthConverter,Decimal_Length,UIInteraction,NewValue=6;OldValue=5
43194.0960114699,DeliverablesSetup,Deliverables - Digital,Change Digital Properties,Click,ComboBox,Depth_Step_Interval,UIInteraction,DeliverableType=LAS;ChangedProperty=Depth_Step_Interval;OldValue=0.1524 m;NewValue=0.05 m
43194.0960114815,DeliverablesSetup,Deliverables - Digital,Change Property,Click,DepthStepConverter,Depth_Step_Interval,UIInteraction,NewValue=0.05 m;OldValue=0.1524 m
43194.0962333449,DeliverablesSetup,Deliverables - Digital,Change Property,Click,SurveyTypeConverter,Survey_Type,UIInteraction,NewValue=Detail;OldValue=None
43194.0962333333,DeliverablesSetup,Deliverables - Digital,Change Digital Properties,Click,ComboBox,Survey_Type,UIInteraction,DeliverableType=LAS;ChangedProperty=Survey_Type;OldValue=None;NewValue=Detail
43194.096388206,DeliverablesSetup,Deliverables - Digital,Change Digital Properties,Click,ComboBox,Survey_Type,UIInteraction,DeliverableType=LAS;ChangedProperty=Survey_Type;OldValue=Detail;NewValue=None
43194.0963882176,DeliverablesSetup,Deliverables - Digital,Change Property,Click,SurveyTypeConverter,Survey_Type,UIInteraction,NewValue=None;OldValue=Detail
43194.0965794792,DeliverablesSetup,Data Explorer,Change Current Focused Item,,,,UIAutomatic,EntityName=Composites;EntityType=512;EntityGuid=Composite_Root
43194.0965936227,DeliverablesSetup,Data Explorer,Click OK Button,Click,Button,OK,UIInteraction,Selection=Well Composite______
43194.0965938889,DeliverablesSetup,Deliverables - Digital,Change Digital Properties,Click,ComboBox,Data_Assignment,UIInteraction,DeliverableType=DLIS;ChangedProperty=Data_Assignment;OldValue={ Not Set };NewValue=Well Composite
43194.0965939005,DeliverablesSetup,Deliverables - Digital,Change Property,Click,TypeConverter,Data_Assignment,UIInteraction,NewValue=Well Composite;OldValue={ Not Set }
43194.0967974421,DeliverablesSetup,Deliverables - Digital,Change Digital Properties,Click,ComboBox,CDDI_Availability,UIInteraction,DeliverableType=DLIS;ChangedProperty=CDDI_Availability;OldValue=Customer;NewValue=Producer
43194.0967974537,DeliverablesSetup,Deliverables - Digital,Change Property,Click,CDDIAvailabilityConverter,CDDI_Availability,UIInteraction,NewValue=Producer;OldValue=Customer
43194.0968214699,DeliverablesSetup,Deliverables - Digital,Format Editor / Add Channels,Click,ToolbarButton,New Channel,UIInteraction,DeliverableType=DLIS
43194.0968841898,DeliverablesSetup,Data Explorer,Click OK Button,Click,Button,OK,UIInteraction,Selection=GR_GR_IMP_Gamma Ray_IMPulse[1]_60___
43194.0968928472,DeliverablesSetup,Deliverables - Digital,Confirm Format Editor / Select Channels,Click,Button,OK,UIInteraction,DeliverableType=DLIS;AddedChannel1=OSDD-GR
43194.0969057639,DeliverablesSetup,Deliverables - Digital,Format Editor / Add Channels,Click,ToolbarButton,New Channel,UIInteraction,DeliverableType=DLIS
43194.0969591782,DeliverablesSetup,Data Explorer,Click OK Button,Click,Button,OK,UIInteraction,Selection=A112_A112_Amplitude R1 from T1 at 2 MHz_ARC[1]_60___
43194.0969672917,DeliverablesSetup,Deliverables - Digital,Confirm Format Editor / Select Channels,Click,Button,OK,UIInteraction,DeliverableType=DLIS;AddedChannel1=OSDD-A112
43194.0969803241,DeliverablesSetup,Deliverables - Digital,Format Editor / Add Channels,Click,ToolbarButton,New Channel,UIInteraction,DeliverableType=DLIS
43194.0970351389,DeliverablesSetup,Data Explorer,Click OK Button,Click,Button,OK,UIInteraction,Selection=A114_A114_Amplitude R1 from T1 at 400 KHz_ARC[1]_60___
43194.0970434607,DeliverablesSetup,Deliverables - Digital,Confirm Format Editor / Select Channels,Click,Button,OK,UIInteraction,DeliverableType=DLIS;AddedChannel1=OSDD-A114
43194.0970624421,DeliverablesSetup,Deliverables - Digital,Format Editor / Add Channels,Click,ToolbarButton,New Channel,UIInteraction,DeliverableType=DLIS
43194.097115081,DeliverablesSetup,Data Explorer,Click OK Button,Click,Button,OK,UIInteraction,Selection=A122_A122_Amplitude R1 from T2 at 2 MHz_ARC[1]_60___
43194.0971247107,DeliverablesSetup,Deliverables - Digital,Confirm Format Editor / Select Channels,Click,Button,OK,UIInteraction,DeliverableType=DLIS;AddedChannel1=OSDD-A122
43194.0971377662,DeliverablesSetup,Deliverables - Digital,Format Editor / Add Channels,Click,ToolbarButton,New Channel,UIInteraction,DeliverableType=DLIS
43194.0971982523,DeliverablesSetup,Data Explorer,Click OK Button,Click,Button,OK,UIInteraction,Selection=A124_A124_Amplitude R1 from T2 at 400 KHz_ARC[1]_60___
43194.0972194676,DeliverablesSetup,Deliverables - Digital,Format Editor / Add Channels,Click,ToolbarButton,New Channel,UIInteraction,DeliverableType=DLIS
43194.0972066898,DeliverablesSetup,Deliverables - Digital,Confirm Format Editor / Select Channels,Click,Button,OK,UIInteraction,DeliverableType=DLIS;AddedChannel1=OSDD-A124
43194.0972727431,DeliverablesSetup,Data Explorer,Click OK Button,Click,Button,OK,UIInteraction,Selection=A132_A132_Amplitude R1 from T3 at 2 MHz_ARC[1]_60___
43194.0972802894,DeliverablesSetup,Deliverables - Digital,Confirm Format Editor / Select Channels,Click,Button,OK,UIInteraction,DeliverableType=DLIS;AddedChannel1=OSDD-A132
43194.0972942824,DeliverablesSetup,Deliverables - Digital,Format Editor / Add Channels,Click,ToolbarButton,New Channel,UIInteraction,DeliverableType=DLIS
43194.0973480324,DeliverablesSetup,Data Explorer,Click OK Button,Click,Button,OK,UIInteraction,Selection=A134_A134_Amplitude R1 from T3 at 400 KHz_ARC[1]_60___
43194.0973570139,DeliverablesSetup,Deliverables - Digital,Confirm Format Editor / Select Channels,Click,Button,OK,UIInteraction,DeliverableType=DLIS;AddedChannel1=OSDD-A134
43194.0973758333,DeliverablesSetup,Deliverables - Digital,Format Editor / Add Channels,Click,ToolbarButton,New Channel,UIInteraction,DeliverableType=DLIS
43194.0974365741,DeliverablesSetup,Data Explorer,Click OK Button,Click,Button,OK,UIInteraction,Selection=A142_A142_Amplitude R1 from T4 at 2 MHz_ARC[1]_60___
43194.097445625,DeliverablesSetup,Deliverables - Digital,Confirm Format Editor / Select Channels,Click,Button,OK,UIInteraction,DeliverableType=DLIS;AddedChannel1=OSDD-A142
43194.0974590162,DeliverablesSetup,Deliverables - Digital,Format Editor / Add Channels,Click,ToolbarButton,New Channel,UIInteraction,DeliverableType=DLIS
43194.0975118866,DeliverablesSetup,Data Explorer,Click OK Button,Click,Button,OK,UIInteraction,Selection=A144_A144_Amplitude R1 from T4 at 400 KHz_ARC[1]_60___
43194.097520544,DeliverablesSetup,Deliverables - Digital,Confirm Format Editor / Select Channels,Click,Button,OK,UIInteraction,DeliverableType=DLIS;AddedChannel1=OSDD-A144
43194.0975338079,DeliverablesSetup,Deliverables - Digital,Format Editor / Add Channels,Click,ToolbarButton,New Channel,UIInteraction,DeliverableType=DLIS
43194.0975865741,DeliverablesSetup,Data Explorer,Click OK Button,Click,Button,OK,UIInteraction,Selection=A152_A152_Amplitude R1 from T5 at 2 MHz_ARC[1]_60___
43194.0975952431,DeliverablesSetup,Deliverables - Digital,Confirm Format Editor / Select Channels,Click,Button,OK,UIInteraction,DeliverableType=DLIS;AddedChannel1=OSDD-A152
43194.0976086227,DeliverablesSetup,Deliverables - Digital,Format Editor / Add Channels,Click,ToolbarButton,New Channel,UIInteraction,DeliverableType=DLIS
43194.0976616204,DeliverablesSetup,Data Explorer,Click OK Button,Click,Button,OK,UIInteraction,Selection=A154_A154_Amplitude R1 from T5 at 400 KHz_ARC[1]_60___
43194.097670706,DeliverablesSetup,Deliverables - Digital,Confirm Format Editor / Select Channels,Click,Button,OK,UIInteraction,DeliverableType=DLIS;AddedChannel1=OSDD-A154
43194.0976889583,DeliverablesSetup,Deliverables - Digital,Format Editor / Add Channels,Click,ToolbarButton,New Channel,UIInteraction,DeliverableType=DLIS
43194.0977439005,DeliverablesSetup,Data Explorer,Click OK Button,Click,Button,OK,UIInteraction,Selection=A212_A212_Amplitude R2 from T1 at 2 MHz_ARC[1]_60___
43194.0977537616,DeliverablesSetup,Deliverables - Digital,Confirm Format Editor / Select Channels,Click,Button,OK,UIInteraction,DeliverableType=DLIS;AddedChannel1=OSDD-A212
43194.0977689583,DeliverablesSetup,Deliverables - Digital,Format Editor / Add Channels,Click,ToolbarButton,New Channel,UIInteraction,DeliverableType=DLIS
43194.0978263657,DeliverablesSetup,Data Explorer,Click OK Button,Click,Button,OK,UIInteraction,Selection=A214_A214_Amplitude R2 from T1 at 400 KHz_ARC[1]_60___
43194.0978349768,DeliverablesSetup,Deliverables - Digital,Confirm Format Editor / Select Channels,Click,Button,OK,UIInteraction,DeliverableType=DLIS;AddedChannel1=OSDD-A214
43194.0978489583,DeliverablesSetup,Deliverables - Digital,Format Editor / Add Channels,Click,ToolbarButton,New Channel,UIInteraction,DeliverableType=DLIS
43194.0979027894,DeliverablesSetup,Data Explorer,Click OK Button,Click,Button,OK,UIInteraction,Selection=A222_A222_Amplitude R2 from T2 at 2 MHz_ARC[1]_60___
43194.0979118403,DeliverablesSetup,Deliverables - Digital,Confirm Format Editor / Select Channels,Click,Button,OK,UIInteraction,DeliverableType=DLIS;AddedChannel1=OSDD-A222
43194.0979250579,DeliverablesSetup,Deliverables - Digital,Format Editor / Add Channels,Click,ToolbarButton,New Channel,UIInteraction,DeliverableType=DLIS
43194.0979788773,DeliverablesSetup,Data Explorer,Click OK Button,Click,Button,OK,UIInteraction,Selection=A224_A224_Amplitude R2 from T2 at 400 KHz_ARC[1]_60___
43194.0979878472,DeliverablesSetup,Deliverables - Digital,Confirm Format Editor / Select Channels,Click,Button,OK,UIInteraction,DeliverableType=DLIS;AddedChannel1=OSDD-A224
43194.0980072338,DeliverablesSetup,Deliverables - Digital,Format Editor / Add Channels,Click,ToolbarButton,New Channel,UIInteraction,DeliverableType=DLIS
43194.098065463,DeliverablesSetup,Data Explorer,Click OK Button,Click,Button,OK,UIInteraction,Selection=A232_A232_Amplitude R2 from T3 at 2 MHz_ARC[1]_60___
43194.0980743056,DeliverablesSetup,Deliverables - Digital,Confirm Format Editor / Select Channels,Click,Button,OK,UIInteraction,DeliverableType=DLIS;AddedChannel1=OSDD-A232
43194.098088125,DeliverablesSetup,Deliverables - Digital,Format Editor / Add Channels,Click,ToolbarButton,New Channel,UIInteraction,DeliverableType=DLIS
43194.0981423032,DeliverablesSetup,Data Explorer,Click OK Button,Click,Button,OK,UIInteraction,Selection=A234_A234_Amplitude R2 from T3 at 400 KHz_ARC[1]_60___
43194.0981521065,DeliverablesSetup,Deliverables - Digital,Confirm Format Editor / Select Channels,Click,Button,OK,UIInteraction,DeliverableType=DLIS;AddedChannel1=OSDD-A234
43194.0981660995,DeliverablesSetup,Deliverables - Digital,Format Editor / Add Channels,Click,ToolbarButton,New Channel,UIInteraction,DeliverableType=DLIS
43194.0982193056,DeliverablesSetup,Data Explorer,Click OK Button,Click,Button,OK,UIInteraction,Selection=A242_A242_Amplitude R2 from T4 at 2 MHz_ARC[1]_60___
43194.0982297338,DeliverablesSetup,Deliverables - Digital,Confirm Format Editor / Select Channels,Click,Button,OK,UIInteraction,DeliverableType=DLIS;AddedChannel1=OSDD-A242
43194.0982447454,DeliverablesSetup,Deliverables - Digital,Format Editor / Add Channels,Click,ToolbarButton,New Channel,UIInteraction,DeliverableType=DLIS
43194.0982990625,DeliverablesSetup,Data Explorer,Click OK Button,Click,Button,OK,UIInteraction,Selection=A244_A244_Amplitude R2 from T4 at 400 KHz_ARC[1]_60___
43194.0983089005,DeliverablesSetup,Deliverables - Digital,Confirm Format Editor / Select Channels,Click,Button,OK,UIInteraction,DeliverableType=DLIS;AddedChannel1=OSDD-A244
43194.0983237731,DeliverablesSetup,Deliverables - Digital,Format Editor / Add Channels,Click,ToolbarButton,New Channel,UIInteraction,DeliverableType=DLIS
43194.0983801042,DeliverablesSetup,Data Explorer,Click OK Button,Click,Button,OK,UIInteraction,Selection=A252_A252_Amplitude R2 from T5 at 2 MHz_ARC[1]_60___
43194.0983902083,DeliverablesSetup,Deliverables - Digital,Confirm Format Editor / Select Channels,Click,Button,OK,UIInteraction,DeliverableType=DLIS;AddedChannel1=OSDD-A252
43194.0984043056,DeliverablesSetup,Deliverables - Digital,Format Editor / Add Channels,Click,ToolbarButton,New Channel,UIInteraction,DeliverableType=DLIS
43194.0984579861,DeliverablesSetup,Data Explorer,Click OK Button,Click,Button,OK,UIInteraction,Selection=A254_A254_Amplitude R2 from T5 at 400 KHz_ARC[1]_60___
43194.0984674537,DeliverablesSetup,Deliverables - Digital,Confirm Format Editor / Select Channels,Click,Button,OK,UIInteraction,DeliverableType=DLIS;AddedChannel1=OSDD-A254
43194.0986594792,DeliverablesSetup,Data Explorer,Change Current Focused Item,,,,UIAutomatic,EntityName=Run 1;EntityType=16;EntityGuid=A06D301B-9120-4E76-949E-7B6EC01244C5
43194.0986732407,DeliverablesSetup,Data Explorer,Click OK Button,Click,Button,OK,UIInteraction,Selection=Drilling____6450.03 (m)_7075.86 (m)_
43194.0986734375,DeliverablesSetup,Deliverables - Digital,Change Digital Properties,Click,ComboBox,Data_Assignment,UIInteraction,DeliverableType=DLIS;ChangedProperty=Data_Assignment;OldValue={ Not Set };NewValue=Run 1: Drilling
43194.0986734491,DeliverablesSetup,Deliverables - Digital,Change Property,Click,TypeConverter,Data_Assignment,UIInteraction,NewValue=Run 1: Drilling;OldValue={ Not Set }
43194.098878831,DeliverablesSetup,Deliverables - Digital,Change Digital Properties,Click,ComboBox,CDDI_Availability,UIInteraction,DeliverableType=DLIS;ChangedProperty=CDDI_Availability;OldValue=Customer;NewValue=Producer
43194.0988788542,DeliverablesSetup,Deliverables - Digital,Change Property,Click,CDDIAvailabilityConverter,CDDI_Availability,UIInteraction,NewValue=Producer;OldValue=Customer
43194.0990836227,DeliverablesSetup,Deliverables - Digital,Change Digital Properties,Click,ComboBox,Channel_Property,UIInteraction,DeliverableType=DLIS;ChangedProperty=Channel_Property;OldValue=RT&RM;NewValue=RT&RM
43194.0990836343,DeliverablesSetup,Deliverables - Digital,Change Property,Click,ChannelPropertyConverter,Channel_Property,UIInteraction,NewValue=RT&RM;OldValue=RT&RM
43194.0993240856,DeliverablesSetup,Data Explorer,Change Current Focused Item,,,,UIAutomatic,EntityName=Run 1;EntityType=16;EntityGuid=A06D301B-9120-4E76-949E-7B6EC01244C5
43194.0993375463,DeliverablesSetup,Deliverables - Digital,Change Digital Properties,Click,ComboBox,Data_Assignment,UIInteraction,DeliverableType=WITS;ChangedProperty=Data_Assignment;OldValue={ Not Set };NewValue=Run 1: Drilling
43194.099337338,DeliverablesSetup,Data Explorer,Click OK Button,Click,Button,OK,UIInteraction,Selection=Drilling____6450.03 (m)_7075.86 (m)_
43194.0993375579,DeliverablesSetup,Deliverables - Digital,Change Property,Click,TypeConverter,Data_Assignment,UIInteraction,NewValue=Run 1: Drilling;OldValue={ Not Set }
43194.0995827546,DeliverablesSetup,Data Explorer,Change Current Focused Item,,,,UIAutomatic,EntityName=Composites;EntityType=512;EntityGuid=Composite_Root
43194.0995967477,DeliverablesSetup,Deliverables - Digital,Change Digital Properties,Click,ComboBox,Data_Assignment,UIInteraction,DeliverableType=WITSML;ChangedProperty=Data_Assignment;OldValue={ Not Set };NewValue=Well Composite
43194.0995967593,DeliverablesSetup,Deliverables - Digital,Change Property,Click,TypeConverter,Data_Assignment,UIInteraction,NewValue=Well Composite;OldValue={ Not Set }
43194.0995965162,DeliverablesSetup,Data Explorer,Click OK Button,Click,Button,OK,UIInteraction,Selection=Well Composite______
43194.0997996412,DeliverablesSetup,Deliverables - Digital,Change Digital Properties,Click,ComboBox,Include_BHA,UIInteraction,DeliverableType=WITSML;ChangedProperty=Include_BHA;OldValue=No;NewValue=Yes
43194.0997996528,DeliverablesSetup,Deliverables - Digital,Change Property,Click,BooleanComboBoxConverter,Include_BHA,UIInteraction,NewValue=Yes;OldValue=No
43194.099820625,DeliverablesSetup,Deliverables - Digital,Format Editor / Add Channels,Click,ToolbarButton,Add Channels...,UIInteraction,DeliverableType=WITSML
43194.0998703588,DeliverablesSetup,Data Explorer,Click OK Button,Click,Button,OK,UIInteraction,Selection=AZIM_AZIM_Measured Azimuth_DnMWorkflow_60___
43194.0998782755,DeliverablesSetup,Deliverables - Digital,Confirm Format Editor / Select Channels,Click,Button,OK,UIInteraction,DeliverableType=WITSML;AddedChannel1=OSDD-AZIM
43194.0998952778,DeliverablesSetup,Deliverables - Digital,Format Editor / Add Channels,Click,ToolbarButton,Add Channels...,UIInteraction,DeliverableType=WITSML
43194.099946794,DeliverablesSetup,Data Explorer,Click OK Button,Click,Button,OK,UIInteraction,Selection=BHD_BHD_Borehole Depth_DRILLING_SURFACE_60___
43194.0999571875,DeliverablesSetup,Deliverables - Digital,Confirm Format Editor / Select Channels,Click,Button,OK,UIInteraction,DeliverableType=WITSML;AddedChannel1=OSDD-BHD
43194.0999711574,DeliverablesSetup,Deliverables - Digital,Format Editor / Add Channels,Click,ToolbarButton,Add Channels...,UIInteraction,DeliverableType=WITSML
43194.1000258796,DeliverablesSetup,Data Explorer,Click OK Button,Click,Button,OK,UIInteraction,Selection=BHPR_BHPR_Borehole Pressure_Borehole_60___
43194.1000346412,DeliverablesSetup,Deliverables - Digital,Confirm Format Editor / Select Channels,Click,Button,OK,UIInteraction,DeliverableType=WITSML;AddedChannel1=OSDD-BHPR
43194.1000475579,DeliverablesSetup,Deliverables - Digital,Format Editor / Add Channels,Click,ToolbarButton,Add Channels...,UIInteraction,DeliverableType=WITSML
43194.1000961921,DeliverablesSetup,Data Explorer,Click OK Button,Click,Button,OK,UIInteraction,Selection=BLKP_BPOS_Height of block above rig floor_DRILLING_SURFACE_60___
43194.1001042708,DeliverablesSetup,Deliverables - Digital,Confirm Format Editor / Select Channels,Click,Button,OK,UIInteraction,DeliverableType=WITSML;AddedChannel1=OSDD-BLKP
43194.1001174537,DeliverablesSetup,Deliverables - Digital,Format Editor / Add Channels,Click,ToolbarButton,Add Channels...,UIInteraction,DeliverableType=WITSML
43194.1001673727,DeliverablesSetup,Data Explorer,Click OK Button,Click,Button,OK,UIInteraction,Selection=DPHB_DPHB_RT_Density Porosity from ROBB_ADN[1]_60___
43194.1001774653,DeliverablesSetup,Deliverables - Digital,Confirm Format Editor / Select Channels,Click,Button,OK,UIInteraction,DeliverableType=WITSML;AddedChannel1=OSDD-DPHB
43194.1001897685,DeliverablesSetup,Deliverables - Digital,Format Editor / Add Channels,Click,ToolbarButton,Add Channels...,UIInteraction,DeliverableType=WITSML
43194.1002534954,DeliverablesSetup,Data Explorer,Click OK Button,Click,Button,OK,UIInteraction,Selection=GR_GR_IMP_RT_Gamma Ray_IMPulse[1]_60___
43194.1002622801,DeliverablesSetup,Deliverables - Digital,Confirm Format Editor / Select Channels,Click,Button,OK,UIInteraction,DeliverableType=WITSML;AddedChannel1=OSDD-GR
43194.1004564583,DeliverablesSetup,Data Explorer,Change Current Focused Item,,,,UIAutomatic,EntityName=Run 1;EntityType=16;EntityGuid=A06D301B-9120-4E76-949E-7B6EC01244C5
43194.1004695833,DeliverablesSetup,Data Explorer,Click OK Button,Click,Button,OK,UIInteraction,Selection=TimeLogicalAcq____21:01:23 02-Oct-2010_18:38:04 06-Oct-2010_
43194.1004698032,DeliverablesSetup,Deliverables - Digital,Change Property,Click,TypeConverter,Data_Assignment,UIInteraction,NewValue=Run 1: TimeLogicalAcq;OldValue={ Not Set }
43194.1004697801,DeliverablesSetup,Deliverables - Digital,Change Digital Properties,Click,ComboBox,Data_Assignment,UIInteraction,DeliverableType=WITSML;ChangedProperty=Data_Assignment;OldValue={ Not Set };NewValue=Run 1: TimeLogicalAcq
43194.1006720486,DeliverablesSetup,Deliverables - Digital,Change Digital Properties,Click,ComboBox,Include_BHA,UIInteraction,DeliverableType=WITSML;ChangedProperty=Include_BHA;OldValue=No;NewValue=Yes
43194.1006720602,DeliverablesSetup,Deliverables - Digital,Change Property,Click,BooleanComboBoxConverter,Include_BHA,UIInteraction,NewValue=Yes;OldValue=No
43194.1008310301,DeliverablesSetup,Deliverables - Digital,Change Digital Properties,Click,ComboBox,Time_Step_Interval,UIInteraction,DeliverableType=WITSML;ChangedProperty=Time_Step_Interval;OldValue=3 sec;NewValue=60 sec
43194.100831088,DeliverablesSetup,Deliverables - Digital,Change Property,Click,TimeStepConverter,Time_Step_Interval,UIInteraction,NewValue=60 sec;OldValue=3 sec
43194.1008507292,DeliverablesSetup,UI Framework,Switch View,Click,ToolbarButton,Deliverables Display View,UIInteraction,
43194.1012221759,DeliverablesSetup,Deliverables - Graphical,View Graphical Component,Click,ContextMenu,View,UIInteraction,ComponentName=Log ( ARC + VDN Detail );TemplateName=GR_RES_DeN_RM_Depth;DelivTemplateGuid=5A1E5254-E0F0-4001-8FA8-C73BDEB10E79
43194.1016995139,DeliverablesSetup,Deliverables - Digital,Create Publish Digital Deliverable,Click,ContextMenu,Create/Publish,UIInteraction,ComponentName=LAS Custom;ComponentCode=Component_Template_Las;DelivTemplateGuid=EFFF0E92-8C6C-4F2E-BAE6-0C2F60A3E1F1;DelivTemplatePropertyData=<gp:GraphicalFormat xmlns:gp="urn:horizon:GraphicalProductCatalogSchema"><gp:Name>Template</gp:Name><gp:Component_Code>Component_Template_Las</gp:Component_Code><gp:Component_Format_Ref></gp:Component_Format_Ref><gp:Properties><gp:Property><gp:Key>Type</gp:Key><gp:Value>Las</gp:Value></gp:Property><gp:Property><gp:Key>CDDI_Availability</gp:Key><gp:Value>Custom</gp:Value></gp:Property><gp:Property><gp:Key>Data_Assignment</gp:Key><gp:Value>7C69C57D-C2D2-464A-A759-A16C04C98E6E</gp:Value></gp:Property><gp:Property><gp:Key>File_Destination</gp:Key><gp:Value>C:\Schlumberger Horizon Data\10MSA0091\Deliverable\Digital\LAS\</gp:Value></gp:Property><gp:Property><gp:Key>File_Name</gp:Key><gp:Value>LAS_Custom.las</gp:Value></gp:Property><gp:Property><gp:Key>Index_Direction</gp:Key><gp:Value>UP</gp:Value></gp:Property><gp:Property><gp:Key>Index</gp:Key><gp:Value>Depth</gp:Value></gp:Property><gp:Property><gp:Key>Publish</gp:Key><gp:Value>No</gp:Value></gp:Property><gp:Property><gp:Key>Publisher</gp:Key><gp:Value /></gp:Property><gp:Property><gp:Key>Update_In_Real_Time</gp:Key><gp:Value>No</gp:Value></gp:Property><gp:Property><gp:Key>Survey_Type</gp:Key><gp:Value>None</gp:Value></gp:Property><gp:Property><gp:Key>_Top</gp:Key><gp:Value>6500</gp:Value></gp:Property><gp:Property><gp:Key>Bottom</gp:Key><gp:Value>7000</gp:Value></gp:Property><gp:Property><gp:Key>Start</gp:Key><gp:Value></gp:Value></gp:Property><gp:Property><gp:Key>Stop</gp:Key><gp:Value></gp:Value></gp:Property><gp:Property><gp:Key>Survey_Start</gp:Key><gp:Value></gp:Value></gp:Property><gp:Property><gp:Key>Survey_Stop</gp:Key><gp:Value></gp:Value></gp:Property><gp:Property><gp:Key>Depth_Step_Interval</gp:Key><gp:Value>0.15 m</gp:Value></gp:Property><gp:Property><gp:Key>Time_Step_Interval</gp:Key><gp:Value>10 sec</gp:Value></gp:Property><gp:Property><gp:Key>Unit_System</gp:Key><gp:Value>PEMEX10MSA009109MAR14</gp:Value></gp:Property><gp:Property><gp:Key>Output_Type</gp:Key><gp:Value>LAS Version 2.0</gp:Value></gp:Property><gp:Property><gp:Key>Index_Format</gp:Key><gp:Value>10.4</gp:Value></gp:Property><gp:Property><gp:Key>Style</gp:Key><gp:Value>SPACE</gp:Value></gp:Property><gp:Property><gp:Key>Wrap_Lines</gp:Key><gp:Value>No</gp:Value></gp:Property><gp:Property><gp:Key>Extra_Channel_Info</gp:Key><gp:Value>Yes</gp:Value></gp:Property><gp:Property><gp:Key>Interpolation</gp:Key><gp:Value>Linear</gp:Value></gp:Property><gp:Property><gp:Key>Null_Value</gp:Key><gp:Value>-999.25</gp:Value></gp:Property><gp:Property><gp:Key>Decimal_Length</gp:Key><gp:Value>2</gp:Value></gp:Property><gp:Property><gp:Key>Channel_Decimal_Length</gp:Key><gp:Value>Same As Decimal_Length</gp:Value></gp:Property><gp:Property><gp:Key>Index_Decimal_Length</gp:Key><gp:Value>Same As Decimal_Length</gp:Value></gp:Property><gp:PropertiesSnippetVersion>1.1</gp:PropertiesSnippetVersion></gp:Properties></gp:GraphicalFormat>
43194.1018052778,DeliverablesSetup,UI Framework,Switch View,Click,ToolbarButton,Deliverables Setup View,UIInteraction,
43194.1020565972,DeliverablesSetup,Data Explorer,Change Current Focused Item,,,,UIAutomatic,EntityName=Run 1;EntityType=16;EntityGuid=A06D301B-9120-4E76-949E-7B6EC01244C5
43194.1020707986,DeliverablesSetup,Data Explorer,Click OK Button,Click,Button,OK,UIInteraction,Selection=Drilling____6450.03 (m)_7075.86 (m)_
43194.1020710301,DeliverablesSetup,Deliverables - Digital,Change Digital Properties,Click,ComboBox,Data_Assignment,UIInteraction,DeliverableType=LAS;ChangedProperty=Data_Assignment;OldValue={ Not Set };NewValue=Run 1: Drilling
43194.1020710301,DeliverablesSetup,Deliverables - Digital,Change Property,Click,TypeConverter,Data_Assignment,UIInteraction,NewValue=Run 1: Drilling;OldValue={ Not Set }
43194.102155081,DeliverablesSetup,UI Framework,Switch View,Click,ToolbarButton,Deliverables Display View,UIInteraction,
43194.1022656597,DeliverablesSetup,Deliverables - Digital,Create Publish Digital Deliverable,Click,ContextMenu,Create/Publish,UIInteraction,ComponentName=Run 1  Drilling [1];ComponentCode=Component_Template_Las;DelivTemplateGuid=575C710D-782E-448B-870C-3BD0993AD20D;DelivTemplatePropertyData=<gp:GraphicalFormat xmlns:gp="urn:horizon:GraphicalProductCatalogSchema"><gp:Name>Template</gp:Name><gp:Component_Code>Component_Template_Las</gp:Component_Code><gp:Component_Format_Ref></gp:Component_Format_Ref><gp:Properties><gp:Property><gp:Key>Type</gp:Key><gp:Value>Las</gp:Value></gp:Property><gp:Property><gp:Key>CDDI_Availability</gp:Key><gp:Value>Producer</gp:Value></gp:Property><gp:Property><gp:Key>Data_Assignment</gp:Key><gp:Value>74C6A193-28FB-491E-9B55-C649AD486D9C</gp:Value></gp:Property><gp:Property><gp:Key>File_Destination</gp:Key><gp:Value>C:\Schlumberger Horizon Data\10MSA0091\Deliverable\Digital\LAS\</gp:Value></gp:Property><gp:Property><gp:Key>File_Name</gp:Key><gp:Value>Run_1__Drilling_1_.las</gp:Value></gp:Property><gp:Property><gp:Key>Index_Direction</gp:Key><gp:Value>UP</gp:Value></gp:Property><gp:Property><gp:Key>Index</gp:Key><gp:Value>Depth</gp:Value></gp:Property><gp:Property><gp:Key>Publish</gp:Key><gp:Value>No</gp:Value></gp:Property><gp:Property><gp:Key>Publisher</gp:Key><gp:Value /></gp:Property><gp:Property><gp:Key>Update_In_Real_Time</gp:Key><gp:Value>No</gp:Value></gp:Property><gp:Property><gp:Key>Survey_Type</gp:Key><gp:Value>None</gp:Value></gp:Property><gp:Property><gp:Key>_Top</gp:Key><gp:Value></gp:Value></gp:Property><gp:Property><gp:Key>Bottom</gp:Key><gp:Value></gp:Value></gp:Property><gp:Property><gp:Key>Start</gp:Key><gp:Value></gp:Value></gp:Property><gp:Property><gp:Key>Stop</gp:Key><gp:Value></gp:Value></gp:Property><gp:Property><gp:Key>Survey_Start</gp:Key><gp:Value></gp:Value></gp:Property><gp:Property><gp:Key>Survey_Stop</gp:Key><gp:Value></gp:Value></gp:Property><gp:Property><gp:Key>Depth_Step_Interval</gp:Key><gp:Value>0.05 m</gp:Value></gp:Property><gp:Property><gp:Key>Time_Step_Interval</gp:Key><gp:Value>10 sec</gp:Value></gp:Property><gp:Property><gp:Key>Unit_System</gp:Key><gp:Value>PEMEX10MSA009109MAR14</gp:Value></gp:Property><gp:Property><gp:Key>Output_Type</gp:Key><gp:Value>LAS Version 2.0</gp:Value></gp:Property><gp:Property><gp:Key>Index_Format</gp:Key><gp:Value>10.4</gp:Value></gp:Property><gp:Property><gp:Key>Style</gp:Key><gp:Value>SPACE</gp:Value></gp:Property><gp:Property><gp:Key>Wrap_Lines</gp:Key><gp:Value>No</gp:Value></gp:Property><gp:Property><gp:Key>Extra_Channel_Info</gp:Key><gp:Value>Yes</gp:Value></gp:Property><gp:Property><gp:Key>Interpolation</gp:Key><gp:Value>No</gp:Value></gp:Property><gp:Property><gp:Key>Null_Value</gp:Key><gp:Value>-999.25</gp:Value></gp:Property><gp:Property><gp:Key>Decimal_Length</gp:Key><gp:Value>6</gp:Value></gp:Property><gp:Property><gp:Key>Channel_Decimal_Length</gp:Key><gp:Value>Same As Decimal_Length</gp:Value></gp:Property><gp:Property><gp:Key>Index_Decimal_Length</gp:Key><gp:Value>Same As Decimal_Length</gp:Value></gp:Property><gp:PropertiesSnippetVersion>1.1</gp:PropertiesSnippetVersion></gp:Properties></gp:GraphicalFormat>
43194.1034997917,DeliverablesSetup,Deliverables - Digital,Create Publish Digital Deliverable,Click,ContextMenu,Create/Publish,UIInteraction,ComponentName=DLIS Custom;ComponentCode=Component_Template_Dlis;DelivTemplateGuid=499474E5-C916-4509-B6DD-2BE6E4AE7C58;DelivTemplatePropertyData=<gp:GraphicalFormat xmlns:gp="urn:horizon:GraphicalProductCatalogSchema"><gp:Name>Template</gp:Name><gp:Component_Code>Component_Template_Dlis</gp:Component_Code><gp:Component_Format_Ref></gp:Component_Format_Ref><gp:Properties><gp:Property><gp:Key>Type</gp:Key><gp:Value>Dlis</gp:Value></gp:Property><gp:Property><gp:Key>DataAssignment_Type</gp:Key><gp:Value>Single Pass</gp:Value></gp:Property><gp:Property><gp:Key>CDDI_Availability</gp:Key><gp:Value>Producer</gp:Value></gp:Property><gp:Property><gp:Key>Data_Assignment</gp:Key><gp:Value>7C69C57D-C2D2-464A-A759-A16C04C98E6E</gp:Value></gp:Property><gp:Property><gp:Key>Proxy_Data_Assignment</gp:Key><gp:Value /></gp:Property><gp:Property><gp:Key>File_Destination</gp:Key><gp:Value>C:\Schlumberger Horizon Data\10MSA0091\Deliverable\Digital\DLIS\</gp:Value></gp:Property><gp:Property><gp:Key>File_Name</gp:Key><gp:Value>ConPr_Well_Composite_DLIS_Custom_Custom.dlis</gp:Value></gp:Property><gp:Property><gp:Key>Index</gp:Key><gp:Value>Depth</gp:Value></gp:Property><gp:Property><gp:Key>Publish</gp:Key><gp:Value>No</gp:Value></gp:Property><gp:Property><gp:Key>Publisher</gp:Key><gp:Value /></gp:Property><gp:Property><gp:Key>LoadToRTDB</gp:Key><gp:Value>No</gp:Value></gp:Property><gp:Property><gp:Key>Update_In_Real_Time</gp:Key><gp:Value>No</gp:Value></gp:Property><gp:Property><gp:Key>_Top</gp:Key><gp:Value></gp:Value></gp:Property><gp:Property><gp:Key>Bottom</gp:Key><gp:Value></gp:Value></gp:Property><gp:Property><gp:Key>Start</gp:Key><gp:Value></gp:Value></gp:Property><gp:Property><gp:Key>Stop</gp:Key><gp:Value></gp:Value></gp:Property><gp:Property><gp:Key>Unit_System</gp:Key><gp:Value>PEMEX10MSA009109MAR14</gp:Value></gp:Property><gp:Property><gp:Key>DLIS_Compatibility</gp:Key><gp:Value>Hz Converted</gp:Value></gp:Property><gp:Property><gp:Key>Preferred_Source_Pass</gp:Key><gp:Value>74C6A193-28FB-491E-9B55-C649AD486D9C</gp:Value></gp:Property><gp:Property><gp:Key>Reduced_DLIS</gp:Key><gp:Value>No</gp:Value></gp:Property><gp:Property><gp:Key>Channel_Property</gp:Key><gp:Value>RT&ampRM</gp:Value></gp:Property><gp:Property><gp:Key>Absent_Values_of_Pass_Start_End</gp:Key><gp:Value>Fill-up</gp:Value></gp:Property><gp:Property><gp:Key>ToolSpecificDLIS</gp:Key><gp:Value>No</gp:Value></gp:Property><gp:Property><gp:Key>Channel_Confliction</gp:Key><gp:Value>Include Duplicate Channel Names</gp:Value></gp:Property><gp:Property><gp:Key>HIDE</gp:Key><gp:Value></gp:Value></gp:Property><gp:Property><gp:Key>HID1</gp:Key><gp:Value></gp:Value></gp:Property><gp:Property><gp:Key>HID2</gp:Key><gp:Value></gp:Value></gp:Property><gp:Property><gp:Key>OS1</gp:Key><gp:Value></gp:Value></gp:Property><gp:Property><gp:Key>OS2</gp:Key><gp:Value /></gp:Property><gp:Property><gp:Key>OS3</gp:Key><gp:Value /></gp:Property><gp:Property><gp:Key>OS4</gp:Key><gp:Value /></gp:Property><gp:Property><gp:Key>OS5</gp:Key><gp:Value /></gp:Property><gp:Property><gp:Key>TDL</gp:Key><gp:Value>15240.0004413504 m</gp:Value></gp:Property><gp:Property><gp:Key>CBL</gp:Key><gp:Value></gp:Value></gp:Property><gp:Property><gp:Key>CBL1</gp:Key><gp:Value></gp:Value></gp:Property><gp:Property><gp:Key>CBL2</gp:Key><gp:Value></gp:Value></gp:Property><gp:Property><gp:Key>CBL3</gp:Key><gp:Value></gp:Value></gp:Property><gp:Property><gp:Key>CBL4</gp:Key><gp:Value></gp:Value></gp:Property><gp:Property><gp:Key>CBL5</gp:Key><gp:Value></gp:Value></gp:Property><gp:Property><gp:Key>CBL6</gp:Key><gp:Value></gp:Value></gp:Property><gp:Property><gp:Key>CBL7</gp:Key><gp:Value></gp:Value></gp:Property><gp:Property><gp:Key>CBL8</gp:Key><gp:Value></gp:Value></gp:Property><gp:Property><gp:Key>CBL9</gp:Key><gp:Value></gp:Value></gp:Property><gp:Property><gp:Key>CBL10</gp:Key><gp:Value></gp:Value></gp:Property><gp:Property><gp:Key>DATE</gp:Key><gp:Value>09/03/2014</gp:Value></gp:Property><gp:PropertiesSnippetVersion>1.6</gp:PropertiesSnippetVersion></gp:Properties></gp:GraphicalFormat>
43194.1039738542,DeliverablesSetup,Deliverables - Digital,Create Publish Digital Deliverable,Click,ContextMenu,Create/Publish,UIInteraction,ComponentName=Run 1  Drilling;ComponentCode=Component_Template_Dlis;DelivTemplateGuid=5F25DC2A-22C9-4CB7-BC52-F7523E3A499F;DelivTemplatePropertyData=<gp:GraphicalFormat xmlns:gp="urn:horizon:GraphicalProductCatalogSchema"><gp:Name>Template</gp:Name><gp:Component_Code>Component_Template_Dlis</gp:Component_Code><gp:Component_Format_Ref></gp:Component_Format_Ref><gp:Properties><gp:Property><gp:Key>Type</gp:Key><gp:Value>Dlis</gp:Value></gp:Property><gp:Property><gp:Key>DataAssignment_Type</gp:Key><gp:Value>Single Pass</gp:Value></gp:Property><gp:Property><gp:Key>CDDI_Availability</gp:Key><gp:Value>Producer</gp:Value></gp:Property><gp:Property><gp:Key>Data_Assignment</gp:Key><gp:Value>74C6A193-28FB-491E-9B55-C649AD486D9C</gp:Value></gp:Property><gp:Property><gp:Key>Proxy_Data_Assignment</gp:Key><gp:Value /></gp:Property><gp:Property><gp:Key>File_Destination</gp:Key><gp:Value>C:\Schlumberger Horizon Data\10MSA0091\Deliverable\Digital\DLIS\</gp:Value></gp:Property><gp:Property><gp:Key>File_Name</gp:Key><gp:Value>ConPr_R01_Drill_ARC5_SHORT475_SONICSCOPE4_ADN4.dlis</gp:Value></gp:Property><gp:Property><gp:Key>Index</gp:Key><gp:Value>Depth</gp:Value></gp:Property><gp:Property><gp:Key>Publish</gp:Key><gp:Value>No</gp:Value></gp:Property><gp:Property><gp:Key>Publisher</gp:Key><gp:Value /></gp:Property><gp:Property><gp:Key>LoadToRTDB</gp:Key><gp:Value>No</gp:Value></gp:Property><gp:Property><gp:Key>Update_In_Real_Time</gp:Key><gp:Value>No</gp:Value></gp:Property><gp:Property><gp:Key>_Top</gp:Key><gp:Value></gp:Value></gp:Property><gp:Property><gp:Key>Bottom</gp:Key><gp:Value></gp:Value></gp:Property><gp:Property><gp:Key>Start</gp:Key><gp:Value></gp:Value></gp:Property><gp:Property><gp:Key>Stop</gp:Key><gp:Value></gp:Value></gp:Property><gp:Property><gp:Key>Unit_System</gp:Key><gp:Value>PEMEX10MSA009109MAR14</gp:Value></gp:Property><gp:Property><gp:Key>DLIS_Compatibility</gp:Key><gp:Value>Hz Converted</gp:Value></gp:Property><gp:Property><gp:Key>Preferred_Source_Pass</gp:Key><gp:Value></gp:Value></gp:Property><gp:Property><gp:Key>Reduced_DLIS</gp:Key><gp:Value>No</gp:Value></gp:Property><gp:Property><gp:Key>Channel_Property</gp:Key><gp:Value>RT&ampRM</gp:Value></gp:Property><gp:Property><gp:Key>Absent_Values_of_Pass_Start_End</gp:Key><gp:Value>Fill-up</gp:Value></gp:Property><gp:Property><gp:Key>ToolSpecificDLIS</gp:Key><gp:Value>No</gp:Value></gp:Property><gp:Property><gp:Key>Channel_Confliction</gp:Key><gp:Value>Include Duplicate Channel Names</gp:Value></gp:Property><gp:Property><gp:Key>HIDE</gp:Key><gp:Value></gp:Value></gp:Property><gp:Property><gp:Key>HID1</gp:Key><gp:Value></gp:Value></gp:Property><gp:Property><gp:Key>HID2</gp:Key><gp:Value></gp:Value></gp:Property><gp:Property><gp:Key>OS1</gp:Key><gp:Value></gp:Value></gp:Property><gp:Property><gp:Key>OS2</gp:Key><gp:Value /></gp:Property><gp:Property><gp:Key>OS3</gp:Key><gp:Value /></gp:Property><gp:Property><gp:Key>OS4</gp:Key><gp:Value /></gp:Property><gp:Property><gp:Key>OS5</gp:Key><gp:Value /></gp:Property><gp:Property><gp:Key>TDL</gp:Key><gp:Value>15240.0004413504 m</gp:Value></gp:Property><gp:Property><gp:Key>CBL</gp:Key><gp:Value></gp:Value></gp:Property><gp:Property><gp:Key>CBL1</gp:Key><gp:Value></gp:Value></gp:Property><gp:Property><gp:Key>CBL2</gp:Key><gp:Value></gp:Value></gp:Property><gp:Property><gp:Key>CBL3</gp:Key><gp:Value></gp:Value></gp:Property><gp:Property><gp:Key>CBL4</gp:Key><gp:Value></gp:Value></gp:Property><gp:Property><gp:Key>CBL5</gp:Key><gp:Value></gp:Value></gp:Property><gp:Property><gp:Key>CBL6</gp:Key><gp:Value></gp:Value></gp:Property><gp:Property><gp:Key>CBL7</gp:Key><gp:Value></gp:Value></gp:Property><gp:Property><gp:Key>CBL8</gp:Key><gp:Value></gp:Value></gp:Property><gp:Property><gp:Key>CBL9</gp:Key><gp:Value></gp:Value></gp:Property><gp:Property><gp:Key>CBL10</gp:Key><gp:Value></gp:Value></gp:Property><gp:Property><gp:Key>DATE</gp:Key><gp:Value>09/03/2014</gp:Value></gp:Property><gp:PropertiesSnippetVersion>1.6</gp:PropertiesSnippetVersion></gp:Properties></gp:GraphicalFormat>
43194.1047314352,DeliverablesSetup,Deliverables - Digital,Create Publish Digital Deliverable,Click,ContextMenu,Create/Publish,UIInteraction,ComponentName=WITS For Job;ComponentCode=Component_Template_Wits;DelivTemplateGuid=08CAE4E1-242B-495F-A4BA-C3F7F9376600;DelivTemplatePropertyData=<gp:GraphicalFormat xmlns:gp="urn:horizon:GraphicalProductCatalogSchema"><gp:Name>Template</gp:Name><gp:Component_Code>Component_Template_Wits</gp:Component_Code><gp:Component_Format_Ref></gp:Component_Format_Ref><gp:Properties><gp:Property><gp:Key>Type</gp:Key><gp:Value>Wits</gp:Value></gp:Property><gp:Property><gp:Key>Data_Assignment</gp:Key><gp:Value>74C6A193-28FB-491E-9B55-C649AD486D9C</gp:Value></gp:Property><gp:Property><gp:Key>File_Destination</gp:Key><gp:Value>C:\Schlumberger Horizon Data\10MSA0091\Deliverable\Digital\WITS\</gp:Value></gp:Property><gp:Property><gp:Key>File_Name</gp:Key><gp:Value>WITS_For_Job.wits</gp:Value></gp:Property><gp:Property><gp:Key>Index</gp:Key><gp:Value>Depth</gp:Value></gp:Property><gp:Property><gp:Key>Publish</gp:Key><gp:Value>No</gp:Value></gp:Property><gp:Property><gp:Key>Publisher</gp:Key><gp:Value /></gp:Property><gp:Property><gp:Key>Update_In_Real_Time</gp:Key><gp:Value>No</gp:Value></gp:Property><gp:Property><gp:Key>Allow_Historical_Data</gp:Key><gp:Value>Yes</gp:Value></gp:Property><gp:Property><gp:Key>_Top</gp:Key><gp:Value></gp:Value></gp:Property><gp:Property><gp:Key>Bottom</gp:Key><gp:Value></gp:Value></gp:Property><gp:Property><gp:Key>Start</gp:Key><gp:Value></gp:Value></gp:Property><gp:Property><gp:Key>Stop</gp:Key><gp:Value></gp:Value></gp:Property><gp:Property><gp:Key>Time_Step_Interval</gp:Key><gp:Value>30 sec</gp:Value></gp:Property><gp:Property><gp:Key>Unit_System</gp:Key><gp:Value>PEMEX10MSA009109MAR14</gp:Value></gp:Property><gp:PropertiesSnippetVersion>1.1</gp:PropertiesSnippetVersion></gp:Properties></gp:GraphicalFormat>
43194.1048990857,DeliverablesSetup,Deliverables - Digital,Create Publish Digital Deliverable,Click,ContextMenu,Create/Publish,UIInteraction,ComponentName=WITSML Custom;ComponentCode=Component_Template_Witsml;DelivTemplateGuid=FB55F00B-D468-41F1-BC92-B5265643A97A;DelivTemplatePropertyData=<gp:GraphicalFormat xmlns:gp="urn:horizon:GraphicalProductCatalogSchema"><gp:Name>Template</gp:Name><gp:Component_Code>Component_Template_Witsml</gp:Component_Code><gp:Component_Format_Ref></gp:Component_Format_Ref><gp:Properties><gp:Property><gp:Key>Type</gp:Key><gp:Value>Witsml</gp:Value></gp:Property><gp:Property><gp:Key>CDDI_Availability</gp:Key><gp:Value>Custom</gp:Value></gp:Property><gp:Property><gp:Key>Data_Assignment</gp:Key><gp:Value>7C69C57D-C2D2-464A-A759-A16C04C98E6E</gp:Value></gp:Property><gp:Property><gp:Key>File_Destination</gp:Key><gp:Value>C:\Schlumberger Horizon Data\10MSA0091\Deliverable\Digital\WITSML\</gp:Value></gp:Property><gp:Property><gp:Key>Index</gp:Key><gp:Value>Depth</gp:Value></gp:Property><gp:Property><gp:Key>Publish</gp:Key><gp:Value>No</gp:Value></gp:Property><gp:Property><gp:Key>Publisher</gp:Key><gp:Value /></gp:Property><gp:Property><gp:Key>Update_In_Real_Time</gp:Key><gp:Value>No</gp:Value></gp:Property><gp:Property><gp:Key>Survey_Type</gp:Key><gp:Value>Detail</gp:Value></gp:Property><gp:Property><gp:Key>_Top</gp:Key><gp:Value></gp:Value></gp:Property><gp:Property><gp:Key>Bottom</gp:Key><gp:Value></gp:Value></gp:Property><gp:Property><gp:Key>Start</gp:Key><gp:Value></gp:Value></gp:Property><gp:Property><gp:Key>Stop</gp:Key><gp:Value></gp:Value></gp:Property><gp:Property><gp:Key>Survey_Start</gp:Key><gp:Value /></gp:Property><gp:Property><gp:Key>Survey_Stop</gp:Key><gp:Value /></gp:Property><gp:Property><gp:Key>Depth_Step_Interval</gp:Key><gp:Value>0.5 ft</gp:Value></gp:Property><gp:Property><gp:Key>Time_Step_Interval</gp:Key><gp:Value>30 sec</gp:Value></gp:Property><gp:Property><gp:Key>Unit_System</gp:Key><gp:Value>English</gp:Value></gp:Property><gp:Property><gp:Key>Include_BHA</gp:Key><gp:Value>Yes</gp:Value></gp:Property><gp:PropertiesSnippetVersion>1.1</gp:PropertiesSnippetVersion></gp:Properties></gp:GraphicalFormat>
43194.1048991319,DeliverablesSetup,Deliverables - Digital,Create Publish Digital Deliverable,,,creating WITSML...,UIInteraction,ComponentName=WITSML Custom;ComponentCode=Component_Template_Witsml;Publisher=
43194.1050630787,DeliverablesSetup,Deliverables - Digital,Create Publish Digital Deliverable,Click,ContextMenu,Create/Publish,UIInteraction,ComponentName=WITSML Standard (1);ComponentCode=Component_Template_Witsml;DelivTemplateGuid=6C653786-142B-4FF5-8670-6BEF259BA391;DelivTemplatePropertyData=<gp:GraphicalFormat xmlns:gp="urn:horizon:GraphicalProductCatalogSchema"><gp:Name>Template</gp:Name><gp:Component_Code>Component_Template_Witsml</gp:Component_Code><gp:Component_Format_Ref></gp:Component_Format_Ref><gp:Properties><gp:Property><gp:Key>Type</gp:Key><gp:Value>Witsml</gp:Value></gp:Property><gp:Property><gp:Key>CDDI_Availability</gp:Key><gp:Value>Customer</gp:Value></gp:Property><gp:Property><gp:Key>Data_Assignment</gp:Key><gp:Value>53BBA55D-2B11-4BAA-92CD-660A7619A6C8</gp:Value></gp:Property><gp:Property><gp:Key>File_Destination</gp:Key><gp:Value>C:\Schlumberger Horizon Data\10MSA0091\Deliverable\Digital\WITSML\</gp:Value></gp:Property><gp:Property><gp:Key>Index</gp:Key><gp:Value>Time</gp:Value></gp:Property><gp:Property><gp:Key>Publish</gp:Key><gp:Value>No</gp:Value></gp:Property><gp:Property><gp:Key>Publisher</gp:Key><gp:Value /></gp:Property><gp:Property><gp:Key>Update_In_Real_Time</gp:Key><gp:Value>No</gp:Value></gp:Property><gp:Property><gp:Key>Survey_Type</gp:Key><gp:Value>None</gp:Value></gp:Property><gp:Property><gp:Key>_Top</gp:Key><gp:Value></gp:Value></gp:Property><gp:Property><gp:Key>Bottom</gp:Key><gp:Value></gp:Value></gp:Property><gp:Property><gp:Key>Start</gp:Key><gp:Value></gp:Value></gp:Property><gp:Property><gp:Key>Stop</gp:Key><gp:Value></gp:Value></gp:Property><gp:Property><gp:Key>Survey_Start</gp:Key><gp:Value></gp:Value></gp:Property><gp:Property><gp:Key>Survey_Stop</gp:Key><gp:Value></gp:Value></gp:Property><gp:Property><gp:Key>Depth_Step_Interval</gp:Key><gp:Value>0.5 ft</gp:Value></gp:Property><gp:Property><gp:Key>Time_Step_Interval</gp:Key><gp:Value>60 sec</gp:Value></gp:Property><gp:Property><gp:Key>Unit_System</gp:Key><gp:Value>English</gp:Value></gp:Property><gp:Property><gp:Key>Include_BHA</gp:Key><gp:Value>Yes</gp:Value></gp:Property><gp:PropertiesSnippetVersion>1.1</gp:PropertiesSnippetVersion></gp:Properties></gp:GraphicalFormat>
43194.1050630903,DeliverablesSetup,Deliverables - Digital,Create Publish Digital Deliverable,,,creating WITSML...,UIInteraction,ComponentName=WITSML Standard (1);ComponentCode=Component_Template_Witsml;Publisher=
43194.1087866551,DeliverablesSetup,Deliverables - Digital,Create Job Archive,Click,ContextMenu,Create,UIInteraction,ArchiveGuid=E09BE155-D1C4-4FFA-B7CB-024573E4BFAF;JobArchiveType=3.0
43194.1107959143,DeliverablesSetup,UI Framework,Close Console,Click,Button,,UIInteraction,JobGuid=E09BE155-D1C4-4FFA-B7CB-024573E4BFAF
43194.1108308796,DeliverablesSetup,UI Framework,OK to Close Deliverables - Display Console,Click,Button,OK,UIInteraction,
43194.1108848843,,Console/Job Manager,Stop Job,Click,Button,Stop,UIInteraction,JobGuid=E09BE155-D1C4-4FFA-B7CB-024573E4BFAF
