Time,Process,Component,Operation,Action,Control,ControlText,Category,Context
43194.1212124653,,Console/Job Manager,Start Job,Click,Button,Start,UIInteraction,JobName=PerfoAdressDemo;WellName=bgc;ClientName=BGCAT;StartDate=4/4/2018 2:53 AM;Workflow=PerfoExpress;Simulator=True;UnitSystem=English;RTBackupDir=C:\Autobackup;JobSize=0;State=Available;SideTrackId=0;SessionID=D2E4CD17-7CAB-4019-A288-9DE6853D4365;SortOrder=1;JobGUID=58C3CF34-A4AA-41A4-89E3-AD2D37B0B1B9;WellGUID=FEC42FC4-A8F3-4F20-80EE-1C31893997AC;BoreholeGUID=7A6E954C-EE3E-43DF-B7A4-209BA717A488;MachineName=HPV04-009;UserName=Engineer;UserDomainName=HPV04-009;OS=Microsoft Windows NT 6.1.7601 Service Pack 1;StartedJobCount=0;TimeZone=00:00:00;IPAddress_1=192.168.178.67;IPAddress_2=::1;MWVersion=9.0.100745.3100
43194.1215540857,,Console/Job Manager,Start Setup Console,Click,Button,Start...,UIInteraction,JobGuid=58C3CF34-A4AA-41A4-89E3-AD2D37B0B1B9
43194.1216096991,Setup,Calibration,Select Calibration Report Type,Click,ComboBox,Technical Concise,UIInteraction,
43194.1217420718,Setup,UI Framework,Start Console,,,Setup - Job PerfoAdressDemo,UIAutomatic,
43194.1217662384,Setup,UI Framework,Switch Tab,Click,Tab,DnI Initializations,UIInteraction,
43194.1217785764,Setup,DnI/Survey,Select Decimal,Click,RadioButton,Decimal,UIInteraction,
43194.1217979282,Setup,DnI/Survey,Enter Latitude,Input,TextBox,40,UIInteraction,
43194.1218075347,Setup,DnI/Survey,Enter Longitude,Input,TextBox,116,UIInteraction,
43194.1218181134,Setup,UI Framework,Switch Tab,Click,Tab,Equipment,UIInteraction,
43194.1219145718,Setup,DnI/Survey,Select Permanent Datum,Click,ComboBox,Mean Sea Level,UIInteraction,
43194.1219202083,Setup,DnI/Survey,Select Log Measured From,Click,ComboBox,Drill Floor,UIInteraction,
43194.1219269676,Setup,DnI/Survey,Enter Elevation of 'Log Measured From',Input,TextBox,30,UIInteraction,LogMeasuredFrom=Drill Floor
43194.1219383681,Setup,UI Framework,Switch Tab,Click,Tab,DnI Initializations,UIInteraction,
43194.1219672801,Setup,DnI/Survey,Compute DnI/Elevation,Click,Button,Compute,UIInteraction,
43194.1220948958,Setup,UI Framework,Switch Tab,Click,Tab,Wellbore,UIInteraction,
43194.1220994444,Setup,Well Setup (Internal),Select Run Number,Click,ComboBox,1,UIInteraction,RunGuid=4E4DA99A-4C6C-4F8B-B7DC-1DF37D00ADEF
43194.1221120718,Setup,Well Setup (Internal),Enter Size for Bit Size,Update,GridCell,12.25,UIInteraction,Row=1;Column=Size (in);RunGuid=4E4DA99A-4C6C-4F8B-B7DC-1DF37D00ADEF
43194.1221542824,Setup,Well Setup (Internal),Enter Driller Bottom for Bit Size,Update,GridCell,300,UIInteraction,Row=1;Column=Driller Bottom (ft);RunGuid=4E4DA99A-4C6C-4F8B-B7DC-1DF37D00ADEF
43194.1221981713,Setup,Well Setup (Internal),Select Run Number,Click,ComboBox,1,UIInteraction,RunGuid=4E4DA99A-4C6C-4F8B-B7DC-1DF37D00ADEF
43194.1222037963,Setup,Well Setup (Internal),Add Row for Bit Size,Click,ToolbarButton,Add Row,UIInteraction,Row=2;RunGuid=4E4DA99A-4C6C-4F8B-B7DC-1DF37D00ADEF
43194.1222105324,Setup,Well Setup (Internal),Enter Size for Bit Size,Update,GridCell,9.875,UIInteraction,Row=2;Column=Size (in);RunGuid=4E4DA99A-4C6C-4F8B-B7DC-1DF37D00ADEF
43194.1222518981,Setup,Well Setup (Internal),Enter Driller Bottom for Bit Size,Update,GridCell,5000,UIInteraction,Row=2;Column=Driller Bottom (ft);RunGuid=4E4DA99A-4C6C-4F8B-B7DC-1DF37D00ADEF
43194.1222935764,Setup,Well Setup (Internal),Select Run Number,Click,ComboBox,1,UIInteraction,RunGuid=4E4DA99A-4C6C-4F8B-B7DC-1DF37D00ADEF
43194.1223039583,Setup,Well Setup (Internal),Enter Size for Casings,Update,GridCell,9.625,UIInteraction,Row=1;Column=Size (in);RunGuid=4E4DA99A-4C6C-4F8B-B7DC-1DF37D00ADEF
43194.1223444907,Setup,Well Setup (Internal),Enter Driller Top for Casings,Update,GridCell,0,UIInteraction,Row=1;Column=Driller Top (ft);RunGuid=4E4DA99A-4C6C-4F8B-B7DC-1DF37D00ADEF
43194.1223857755,Setup,Well Setup (Internal),Enter Driller Bottom for Casings,Update,GridCell,300,UIInteraction,Row=1;Column=Driller Bottom (ft);RunGuid=4E4DA99A-4C6C-4F8B-B7DC-1DF37D00ADEF
43194.1224276505,Setup,Well Setup (Internal),Enter Weight for Casings,Update,GridCell,64.99,UIInteraction,Row=1;Column=Weight (lbm/ft);RunGuid=4E4DA99A-4C6C-4F8B-B7DC-1DF37D00ADEF
43194.1225183912,Setup,Well Setup (Internal),Enter Grade for Casings,Update,GridCell,H40,UIInteraction,Row=1;Column=Grade;RunGuid=4E4DA99A-4C6C-4F8B-B7DC-1DF37D00ADEF
43194.1225603704,Setup,Well Setup (Internal),Select Run Number,Click,ComboBox,1,UIInteraction,RunGuid=4E4DA99A-4C6C-4F8B-B7DC-1DF37D00ADEF
43194.1225659375,Setup,Well Setup (Internal),Add Row for Casings,Click,ToolbarButton,Add Row,UIInteraction,Row=2;RunGuid=4E4DA99A-4C6C-4F8B-B7DC-1DF37D00ADEF
43194.1225722454,Setup,Well Setup (Internal),Enter Size for Casings,Update,GridCell,5.5,UIInteraction,Row=2;Column=Size (in);RunGuid=4E4DA99A-4C6C-4F8B-B7DC-1DF37D00ADEF
43194.1226137732,Setup,Well Setup (Internal),Enter Driller Bottom for Casings,Update,GridCell,4000,UIInteraction,Row=2;Column=Driller Bottom (ft);RunGuid=4E4DA99A-4C6C-4F8B-B7DC-1DF37D00ADEF
43194.122655081,Setup,Well Setup (Internal),Enter Weight for Casings,Update,GridCell,45.3,UIInteraction,Row=2;Column=Weight (lbm/ft);RunGuid=4E4DA99A-4C6C-4F8B-B7DC-1DF37D00ADEF
43194.1227309144,Setup,Well Setup (Internal),Enter Grade for Casings,Update,GridCell,H50,UIInteraction,Row=2;Column=Grade;RunGuid=4E4DA99A-4C6C-4F8B-B7DC-1DF37D00ADEF
43194.1227679514,Setup,UI Framework,Switch Tab,Click,Tab,Equipment,UIInteraction,
43194.1227732292,Setup,Equipment,New ToolString,Click,ToolbarButton,New ToolString,UIInteraction,ToolstringName=New ToolString;ToolstringGuid=0C8C7570-7ACD-419E-82BF-89664CE113EE
43194.1228100347,Setup,Equipment,Rename ToolString,Input,TextBox,New ToolString,UIInteraction,ToolstringGuid=0C8C7570-7ACD-419E-82BF-89664CE113EE
43194.1228101042,Setup,Equipment,Rename ToolString,,,,UIAutomatic,State=Cancel
43194.1228151852,Setup,Equipment,Filter Equipment in Catalog,Input,TextBox,,UIInteraction,Text=HSD
43194.1228155093,Setup,Equipment,Filter Equipment in Catalog,Input,TextBox,,UIInteraction,Text=HSD
43194.1228181134,Setup,Equipment,Rename ToolString,Input,TextBox,New ToolString,UIInteraction,ToolstringGuid=0C8C7570-7ACD-419E-82BF-89664CE113EE
43194.1228198727,Setup,Equipment,Add Equipment from Catalog to ToolString,Click,ToolbarButton,Add to ToolString,UIInteraction,EquipmentName=HSD
43194.1228286806,Setup,Equipment,Filter Equipment in Catalog,Input,TextBox,,UIInteraction,Text=HSD
43194.1228287732,Setup,Equipment,Filter Equipment in Catalog,Input,TextBox,,UIInteraction,Text=HSD
43194.1228328704,Setup,Equipment,Add Equipment from Catalog to ToolString,Click,ToolbarButton,Add to ToolString,UIInteraction,EquipmentName=HSD
43194.1228372338,Setup,Equipment,Filter Equipment in Catalog,Input,TextBox,,UIInteraction,Text=HSD
43194.1228370718,Setup,Equipment,Filter Equipment in Catalog,Input,TextBox,,UIInteraction,Text=HSD
43194.1228416782,Setup,Equipment,Add Equipment from Catalog to ToolString,Click,ToolbarButton,Add to ToolString,UIInteraction,EquipmentName=HSD
43194.1228440278,Setup,Equipment,Filter Equipment in Catalog,Input,TextBox,,UIInteraction,Text=HSD
43194.1228441088,Setup,Equipment,Filter Equipment in Catalog,Input,TextBox,,UIInteraction,Text=HSD
43194.1228496644,Setup,Equipment,Add Equipment from Catalog to ToolString,Click,ToolbarButton,Add to ToolString,UIInteraction,EquipmentName=HSD
43194.1228520023,Setup,Equipment,Filter Equipment in Catalog,Input,TextBox,,UIInteraction,Text=HSD
43194.1228520833,Setup,Equipment,Filter Equipment in Catalog,Input,TextBox,,UIInteraction,Text=HSD
43194.1228577662,Setup,Equipment,Add Equipment from Catalog to ToolString,Click,ToolbarButton,Add to ToolString,UIInteraction,EquipmentName=HSD
43194.1228603472,Setup,Equipment,Filter Equipment in Catalog,Input,TextBox,,UIInteraction,Text=PGGT-CC
43194.1228658449,Setup,Equipment,Add Equipment from Catalog to ToolString,Click,ToolbarButton,Add to ToolString,UIInteraction,EquipmentName=PGGT-CC
43194.1228602431,Setup,Equipment,Filter Equipment in Catalog,Input,TextBox,,UIInteraction,Text=PGGT-CC
43194.1228697106,Setup,Equipment,Filter Equipment in Catalog,Input,TextBox,,UIInteraction,Text=MH-28
43194.1228698148,Setup,Equipment,Filter Equipment in Catalog,Input,TextBox,,UIInteraction,Text=MH-28
43194.1228745023,Setup,Equipment,Add Equipment from Catalog to ToolString,Click,ToolbarButton,Add to ToolString,UIInteraction,EquipmentName=MH-28
43194.1229339699,Setup,Equipment,Rename ToolString,Click,ContextMenu,Rename,UIInteraction,
43194.1229407639,Setup,Equipment,Rename ToolString,Input,TextBox,Run1_5Runs,UIInteraction,ToolstringGuid=0C8C7570-7ACD-419E-82BF-89664CE113EE
43194.122957419,Setup,Equipment,Copy ToolString,Click,ContextMenu,Create Copy,UIInteraction,Source TooStringGuid=0C8C7570-7ACD-419E-82BF-89664CE113EE;Source ToolString Name=Run1_5Runs
43194.1231281366,Setup,Equipment,Rename ToolString,Click,ContextMenu,Rename,UIInteraction,
43194.123134838,Setup,Equipment,Rename ToolString,Input,TextBox,Run2_1Run,UIInteraction,ToolstringGuid=0C982818-1C68-4AB7-AA12-40A4D539D7FD
43194.1231500926,Setup,Equipment,Delete Equipment,Click,ContextMenu,Delete,UIInteraction,EquipName=HSD[5];ToolPath=Run2_1Run:HSD[5]
43194.1232761921,Setup,Equipment,Delete Equipment,Click,ContextMenu,Delete,UIInteraction,EquipName=HSD[4];ToolPath=Run2_1Run:HSD[4]
43194.1233992361,Setup,Equipment,Delete Equipment,Click,ContextMenu,Delete,UIInteraction,EquipName=HSD[3];ToolPath=Run2_1Run:HSD[3]
43194.1235224537,Setup,Equipment,Delete Equipment,Click,ContextMenu,Delete,UIInteraction,EquipName=HSD[2];ToolPath=Run2_1Run:HSD[2]
43194.1236377199,Setup,UI Framework,Switch Tab,Click,Tab,Runs,UIInteraction,
43194.1236673495,Setup,Run Manager (Internal),Associate toolstring to run,Update,GridCell,Run1_5Runs,UIInteraction,RunGuid=4E4DA99A-4C6C-4F8B-B7DC-1DF37D00ADEF;ToolstringGuid=0C8C7570-7ACD-419E-82BF-89664CE113EE;DownholeEquipments=HSDHSDHSDHSDHSDPGGT-CCMH-28;TSLevelActiveSurfaceEquips=DEPTH_DEVICETENSION_DEVICELOGGING_CABLEWAFEWITMWITMWITMWITMWITMWITM
43194.1238241667,Setup,Equipment,Close Toolstring Validation UI,Click,Button,Close,UIInteraction,ToolstringGuid=0C8C7570-7ACD-419E-82BF-89664CE113EE
43194.1238408218,Setup,Run Manager (Internal),Create new run,Click,ToolbarButton,New Run,UIInteraction,JobGuid=58C3CF34-A4AA-41A4-89E3-AD2D37B0B1B9
43194.1239639236,Setup,Run Manager (Internal),Associate toolstring to run,Update,GridCell,Run2_1Run,UIInteraction,RunGuid=5280ABEF-BBDF-47A5-AC37-2C0DADE9E031;ToolstringGuid=0C982818-1C68-4AB7-AA12-40A4D539D7FD;DownholeEquipments=HSDPGGT-CCMH-28;TSLevelActiveSurfaceEquips=DEPTH_DEVICETENSION_DEVICELOGGING_CABLEWAFEWITMWITM
43194.1248149306,Setup,Equipment,Close Toolstring Validation UI,Click,Button,Close,UIInteraction,ToolstringGuid=0C982818-1C68-4AB7-AA12-40A4D539D7FD
43194.1248213079,Setup,UI Framework,Switch Tab,Click,Tab,Perfo Express Configuration,UIInteraction,
43194.1266127546,Setup,UI Framework,Switch Tab,Click,Tab,Equipment,UIInteraction,
43194.1266270833,Setup,Equipment,Validate ToolString,Click,ContextMenu,Validate,UIInteraction,Validated State=TS_VALIDATION_VALID;Validated Message=<ToolStringValidation><ToolStringGuid>0C8C7570-7ACD-419E-82BF-89664CE113EE</ToolStringGuid><ToolStringName>Run1_5Runs</ToolStringName><SourceAction>Validate</SourceAction><IsAutomatic>FALSE</IsAutomatic></ToolStringValidation>
43194.1267509491,Setup,Equipment,Validate ToolString,Click,ContextMenu,Validate,UIInteraction,Validated State=TS_VALIDATION_VALID;Validated Message=<ToolStringValidation><ToolStringGuid>0C982818-1C68-4AB7-AA12-40A4D539D7FD</ToolStringGuid><ToolStringName>Run2_1Run</ToolStringName><SourceAction>Validate</SourceAction><IsAutomatic>FALSE</IsAutomatic></ToolStringValidation>
43194.1268615162,Setup,UI Framework,Switch Tab,Click,Tab,Client Requested Intervals,UIInteraction,
43194.1276136921,Setup,UI Framework,Switch Tab,Click,Tab,Depth Reference Table,UIInteraction,
43194.1277150579,Setup,Depth Reference Table,Add row for depth reference,Click,ToolbarButton,Add row,UIInteraction,
43194.1278143519,Setup,Depth Reference Table,Add row for depth reference,Click,ToolbarButton,Add row,UIInteraction,
43194.1279145833,Setup,Depth Reference Table,Add row for depth reference,Click,ToolbarButton,Add row,UIInteraction,
43194.1280141782,Setup,Depth Reference Table,Add row for depth reference,Click,ToolbarButton,Add row,UIInteraction,
43194.1281140278,Setup,Depth Reference Table,Add row for depth reference,Click,ToolbarButton,Add row,UIInteraction,
43194.1282136343,Setup,Depth Reference Table,Add row for depth reference,Click,ToolbarButton,Add row,UIInteraction,
43194.1283134606,Setup,Depth Reference Table,Add row for depth reference,Click,ToolbarButton,Add row,UIInteraction,
43194.1284126389,Setup,Depth Reference Table,Add row for depth reference,Click,ToolbarButton,Add row,UIInteraction,
43194.1285122685,Setup,Depth Reference Table,Add row for depth reference,Click,ToolbarButton,Add row,UIInteraction,
43194.1286130324,Setup,Depth Reference Table,Add row for depth reference,Click,ToolbarButton,Add row,UIInteraction,
43194.1287140278,Setup,Depth Reference Table,Add row for depth reference,Click,ToolbarButton,Add row,UIInteraction,
43194.1288143866,Setup,Depth Reference Table,Add row for depth reference,Click,ToolbarButton,Add row,UIInteraction,
43194.1289140972,Setup,Depth Reference Table,Add row for depth reference,Click,ToolbarButton,Add row,UIInteraction,
43194.1290161227,Setup,Depth Reference Table,Add row for depth reference,Click,ToolbarButton,Add row,UIInteraction,
43194.1291180324,Setup,Depth Reference Table,Add row for depth reference,Click,ToolbarButton,Add row,UIInteraction,
43194.1292578357,Setup,Depth Reference Table,Save depth reference,Click,ToolbarButton,Save Depth References,UIInteraction,FilePath=C:\Schlumberger Horizon Data\PerfoAdressDemo\prodemo.xls
43194.1295636111,Setup,Depth Reference Table,Import depth reference file,Click,ToolbarButton,Import Depth References,UIInteraction,FilePath=C:\Schlumberger Horizon Data\PerfoAdressDemo\prodemo.xls
43194.1296376852,,Console/Job Manager,Start Deliverables Console,Click,Button,Start...,UIInteraction,JobGuid=58C3CF34-A4AA-41A4-89E3-AD2D37B0B1B9
43194.1297181366,DeliverablesSetup,Tier Manager,Tier Template Created for Tools in My Equipment,,,HSD Tier Created,Deliverables Console,
43194.1297188657,DeliverablesSetup,Tier Manager,Tier Template Created for Tools in My Equipment,,,PGGT-CC Tier Created,Deliverables Console,
43194.1298015972,DeliverablesSetup,UI Framework,Start Console,,,Deliverables Console Setup - Job PerfoAdressDemo,UIAutomatic,
43194.1298284606,DeliverablesSetup,UI Framework,Switch View,Click,ToolbarButton,Deliverables Display View,UIInteraction,
43194.1299039352,DeliverablesSetup,Deliverables - Digital,Create Job Archive,Click,ContextMenu,Create,UIInteraction,ArchiveGuid=58C3CF34-A4AA-41A4-89E3-AD2D37B0B1B9;JobArchiveType=3.0
43194.1301968171,DeliverablesSetup,UI Framework,Close Console,Click,Button,,UIInteraction,JobGuid=58C3CF34-A4AA-41A4-89E3-AD2D37B0B1B9
43194.1302343634,DeliverablesSetup,UI Framework,OK to Close Deliverables - Display Console,Click,Button,OK,UIInteraction,
43194.1303143403,,Console/Job Manager,Stop Setup Console,Click,Button,Stop,UIInteraction,JobGuid=58C3CF34-A4AA-41A4-89E3-AD2D37B0B1B9
43194.1304000694,,Console/Job Manager,Stop Job,Click,Button,Stop,UIInteraction,JobGuid=58C3CF34-A4AA-41A4-89E3-AD2D37B0B1B9
