Time,Process,Component,Operation,Action,Control,ControlText,Category,Context
43194.1953826505,,Console/Job Manager,Start Job,Click,Button,Start,UIInteraction,JobName=HGNS-H;WellName=BGC;ClientName=BGC;StartDate=4/4/2018 4:41 AM;Workflow=Wireline;Simulator=False;UnitSystem=English;JobSize=0;State=Available;SideTrackId=0;SessionID=99A7E05B-4C47-40EA-B133-B928CE684066;SortOrder=1;JobGUID=28DEB318-D46E-4E74-A944-1465880A12F0;WellGUID=3D4B1172-3042-4155-82B3-04D9867CD445;BoreholeGUID=FDA33C32-C437-4D50-A92D-969705AD0FC8;MachineName=HPV11-008;UserName=Engineer;UserDomainName=HPV11-008;OS=Microsoft Windows NT 6.1.7601 Service Pack 1;StartedJobCount=0;TimeZone=00:00:00;IPAddress_1=192.168.178.2;IPAddress_2=::1;MWVersion=9.0.100745.3100
43194.1961787963,,Console/Job Manager,Stop Job,Click,Button,Stop,UIInteraction,JobGuid=28DEB318-D46E-4E74-A944-1465880A12F0
43194.196335706,,Console/Job Manager,Start Job,Click,Button,Start,UIInteraction,JobName=HGNS-H;WellName=BGC;ClientName=BGC;StartDate=4/4/2018 4:41 AM;Workflow=Wireline;Simulator=False;UnitSystem=English;RTBackupDir=C:\Autobackup;JobSize=29.9;State=Available;SideTrackId=0;SessionID=99A7E05B-4C47-40EA-B133-B928CE684066;SortOrder=1;JobGUID=28DEB318-D46E-4E74-A944-1465880A12F0;WellGUID=3D4B1172-3042-4155-82B3-04D9867CD445;BoreholeGUID=FDA33C32-C437-4D50-A92D-969705AD0FC8;MachineName=HPV11-008;UserName=Engineer;UserDomainName=HPV11-008;OS=Microsoft Windows NT 6.1.7601 Service Pack 1;StartedJobCount=0;TimeZone=00:00:00;IPAddress_1=192.168.178.2;IPAddress_2=::1;MWVersion=9.0.100745.3100
43194.1964755324,,Console/Job Manager,Start Deliverables Console,Click,Button,Start...,UIInteraction,JobGuid=28DEB318-D46E-4E74-A944-1465880A12F0
43194.1966119444,DeliverablesSetup,Tier Manager,Tier Template Created for Tools in My Equipment,,,PEQL Tier Created,Deliverables Console,
43194.1966120718,DeliverablesSetup,Tier Manager,Tier Template Created for Tools in My Equipment,,,HDRS-H Tier Created,Deliverables Console,
43194.1966122454,DeliverablesSetup,Tier Manager,Tier Template Created for Tools in My Equipment,,,HENVIR Tier Created,Deliverables Console,
43194.1966123727,DeliverablesSetup,Tier Manager,Tier Template Created for Tools in My Equipment,,,HGNS-H Tier Created,Deliverables Console,
43194.1966126852,DeliverablesSetup,Tier Manager,Tier Template Created for Tools in My Equipment,,,AIT-M Tier Created,Deliverables Console,
43194.1966185764,DeliverablesSetup,Computation / Recomputation,ProcessRecomputeState,,,,UIAutomatic,JobGuid=28DEB318-D46E-4E74-A944-1465880A12F0;State=UIS_RECOMPUTATION_STATE_IN_PROGRESS;Scope=JobScope;RecompPercentageComplete=52.1962440297343;MultipleRunsAffected=False;ActiveRunAffected=False;ActiveRunInProgress=False;RunCount=1;Run0Change0=DataImport;Run0Guid=73BF939A-5BE3-4390-92B2-3B3F7FF5A467
43194.1966218287,DeliverablesSetup,UI Framework,Start Console,,,Deliverables Console Setup - Job HGNS-H,UIAutomatic,
43194.1967570833,DeliverablesSetup,Computation / Recomputation,ProcessRecomputeState,,,,UIAutomatic,JobGuid=28DEB318-D46E-4E74-A944-1465880A12F0;State=UIS_RECOMPUTATION_STATE_SUCCEEDED;Scope=JobScope;RecompPercentageComplete=;MultipleRunsAffected=False;ActiveRunAffected=False;ActiveRunInProgress=False;RunCount=1;Run0Change0=DataImport;Run0Guid=73BF939A-5BE3-4390-92B2-3B3F7FF5A467
43194.1969931944,DeliverablesSetup,Deliverables - Digital,Delete Template,Click,ContextMenu,Delete,UIInteraction,ComponentName=New Template;ComponentCode=Component_Template_Dlis;DelivTemplateGuid=ABE2523E-51BC-4085-A41B-B7BDD5917F2A
43194.1970461227,DeliverablesSetup,Deliverables - Digital,Add Digital Template,Click,ContextMenu,DLIS,UIInteraction,
43194.1970712616,DeliverablesSetup,Deliverables - Graphical,Add Catalog Format to Template,Click,ToolbarButton,Add to Template,UIInteraction,ComponentName=DLIS Standard;ComponentCode=Component_StandardDlis_Format
43194.1970782986,DeliverablesSetup,Deliverables - Graphical,Add Catalog Format to Template,Click,ContextMenu,New Template,UIInteraction,ComponentName=DLIS Standard;ComponentCode=Component_StandardDlis_Format
43194.1971589236,DeliverablesSetup,Deliverables - Digital,Add Template to Deliverable,Click,ContextMenu,Job,UIInteraction,ComponentName=DLIS Standard;ComponentCode=Component_Template_Dlis
43194.1974546412,DeliverablesSetup,Deliverables - Digital,Change Property,Click,CDDIAvailabilityConverter,CDDI_Availability,UIInteraction,NewValue=Producer;OldValue=Customer
43194.1974546065,DeliverablesSetup,Deliverables - Digital,Change Digital Properties,Click,ComboBox,CDDI_Availability,UIInteraction,DeliverableType=DLIS;ChangedProperty=CDDI_Availability;OldValue=Customer;NewValue=Producer
43194.1977386227,DeliverablesSetup,Data Explorer,Change Current Focused Item,,,,UIAutomatic,EntityName=Run 1;EntityType=16;EntityGuid=73BF939A-5BE3-4390-92B2-3B3F7FF5A467
43194.1977550579,DeliverablesSetup,Data Explorer,Click OK Button,Click,Button,OK,UIInteraction,Selection=Log[1]:Up____9375.53 (ft)_8538.87 (ft)_Repeat Pass
43194.1977562153,DeliverablesSetup,Deliverables - Digital,Change Property,Click,TypeConverter,Data_Assignment,UIInteraction,NewValue=pex-mlt: Log[1]:Up;OldValue={ Not Set }
43194.1977562037,DeliverablesSetup,Deliverables - Digital,Change Digital Properties,Click,ComboBox,Data_Assignment,UIInteraction,DeliverableType=DLIS;ChangedProperty=Data_Assignment;OldValue={ Not Set };NewValue=pex-mlt: Log[1]:Up
43194.1978846065,DeliverablesSetup,UI Framework,Switch View,Click,ToolbarButton,Deliverables Display View,UIInteraction,
43194.1980028356,DeliverablesSetup,Deliverables - Digital,Create Publish Digital Deliverable,Click,ContextMenu,Create/Publish...,UIInteraction,ComponentName=pex-mlt  Log[1] Up;ComponentCode=Component_Template_Dlis;DelivTemplateGuid=5634E9FA-DC42-46AE-B78F-E0D156B06B77;DelivTemplatePropertyData=<gp:GraphicalFormat xmlns:gp="urn:horizon:GraphicalProductCatalogSchema"><gp:Name>Template</gp:Name><gp:Component_Code>Component_Template_Dlis</gp:Component_Code><gp:Component_Format_Ref></gp:Component_Format_Ref><gp:Properties><gp:Property><gp:Key>Type</gp:Key><gp:Value>Dlis</gp:Value></gp:Property><gp:Property><gp:Key>DataAssignment_Type</gp:Key><gp:Value>Single Pass</gp:Value></gp:Property><gp:Property><gp:Key>CDDI_Availability</gp:Key><gp:Value>Producer</gp:Value></gp:Property><gp:Property><gp:Key>Data_Assignment</gp:Key><gp:Value>A86F003E-F7E9-4139-B04B-8ED406224A76</gp:Value></gp:Property><gp:Property><gp:Key>Proxy_Data_Assignment</gp:Key><gp:Value /></gp:Property><gp:Property><gp:Key>File_Destination</gp:Key><gp:Value>C:\Schlumberger Horizon Data\HGNS-H\Deliverable\Digital\DLIS\</gp:Value></gp:Property><gp:Property><gp:Key>File_Name</gp:Key><gp:Value>ConPr_R01_L001Up_AIT_HDRS_HGNS_MLT.dlis</gp:Value></gp:Property><gp:Property><gp:Key>Index</gp:Key><gp:Value>Depth</gp:Value></gp:Property><gp:Property><gp:Key>Publish</gp:Key><gp:Value>No</gp:Value></gp:Property><gp:Property><gp:Key>Publisher</gp:Key><gp:Value /></gp:Property><gp:Property><gp:Key>LoadToRTDB</gp:Key><gp:Value>No</gp:Value></gp:Property><gp:Property><gp:Key>Update_In_Real_Time</gp:Key><gp:Value>No</gp:Value></gp:Property><gp:Property><gp:Key>_Top</gp:Key><gp:Value></gp:Value></gp:Property><gp:Property><gp:Key>Bottom</gp:Key><gp:Value></gp:Value></gp:Property><gp:Property><gp:Key>Start</gp:Key><gp:Value></gp:Value></gp:Property><gp:Property><gp:Key>Stop</gp:Key><gp:Value></gp:Value></gp:Property><gp:Property><gp:Key>Unit_System</gp:Key><gp:Value>English</gp:Value></gp:Property><gp:Property><gp:Key>DLIS_Compatibility</gp:Key><gp:Value>Hz Converted</gp:Value></gp:Property><gp:Property><gp:Key>Preferred_Source_Pass</gp:Key><gp:Value></gp:Value></gp:Property><gp:Property><gp:Key>Reduced_DLIS</gp:Key><gp:Value>No</gp:Value></gp:Property><gp:Property><gp:Key>Channel_Property</gp:Key><gp:Value /></gp:Property><gp:Property><gp:Key>Channel_Confliction</gp:Key><gp:Value>Include Duplicate Channel Names</gp:Value></gp:Property><gp:Property><gp:Key>HIDE</gp:Key><gp:Value /></gp:Property><gp:Property><gp:Key>HID1</gp:Key><gp:Value></gp:Value></gp:Property><gp:Property><gp:Key>HID2</gp:Key><gp:Value></gp:Value></gp:Property><gp:Property><gp:Key>OS1</gp:Key><gp:Value /></gp:Property><gp:Property><gp:Key>OS2</gp:Key><gp:Value /></gp:Property><gp:Property><gp:Key>OS3</gp:Key><gp:Value /></gp:Property><gp:Property><gp:Key>OS4</gp:Key><gp:Value /></gp:Property><gp:Property><gp:Key>OS5</gp:Key><gp:Value /></gp:Property><gp:PropertiesSnippetVersion>1.5</gp:PropertiesSnippetVersion></gp:Properties></gp:GraphicalFormat>
43194.1980458796,DeliverablesSetup,Deliverables - Digital,Create Publish Digital Deliverable,Click,ContextMenu,Create/Publish...,UIInteraction,ComponentName=pex-mlt  Log[1] Up;ComponentCode=Component_Template_Dlis;DelivTemplateGuid=5634E9FA-DC42-46AE-B78F-E0D156B06B77;DelivTemplatePropertyData=<gp:GraphicalFormat xmlns:gp="urn:horizon:GraphicalProductCatalogSchema"><gp:Name>Template</gp:Name><gp:Component_Code>Component_Template_Dlis</gp:Component_Code><gp:Component_Format_Ref></gp:Component_Format_Ref><gp:Properties><gp:Property><gp:Key>Type</gp:Key><gp:Value>Dlis</gp:Value></gp:Property><gp:Property><gp:Key>DataAssignment_Type</gp:Key><gp:Value>Single Pass</gp:Value></gp:Property><gp:Property><gp:Key>CDDI_Availability</gp:Key><gp:Value>Producer</gp:Value></gp:Property><gp:Property><gp:Key>Data_Assignment</gp:Key><gp:Value>A86F003E-F7E9-4139-B04B-8ED406224A76</gp:Value></gp:Property><gp:Property><gp:Key>Proxy_Data_Assignment</gp:Key><gp:Value /></gp:Property><gp:Property><gp:Key>File_Destination</gp:Key><gp:Value>C:\DataValidation\HGNS-H\History_Data\Dlis_HGNS-H_9.0.100745.3100\</gp:Value></gp:Property><gp:Property><gp:Key>File_Name</gp:Key><gp:Value>ConPr_R01_L001Up_AIT_HDRS_HGNS_MLT.dlis</gp:Value></gp:Property><gp:Property><gp:Key>Index</gp:Key><gp:Value>Depth</gp:Value></gp:Property><gp:Property><gp:Key>Publish</gp:Key><gp:Value>No</gp:Value></gp:Property><gp:Property><gp:Key>Publisher</gp:Key><gp:Value></gp:Value></gp:Property><gp:Property><gp:Key>LoadToRTDB</gp:Key><gp:Value>No</gp:Value></gp:Property><gp:Property><gp:Key>Update_In_Real_Time</gp:Key><gp:Value>No</gp:Value></gp:Property><gp:Property><gp:Key>_Top</gp:Key><gp:Value></gp:Value></gp:Property><gp:Property><gp:Key>Bottom</gp:Key><gp:Value></gp:Value></gp:Property><gp:Property><gp:Key>Start</gp:Key><gp:Value></gp:Value></gp:Property><gp:Property><gp:Key>Stop</gp:Key><gp:Value></gp:Value></gp:Property><gp:Property><gp:Key>Unit_System</gp:Key><gp:Value>English</gp:Value></gp:Property><gp:Property><gp:Key>DLIS_Compatibility</gp:Key><gp:Value>Hz Converted</gp:Value></gp:Property><gp:Property><gp:Key>Preferred_Source_Pass</gp:Key><gp:Value></gp:Value></gp:Property><gp:Property><gp:Key>Reduced_DLIS</gp:Key><gp:Value>No</gp:Value></gp:Property><gp:Property><gp:Key>Channel_Property</gp:Key><gp:Value /></gp:Property><gp:Property><gp:Key>Channel_Confliction</gp:Key><gp:Value>Include Duplicate Channel Names</gp:Value></gp:Property><gp:Property><gp:Key>HIDE</gp:Key><gp:Value /></gp:Property><gp:Property><gp:Key>HID1</gp:Key><gp:Value></gp:Value></gp:Property><gp:Property><gp:Key>HID2</gp:Key><gp:Value></gp:Value></gp:Property><gp:Property><gp:Key>OS1</gp:Key><gp:Value /></gp:Property><gp:Property><gp:Key>OS2</gp:Key><gp:Value /></gp:Property><gp:Property><gp:Key>OS3</gp:Key><gp:Value /></gp:Property><gp:Property><gp:Key>OS4</gp:Key><gp:Value /></gp:Property><gp:Property><gp:Key>OS5</gp:Key><gp:Value /></gp:Property><gp:PropertiesSnippetVersion>1.5</gp:PropertiesSnippetVersion></gp:Properties></gp:GraphicalFormat>
43194.1988349306,DeliverablesSetup,UI Framework,Switch View,Click,ToolbarButton,Deliverables Setup View,UIInteraction,
43194.1990279398,DeliverablesSetup,UI Framework,Close Console,Click,Button,,UIInteraction,JobGuid=28DEB318-D46E-4E74-A944-1465880A12F0
43194.1990663079,DeliverablesSetup,UI Framework,OK to Close Deliverables Console Setup Console,Click,Button,OK,UIInteraction,
43194.1991221528,,Console/Job Manager,Stop Job,Click,Button,Stop,UIInteraction,JobGuid=28DEB318-D46E-4E74-A944-1465880A12F0
