Time,Process,Component,Operation,Action,Control,ControlText,Category,Context
43194.1833661806,,Console/Job Manager,Start Job,Click,Button,Start,UIInteraction,JobName=NEXT-C;WellName=HFE;ClientName=BGCAT;StartDate=4/4/2018 4:23 AM;Workflow=Wireline;Simulator=True;UnitSystem=English;RTBackupDir=C:\Autobackup;JobSize=0;State=Available;SideTrackId=0;SessionID=9BB760A8-1A4C-44C1-AB5B-F7CB8A2BEAA7;SortOrder=1;JobGUID=8C19AD50-F715-47C6-ADB9-FC218BFD211A;WellGUID=2230A004-FED0-4823-B121-D5146666999B;BoreholeGUID=D0D8B118-7ACD-4D59-8816-20B5DA3863E7;MachineName=HPV11-016;UserName=Engineer;UserDomainName=HPV11-016;OS=Microsoft Windows NT 6.1.7601 Service Pack 1;StartedJobCount=0;TimeZone=00:00:00;IPAddress_1=192.168.178.22;IPAddress_2=::1;MWVersion=9.0.100745.3100
43194.1834511806,,Console/Job Manager,Start Deliverables Console,Click,Button,Start...,UIInteraction,JobGuid=8C19AD50-F715-47C6-ADB9-FC218BFD211A
43194.1835412037,DeliverablesSetup,UI Framework,Start Console,,,Deliverables Console Setup - Job NEXT-C,UIAutomatic,
43194.1835590972,,Console/Job Manager,Start Setup Console,Click,Button,Start...,UIInteraction,JobGuid=8C19AD50-F715-47C6-ADB9-FC218BFD211A
43194.1836262037,Setup,Calibration,Select Calibration Report Type,Click,ComboBox,Technical Concise,UIInteraction,
43194.1837427315,Setup,UI Framework,Start Console,,,Setup - Job NEXT-C,UIAutomatic,
43194.1837921991,Setup,Equipment,New ToolString,Click,ToolbarButton,New ToolString,UIInteraction,ToolstringName=New ToolString;ToolstringGuid=945D9D5B-3623-40FE-93ED-0A2B24843D86
43194.1838288889,Setup,Equipment,Rename ToolString,Input,TextBox,NEXT-C,UIInteraction,ToolstringGuid=945D9D5B-3623-40FE-93ED-0A2B24843D86
43194.1838397222,Setup,Equipment,Filter Equipment in Catalog,Input,TextBox,,UIInteraction,Text=ILE-F
43194.1838454398,Setup,Equipment,Add Equipment from Catalog to ToolString,Click,ToolbarButton,Add to ToolString,UIInteraction,EquipmentName=ILE-F
43194.18384,Setup,Equipment,Filter Equipment in Catalog,Input,TextBox,,UIInteraction,Text=ILE-F
43194.1838481597,Setup,Equipment,Filter Equipment in Catalog,Input,TextBox,,UIInteraction,Text=NEXT-C
43194.1838482639,Setup,Equipment,Filter Equipment in Catalog,Input,TextBox,,UIInteraction,Text=NEXT-C
43194.1838535532,Setup,Equipment,Add Equipment from Catalog to ToolString,Click,ToolbarButton,Add to ToolString,UIInteraction,EquipmentName=NEXT-C
43194.1838647917,Setup,Equipment,Filter Equipment in Catalog,Input,TextBox,,UIInteraction,Text=ILE-F
43194.183864919,Setup,Equipment,Filter Equipment in Catalog,Input,TextBox,,UIInteraction,Text=ILE-F
43194.1838654282,DeliverablesSetup,Tier Manager,Tier Template Created for Tools in My Equipment,,,NEXT-C Tier Created,Deliverables Console,
43194.1838698495,Setup,Equipment,Add Equipment from Catalog to ToolString,Click,ToolbarButton,Add to ToolString,UIInteraction,EquipmentName=ILE-F
43194.1838721065,Setup,Equipment,Filter Equipment in Catalog,Input,TextBox,,UIInteraction,Text=EDTC-B
43194.1838722222,Setup,Equipment,Filter Equipment in Catalog,Input,TextBox,,UIInteraction,Text=EDTC-B
43194.1838842014,Setup,Equipment,Filter Equipment in Catalog,Input,TextBox,,UIInteraction,Text=LEH-Q
43194.1838843981,Setup,Equipment,Filter Equipment in Catalog,Input,TextBox,,UIInteraction,Text=LEH-Q
43194.1838780903,Setup,Equipment,Add Equipment from Catalog to ToolString,Click,ToolbarButton,Add to ToolString,UIInteraction,EquipmentName=EDTC-B
43194.1838892708,Setup,Equipment,Add Equipment from Catalog to ToolString,Click,ToolbarButton,Add to ToolString,UIInteraction,EquipmentName=LEH-Q
43194.1839686574,Setup,Properties & Parameters,Show Infrequent Properties/Parameters,Click,ToolbarButton,Show Infrequent Properties,UIInteraction,
43194.1840173264,Setup,Properties & Parameters,Change Property Value,Update,GridCell,1,UIInteraction,OSDD=EP_SERIAL_NUMBER;EnsemblePath=NEXT-C:NEXT-C:NEXH-C
43194.1841628819,Setup,Properties & Parameters,Change Property Value,Update,GridCell,1,UIInteraction,OSDD=EP_SERIAL_NUMBER;EnsemblePath=NEXT-C:NEXT-C:PNG-G
43194.184311169,Setup,Properties & Parameters,Change Property Value,Update,GridCell,1,UIInteraction,OSDD=EP_SERIAL_NUMBER;EnsemblePath=NEXT-C:NEXT-C:NEXS-C
43194.1843381944,Setup,UI Framework,Switch Tab,Click,Tab,DnI Initializations,UIInteraction,
43194.184353669,Setup,DnI/Survey,Select Decimal,Click,RadioButton,Decimal,UIInteraction,
43194.1843743403,Setup,DnI/Survey,Enter Latitude,Input,TextBox,32,UIInteraction,
43194.1843854167,Setup,DnI/Survey,Enter Longitude,Input,TextBox,-97,UIInteraction,
43194.1843958333,Setup,UI Framework,Switch Tab,Click,Tab,Equipment,UIInteraction,
43194.1844378125,Setup,DnI/Survey,Select Permanent Datum,Click,ComboBox,Ground Level,UIInteraction,
43194.1844433796,Setup,DnI/Survey,Select Log Measured From,Click,ComboBox,Kelly Bushing,UIInteraction,
43194.184456169,Setup,UI Framework,Switch Tab,Click,Tab,DnI Initializations,UIInteraction,
43194.1844709838,Setup,DnI/Survey,Enter Elevation of Permanent Datum from mean sea level,Input,TextBox,100.0,UIInteraction,
43194.1844750347,Setup,DnI/Survey,Enter Elevation of 'Log Measured From',Input,TextBox,12.5,UIInteraction,LogMeasuredFrom=Kelly Bushing
43194.1844782639,Setup,DnI/Survey,Enter Elevation of drill floor,Input,TextBox,11.0,UIInteraction,
43194.1845064005,Setup,DnI/Survey,Compute DnI/Elevation,Click,Button,Compute,UIInteraction,
43194.1846414931,Setup,UI Framework,Switch Tab,Click,Tab,Wellbore,UIInteraction,
43194.1846462384,Setup,Well Setup (Internal),Select Run Number,Click,ComboBox,1,UIInteraction,RunGuid=72F053FF-EE43-4618-9BB4-EE8FE5E8F91C
43194.1846571296,Setup,Well Setup (Internal),Enter Size for Bit Size,Update,GridCell,12.25,UIInteraction,Row=1;Column=Size (in);RunGuid=72F053FF-EE43-4618-9BB4-EE8FE5E8F91C
43194.1846755671,Setup,Well Setup (Internal),Enter Driller Top for Bit Size,Update,GridCell,0,UIInteraction,Row=1;Column=Driller Top (ft);RunGuid=72F053FF-EE43-4618-9BB4-EE8FE5E8F91C
43194.1846937268,Setup,Well Setup (Internal),Enter Driller Bottom for Bit Size,Update,GridCell,200,UIInteraction,Row=1;Column=Driller Bottom (ft);RunGuid=72F053FF-EE43-4618-9BB4-EE8FE5E8F91C
43194.1847138542,Setup,Well Setup (Internal),Enter Logger Top for Bit Size,Update,GridCell,0,UIInteraction,Row=1;Column=Logger Top (ft);RunGuid=72F053FF-EE43-4618-9BB4-EE8FE5E8F91C
43194.1847322685,Setup,Well Setup (Internal),Select Run Number,Click,ComboBox,1,UIInteraction,RunGuid=72F053FF-EE43-4618-9BB4-EE8FE5E8F91C
43194.1847386574,Setup,Well Setup (Internal),Add Row for Bit Size,Click,ToolbarButton,Add Row,UIInteraction,Row=2;RunGuid=72F053FF-EE43-4618-9BB4-EE8FE5E8F91C
43194.1847446759,Setup,Well Setup (Internal),Enter Size for Bit Size,Update,GridCell,8.0,UIInteraction,Row=2;Column=Size (in);RunGuid=72F053FF-EE43-4618-9BB4-EE8FE5E8F91C
43194.1847633102,Setup,Well Setup (Internal),Enter Driller Bottom for Bit Size,Update,GridCell,20000,UIInteraction,Row=2;Column=Driller Bottom (ft);RunGuid=72F053FF-EE43-4618-9BB4-EE8FE5E8F91C
43194.1847822917,Setup,Well Setup (Internal),Enter Logger Bottom for Bit Size,Update,GridCell,20000,UIInteraction,Row=2;Column=Logger Bottom (ft);RunGuid=72F053FF-EE43-4618-9BB4-EE8FE5E8F91C
43194.1848001273,Setup,Well Setup (Internal),Enter FCD for Bit Size,Update,GridCell,5.5,UIInteraction,Row=2;Column=FCD (in);RunGuid=72F053FF-EE43-4618-9BB4-EE8FE5E8F91C
43194.1848197685,Setup,Well Setup (Internal),Select Run Number,Click,ComboBox,1,UIInteraction,RunGuid=72F053FF-EE43-4618-9BB4-EE8FE5E8F91C
43194.1848316319,Setup,Well Setup (Internal),Enter Size for Casings,Update,GridCell,9.625,UIInteraction,Row=1;Column=Size (in);RunGuid=72F053FF-EE43-4618-9BB4-EE8FE5E8F91C
43194.1848493403,Setup,Well Setup (Internal),Enter Driller Top for Casings,Update,GridCell,0,UIInteraction,Row=1;Column=Driller Top (ft);RunGuid=72F053FF-EE43-4618-9BB4-EE8FE5E8F91C
43194.1848678009,Setup,Well Setup (Internal),Enter Driller Bottom for Casings,Update,GridCell,200,UIInteraction,Row=1;Column=Driller Bottom (ft);RunGuid=72F053FF-EE43-4618-9BB4-EE8FE5E8F91C
43194.1848857407,Setup,Well Setup (Internal),Enter Logger Top for Casings,Update,GridCell,0,UIInteraction,Row=1;Column=Logger Top (ft);RunGuid=72F053FF-EE43-4618-9BB4-EE8FE5E8F91C
43194.1849041088,Setup,Well Setup (Internal),Enter Logger Bottom for Casings,Update,GridCell,200,UIInteraction,Row=1;Column=Logger Bottom (ft);RunGuid=72F053FF-EE43-4618-9BB4-EE8FE5E8F91C
43194.1849224306,Setup,Well Setup (Internal),Enter Weight for Casings,Update,GridCell,35,UIInteraction,Row=1;Column=Weight (lbm/ft);RunGuid=72F053FF-EE43-4618-9BB4-EE8FE5E8F91C
43194.1850171528,Setup,Well Setup (Internal),Enter Grade for Casings,Update,GridCell,K55,UIInteraction,Row=1;Column=Grade;RunGuid=72F053FF-EE43-4618-9BB4-EE8FE5E8F91C
43194.1850316435,Setup,UI Framework,Switch Tab,Click,Tab,Equipment,UIInteraction,
43194.1850424421,Setup,Equipment,Validate ToolString,Click,ContextMenu,Validate,UIInteraction,Validated State=TS_VALIDATION_VALID;Validated Message=<ToolStringValidation><ToolStringGuid>945D9D5B-3623-40FE-93ED-0A2B24843D86</ToolStringGuid><ToolStringName>NEXT-C</ToolStringName><SourceAction>Validate</SourceAction><IsAutomatic>FALSE</IsAutomatic></ToolStringValidation>
43194.1851706944,Setup,UI Framework,Switch Tab,Click,Tab,Runs,UIInteraction,
43194.1852056944,Setup,Run Manager (Internal),Associate toolstring to run,Update,GridCell,NEXT-C,UIInteraction,RunGuid=72F053FF-EE43-4618-9BB4-EE8FE5E8F91C;ToolstringGuid=945D9D5B-3623-40FE-93ED-0A2B24843D86;DownholeEquipments=NEXT-CEDTC-BILE-FEME-TILE-FLEH-Q;TSLevelActiveSurfaceEquips=DEPTH_DEVICETENSION_DEVICELOGGING_CABLEWAFEWITM
43194.1853403935,Setup,Equipment,Close Toolstring Validation UI,Click,Button,Close,UIInteraction,ToolstringGuid=945D9D5B-3623-40FE-93ED-0A2B24843D86
43194.1853701273,Setup,Run Manager (Internal),Start Run,Click,Button,Start,UIInteraction,RunGuid=72F053FF-EE43-4618-9BB4-EE8FE5E8F91C;ToolstringGuid=945D9D5B-3623-40FE-93ED-0A2B24843D86;DownholeEquipments=ILE-F:NEXT-C:ILE-F:EDTC-B:LEH-Q;TSLevelActiveSurfaceEquips=DEPTH_DEVICE:TENSION_DEVICE:LOGGING_CABLE:WAFE
43194.1854709838,Simulation,UI Framework,Start Console,,,Simulation Console - Job NEXT-C,UIAutomatic,
43194.1855651968,WLAcquisition,Calibration,Select Calibration Report Type,Click,ComboBox,Technical Concise,UIInteraction,
43194.1856289699,WLAcquisition,UI Framework,Start Console,,,Acquisition Console - Job NEXT-C - Run 1,UIAutomatic,
43194.1856399537,WLAcquisition,Calibration,Choose Available Calibration,Click,ComboBox,Nominal,UIInteraction,
43194.1856408333,WLAcquisition,Calibration,Select Calibration in Calibration Report,Click,ComboBox,EDTC-B Accelerometer Calibration,UIInteraction,
43194.1856408449,WLAcquisition,Calibration,Select Tool in Calibration Report,Click,ComboBox,EDTC-B,UIInteraction,ToolName=EDTC-B
43194.1859690162,DeliverablesSetup,Deliverables - Digital,Add Digital Template,Click,ContextMenu,DLIS,UIInteraction,
43194.1860975694,DeliverablesSetup,Deliverables - Digital,Rename Component,Click,ContextMenu,Rename,UIInteraction,ComponentName=New Template;DelivTemplateGuid=48BCDD3B-ECB3-4290-907E-BF03D47E64D4
43194.1861025463,DeliverablesSetup,Deliverables - Graphical,Rename Component,Input,TextBox,DLIS,UIInteraction,OldComponentName=New Template
43194.1861368981,DeliverablesSetup,Deliverables - Digital,Create New Template,Click,ContextMenu,New Template,UIInteraction,
43194.1862449306,DeliverablesSetup,Deliverables - Digital,Rename Component,Click,ContextMenu,Rename,UIInteraction,ComponentName=New Template;DelivTemplateGuid=FA5A1582-9749-4B28-AB3B-A7BD65A73418
43194.1862510764,DeliverablesSetup,Deliverables - Graphical,Rename Component,Input,TextBox,NEXT-C,UIInteraction,OldComponentName=New Template
43194.186322037,DeliverablesSetup,Deliverables - Graphical,Add Catalog Format to Template,Click,ToolbarButton,Add to Template,UIInteraction,ComponentName=DLIS Standard;ComponentCode=Component_StandardDlis_Format
43194.1863289583,DeliverablesSetup,Deliverables - Graphical,Add Catalog Format to Template,Click,ContextMenu,DLIS,UIInteraction,ComponentName=DLIS Standard;ComponentCode=Component_StandardDlis_Format
43194.1863871181,DeliverablesSetup,Deliverables - Graphical,Add Catalog Format to Template,Click,ToolbarButton,Add to Template,UIInteraction,ComponentName=NEXT Raw Yields LQC;ComponentCode=Component_Log
43194.1863942245,DeliverablesSetup,Deliverables - Graphical,Add Catalog Format to Template,Click,ContextMenu,NEXT-C,UIInteraction,ComponentName=NEXT Raw Yields LQC;ComponentCode=Component_Log
43194.1864633218,DeliverablesSetup,Deliverables - Digital,Add Template to Deliverable,Click,ContextMenu,Run 1,UIInteraction,ComponentName=NEXT-C;ComponentCode=Component_None
43194.1865584722,DeliverablesSetup,Deliverables - Digital,Add Template to Deliverable,Click,ContextMenu,Run 1,UIInteraction,ComponentName=DLIS Standard;ComponentCode=Component_Template_Dlis
43194.1866317708,WLAcquisition,Data Acquiring - WL,Connect Hardware,Click,ToolbarButton,Connect to Hardware,UIInteraction,
43194.1868176157,WLAcquisition,Data Acquiring - WL,Start Dataflow,Click,ToolbarButton,Start Data Flow,UIInteraction,
43194.1869303125,WLAcquisition,Data Acquiring - WL,Enable Tool Power,Click,ToolbarButton,Enable Tool Power,UIInteraction,
43194.186937581,WLAcquisition,EDTC-B,Read Memory Data,,,,UIAutomatic,TaskName=EDTC-B: Read Memory Data
43194.1869388889,WLAcquisition,UI Framework,Switch Tab,Click,Tab,Calibrations,UIInteraction,
43194.1869595486,WLAcquisition,Calibration,Choose Available Calibration,Click,ComboBox,04:29:11.991 04-Apr-2018,UIInteraction,
43194.1869600926,WLAcquisition,Calibration,Choose Available Calibration,Click,ComboBox,04:29:11.991 04-Apr-2018,UIInteraction,
43194.1869608796,DeliverablesSetup,Computation / Recomputation,ProcessRecomputeState,,,,UIAutomatic,JobGuid=8C19AD50-F715-47C6-ADB9-FC218BFD211A;State=UIS_RECOMPUTATION_STATE_PENDING;Scope=JobScope;RecompPercentageComplete=;MultipleRunsAffected=False;ActiveRunAffected=True;ActiveRunInProgress=False;RunCount=1;Run0Change0=Calibration;Run0Guid=72F053FF-EE43-4618-9BB4-EE8FE5E8F91C
43194.1869608796,Setup,Computation / Recomputation,ProcessRecomputeState,,,,UIAutomatic,JobGuid=8C19AD50-F715-47C6-ADB9-FC218BFD211A;State=UIS_RECOMPUTATION_STATE_PENDING;Scope=JobScope;RecompPercentageComplete=;MultipleRunsAffected=False;ActiveRunAffected=True;ActiveRunInProgress=False;RunCount=1;Run0Change0=Calibration;Run0Guid=72F053FF-EE43-4618-9BB4-EE8FE5E8F91C
43194.1869613079,WLAcquisition,Computation / Recomputation,ProcessRecomputeState,,,,UIAutomatic,JobGuid=8C19AD50-F715-47C6-ADB9-FC218BFD211A;State=UIS_RECOMPUTATION_STATE_PENDING;Scope=JobScope;RecompPercentageComplete=;MultipleRunsAffected=False;ActiveRunAffected=True;ActiveRunInProgress=False;RunCount=1;Run0Change0=Calibration;Run0Guid=72F053FF-EE43-4618-9BB4-EE8FE5E8F91C
43194.1894376505,WLAcquisition,Tool Control,Perform Tool Control Task,Click,Button,Close,UIInteraction,TaskName=NEXT-C: NEXT Tool Type Check
43194.1897533102,WLAcquisition,NEXT-C,PALM Kh Master Cal Read,RightClick,TreeView,NEXT-C: PALM Kh Master Cal Read,UIInteraction,TaskName=NEXT-C: PALM Kh Master Cal Read
43194.1897673032,WLAcquisition,NEXT-C,PALM Kh Master Cal Read,Click,ContextMenu,Perform,UIInteraction,TaskName=NEXT-C: PALM Kh Master Cal Read
43194.1898429745,WLAcquisition,Calibration,Perform Calibration Task,Click,Button,Report,UIInteraction,TaskName=NEXT-C: PALM Kh Master Cal Read
43194.1898492708,DeliverablesSetup,Computation / Recomputation,ProcessRecomputeState,,,,UIAutomatic,JobGuid=8C19AD50-F715-47C6-ADB9-FC218BFD211A;State=UIS_RECOMPUTATION_STATE_PENDING;Scope=JobScope;RecompPercentageComplete=;MultipleRunsAffected=False;ActiveRunAffected=True;ActiveRunInProgress=False;RunCount=1;Run0Change0=Calibration;Run0Guid=72F053FF-EE43-4618-9BB4-EE8FE5E8F91C
43194.1898492708,Setup,Computation / Recomputation,ProcessRecomputeState,,,,UIAutomatic,JobGuid=8C19AD50-F715-47C6-ADB9-FC218BFD211A;State=UIS_RECOMPUTATION_STATE_PENDING;Scope=JobScope;RecompPercentageComplete=;MultipleRunsAffected=False;ActiveRunAffected=True;ActiveRunInProgress=False;RunCount=1;Run0Change0=Calibration;Run0Guid=72F053FF-EE43-4618-9BB4-EE8FE5E8F91C
43194.1898505671,WLAcquisition,Calibration,Choose Available Calibration,Click,ComboBox,20:01:00.000 17-Feb-2014,UIInteraction,
43194.1898513542,WLAcquisition,Calibration,Choose Available Calibration,Click,ComboBox,20:01:00.000 17-Feb-2014,UIInteraction,
43194.1898513773,WLAcquisition,Computation / Recomputation,ProcessRecomputeState,,,,UIAutomatic,JobGuid=8C19AD50-F715-47C6-ADB9-FC218BFD211A;State=UIS_RECOMPUTATION_STATE_PENDING;Scope=JobScope;RecompPercentageComplete=;MultipleRunsAffected=False;ActiveRunAffected=True;ActiveRunInProgress=False;RunCount=1;Run0Change0=Calibration;Run0Guid=72F053FF-EE43-4618-9BB4-EE8FE5E8F91C
43194.1901442708,WLAcquisition,Depth Log/Station Planning,Perform Logging Task,RightClick,TreeView,Depth Log,UIInteraction,TaskName=Depth Log
43194.1901601157,WLAcquisition,Depth Log/Station Planning,Perform Logging Task,Click,ContextMenu,Perform,UIInteraction,TaskName=Depth Log
43194.1903396181,WLAcquisition,UI Framework,Switch Tab,Click,Tab,Tool Control,UIInteraction,
43194.1904557407,WLAcquisition,NEXT-C,PNG Control,RightClick,TreeView,NEXT-C: PNG Control,UIInteraction,TaskName=NEXT-C: PNG Control
43194.1904705671,WLAcquisition,NEXT-C,PNG Control,Click,ContextMenu,Perform,UIInteraction,TaskName=NEXT-C: PNG Control
43194.1907875694,WLAcquisition,Computation / Recomputation,Recompute All Pending Runs,Click,ToolbarButton,Recompute All Pending Runs,UIInteraction,
43194.1907876389,WLAcquisition,Computation / Recomputation,Start Recomputation During Acquisition,Click,ToolbarButton,Recompute All Pending Runs,UIInteraction,FeatureName=Framework.RTOOP
43194.1907877778,DeliverablesSetup,Computation / Recomputation,ProcessRecomputeState,,,,UIAutomatic,JobGuid=8C19AD50-F715-47C6-ADB9-FC218BFD211A;State=UIS_RECOMPUTATION_STATE_STARTING;Scope=JobScope;RecompPercentageComplete=;MultipleRunsAffected=False;ActiveRunAffected=True;ActiveRunInProgress=True;RunCount=1;Run0Change0=Calibration;Run0Guid=72F053FF-EE43-4618-9BB4-EE8FE5E8F91C
43194.1907877894,Setup,Computation / Recomputation,ProcessRecomputeState,,,,UIAutomatic,JobGuid=8C19AD50-F715-47C6-ADB9-FC218BFD211A;State=UIS_RECOMPUTATION_STATE_STARTING;Scope=JobScope;RecompPercentageComplete=;MultipleRunsAffected=False;ActiveRunAffected=True;ActiveRunInProgress=True;RunCount=1;Run0Change0=Calibration;Run0Guid=72F053FF-EE43-4618-9BB4-EE8FE5E8F91C
43194.1907880556,WLAcquisition,Computation / Recomputation,ProcessRecomputeState,,,,UIAutomatic,JobGuid=8C19AD50-F715-47C6-ADB9-FC218BFD211A;State=UIS_RECOMPUTATION_STATE_STARTING;Scope=JobScope;RecompPercentageComplete=;MultipleRunsAffected=False;ActiveRunAffected=True;ActiveRunInProgress=True;RunCount=1;Run0Change0=Calibration;Run0Guid=72F053FF-EE43-4618-9BB4-EE8FE5E8F91C
43194.1907919213,DeliverablesSetup,Computation / Recomputation,ProcessRecomputeState,,,,UIAutomatic,JobGuid=8C19AD50-F715-47C6-ADB9-FC218BFD211A;State=UIS_RECOMPUTATION_STATE_IN_PROGRESS;Scope=JobScope;RecompPercentageComplete=;MultipleRunsAffected=False;ActiveRunAffected=True;ActiveRunInProgress=True;RunCount=1;Run0Change0=Calibration;Run0Guid=72F053FF-EE43-4618-9BB4-EE8FE5E8F91C
43194.1907919213,Setup,Computation / Recomputation,ProcessRecomputeState,,,,UIAutomatic,JobGuid=8C19AD50-F715-47C6-ADB9-FC218BFD211A;State=UIS_RECOMPUTATION_STATE_IN_PROGRESS;Scope=JobScope;RecompPercentageComplete=;MultipleRunsAffected=False;ActiveRunAffected=True;ActiveRunInProgress=True;RunCount=1;Run0Change0=Calibration;Run0Guid=72F053FF-EE43-4618-9BB4-EE8FE5E8F91C
43194.1908051505,Setup,Computation / Recomputation,ProcessRecomputeState,,,,UIAutomatic,JobGuid=8C19AD50-F715-47C6-ADB9-FC218BFD211A;State=UIS_RECOMPUTATION_STATE_SUCCEEDED;Scope=JobScope;RecompPercentageComplete=;MultipleRunsAffected=False;ActiveRunAffected=True;ActiveRunInProgress=True;RunCount=1;Run0Change0=Calibration;Run0Guid=72F053FF-EE43-4618-9BB4-EE8FE5E8F91C
43194.1907919213,WLAcquisition,Computation / Recomputation,ProcessRecomputeState,,,,UIAutomatic,JobGuid=8C19AD50-F715-47C6-ADB9-FC218BFD211A;State=UIS_RECOMPUTATION_STATE_IN_PROGRESS;Scope=JobScope;RecompPercentageComplete=;MultipleRunsAffected=False;ActiveRunAffected=True;ActiveRunInProgress=True;RunCount=1;Run0Change0=Calibration;Run0Guid=72F053FF-EE43-4618-9BB4-EE8FE5E8F91C
43194.1908051505,WLAcquisition,Computation / Recomputation,ProcessRecomputeState,,,,UIAutomatic,JobGuid=8C19AD50-F715-47C6-ADB9-FC218BFD211A;State=UIS_RECOMPUTATION_STATE_SUCCEEDED;Scope=JobScope;RecompPercentageComplete=;MultipleRunsAffected=False;ActiveRunAffected=True;ActiveRunInProgress=True;RunCount=1;Run0Change0=Calibration;Run0Guid=72F053FF-EE43-4618-9BB4-EE8FE5E8F91C
43194.190805162,DeliverablesSetup,Computation / Recomputation,ProcessRecomputeState,,,,UIAutomatic,JobGuid=8C19AD50-F715-47C6-ADB9-FC218BFD211A;State=UIS_RECOMPUTATION_STATE_SUCCEEDED;Scope=JobScope;RecompPercentageComplete=;MultipleRunsAffected=False;ActiveRunAffected=True;ActiveRunInProgress=True;RunCount=1;Run0Change0=Calibration;Run0Guid=72F053FF-EE43-4618-9BB4-EE8FE5E8F91C
43194.1913360648,WLAcquisition,Data Acquiring - WL,Start Depth Pass,Click,Button,Start,UIInteraction,PassGuid=E840FB62-0143-4AE8-8CCC-92C06362311E;Objective=Log;Direction=Up;Depth=3047.99238
43194.1913395255,WLAcquisition,UI Framework,Switch Tab,Click,Tab,MD,UIInteraction,
43194.1917133681,DeliverablesSetup,Deliverables - Digital,Change Digital Properties,Click,ComboBox,DataAssignment_Type,UIInteraction,DeliverableType=DLIS;ChangedProperty=DataAssignment_Type;OldValue=Single Pass;NewValue=All Depth Passes
43194.1917134722,DeliverablesSetup,Deliverables - Digital,Change Property,Click,DataAssignmentTypeConverter,DataAssignment_Type,UIInteraction,NewValue=All Depth Passes;OldValue=Single Pass
43194.1917508218,DeliverablesSetup,UI Framework,Switch View,Click,ToolbarButton,Deliverables Display View,UIInteraction,
43194.1918693056,WLAcquisition,UI Framework,Switch Tab,Click,Tab,Operation,UIInteraction,
43194.1942509028,WLAcquisition,Data Acquiring - WL,Unlock Pass,Click,ToolbarButton,Click to Unlock Stop Button,UIInteraction,
43194.1943803935,WLAcquisition,Data Acquiring - WL,Stop Depth Pass,Click,Button,Stop,UIInteraction,PassGuid=E840FB62-0143-4AE8-8CCC-92C06362311E;Depth=2727.95238
43194.1947602431,WLAcquisition,Data Acquiring - WL,Unlock 3 Buttons,Click,ToolbarButton,Unlock,UIInteraction,
43194.1947625,WLAcquisition,Data Acquiring - WL,Disable Tool Power,Click,ToolbarButton,Disable Tool Power,UIInteraction,
43194.1949381481,WLAcquisition,Data Acquiring - WL,Stop Dataflow,Click,ToolbarButton,Stop Data Flow,UIInteraction,
43194.19502125,WLAcquisition,Data Acquiring - WL,Disconnect Hardware,Click,ToolbarButton,Disconnect From Hardware,UIInteraction,
43194.1951324537,Setup,Run Manager (Internal),Stop Run,Click,Button,Stop,UIInteraction,RunGuid=72F053FF-EE43-4618-9BB4-EE8FE5E8F91C
43194.1951771528,Setup,Run Manager (Internal),Confirm to Stop Run,Click,Button,OK,UIInteraction,RunGuid=72F053FF-EE43-4618-9BB4-EE8FE5E8F91C
43194.1952743518,Simulation,UI Framework,Close Console,Click,Button,,UIInteraction,JobGuid=8C19AD50-F715-47C6-ADB9-FC218BFD211A
43194.1953261458,DeliverablesSetup,Deliverables - Digital,Create Job Archive,Click,ContextMenu,Create,UIInteraction,ArchiveGuid=8C19AD50-F715-47C6-ADB9-FC218BFD211A;JobArchiveType=3.0
43194.195666331,DeliverablesSetup,UI Framework,Close Console,Click,Button,,UIInteraction,JobGuid=8C19AD50-F715-47C6-ADB9-FC218BFD211A
43194.1957025694,DeliverablesSetup,UI Framework,OK to Close Deliverables - Display Console,Click,Button,OK,UIInteraction,
43194.1957836343,,Console/Job Manager,Stop Setup Console,Click,Button,Stop,UIInteraction,JobGuid=8C19AD50-F715-47C6-ADB9-FC218BFD211A
43194.1958668866,,Console/Job Manager,Stop Job,Click,Button,Stop,UIInteraction,JobGuid=8C19AD50-F715-47C6-ADB9-FC218BFD211A
