43194.1207135648,,Console/Job Manager,Import Job Archive,Click,ContextMenu,Create Import,UIInteraction,
43194.1207208333,,Import/Export & Backup/Restore,Select file to import,Click,Button,...,UIInteraction,
43194.1207369444,,Import/Export & Backup/Restore,OK to select file,,,,UIAutomatic,FilePath=C:\TestData\JA_2xHSD-2xASGS-PGGTD.Dlis
43194.1208047338,,Import/Export & Backup/Restore,Start Import,Click,Button,Import,UIInteraction,FilePath=C:\TestData\JA_2xHSD-2xASGS-PGGTD.Dlis
43194.1214203125,,Import/Export & Backup/Restore,Close Import UI,Click,Button,Close,UIInteraction,
43194.1351579398,,UI Framework,Switch Tab,Click,Tab,Job: HSD-ASGS-PGGTD,UIInteraction,
43194.1358222338,,UI Framework,Switch Tab,Click,Tab,Messages: Job Independent,UIInteraction,
43194.1358332292,,UI Framework,Close Console,Click,Button,,UIInteraction,
43194.1406133218,,UI Framework,Initialize Maxwell Manager Process Name,,,Initialize Maxwell Manager Process Name,,
43194.1406305787,,UI Framework,Start Console,,,Maxwell Manager,UIAutomatic,MachineName=HPV01-020;UserName=Engineer;UserDomainName=HPV01-020;OS=Microsoft Windows NT 6.1.7601 Service Pack 1;TimeZone=00:00:00;IPAddress_1=192.168.78.198;IPAddress_2=::1;MWVersion=9.0.100745.3100
43194.1408569792,,Console/Job Manager,New Job,Click,Button,New,UIInteraction,
43194.1408716319,,Console/Job Manager,Input Job Name,Input,TextBox,ECRD-ERS,UIInteraction,
43194.1409166088,,Console/Job Manager,Input Well Name,Input,TextBox,Automation,UIInteraction,
43194.1409609838,,Console/Job Manager,Input Client Name,Input,TextBox,BGCAT,UIInteraction,
43194.1410507755,,Console/Job Manager,Check Simulator,Click,CheckBox,Simulator,UIInteraction,CheckState=True
43194.1412723958,,Console/Job Manager,Select Auto Backup Folder,Click,ComboBox,C:\Autobackup,UIInteraction,
43194.1443429398,,UI Framework,Close Console,Click,Button,,UIInteraction,
43194.1468689352,,UI Framework,Initialize Maxwell Manager Process Name,,,Initialize Maxwell Manager Process Name,,
43194.1468873958,,UI Framework,Start Console,,,Maxwell Manager,UIAutomatic,MachineName=HPV01-020;UserName=Engineer;UserDomainName=HPV01-020;OS=Microsoft Windows NT 6.1.7601 Service Pack 1;TimeZone=00:00:00;IPAddress_1=192.168.78.198;IPAddress_2=::1;MWVersion=9.0.100745.3100
43194.1471232176,,Console/Job Manager,Import Job Archive,Click,ContextMenu,Create Import,UIInteraction,
43194.1471299537,,Import/Export & Backup/Restore,Select file to import,Click,Button,...,UIInteraction,
43194.1471374769,,Import/Export & Backup/Restore,OK to select file,,,,UIAutomatic,FilePath=\\srv004bgc.dir.slb.com\MaxwellAT\TestData\TestData\Phase3\JobArchive\WL_SWF_ECRD_ERS_Setup.Dlis
43194.1471882755,,Import/Export & Backup/Restore,Start Import,Click,Button,Import,UIInteraction,FilePath=\\srv004bgc.dir.slb.com\MaxwellAT\TestData\TestData\Phase3\JobArchive\WL_SWF_ECRD_ERS_Setup.Dlis
43194.1475160185,,Import/Export & Backup/Restore,Close Import UI,Click,Button,Close,UIInteraction,
43194.1476495602,,Console/Job Manager,Select Auto Backup Folder,Click,ComboBox,C:\Autobackup,UIInteraction,
43194.1495156019,,UI Framework,Switch Tab,Click,Tab,Job: ECRD-ERS,UIInteraction,
43194.1748688889,,UI Framework,Switch Tab,Click,Tab,Messages: Job Independent,UIInteraction,
43194.1748725116,,UI Framework,Close Console,Click,Button,,UIInteraction,
