43194.1539655903,,UI Framework,Start Console,,,Maxwell Manager,UIAutomatic,MachineName=HPV01-007;UserName=Engineer;UserDomainName=HPV01-007;OS=Microsoft Windows NT 6.1.7601 Service Pack 1;TimeZone=00:00:00;IPAddress_1=192.168.78.188;IPAddress_2=::1;MWVersion=9.0.100745.3100
43194.1540824769,,Console/Job Manager,New Job,Click,Button,New,UIInteraction,
43194.1541018171,,Console/Job Manager,Input Job Name,Input,TextBox,PPC-EMM-demo,UIInteraction,
43194.1541438426,,Console/Job Manager,Input Well Name,Input,TextBox,bgc,UIInteraction,
43194.1541882176,,Console/Job Manager,Input Client Name,Input,TextBox,BGCAT,UIInteraction,
43194.1543226389,,Console/Job Manager,Check Simulator,Click,CheckBox,Simulator,UIInteraction,CheckState=True
43194.1544985185,,Console/Job Manager,Select Auto Backup Folder,Click,ComboBox,C:\Autobackup,UIInteraction,
43194.1582573264,,UI Framework,Close Console,Click,Button,,UIInteraction,
43194.160815,,UI Framework,Initialize Maxwell Manager Process Name,,,Initialize Maxwell Manager Process Name,,
43194.1608326968,,UI Framework,Start Console,,,Maxwell Manager,UIAutomatic,MachineName=HPV01-007;UserName=Engineer;UserDomainName=HPV01-007;OS=Microsoft Windows NT 6.1.7601 Service Pack 1;TimeZone=00:00:00;IPAddress_1=192.168.78.188;IPAddress_2=::1;MWVersion=9.0.100745.3100
43194.1610686921,,Console/Job Manager,Import Job Archive,Click,ContextMenu,Create Import,UIInteraction,
43194.1610755324,,Import/Export & Backup/Restore,Select file to import,Click,Button,...,UIInteraction,
43194.1610870602,,Import/Export & Backup/Restore,OK to select file,,,,UIAutomatic,FilePath=\\srv004bgc.dir.slb.com\MaxwellAT\TestData\TestData\Phase3\JobArchive\WL_SWF_PPC_EMM_Setup.Dlis
43194.1611425579,,Import/Export & Backup/Restore,Start Import,Click,Button,Import,UIInteraction,FilePath=\\srv004bgc.dir.slb.com\MaxwellAT\TestData\TestData\Phase3\JobArchive\WL_SWF_PPC_EMM_Setup.Dlis
43194.1614174769,,Import/Export & Backup/Restore,Close Import UI,Click,Button,Close,UIInteraction,
43194.1615515278,,Console/Job Manager,Select Auto Backup Folder,Click,ComboBox,C:\Autobackup,UIInteraction,
43194.1633716204,,UI Framework,Switch Tab,Click,Tab,Job: PPC-EMM-demo,UIInteraction,
43194.1907590278,,UI Framework,Switch Tab,Click,Tab,Messages: Job Independent,UIInteraction,
43194.1907651852,,UI Framework,Close Console,Click,Button,,UIInteraction,
43194.1932729167,,UI Framework,Initialize Maxwell Manager Process Name,,,Initialize Maxwell Manager Process Name,,
43194.1932899537,,UI Framework,Start Console,,,Maxwell Manager,UIAutomatic,MachineName=HPV01-007;UserName=Engineer;UserDomainName=HPV01-007;OS=Microsoft Windows NT 6.1.7601 Service Pack 1;TimeZone=00:00:00;IPAddress_1=192.168.78.188;IPAddress_2=::1;MWVersion=9.0.100745.3100
43194.193535,,Import/Export & Backup/Restore,Select file to import,Click,Button,...,UIInteraction,
43194.1935279977,,Console/Job Manager,Import Job Archive,Click,ContextMenu,Create Import,UIInteraction,
43194.1935415394,,Import/Export & Backup/Restore,OK to select file,,,,UIAutomatic,FilePath=\\srv004bgc.dir.slb.com\MaxwellAT\TestData\TestData\Phase3\JobArchive\WL_SWF_PPC_EMM_ACQ.dlis
43194.1935933449,,Import/Export & Backup/Restore,Start Import,Click,Button,Import,UIInteraction,FilePath=\\srv004bgc.dir.slb.com\MaxwellAT\TestData\TestData\Phase3\JobArchive\WL_SWF_PPC_EMM_ACQ.dlis
43194.1941428819,,Import/Export & Backup/Restore,Close Import UI,Click,Button,Close,UIInteraction,
43194.1942754282,,Console/Job Manager,Select Auto Backup Folder,Click,ComboBox,C:\Autobackup,UIInteraction,
43194.2015714352,,UI Framework,Close Console,Click,Button,,UIInteraction,
