Time,Process,Component,Operation,Action,Control,ControlText,Category,Context
43193.821098044,,Console/Job Manager,Start Job,Click,Button,Start,UIInteraction,JobName=10MSA0091;WellName=maderil;ClientName=PEMEX;StartDate=4/3/2018 7:42 PM;Workflow=D&M;Simulator=False;UnitSystem=PEMEX10MSA009109MAR14;JobSize=0;State=Available;SideTrackId=0;SessionID=53E1A137-63C8-4FC9-87AA-947DB2351417;SortOrder=1;JobGUID=E21C5158-7142-44E0-A667-8C924ED971E0;WellGUID=F19131BB-B162-4F29-94C6-900E82FCBEC5;BoreholeGUID=C6B5803B-F5CB-4EDD-9C76-5CE5F2E7503D;MachineName=HPV01-010;UserName=Engineer;UserDomainName=HPV01-010;OS=Microsoft Windows NT 6.1.7601 Service Pack 1;StartedJobCount=0;TimeZone=00:00:00;IPAddress_1=192.168.78.92;IPAddress_2=::1;MWVersion=9.0.100732.3100
43193.8222254861,,Console/Job Manager,Stop Job,Click,Button,Stop,UIInteraction,JobGuid=E21C5158-7142-44E0-A667-8C924ED971E0
43193.8224439583,,Console/Job Manager,Start Job,Click,Button,Start,UIInteraction,JobName=10MSA0091;WellName=maderil;ClientName=PEMEX;StartDate=4/3/2018 7:42 PM;Workflow=D&M;Simulator=False;UnitSystem=PEMEX10MSA009109MAR14;RTBackupDir=C:\Autobackup;JobSize=111;State=Available;SideTrackId=0;SessionID=53E1A137-63C8-4FC9-87AA-947DB2351417;SortOrder=1;JobGUID=E21C5158-7142-44E0-A667-8C924ED971E0;WellGUID=F19131BB-B162-4F29-94C6-900E82FCBEC5;BoreholeGUID=C6B5803B-F5CB-4EDD-9C76-5CE5F2E7503D;MachineName=HPV01-010;UserName=Engineer;UserDomainName=HPV01-010;OS=Microsoft Windows NT 6.1.7601 Service Pack 1;StartedJobCount=0;TimeZone=00:00:00;IPAddress_1=192.168.78.92;IPAddress_2=::1;MWVersion=9.0.100732.3100
43193.8232202778,,Console/Job Manager,Start Data Central Console,Click,Button,Start...,UIInteraction,JobGuid=E21C5158-7142-44E0-A667-8C924ED971E0
43193.8233456134,DataCentral,Computation / Recomputation,ProcessRecomputeState,,,,UIAutomatic,JobGuid=E21C5158-7142-44E0-A667-8C924ED971E0;State=UIS_RECOMPUTATION_STATE_IN_PROGRESS;Scope=JobScope;RecompPercentageComplete=30.1833479726705;MultipleRunsAffected=False;ActiveRunAffected=False;ActiveRunInProgress=False;RunCount=1;Run0Change0=DataImport;Run0Guid=3634ED02-5CAA-4F27-B505-CF43BC10C2DB
43193.8233474421,DataCentral,UI Framework,Start Console,,,Data Central - Recompute - Job 10MSA0091,UIAutomatic,
43193.8233781134,,Console/Job Manager,Start Deliverables Console,Click,Button,Start...,UIInteraction,JobGuid=E21C5158-7142-44E0-A667-8C924ED971E0
43193.8234504861,DeliverablesSetup,Tier Manager,Tier Template Created for Tools in My Equipment,,,ADN4 Tier Created,Deliverables Console,
43193.8234509259,DeliverablesSetup,Tier Manager,Tier Template Created for Tools in My Equipment,,,SONICSCOPE4 Tier Created,Deliverables Console,
43193.8234510301,DeliverablesSetup,Tier Manager,Tier Template Created for Tools in My Equipment,,,ARC5 Tier Created,Deliverables Console,
43193.8234511227,DeliverablesSetup,Tier Manager,Tier Template Created for Tools in My Equipment,,,SHORT475 Tier Created,Deliverables Console,
43193.8234802431,DeliverablesSetup,Computation / Recomputation,ProcessRecomputeState,,,,UIAutomatic,JobGuid=E21C5158-7142-44E0-A667-8C924ED971E0;State=UIS_RECOMPUTATION_STATE_IN_PROGRESS;Scope=JobScope;RecompPercentageComplete=37.1833090680083;MultipleRunsAffected=False;ActiveRunAffected=False;ActiveRunInProgress=False;RunCount=1;Run0Change0=DataImport;Run0Guid=3634ED02-5CAA-4F27-B505-CF43BC10C2DB
43193.8234826852,DeliverablesSetup,UI Framework,Start Console,,,Deliverables Console Setup - Job 10MSA0091,UIAutomatic,
43193.8247133565,DeliverablesSetup,Computation / Recomputation,ProcessRecomputeState,,,,UIAutomatic,JobGuid=E21C5158-7142-44E0-A667-8C924ED971E0;State=UIS_RECOMPUTATION_STATE_SUCCEEDED;Scope=JobScope;RecompPercentageComplete=;MultipleRunsAffected=False;ActiveRunAffected=False;ActiveRunInProgress=False;RunCount=1;Run0Change0=DataImport;Run0Guid=3634ED02-5CAA-4F27-B505-CF43BC10C2DB
43193.8247134028,DataCentral,Computation / Recomputation,ProcessRecomputeState,,,,UIAutomatic,JobGuid=E21C5158-7142-44E0-A667-8C924ED971E0;State=UIS_RECOMPUTATION_STATE_SUCCEEDED;Scope=JobScope;RecompPercentageComplete=;MultipleRunsAffected=False;ActiveRunAffected=False;ActiveRunInProgress=False;RunCount=1;Run0Change0=DataImport;Run0Guid=3634ED02-5CAA-4F27-B505-CF43BC10C2DB
43193.8247943287,DataCentral,Computation / Recomputation,Recompute/Select Run,Click,Button,Select Run...,UIInteraction,
43193.8248798727,DataCentral,Data Explorer,Click OK Button,Click,Button,OK,UIInteraction,Selection=Run 1____09:37:59 09-Mar-2014_10:51:26 09-Mar-2014_
43193.824883912,DataCentral,Computation / Recomputation,Recompute/Confirm to Select Run,,,,UIAutomatic,RunNo=1;RunGuid=3634ED02-5CAA-4F27-B505-CF43BC10C2DB
43193.8256317593,DataCentral,UI Framework,Switch Tab,Click,Tab,Survey Manager,UIInteraction,
43193.8259472454,DataCentral,Data Acquiring - D&M,Survey Manager/Calculate TVD from MD,Click,ToolbarButton,Calculate TVD from MD,UIInteraction,
43193.8262124306,DataCentral,Data Acquiring - D&M,Survey Manager/Switch Survey Tabs,Click,Tab,Long/Uncorrected: Run 1 (42),UIInteraction,
43193.8262534722,DataCentral,Data Acquiring - D&M,Survey Manager/Toggle Minimal View/Select Run,Click,ComboBox,1,UIInteraction,RunGuid=3634ED02-5CAA-4F27-B505-CF43BC10C2DB=
43193.8266799769,DataCentral,Data Explorer,Click OK Button,Click,Button,OK,UIInteraction,Selection=Drilling____6450.03 (m)_7075.86 (m)_
43193.8267590741,DataCentral,UI Framework,Switch View,Click,ToolbarButton,Recorded Mode Processing,UIInteraction,
43193.8268510185,DataCentral,RM Processing,Select run,Click,ComboBox,1,UIInteraction,RunGuid=3634ED02-5CAA-4F27-B505-CF43BC10C2DB
43193.8269471181,DataCentral,RM Processing,Load TFF file,Click,Button,Load...,UIInteraction,
43193.8271260648,DataCentral,RM Processing,Open selected bin-db file,Click,Button,open,UIInteraction,FileName =C:\TestComplete\ADN2771TIME_LWD_CLOCK.BIN_DB=
43193.8292976389,DataCentral,RM Processing,Load TFF file,Click,Button,Load...,UIInteraction,
43193.8294667708,DataCentral,RM Processing,Open selected bin-db file,Click,Button,open,UIInteraction,FileName =C:\TestComplete\ARC1736TIME.BIN_DB=
43193.8309369097,DataCentral,RM Processing,Load TFF file,Click,Button,Load...,UIInteraction,
43193.8311047917,DataCentral,RM Processing,Open selected bin-db file,Click,Button,open,UIInteraction,FileName =C:\TestComplete\IMPtime.bin_db=
43193.8325753125,DataCentral,RM Processing,Load TFF file,Click,Button,Load...,UIInteraction,
43193.8329371528,DataCentral,RM Processing,Open selected bin-db file,Click,Button,open,UIInteraction,FileName =C:\TestComplete\MP30178TIME_15.BIN_DB=
43193.8351035995,DataCentral,UI Framework,Switch Tab,Click,Tab,Calibrations,UIInteraction,
43193.8352443981,DataCentral,RM Processing,Start RM processing,Click,Button,Start,UIInteraction,
43193.8509576042,DataCentral,UI Framework,Switch View,Click,ToolbarButton,Depth Shift,UIInteraction,
43193.8510115394,DataCentral,Time/Depth Edit/Shift,DepthShift/Select Pass,Click,CheckBox,Select Pass,UIInteraction,CheckState=True;RunName=Run 1;PassName=Run 1 : Trip In 1;RunGuid=3634ED02-5CAA-4F27-B505-CF43BC10C2DB;PassGuid=D3BFF47C-F09E-463F-A64B-CE76962C13FE
43193.8510243403,DataCentral,Time/Depth Edit/Shift,DepthShift/Select Pass,Click,CheckBox,Select Pass,UIInteraction,CheckState=True;RunName=Run 1;PassName=Run 1 : Drilling;RunGuid=3634ED02-5CAA-4F27-B505-CF43BC10C2DB;PassGuid=AEA52A23-9B26-4858-B211-A5CD43FA448F
43193.8510704514,DataCentral,Time/Depth Edit/Shift,DepthShift/Check Datum,Click,CheckBox,Datum,UIInteraction,CheckState=True
43193.8512114236,DataCentral,Time/Depth Edit/Shift,DepthShift/Input ShiftBy,Input,TextBox,0.2,UIInteraction,PassName=Run 1 : Trip In 1;PassGuid=D3BFF47C-F09E-463F-A64B-CE76962C13FE
43193.8512659606,DataCentral,Time/Depth Edit/Shift,DepthShift/Shift,Click,Button,Shift,UIInteraction,
43193.8512663194,DataCentral,Time/Depth Edit/Shift,DepthShift/Shift,Click,Button,ApplyShift,UIInteraction,ShiftSelectedPasses() Shift Value=0.199999999999818
43193.8512665046,DataCentral,Time/Depth Edit/Shift,DepthShift/Shift,Click,Button,ApplyShift,UIInteraction,AddTimeDepthModification() Shift Value=0.199999999999818
43193.8512666088,DataCentral,Time/Depth Edit/Shift,DepthShift/Shift,Click,Button,ApplyShift,UIInteraction,ApplyBlockShift() Shift Value=0.199999999999818
43193.8512687153,DataCentral,Computation / Recomputation,ProcessRecomputeState,,,,UIAutomatic,JobGuid=E21C5158-7142-44E0-A667-8C924ED971E0;State=UIS_RECOMPUTATION_STATE_PENDING;Scope=JobScope;RecompPercentageComplete=;MultipleRunsAffected=False;ActiveRunAffected=False;ActiveRunInProgress=False;RunCount=1;Run0Change0=TimeDepthEdit;Run0Guid=3634ED02-5CAA-4F27-B505-CF43BC10C2DB
43193.8512687847,DeliverablesSetup,Computation / Recomputation,ProcessRecomputeState,,,,UIAutomatic,JobGuid=E21C5158-7142-44E0-A667-8C924ED971E0;State=UIS_RECOMPUTATION_STATE_PENDING;Scope=JobScope;RecompPercentageComplete=;MultipleRunsAffected=False;ActiveRunAffected=False;ActiveRunInProgress=False;RunCount=1;Run0Change0=TimeDepthEdit;Run0Guid=3634ED02-5CAA-4F27-B505-CF43BC10C2DB
43193.8512905903,DataCentral,Time/Depth Edit/Shift,DepthShift/Reset Shift,Click,Button,Reset,UIInteraction,PassName=Run 1 : Trip In 1;PassGuid=D3BFF47C-F09E-463F-A64B-CE76962C13FE
43193.8513349653,DataCentral,UI Framework,Switch View,Click,ToolbarButton,Data Mask Editor,UIInteraction,
43193.8514969213,DataCentral,Data Explorer,Change Current Focused Item,,,,UIAutomatic,EntityName=Run 1;EntityType=16;EntityGuid=3634ED02-5CAA-4F27-B505-CF43BC10C2DB
43193.8515339005,DataCentral,Data Explorer,Change Current Focused Item,,,,UIAutomatic,EntityName=Drilling;EntityType=32;EntityGuid=AEA52A23-9B26-4858-B211-A5CD43FA448F
43193.8515818056,DataCentral,Data Explorer,Click OK Button,Click,Button,OK,UIInteraction,Selection=GR_GR_IMP_RT_Gamma Ray_SHORT475_60___
43193.8515826157,DataCentral,Data Mask Editor,Data Mask Editor/Add New Channel,Click,ToolbarButton,Add Channels,UIInteraction,PassName=Run 1 : Drilling;OSDD=GR
43193.8527140625,DataCentral,Data Mask Editor,Data Mask Editor/Compute Points To Mask,Click,ToolbarButton,Compute Points to Mask,UIInteraction,
43193.8527354282,DataCentral,Data Mask Editor,Data Mask Editor/Select Channel,Click,ComboBox,GR,UIInteraction,OSDD=GR
43193.8527837153,DataCentral,Data Mask Editor,Data Mask Editor/Input Top Depth,Input,TextBox,6584,UIInteraction,
43193.8528603588,DataCentral,Data Mask Editor,Data Mask Editor/Input Bottom Depth,Input,TextBox,6614,UIInteraction,
43193.8529706597,DataCentral,Data Mask Editor,Data Mask Editor/Input Lower Than,Input,TextBox,80,UIInteraction,
43193.8530205324,DataCentral,Data Mask Editor,Data Mask Editor/Compute,Click,Button,Compute,UIInteraction,
43193.8540523727,DataCentral,Data Mask Editor,Data Mask Editor/Export Data Mask Info,Click,ToolbarButton,Export Data Mask Info,UIInteraction,
43193.8541212269,DataCentral,UI Framework,Switch View,Click,ToolbarButton,Time Depth Editor,UIInteraction,
43193.8541239931,DataCentral,Time/Depth Edit/Shift,Time Depth Editor/Select Stop Point/Browse Event,Click,ComboBox,Browse Event,UIInteraction,
43193.8541247338,DataCentral,Time/Depth Edit/Shift,Time Depth Editor/Select Shift Type,Click,ComboBox,Select Shift Type,UIInteraction,
43193.8541254051,DataCentral,Time/Depth Edit/Shift,Time Depth Editor/Select size in "Time Depth Curve Viewer",Click,ComboBox,100%,UIInteraction,OldSize=100
43193.8541235069,DataCentral,Time/Depth Edit/Shift,Time Depth Editor/Select Start Point/Browse Event,Click,ComboBox,Browse Event,UIInteraction,
43193.8542029977,DataCentral,Time/Depth Edit/Shift,Time Depth Editor/Click Select Run,Click,Button,Select Run...,UIInteraction,
43193.8542913542,DataCentral,Data Explorer,Click OK Button,Click,Button,OK,UIInteraction,Selection=Run 1____09:37:59 09-Mar-2014_10:51:26 09-Mar-2014_
43193.8542913657,DataCentral,Time/Depth Edit/Shift,Time Depth Editor/Click Select Run,,,,UIAutomatic,RunGuid=3634ED02-5CAA-4F27-B505-CF43BC10C2DB
43193.8557898495,DataCentral,Time/Depth Edit/Shift,Time Depth Editor/Start Ream,Click,CheckBox,Start Ream (A),UIInteraction,CheckState=Checked
43193.8558879167,DataCentral,Time/Depth Edit/Shift,Time Depth Deitor/Stop Ream,Click,CheckBox,Stop Ream (F),UIInteraction,CheckState=Checked
43193.8559823727,DataCentral,Time/Depth Edit/Shift,Time Depth Editor/On Bottom,Click,CheckBox,On Bottom (B),UIInteraction,CheckState=Checked
43193.8560656713,DataCentral,Time/Depth Edit/Shift,Time Depth Editor/Change Start Point,Change Start Point,AxLgLogViewer,40454.172174729,UIInteraction,
43193.8561027894,DataCentral,Time/Depth Edit/Shift,Time Depth Editor/Change Stop Point,Change Stop Point,AxLgLogViewer,40454.9800286932,UIInteraction,
43193.8561234028,DataCentral,Time/Depth Edit/Shift,Time Depth Editor/Select Shift Type,Click,ComboBox,Start Shift,UIInteraction,
43193.8562060301,DataCentral,Time/Depth Edit/Shift,Time Depth Editor/Confirm Shift,Click,Button,Shift,UIInteraction,
43193.8563956134,DataCentral,Time/Depth Edit/Shift,DepthShift/Shift,Click,Button,ApplyShift,UIInteraction,AddTimeDepthModification() Shift Value=0.00023314623095814
43193.8563956829,DataCentral,Time/Depth Edit/Shift,DepthShift/Shift,Click,Button,ApplyShift,UIInteraction,AddTimeDepthModification() Shift Value=0.0994328354599843
43193.856395706,DataCentral,Time/Depth Edit/Shift,DepthShift/Shift,Click,Button,ApplyShift,UIInteraction,AddTimeDepthModification() Shift Value=0.000240408443980982
43193.8563957176,DataCentral,Time/Depth Edit/Shift,DepthShift/Shift,Click,Button,ApplyShift,UIInteraction,AddTimeDepthModification() Shift Value=0.0991924270160033
43193.8563957176,DataCentral,Time/Depth Edit/Shift,DepthShift/Shift,Click,Button,ApplyShift,UIInteraction,AddTimeDepthModification() Shift Value=0.000245819855333644
43193.8563957292,DataCentral,Time/Depth Edit/Shift,DepthShift/Shift,Click,Button,ApplyShift,UIInteraction,AddTimeDepthModification() Shift Value=0.0989466071606696
43193.8563957407,DataCentral,Time/Depth Edit/Shift,DepthShift/Shift,Click,Button,ApplyShift,UIInteraction,AddTimeDepthModification() Shift Value=0.000216836079161055
43193.8563957523,DataCentral,Time/Depth Edit/Shift,DepthShift/Shift,Click,Button,ApplyShift,UIInteraction,AddTimeDepthModification() Shift Value=0.0987297710815086
43193.8563957639,DataCentral,Time/Depth Edit/Shift,DepthShift/Shift,Click,Button,ApplyShift,UIInteraction,AddTimeDepthModification() Shift Value=0.000213297153119211
43193.8563957755,DataCentral,Time/Depth Edit/Shift,DepthShift/Shift,Click,Button,ApplyShift,UIInteraction,AddTimeDepthModification() Shift Value=0.0985164739283894
43193.856395787,DataCentral,Time/Depth Edit/Shift,DepthShift/Shift,Click,Button,ApplyShift,UIInteraction,AddTimeDepthModification() Shift Value=0.000211413823715631
43193.8563957986,DataCentral,Time/Depth Edit/Shift,DepthShift/Shift,Click,Button,ApplyShift,UIInteraction,AddTimeDepthModification() Shift Value=0.0983050601046737
43193.8563958218,DataCentral,Time/Depth Edit/Shift,DepthShift/Shift,Click,Button,ApplyShift,UIInteraction,AddTimeDepthModification() Shift Value=0.000220515985226123
43193.8563958333,DataCentral,Time/Depth Edit/Shift,DepthShift/Shift,Click,Button,ApplyShift,UIInteraction,AddTimeDepthModification() Shift Value=0.0980845441194476
43193.8563958449,DataCentral,Time/Depth Edit/Shift,DepthShift/Shift,Click,Button,ApplyShift,UIInteraction,AddTimeDepthModification() Shift Value=0.00022957477036557
43193.8563958565,DataCentral,Time/Depth Edit/Shift,DepthShift/Shift,Click,Button,ApplyShift,UIInteraction,AddTimeDepthModification() Shift Value=0.097854969349082
43193.8563958681,DataCentral,Time/Depth Edit/Shift,DepthShift/Shift,Click,Button,ApplyShift,UIInteraction,AddTimeDepthModification() Shift Value=0.000245809008968441
43193.8563958796,DataCentral,Time/Depth Edit/Shift,DepthShift/Shift,Click,Button,ApplyShift,UIInteraction,AddTimeDepthModification() Shift Value=0.0976091603401136
43193.8563958912,DataCentral,Time/Depth Edit/Shift,DepthShift/Shift,Click,Button,ApplyShift,UIInteraction,AddTimeDepthModification() Shift Value=0.000204216679794242
43193.8563959375,DataCentral,Time/Depth Edit/Shift,DepthShift/Shift,Click,Button,ApplyShift,UIInteraction,AddTimeDepthModification() Shift Value=0.0974049436603193
43193.8563959491,DataCentral,Time/Depth Edit/Shift,DepthShift/Shift,Click,Button,ApplyShift,UIInteraction,AddTimeDepthModification() Shift Value=0.00020420583570148
43193.8563959606,DataCentral,Time/Depth Edit/Shift,DepthShift/Shift,Click,Button,ApplyShift,UIInteraction,AddTimeDepthModification() Shift Value=0.0972007378246179
43193.8563959722,DataCentral,Time/Depth Edit/Shift,DepthShift/Shift,Click,Button,ApplyShift,UIInteraction,AddTimeDepthModification() Shift Value=0.00019517958511276
43193.8563959722,DataCentral,Time/Depth Edit/Shift,DepthShift/Shift,Click,Button,ApplyShift,UIInteraction,AddTimeDepthModification() Shift Value=0.0970055582395051
43193.8563959838,DataCentral,Time/Depth Edit/Shift,DepthShift/Shift,Click,Button,ApplyShift,UIInteraction,AddTimeDepthModification() Shift Value=0.000187993283011691
43193.8563960069,DataCentral,Time/Depth Edit/Shift,DepthShift/Shift,Click,Button,ApplyShift,UIInteraction,AddTimeDepthModification() Shift Value=0.000177094544839709
43193.8563960185,DataCentral,Time/Depth Edit/Shift,DepthShift/Shift,Click,Button,ApplyShift,UIInteraction,AddTimeDepthModification() Shift Value=0.0966404704116537
43193.8563960301,DataCentral,Time/Depth Edit/Shift,DepthShift/Shift,Click,Button,ApplyShift,UIInteraction,AddTimeDepthModification() Shift Value=0.000216879460076984
43193.8563960417,DataCentral,Time/Depth Edit/Shift,DepthShift/Shift,Click,Button,ApplyShift,UIInteraction,AddTimeDepthModification() Shift Value=0.0964235909515767
43193.8563959954,DataCentral,Time/Depth Edit/Shift,DepthShift/Shift,Click,Button,ApplyShift,UIInteraction,AddTimeDepthModification() Shift Value=0.0968175649564934
43193.8563960532,DataCentral,Time/Depth Edit/Shift,DepthShift/Shift,Click,Button,ApplyShift,UIInteraction,AddTimeDepthModification() Shift Value=0.000211457200086677
43193.8563960648,DataCentral,Time/Depth Edit/Shift,DepthShift/Shift,Click,Button,ApplyShift,UIInteraction,AddTimeDepthModification() Shift Value=0.0962121337514901
43193.8563960764,DataCentral,Time/Depth Edit/Shift,DepthShift/Shift,Click,Button,ApplyShift,UIInteraction,AddTimeDepthModification() Shift Value=0.000191586436334667
43193.8563960995,DataCentral,Time/Depth Edit/Shift,DepthShift/Shift,Click,Button,ApplyShift,UIInteraction,AddTimeDepthModification() Shift Value=0.0960205473151554
43193.8563961227,DataCentral,Time/Depth Edit/Shift,DepthShift/Shift,Click,Button,ApplyShift,UIInteraction,AddTimeDepthModification() Shift Value=0.000198772733890853
43193.8563961458,DataCentral,Time/Depth Edit/Shift,DepthShift/Shift,Click,Button,ApplyShift,UIInteraction,AddTimeDepthModification() Shift Value=0.0958217745812645
43193.856396169,DataCentral,Time/Depth Edit/Shift,DepthShift/Shift,Click,Button,ApplyShift,UIInteraction,AddTimeDepthModification() Shift Value=0.0955777513003199
43193.8563961574,DataCentral,Time/Depth Edit/Shift,DepthShift/Shift,Click,Button,ApplyShift,UIInteraction,AddTimeDepthModification() Shift Value=0.000244023280944598
43193.8563961806,DataCentral,Time/Depth Edit/Shift,DepthShift/Shift,Click,Button,ApplyShift,UIInteraction,AddTimeDepthModification() Shift Value=0.000236761070194198
43193.8563961921,DataCentral,Time/Depth Edit/Shift,DepthShift/Shift,Click,Button,ApplyShift,UIInteraction,AddTimeDepthModification() Shift Value=0.0953409902301257
43193.8563961921,DataCentral,Time/Depth Edit/Shift,DepthShift/Shift,Click,Button,ApplyShift,UIInteraction,AddTimeDepthModification() Shift Value=0.000287379652229559
43193.8563962037,DataCentral,Time/Depth Edit/Shift,DepthShift/Shift,Click,Button,ApplyShift,UIInteraction,AddTimeDepthModification() Shift Value=0.0950536105778962
43193.8563962153,DataCentral,Time/Depth Edit/Shift,DepthShift/Shift,Click,Button,ApplyShift,UIInteraction,AddTimeDepthModification() Shift Value=0.000269262084223107
43193.8563962269,DataCentral,Time/Depth Edit/Shift,DepthShift/Shift,Click,Button,ApplyShift,UIInteraction,AddTimeDepthModification() Shift Value=0.0947843484936731
43193.8563962384,DataCentral,Time/Depth Edit/Shift,DepthShift/Shift,Click,Button,ApplyShift,UIInteraction,AddTimeDepthModification() Shift Value=0.000244023280944598
43193.85639625,DataCentral,Time/Depth Edit/Shift,DepthShift/Shift,Click,Button,ApplyShift,UIInteraction,AddTimeDepthModification() Shift Value=0.0945403252127285
43193.8563962616,DataCentral,Time/Depth Edit/Shift,DepthShift/Shift,Click,Button,ApplyShift,UIInteraction,AddTimeDepthModification() Shift Value=0.000262119158493084
43193.8563962732,DataCentral,Time/Depth Edit/Shift,DepthShift/Shift,Click,Button,ApplyShift,UIInteraction,AddTimeDepthModification() Shift Value=0.0942782060542354
43193.8563962847,DataCentral,Time/Depth Edit/Shift,DepthShift/Shift,Click,Button,ApplyShift,UIInteraction,AddTimeDepthModification() Shift Value=0.000265658086807369
43193.8563962963,DataCentral,Time/Depth Edit/Shift,DepthShift/Shift,Click,Button,ApplyShift,UIInteraction,AddTimeDepthModification() Shift Value=0.094012547967428
43193.8563963079,DataCentral,Time/Depth Edit/Shift,DepthShift/Shift,Click,Button,ApplyShift,UIInteraction,AddTimeDepthModification() Shift Value=0.000244023278672156
43193.8563963426,DataCentral,Time/Depth Edit/Shift,DepthShift/Shift,Click,Button,ApplyShift,UIInteraction,AddTimeDepthModification() Shift Value=0.0937685246887559
43193.8563963542,DataCentral,Time/Depth Edit/Shift,DepthShift/Shift,Click,Button,ApplyShift,UIInteraction,AddTimeDepthModification() Shift Value=0.000213307999484415
43193.8563963657,DataCentral,Time/Depth Edit/Shift,DepthShift/Shift,Click,Button,ApplyShift,UIInteraction,AddTimeDepthModification() Shift Value=0.0935552166892715
43193.8563963773,DataCentral,Time/Depth Edit/Shift,DepthShift/Shift,Click,Button,ApplyShift,UIInteraction,AddTimeDepthModification() Shift Value=0.000251209580773225
43193.8563963889,DataCentral,Time/Depth Edit/Shift,DepthShift/Shift,Click,Button,ApplyShift,UIInteraction,AddTimeDepthModification() Shift Value=0.0933040071084982
43193.8563964005,DataCentral,Time/Depth Edit/Shift,DepthShift/Shift,Click,Button,ApplyShift,UIInteraction,AddTimeDepthModification() Shift Value=0.000263904891061811
43193.856396412,DataCentral,Time/Depth Edit/Shift,DepthShift/Shift,Click,Button,ApplyShift,UIInteraction,AddTimeDepthModification() Shift Value=0.0930401022174364
43193.8563964236,DataCentral,Time/Depth Edit/Shift,DepthShift/Shift,Click,Button,ApplyShift,UIInteraction,AddTimeDepthModification() Shift Value=0.00011744971448807
43193.8563964352,DataCentral,Time/Depth Edit/Shift,DepthShift/Shift,Click,Button,ApplyShift,UIInteraction,AddTimeDepthModification() Shift Value=0.0929226525029484
43193.8563964468,DataCentral,Time/Depth Edit/Shift,DepthShift/Shift,Click,Button,ApplyShift,UIInteraction,AddTimeDepthModification() Shift Value=7.94939127354517E-05
43193.8563964583,DataCentral,Time/Depth Edit/Shift,DepthShift/Shift,Click,Button,ApplyShift,UIInteraction,AddTimeDepthModification() Shift Value=0.0928431585902129
43193.8563964583,DataCentral,Time/Depth Edit/Shift,DepthShift/Shift,Click,Button,ApplyShift,UIInteraction,AddTimeDepthModification() Shift Value=0.000460956963757832
43193.8563964699,DataCentral,Time/Depth Edit/Shift,DepthShift/Shift,Click,Button,ApplyShift,UIInteraction,AddTimeDepthModification() Shift Value=0.0923822016264551
43193.8563964815,DataCentral,Time/Depth Edit/Shift,DepthShift/Shift,Click,Button,ApplyShift,UIInteraction,AddTimeDepthModification() Shift Value=0.000234942807619628
43193.8563965046,DataCentral,Time/Depth Edit/Shift,DepthShift/Shift,Click,Button,ApplyShift,UIInteraction,AddTimeDepthModification() Shift Value=0.0921472588188354
43193.8563965162,DataCentral,Time/Depth Edit/Shift,DepthShift/Shift,Click,Button,ApplyShift,UIInteraction,AddTimeDepthModification() Shift Value=0.000234942805347186
43193.8563965278,DataCentral,Time/Depth Edit/Shift,DepthShift/Shift,Click,Button,ApplyShift,UIInteraction,AddTimeDepthModification() Shift Value=0.0919123160134883
43193.8563965394,DataCentral,Time/Depth Edit/Shift,DepthShift/Shift,Click,Button,ApplyShift,UIInteraction,AddTimeDepthModification() Shift Value=0.00063072423101813
43193.8563965509,DataCentral,Time/Depth Edit/Shift,DepthShift/Shift,Click,Button,ApplyShift,UIInteraction,AddTimeDepthModification() Shift Value=0.0912815917824701
43193.8563965625,DataCentral,Time/Depth Edit/Shift,DepthShift/Shift,Click,Button,ApplyShift,UIInteraction,AddTimeDepthModification() Shift Value=0.000536846881349987
43193.8563965741,DataCentral,Time/Depth Edit/Shift,DepthShift/Shift,Click,Button,ApplyShift,UIInteraction,AddTimeDepthModification() Shift Value=0.0907447449011201
43193.8563965856,DataCentral,Time/Depth Edit/Shift,DepthShift/Shift,Click,Button,ApplyShift,UIInteraction,AddTimeDepthModification() Shift Value=0.000374135775715411
43193.8563965972,DataCentral,Time/Depth Edit/Shift,DepthShift/Shift,Click,Button,ApplyShift,UIInteraction,AddTimeDepthModification() Shift Value=0.0903706091254047
43193.8563966088,DataCentral,Time/Depth Edit/Shift,DepthShift/Shift,Click,Button,ApplyShift,UIInteraction,AddTimeDepthModification() Shift Value=0.000327189864290099
43193.8563966204,DataCentral,Time/Depth Edit/Shift,DepthShift/Shift,Click,Button,ApplyShift,UIInteraction,AddTimeDepthModification() Shift Value=0.0900434192611146
43193.8563966319,DataCentral,Time/Depth Edit/Shift,DepthShift/Shift,Click,Button,ApplyShift,UIInteraction,AddTimeDepthModification() Shift Value=0.000372382577697411
43193.8563966435,DataCentral,Time/Depth Edit/Shift,DepthShift/Shift,Click,Button,ApplyShift,UIInteraction,AddTimeDepthModification() Shift Value=0.0896710366834172
43193.8563966435,DataCentral,Time/Depth Edit/Shift,DepthShift/Shift,Click,Button,ApplyShift,UIInteraction,AddTimeDepthModification() Shift Value=0.000319934884449835
43193.8563966551,DataCentral,Time/Depth Edit/Shift,DepthShift/Shift,Click,Button,ApplyShift,UIInteraction,AddTimeDepthModification() Shift Value=0.0893511017989674
43193.8563966667,DataCentral,Time/Depth Edit/Shift,DepthShift/Shift,Click,Button,ApplyShift,UIInteraction,AddTimeDepthModification() Shift Value=0.000222312561887612
43193.8563966782,DataCentral,Time/Depth Edit/Shift,DepthShift/Shift,Click,Button,ApplyShift,UIInteraction,AddTimeDepthModification() Shift Value=0.0891287892370798
43193.8563967014,DataCentral,Time/Depth Edit/Shift,DepthShift/Shift,Click,Button,ApplyShift,UIInteraction,AddTimeDepthModification() Shift Value=0.000254867794107887
43193.856396713,DataCentral,Time/Depth Edit/Shift,DepthShift/Shift,Click,Button,ApplyShift,UIInteraction,AddTimeDepthModification() Shift Value=0.0888739214429719
43193.8563967245,DataCentral,Time/Depth Edit/Shift,DepthShift/Shift,Click,Button,ApplyShift,UIInteraction,AddTimeDepthModification() Shift Value=0.00030906868082858
43193.8563967361,DataCentral,Time/Depth Edit/Shift,DepthShift/Shift,Click,Button,ApplyShift,UIInteraction,AddTimeDepthModification() Shift Value=0.0885648527621433
43193.8563967477,DataCentral,Time/Depth Edit/Shift,DepthShift/Shift,Click,Button,ApplyShift,UIInteraction,AddTimeDepthModification() Shift Value=0.000260394884115626
43193.8563967593,DataCentral,Time/Depth Edit/Shift,DepthShift/Shift,Click,Button,ApplyShift,UIInteraction,AddTimeDepthModification() Shift Value=0.0883044578780277
43193.8563967708,DataCentral,Time/Depth Edit/Shift,DepthShift/Shift,Click,Button,ApplyShift,UIInteraction,AddTimeDepthModification() Shift Value=0.000227723973240274
43193.8563967824,DataCentral,Time/Depth Edit/Shift,DepthShift/Shift,Click,Button,ApplyShift,UIInteraction,AddTimeDepthModification() Shift Value=0.0880767339047874
43193.856396794,DataCentral,Time/Depth Edit/Shift,DepthShift/Shift,Click,Button,ApplyShift,UIInteraction,AddTimeDepthModification() Shift Value=0.000262119163037968
43193.8563968056,DataCentral,Time/Depth Edit/Shift,DepthShift/Shift,Click,Button,ApplyShift,UIInteraction,AddTimeDepthModification() Shift Value=0.0878146147417494
43193.8563968171,DataCentral,Time/Depth Edit/Shift,DepthShift/Shift,Click,Button,ApplyShift,UIInteraction,AddTimeDepthModification() Shift Value=0.00039058328753577
43193.8563968287,DataCentral,Time/Depth Edit/Shift,DepthShift/Shift,Click,Button,ApplyShift,UIInteraction,AddTimeDepthModification() Shift Value=0.0874240314542137
43193.8563968287,DataCentral,Time/Depth Edit/Shift,DepthShift/Shift,Click,Button,ApplyShift,UIInteraction,AddTimeDepthModification() Shift Value=0.000227734819605478
43193.8563968403,DataCentral,Time/Depth Edit/Shift,DepthShift/Shift,Click,Button,ApplyShift,UIInteraction,AddTimeDepthModification() Shift Value=0.0871962966346082
43193.8563969097,DataCentral,Time/Depth Edit/Shift,DepthShift/Shift,Click,Button,ApplyShift,UIInteraction,AddTimeDepthModification() Shift Value=0.000220526831591327
43193.8563969213,DataCentral,Time/Depth Edit/Shift,DepthShift/Shift,Click,Button,ApplyShift,UIInteraction,AddTimeDepthModification() Shift Value=0.0869757698030169
43193.8563969329,DataCentral,Time/Depth Edit/Shift,DepthShift/Shift,Click,Button,ApplyShift,UIInteraction,AddTimeDepthModification() Shift Value=0.000198837798447422
43193.8563969444,DataCentral,Time/Depth Edit/Shift,DepthShift/Shift,Click,Button,ApplyShift,UIInteraction,AddTimeDepthModification() Shift Value=0.0867769320045694
43193.856396956,DataCentral,Time/Depth Edit/Shift,DepthShift/Shift,Click,Button,ApplyShift,UIInteraction,AddTimeDepthModification() Shift Value=0.000963365274394196
43193.8563969676,DataCentral,Time/Depth Edit/Shift,DepthShift/Shift,Click,Button,ApplyShift,UIInteraction,AddTimeDepthModification() Shift Value=0.0858135667301752
43193.8563969792,DataCentral,Time/Depth Edit/Shift,DepthShift/Shift,Click,Button,ApplyShift,UIInteraction,AddTimeDepthModification() Shift Value=0.000209479887030868
43193.8563969907,DataCentral,Time/Depth Edit/Shift,DepthShift/Shift,Click,Button,ApplyShift,UIInteraction,AddTimeDepthModification() Shift Value=0.0856040868431444
43193.8563970023,DataCentral,Time/Depth Edit/Shift,DepthShift/Shift,Click,Button,ApplyShift,UIInteraction,AddTimeDepthModification() Shift Value=0.000218585663996429
43193.8563970139,DataCentral,Time/Depth Edit/Shift,DepthShift/Shift,Click,Button,ApplyShift,UIInteraction,AddTimeDepthModification() Shift Value=0.0853855011791479
43193.8563970255,DataCentral,Time/Depth Edit/Shift,DepthShift/Shift,Click,Button,ApplyShift,UIInteraction,AddTimeDepthModification() Shift Value=0.000191575592241906
43193.856397037,DataCentral,Time/Depth Edit/Shift,DepthShift/Shift,Click,Button,ApplyShift,UIInteraction,AddTimeDepthModification() Shift Value=0.085193925586906
43193.8563970486,DataCentral,Time/Depth Edit/Shift,DepthShift/Shift,Click,Button,ApplyShift,UIInteraction,AddTimeDepthModification() Shift Value=0.000189789857400737
43193.8563970486,DataCentral,Time/Depth Edit/Shift,DepthShift/Shift,Click,Button,ApplyShift,UIInteraction,AddTimeDepthModification() Shift Value=0.0850041357295053
43193.8563970602,DataCentral,Time/Depth Edit/Shift,DepthShift/Shift,Click,Button,ApplyShift,UIInteraction,AddTimeDepthModification() Shift Value=0.000245852387611929
43193.8563970718,DataCentral,Time/Depth Edit/Shift,DepthShift/Shift,Click,Button,ApplyShift,UIInteraction,AddTimeDepthModification() Shift Value=0.0847582833418934
43193.8563970833,DataCentral,Time/Depth Edit/Shift,DepthShift/Shift,Click,Button,ApplyShift,UIInteraction,AddTimeDepthModification() Shift Value=0.000195085601460532
43193.8563970949,DataCentral,Time/Depth Edit/Shift,DepthShift/Shift,Click,Button,ApplyShift,UIInteraction,AddTimeDepthModification() Shift Value=0.0845631977404328
43193.8563971181,DataCentral,Time/Depth Edit/Shift,DepthShift/Shift,Click,Button,ApplyShift,UIInteraction,AddTimeDepthModification() Shift Value=0.000175308819088308
43193.8563971296,DataCentral,Time/Depth Edit/Shift,DepthShift/Shift,Click,Button,ApplyShift,UIInteraction,AddTimeDepthModification() Shift Value=0.0843878889213445
43193.8563971412,DataCentral,Time/Depth Edit/Shift,DepthShift/Shift,Click,Button,ApplyShift,UIInteraction,AddTimeDepthModification() Shift Value=0.000169875715005239
43193.8563971528,DataCentral,Time/Depth Edit/Shift,DepthShift/Shift,Click,Button,ApplyShift,UIInteraction,AddTimeDepthModification() Shift Value=0.0842180132063393
43193.8563971644,DataCentral,Time/Depth Edit/Shift,DepthShift/Shift,Click,Button,ApplyShift,UIInteraction,AddTimeDepthModification() Shift Value=0.000155438050791415
43193.8563971759,DataCentral,Time/Depth Edit/Shift,DepthShift/Shift,Click,Button,ApplyShift,UIInteraction,AddTimeDepthModification() Shift Value=0.0840625751555479
43193.8563971875,DataCentral,Time/Depth Edit/Shift,DepthShift/Shift,Click,Button,ApplyShift,UIInteraction,AddTimeDepthModification() Shift Value=0.000193361320265749
43193.8563971991,DataCentral,Time/Depth Edit/Shift,DepthShift/Shift,Click,Button,ApplyShift,UIInteraction,AddTimeDepthModification() Shift Value=0.0838692138352821
43193.8563972106,DataCentral,Time/Depth Edit/Shift,DepthShift/Shift,Click,Button,ApplyShift,UIInteraction,AddTimeDepthModification() Shift Value=0.000173555621070308
43193.8563972222,DataCentral,Time/Depth Edit/Shift,DepthShift/Shift,Click,Button,ApplyShift,UIInteraction,AddTimeDepthModification() Shift Value=0.0836956582142118
43193.8563972222,DataCentral,Time/Depth Edit/Shift,DepthShift/Shift,Click,Button,ApplyShift,UIInteraction,AddTimeDepthModification() Shift Value=0.000204205833429038
43193.8563972338,DataCentral,Time/Depth Edit/Shift,DepthShift/Shift,Click,Button,ApplyShift,UIInteraction,AddTimeDepthModification() Shift Value=0.0834914523807828
43193.8563972454,DataCentral,Time/Depth Edit/Shift,DepthShift/Shift,Click,Button,ApplyShift,UIInteraction,AddTimeDepthModification() Shift Value=0.000171672289394286
43193.8563972569,DataCentral,Time/Depth Edit/Shift,DepthShift/Shift,Click,Button,ApplyShift,UIInteraction,AddTimeDepthModification() Shift Value=0.0833197800913885
43193.8563972685,DataCentral,Time/Depth Edit/Shift,DepthShift/Shift,Click,Button,ApplyShift,UIInteraction,AddTimeDepthModification() Shift Value=0.000177127081662878
43193.8563972801,DataCentral,Time/Depth Edit/Shift,DepthShift/Shift,Click,Button,ApplyShift,UIInteraction,AddTimeDepthModification() Shift Value=0.0831426530097256
43193.8563972917,DataCentral,Time/Depth Edit/Shift,DepthShift/Shift,Click,Button,ApplyShift,UIInteraction,AddTimeDepthModification() Shift Value=0.000166271719861943
43193.8563973032,DataCentral,Time/Depth Edit/Shift,DepthShift/Shift,Click,Button,ApplyShift,UIInteraction,AddTimeDepthModification() Shift Value=0.0829763812898637
43193.8563973264,DataCentral,Time/Depth Edit/Shift,DepthShift/Shift,Click,Button,ApplyShift,UIInteraction,AddTimeDepthModification() Shift Value=7.41258754813937E-05
43193.856397338,DataCentral,Time/Depth Edit/Shift,DepthShift/Shift,Click,Button,ApplyShift,UIInteraction,AddTimeDepthModification() Shift Value=0.0829022554143823
43193.8563973495,DataCentral,Time/Depth Edit/Shift,DepthShift/Shift,Click,Button,ApplyShift,UIInteraction,AddTimeDepthModification() Shift Value=0.000310865257490068
43193.8563973611,DataCentral,Time/Depth Edit/Shift,DepthShift/Shift,Click,Button,ApplyShift,UIInteraction,AddTimeDepthModification() Shift Value=0.0825913901568922
43193.8563973727,DataCentral,Time/Depth Edit/Shift,DepthShift/Shift,Click,Button,ApplyShift,UIInteraction,AddTimeDepthModification() Shift Value=5.2382624146123E-05
43193.8563973843,DataCentral,Time/Depth Edit/Shift,DepthShift/Shift,Click,Button,ApplyShift,UIInteraction,AddTimeDepthModification() Shift Value=0.0825390075327461
43193.8563973958,DataCentral,Time/Depth Edit/Shift,DepthShift/Shift,Click,Button,ApplyShift,UIInteraction,AddTimeDepthModification() Shift Value=0.000271134567261485
43193.8563974074,DataCentral,Time/Depth Edit/Shift,DepthShift/Shift,Click,Button,ApplyShift,UIInteraction,AddTimeDepthModification() Shift Value=0.0822678729654846
43193.856397419,DataCentral,Time/Depth Edit/Shift,DepthShift/Shift,Click,Button,ApplyShift,UIInteraction,AddTimeDepthModification() Shift Value=9.03275795335379E-05
43193.8563974306,DataCentral,Time/Depth Edit/Shift,DepthShift/Shift,Click,Button,ApplyShift,UIInteraction,AddTimeDepthModification() Shift Value=0.0821775453859511
43193.8563974421,DataCentral,Time/Depth Edit/Shift,DepthShift/Shift,Click,Button,ApplyShift,UIInteraction,AddTimeDepthModification() Shift Value=0.000103033736187327
43193.8563974537,DataCentral,Time/Depth Edit/Shift,DepthShift/Shift,Click,Button,ApplyShift,UIInteraction,AddTimeDepthModification() Shift Value=0.0820745116497637
43193.8563974537,DataCentral,Time/Depth Edit/Shift,DepthShift/Shift,Click,Button,ApplyShift,UIInteraction,AddTimeDepthModification() Shift Value=0.000833252781895824
43193.8563974769,DataCentral,Time/Depth Edit/Shift,DepthShift/Shift,Click,Button,ApplyShift,UIInteraction,AddTimeDepthModification() Shift Value=0.0812412588678679
43193.8563974884,DataCentral,Time/Depth Edit/Shift,DepthShift/Shift,Click,Button,ApplyShift,UIInteraction,AddTimeDepthModification() Shift Value=0.00653583024083627
43193.8563975,DataCentral,Time/Depth Edit/Shift,DepthShift/Shift,Click,Button,ApplyShift,UIInteraction,AddTimeDepthModification() Shift Value=0.0747054286270317
43193.8563975116,DataCentral,Time/Depth Edit/Shift,DepthShift/Shift,Click,Button,ApplyShift,UIInteraction,AddTimeDepthModification() Shift Value=2.16781845062595E-05
43193.8563975231,DataCentral,Time/Depth Edit/Shift,DepthShift/Shift,Click,Button,ApplyShift,UIInteraction,AddTimeDepthModification() Shift Value=0.0746837504425254
43193.8563975463,DataCentral,Time/Depth Edit/Shift,DepthShift/Shift,Click,Button,ApplyShift,UIInteraction,AddTimeDepthModification() Shift Value=0.000542225760424365
43193.8563975463,DataCentral,Time/Depth Edit/Shift,DepthShift/Shift,Click,Button,ApplyShift,UIInteraction,AddTimeDepthModification() Shift Value=0.074141524682101
43193.8563975579,DataCentral,Time/Depth Edit/Shift,DepthShift/Shift,Click,Button,ApplyShift,UIInteraction,AddTimeDepthModification() Shift Value=4.87786290028267E-05
43193.8563975694,DataCentral,Time/Depth Edit/Shift,DepthShift/Shift,Click,Button,ApplyShift,UIInteraction,AddTimeDepthModification() Shift Value=0.0740927460530982
43193.856397581,DataCentral,Time/Depth Edit/Shift,DepthShift/Shift,Click,Button,ApplyShift,UIInteraction,AddTimeDepthModification() Shift Value=0.0198783686401818
43193.8563975926,DataCentral,Time/Depth Edit/Shift,DepthShift/Shift,Click,Button,ApplyShift,UIInteraction,AddTimeDepthModification() Shift Value=0.0542143774129165
43193.8563976042,DataCentral,Time/Depth Edit/Shift,DepthShift/Shift,Click,Button,ApplyShift,UIInteraction,AddTimeDepthModification() Shift Value=1.26736243755044E-05
43193.8563976157,DataCentral,Time/Depth Edit/Shift,DepthShift/Shift,Click,Button,ApplyShift,UIInteraction,AddTimeDepthModification() Shift Value=0.054201703788541
43193.8563976273,DataCentral,Time/Depth Edit/Shift,DepthShift/Shift,Click,Button,ApplyShift,UIInteraction,AddTimeDepthModification() Shift Value=0.0208668462019239
43193.8563976389,DataCentral,Time/Depth Edit/Shift,DepthShift/Shift,Click,Button,ApplyShift,UIInteraction,AddTimeDepthModification() Shift Value=0.033334857586617
43193.8563976505,DataCentral,Time/Depth Edit/Shift,DepthShift/Shift,Click,Button,ApplyShift,UIInteraction,AddTimeDepthModification() Shift Value=0.000294576796150948
43193.856397662,DataCentral,Time/Depth Edit/Shift,DepthShift/Shift,Click,Button,ApplyShift,UIInteraction,AddTimeDepthModification() Shift Value=0.0330402807904661
43193.8563976736,DataCentral,Time/Depth Edit/Shift,DepthShift/Shift,Click,Button,ApplyShift,UIInteraction,AddTimeDepthModification() Shift Value=1.62667731535972E-05
43193.8563976852,DataCentral,Time/Depth Edit/Shift,DepthShift/Shift,Click,Button,ApplyShift,UIInteraction,AddTimeDepthModification() Shift Value=0.0330240140173125
43193.8563976968,DataCentral,Time/Depth Edit/Shift,DepthShift/Shift,Click,Button,ApplyShift,UIInteraction,AddTimeDepthModification() Shift Value=0.000587389550191134
43193.8563977199,DataCentral,Time/Depth Edit/Shift,DepthShift/Shift,Click,Button,ApplyShift,UIInteraction,AddTimeDepthModification() Shift Value=0.0324366244671213
43193.8563977315,DataCentral,Time/Depth Edit/Shift,DepthShift/Shift,Click,Button,ApplyShift,UIInteraction,AddTimeDepthModification() Shift Value=0.0170603996821495
43193.8563977431,DataCentral,Time/Depth Edit/Shift,DepthShift/Shift,Click,Button,ApplyShift,UIInteraction,AddTimeDepthModification() Shift Value=0.0153762247849719
43193.8563977546,DataCentral,Time/Depth Edit/Shift,DepthShift/Shift,Click,Button,ApplyShift,UIInteraction,AddTimeDepthModification() Shift Value=0.000956103065916237
43193.8563977662,DataCentral,Time/Depth Edit/Shift,DepthShift/Shift,Click,Button,ApplyShift,UIInteraction,AddTimeDepthModification() Shift Value=0.0144201217190556
43193.8563977778,DataCentral,Time/Depth Edit/Shift,DepthShift/Shift,Click,Button,ApplyShift,UIInteraction,AddTimeDepthModification() Shift Value=0.000267534187573256
43193.8563977894,DataCentral,Time/Depth Edit/Shift,DepthShift/Shift,Click,Button,ApplyShift,UIInteraction,AddTimeDepthModification() Shift Value=0.0141525875314824
43193.8563978009,DataCentral,Time/Depth Edit/Shift,DepthShift/Shift,Click,Button,ApplyShift,UIInteraction,AddTimeDepthModification() Shift Value=0.000327121184278462
43193.8563978125,DataCentral,Time/Depth Edit/Shift,DepthShift/Shift,Click,Button,ApplyShift,UIInteraction,AddTimeDepthModification() Shift Value=0.0138254663472039
43193.8563978241,DataCentral,Time/Depth Edit/Shift,DepthShift/Shift,Click,Button,ApplyShift,UIInteraction,AddTimeDepthModification() Shift Value=0.000433769759701847
43193.8563978472,DataCentral,Time/Depth Edit/Shift,DepthShift/Shift,Click,Button,ApplyShift,UIInteraction,AddTimeDepthModification() Shift Value=0.000717556265425755
43193.8563978704,DataCentral,Time/Depth Edit/Shift,DepthShift/Shift,Click,Button,ApplyShift,UIInteraction,AddTimeDepthModification() Shift Value=0.00469945980613214
43193.8563978588,DataCentral,Time/Depth Edit/Shift,DepthShift/Shift,Click,Button,ApplyShift,UIInteraction,AddTimeDepthModification() Shift Value=0.0126741403220763
43193.8563978819,DataCentral,Time/Depth Edit/Shift,DepthShift/Shift,Click,Button,ApplyShift,UIInteraction,AddTimeDepthModification() Shift Value=0.00797468051594417
43193.8563979051,DataCentral,Time/Depth Edit/Shift,DepthShift/Shift,Click,Button,ApplyShift,UIInteraction,AddTimeDepthModification() Shift Value=0.000112092525871657
43193.8563979167,DataCentral,Time/Depth Edit/Shift,DepthShift/Shift,Click,Button,ApplyShift,UIInteraction,AddTimeDepthModification() Shift Value=0.00786258799007251
43193.8563979167,DataCentral,Time/Depth Edit/Shift,DepthShift/Shift,Click,Button,ApplyShift,UIInteraction,AddTimeDepthModification() Shift Value=0.00461818016310041
43193.8563979282,DataCentral,Time/Depth Edit/Shift,DepthShift/Shift,Click,Button,ApplyShift,UIInteraction,AddTimeDepthModification() Shift Value=0.0032444078269721
43193.8563979398,DataCentral,Time/Depth Edit/Shift,DepthShift/Shift,Click,Button,ApplyShift,UIInteraction,AddTimeDepthModification() Shift Value=0.0032444078269721
43193.856397963,DataCentral,Time/Depth Edit/Shift,DepthShift/Shift,Click,Button,ApplyShift,UIInteraction,AddTimeDepthModification() Shift Value=0.00786258799007251
43193.8563979745,DataCentral,Time/Depth Edit/Shift,DepthShift/Shift,Click,Button,ApplyShift,UIInteraction,AddTimeDepthModification() Shift Value=0.00797468051594417
43193.8563979514,DataCentral,Time/Depth Edit/Shift,DepthShift/Shift,Click,Button,ApplyShift,UIInteraction,AddTimeDepthModification() Shift Value=0.0032444078269721
43193.8563979861,DataCentral,Time/Depth Edit/Shift,DepthShift/Shift,Click,Button,ApplyShift,UIInteraction,AddTimeDepthModification() Shift Value=0.0126741403220763
43193.8563979977,DataCentral,Time/Depth Edit/Shift,DepthShift/Shift,Click,Button,ApplyShift,UIInteraction,AddTimeDepthModification() Shift Value=0.0133916965875021
43193.8563980093,DataCentral,Time/Depth Edit/Shift,DepthShift/Shift,Click,Button,ApplyShift,UIInteraction,AddTimeDepthModification() Shift Value=0.0138254663472039
43193.8563980208,DataCentral,Time/Depth Edit/Shift,DepthShift/Shift,Click,Button,ApplyShift,UIInteraction,AddTimeDepthModification() Shift Value=0.0141525875314824
43193.8563980324,DataCentral,Time/Depth Edit/Shift,DepthShift/Shift,Click,Button,ApplyShift,UIInteraction,AddTimeDepthModification() Shift Value=0.0153762247849719
43193.8563980208,DataCentral,Time/Depth Edit/Shift,DepthShift/Shift,Click,Button,ApplyShift,UIInteraction,AddTimeDepthModification() Shift Value=0.0144201217190556
43193.8563980556,DataCentral,Time/Depth Edit/Shift,DepthShift/Shift,Click,Button,ApplyShift,UIInteraction,AddTimeDepthModification() Shift Value=0.0324366244671213
43193.8563980671,DataCentral,Time/Depth Edit/Shift,DepthShift/Shift,Click,Button,ApplyShift,UIInteraction,AddTimeDepthModification() Shift Value=0.0330240140173125
43193.8563980787,DataCentral,Time/Depth Edit/Shift,DepthShift/Shift,Click,Button,ApplyShift,UIInteraction,AddTimeDepthModification() Shift Value=0.0330402807904661
43193.8563980903,DataCentral,Time/Depth Edit/Shift,DepthShift/Shift,Click,Button,ApplyShift,UIInteraction,AddTimeDepthModification() Shift Value=0.033334857586617
43193.8563981019,DataCentral,Time/Depth Edit/Shift,DepthShift/Shift,Click,Button,ApplyShift,UIInteraction,AddTimeDepthModification() Shift Value=0.054201703788541
43193.8563981134,DataCentral,Time/Depth Edit/Shift,DepthShift/Shift,Click,Button,ApplyShift,UIInteraction,AddTimeDepthModification() Shift Value=0.0542143774129165
43193.856398125,DataCentral,Time/Depth Edit/Shift,DepthShift/Shift,Click,Button,ApplyShift,UIInteraction,AddTimeDepthModification() Shift Value=0.0740927460530982
43193.8563981366,DataCentral,Time/Depth Edit/Shift,DepthShift/Shift,Click,Button,ApplyShift,UIInteraction,AddTimeDepthModification() Shift Value=0.074141524682101
43193.8563981481,DataCentral,Time/Depth Edit/Shift,DepthShift/Shift,Click,Button,ApplyShift,UIInteraction,AddTimeDepthModification() Shift Value=0.0746837504425254
43193.8563981597,DataCentral,Time/Depth Edit/Shift,DepthShift/Shift,Click,Button,ApplyShift,UIInteraction,AddTimeDepthModification() Shift Value=0.0747054286270317
43193.8563981713,DataCentral,Time/Depth Edit/Shift,DepthShift/Shift,Click,Button,ApplyShift,UIInteraction,AddTimeDepthModification() Shift Value=0.0820745116497637
43193.8563981713,DataCentral,Time/Depth Edit/Shift,DepthShift/Shift,Click,Button,ApplyShift,UIInteraction,AddTimeDepthModification() Shift Value=0.0812412588678679
43193.8563981829,DataCentral,Time/Depth Edit/Shift,DepthShift/Shift,Click,Button,ApplyShift,UIInteraction,AddTimeDepthModification() Shift Value=0.0821775453859511
43193.8563981944,DataCentral,Time/Depth Edit/Shift,DepthShift/Shift,Click,Button,ApplyShift,UIInteraction,AddTimeDepthModification() Shift Value=0.0822678729654846
43193.856398206,DataCentral,Time/Depth Edit/Shift,DepthShift/Shift,Click,Button,ApplyShift,UIInteraction,AddTimeDepthModification() Shift Value=0.0825390075327461
43193.8563982176,DataCentral,Time/Depth Edit/Shift,DepthShift/Shift,Click,Button,ApplyShift,UIInteraction,AddTimeDepthModification() Shift Value=0.0825913901568922
43193.8563982407,DataCentral,Time/Depth Edit/Shift,DepthShift/Shift,Click,Button,ApplyShift,UIInteraction,AddTimeDepthModification() Shift Value=0.0829763812898637
43193.8563982639,DataCentral,Time/Depth Edit/Shift,DepthShift/Shift,Click,Button,ApplyShift,UIInteraction,AddTimeDepthModification() Shift Value=0.0831426530097256
43193.8563982755,DataCentral,Time/Depth Edit/Shift,DepthShift/Shift,Click,Button,ApplyShift,UIInteraction,AddTimeDepthModification() Shift Value=0.0833197800913885
43193.856398287,DataCentral,Time/Depth Edit/Shift,DepthShift/Shift,Click,Button,ApplyShift,UIInteraction,AddTimeDepthModification() Shift Value=0.0834914523807828
43193.8563982986,DataCentral,Time/Depth Edit/Shift,DepthShift/Shift,Click,Button,ApplyShift,UIInteraction,AddTimeDepthModification() Shift Value=0.0836956582142118
43193.8563983102,DataCentral,Time/Depth Edit/Shift,DepthShift/Shift,Click,Button,ApplyShift,UIInteraction,AddTimeDepthModification() Shift Value=0.0838692138352821
43193.8563983102,DataCentral,Time/Depth Edit/Shift,DepthShift/Shift,Click,Button,ApplyShift,UIInteraction,AddTimeDepthModification() Shift Value=0.0840625751555479
43193.8563983218,DataCentral,Time/Depth Edit/Shift,DepthShift/Shift,Click,Button,ApplyShift,UIInteraction,AddTimeDepthModification() Shift Value=0.0842180132063393
43193.8563983333,DataCentral,Time/Depth Edit/Shift,DepthShift/Shift,Click,Button,ApplyShift,UIInteraction,AddTimeDepthModification() Shift Value=0.0843878889213445
43193.8563982292,DataCentral,Time/Depth Edit/Shift,DepthShift/Shift,Click,Button,ApplyShift,UIInteraction,AddTimeDepthModification() Shift Value=0.0829022554143823
43193.8563983449,DataCentral,Time/Depth Edit/Shift,DepthShift/Shift,Click,Button,ApplyShift,UIInteraction,AddTimeDepthModification() Shift Value=0.0845631977404328
43193.8563978356,DataCentral,Time/Depth Edit/Shift,DepthShift/Shift,Click,Button,ApplyShift,UIInteraction,AddTimeDepthModification() Shift Value=0.0133916965875021
43193.8563983565,DataCentral,Time/Depth Edit/Shift,DepthShift/Shift,Click,Button,ApplyShift,UIInteraction,AddTimeDepthModification() Shift Value=0.0847582833418934
43193.8563983681,DataCentral,Time/Depth Edit/Shift,DepthShift/Shift,Click,Button,ApplyShift,UIInteraction,AddTimeDepthModification() Shift Value=0.0850041357295053
43193.8563983796,DataCentral,Time/Depth Edit/Shift,DepthShift/Shift,Click,Button,ApplyShift,UIInteraction,AddTimeDepthModification() Shift Value=0.085193925586906
43193.8563983912,DataCentral,Time/Depth Edit/Shift,DepthShift/Shift,Click,Button,ApplyShift,UIInteraction,AddTimeDepthModification() Shift Value=0.0853855011791479
43193.8563984028,DataCentral,Time/Depth Edit/Shift,DepthShift/Shift,Click,Button,ApplyShift,UIInteraction,AddTimeDepthModification() Shift Value=0.0856040868431444
43193.8563984144,DataCentral,Time/Depth Edit/Shift,DepthShift/Shift,Click,Button,ApplyShift,UIInteraction,AddTimeDepthModification() Shift Value=0.0858135667301752
43193.8563984259,DataCentral,Time/Depth Edit/Shift,DepthShift/Shift,Click,Button,ApplyShift,UIInteraction,AddTimeDepthModification() Shift Value=0.0867769320045694
43193.8563984491,DataCentral,Time/Depth Edit/Shift,DepthShift/Shift,Click,Button,ApplyShift,UIInteraction,AddTimeDepthModification() Shift Value=0.0869757698030169
43193.8563984491,DataCentral,Time/Depth Edit/Shift,DepthShift/Shift,Click,Button,ApplyShift,UIInteraction,AddTimeDepthModification() Shift Value=0.0871962966346082
43193.8563984607,DataCentral,Time/Depth Edit/Shift,DepthShift/Shift,Click,Button,ApplyShift,UIInteraction,AddTimeDepthModification() Shift Value=0.0874240314542137
43193.8563984722,DataCentral,Time/Depth Edit/Shift,DepthShift/Shift,Click,Button,ApplyShift,UIInteraction,AddTimeDepthModification() Shift Value=0.0878146147417494
43193.8563984838,DataCentral,Time/Depth Edit/Shift,DepthShift/Shift,Click,Button,ApplyShift,UIInteraction,AddTimeDepthModification() Shift Value=0.0880767339047874
43193.8563984954,DataCentral,Time/Depth Edit/Shift,DepthShift/Shift,Click,Button,ApplyShift,UIInteraction,AddTimeDepthModification() Shift Value=0.0883044578780277
43193.8563985069,DataCentral,Time/Depth Edit/Shift,DepthShift/Shift,Click,Button,ApplyShift,UIInteraction,AddTimeDepthModification() Shift Value=0.0885648527621433
43193.8563985185,DataCentral,Time/Depth Edit/Shift,DepthShift/Shift,Click,Button,ApplyShift,UIInteraction,AddTimeDepthModification() Shift Value=0.0888739214429719
43193.8563985301,DataCentral,Time/Depth Edit/Shift,DepthShift/Shift,Click,Button,ApplyShift,UIInteraction,AddTimeDepthModification() Shift Value=0.0891287892370798
43193.8563985417,DataCentral,Time/Depth Edit/Shift,DepthShift/Shift,Click,Button,ApplyShift,UIInteraction,AddTimeDepthModification() Shift Value=0.0893511017989674
43193.8563985532,DataCentral,Time/Depth Edit/Shift,DepthShift/Shift,Click,Button,ApplyShift,UIInteraction,AddTimeDepthModification() Shift Value=0.0896710366834172
43193.8563985648,DataCentral,Time/Depth Edit/Shift,DepthShift/Shift,Click,Button,ApplyShift,UIInteraction,AddTimeDepthModification() Shift Value=0.0900434192611146
43193.8563985764,DataCentral,Time/Depth Edit/Shift,DepthShift/Shift,Click,Button,ApplyShift,UIInteraction,AddTimeDepthModification() Shift Value=0.0903706091254047
43193.856398588,DataCentral,Time/Depth Edit/Shift,DepthShift/Shift,Click,Button,ApplyShift,UIInteraction,AddTimeDepthModification() Shift Value=0.0907447449011201
43193.8563985995,DataCentral,Time/Depth Edit/Shift,DepthShift/Shift,Click,Button,ApplyShift,UIInteraction,AddTimeDepthModification() Shift Value=0.0912815917824701
43193.8563986111,DataCentral,Time/Depth Edit/Shift,DepthShift/Shift,Click,Button,ApplyShift,UIInteraction,AddTimeDepthModification() Shift Value=0.0919123160134883
43193.8563986343,DataCentral,Time/Depth Edit/Shift,DepthShift/Shift,Click,Button,ApplyShift,UIInteraction,AddTimeDepthModification() Shift Value=0.0921472588188354
43193.8563986458,DataCentral,Time/Depth Edit/Shift,DepthShift/Shift,Click,Button,ApplyShift,UIInteraction,AddTimeDepthModification() Shift Value=0.0923822016264551
43193.8563986458,DataCentral,Time/Depth Edit/Shift,DepthShift/Shift,Click,Button,ApplyShift,UIInteraction,AddTimeDepthModification() Shift Value=0.0928431585902129
43193.8563986574,DataCentral,Time/Depth Edit/Shift,DepthShift/Shift,Click,Button,ApplyShift,UIInteraction,AddTimeDepthModification() Shift Value=0.0929226525029484
43193.856398669,DataCentral,Time/Depth Edit/Shift,DepthShift/Shift,Click,Button,ApplyShift,UIInteraction,AddTimeDepthModification() Shift Value=0.0930401022174364
43193.8563986806,DataCentral,Time/Depth Edit/Shift,DepthShift/Shift,Click,Button,ApplyShift,UIInteraction,AddTimeDepthModification() Shift Value=0.0933040071084982
43193.8563986921,DataCentral,Time/Depth Edit/Shift,DepthShift/Shift,Click,Button,ApplyShift,UIInteraction,AddTimeDepthModification() Shift Value=0.0935552166892715
43193.8563987037,DataCentral,Time/Depth Edit/Shift,DepthShift/Shift,Click,Button,ApplyShift,UIInteraction,AddTimeDepthModification() Shift Value=0.0937685246887559
43193.8563987153,DataCentral,Time/Depth Edit/Shift,DepthShift/Shift,Click,Button,ApplyShift,UIInteraction,AddTimeDepthModification() Shift Value=0.094012547967428
43193.8563987269,DataCentral,Time/Depth Edit/Shift,DepthShift/Shift,Click,Button,ApplyShift,UIInteraction,AddTimeDepthModification() Shift Value=0.0942782060542354
43193.8563987384,DataCentral,Time/Depth Edit/Shift,DepthShift/Shift,Click,Button,ApplyShift,UIInteraction,AddTimeDepthModification() Shift Value=0.0945403252127285
43193.85639875,DataCentral,Time/Depth Edit/Shift,DepthShift/Shift,Click,Button,ApplyShift,UIInteraction,AddTimeDepthModification() Shift Value=0.0947843484936731
43193.8563987616,DataCentral,Time/Depth Edit/Shift,DepthShift/Shift,Click,Button,ApplyShift,UIInteraction,AddTimeDepthModification() Shift Value=0.0950536105778962
43193.8563987731,DataCentral,Time/Depth Edit/Shift,DepthShift/Shift,Click,Button,ApplyShift,UIInteraction,AddTimeDepthModification() Shift Value=0.0953409902301257
43193.8563987847,DataCentral,Time/Depth Edit/Shift,DepthShift/Shift,Click,Button,ApplyShift,UIInteraction,AddTimeDepthModification() Shift Value=0.0955777513003199
43193.8563987963,DataCentral,Time/Depth Edit/Shift,DepthShift/Shift,Click,Button,ApplyShift,UIInteraction,AddTimeDepthModification() Shift Value=0.0958217745812645
43193.8563988194,DataCentral,Time/Depth Edit/Shift,DepthShift/Shift,Click,Button,ApplyShift,UIInteraction,AddTimeDepthModification() Shift Value=0.0960205473151554
43193.856398831,DataCentral,Time/Depth Edit/Shift,DepthShift/Shift,Click,Button,ApplyShift,UIInteraction,AddTimeDepthModification() Shift Value=0.0962121337514901
43193.8563988426,DataCentral,Time/Depth Edit/Shift,DepthShift/Shift,Click,Button,ApplyShift,UIInteraction,AddTimeDepthModification() Shift Value=0.0964235909515767
43193.8563988426,DataCentral,Time/Depth Edit/Shift,DepthShift/Shift,Click,Button,ApplyShift,UIInteraction,AddTimeDepthModification() Shift Value=0.0966404704116537
43193.8563988542,DataCentral,Time/Depth Edit/Shift,DepthShift/Shift,Click,Button,ApplyShift,UIInteraction,AddTimeDepthModification() Shift Value=0.0968175649564934
43193.8563988657,DataCentral,Time/Depth Edit/Shift,DepthShift/Shift,Click,Button,ApplyShift,UIInteraction,AddTimeDepthModification() Shift Value=0.0970055582395051
43193.8563988773,DataCentral,Time/Depth Edit/Shift,DepthShift/Shift,Click,Button,ApplyShift,UIInteraction,AddTimeDepthModification() Shift Value=0.0972007378246179
43193.8563988889,DataCentral,Time/Depth Edit/Shift,DepthShift/Shift,Click,Button,ApplyShift,UIInteraction,AddTimeDepthModification() Shift Value=0.0974049436603193
43193.8563989005,DataCentral,Time/Depth Edit/Shift,DepthShift/Shift,Click,Button,ApplyShift,UIInteraction,AddTimeDepthModification() Shift Value=0.0976091603401136
43193.856398912,DataCentral,Time/Depth Edit/Shift,DepthShift/Shift,Click,Button,ApplyShift,UIInteraction,AddTimeDepthModification() Shift Value=0.097854969349082
43193.8563989236,DataCentral,Time/Depth Edit/Shift,DepthShift/Shift,Click,Button,ApplyShift,UIInteraction,AddTimeDepthModification() Shift Value=0.0980845441194476
43193.8563989236,DataCentral,Time/Depth Edit/Shift,DepthShift/Shift,Click,Button,ApplyShift,UIInteraction,AddTimeDepthModification() Shift Value=0.0983050601046737
43193.8563989352,DataCentral,Time/Depth Edit/Shift,DepthShift/Shift,Click,Button,ApplyShift,UIInteraction,AddTimeDepthModification() Shift Value=0.0985164739283894
43193.8563989468,DataCentral,Time/Depth Edit/Shift,DepthShift/Shift,Click,Button,ApplyShift,UIInteraction,AddTimeDepthModification() Shift Value=0.0987297710815086
43193.8563989583,DataCentral,Time/Depth Edit/Shift,DepthShift/Shift,Click,Button,ApplyShift,UIInteraction,AddTimeDepthModification() Shift Value=0.0989466071606696
43193.8563989699,DataCentral,Time/Depth Edit/Shift,DepthShift/Shift,Click,Button,ApplyShift,UIInteraction,AddTimeDepthModification() Shift Value=0.0991924270160033
43193.8563989815,DataCentral,Time/Depth Edit/Shift,DepthShift/Shift,Click,Button,ApplyShift,UIInteraction,AddTimeDepthModification() Shift Value=0.0994328354599843
43193.8565900579,DeliverablesSetup,Computation / Recomputation,ProcessRecomputeState,,,,UIAutomatic,JobGuid=E21C5158-7142-44E0-A667-8C924ED971E0;State=UIS_RECOMPUTATION_STATE_PENDING;Scope=JobScope;RecompPercentageComplete=;MultipleRunsAffected=False;ActiveRunAffected=False;ActiveRunInProgress=False;RunCount=1;Run0Change0=TimeDepthEdit;Run0Guid=3634ED02-5CAA-4F27-B505-CF43BC10C2DB
43193.8565959491,DataCentral,Time/Depth Edit/Shift,Time Depth Editor/Select Shift Type,Click,ComboBox,Select Shift Type,UIInteraction,
43193.8566092477,DataCentral,Computation / Recomputation,ProcessRecomputeState,,,,UIAutomatic,JobGuid=E21C5158-7142-44E0-A667-8C924ED971E0;State=UIS_RECOMPUTATION_STATE_PENDING;Scope=JobScope;RecompPercentageComplete=;MultipleRunsAffected=False;ActiveRunAffected=False;ActiveRunInProgress=False;RunCount=1;Run0Change0=TimeDepthEdit;Run0Guid=3634ED02-5CAA-4F27-B505-CF43BC10C2DB
43193.8567001157,DataCentral,Time/Depth Edit/Shift,Time Depth Editor/Revert Back To Original,Click,Button,Revert Back To Original,UIInteraction,
43193.8567055787,DeliverablesSetup,Computation / Recomputation,ProcessRecomputeState,,,,UIAutomatic,JobGuid=E21C5158-7142-44E0-A667-8C924ED971E0;State=UIS_RECOMPUTATION_STATE_PENDING;Scope=JobScope;RecompPercentageComplete=;MultipleRunsAffected=False;ActiveRunAffected=False;ActiveRunInProgress=False;RunCount=1;Run0Change0=TimeDepthDeletion;Run0Guid=3634ED02-5CAA-4F27-B505-CF43BC10C2DB
43193.8567056944,DeliverablesSetup,Computation / Recomputation,ProcessRecomputeState,,,,UIAutomatic,JobGuid=E21C5158-7142-44E0-A667-8C924ED971E0;State=UIS_RECOMPUTATION_STATE_PENDING;Scope=JobScope;RecompPercentageComplete=;MultipleRunsAffected=False;ActiveRunAffected=False;ActiveRunInProgress=False;RunCount=1;Run0Change0=Parameter;Run0Change1=TimeDepthDeletion;Run0Guid=3634ED02-5CAA-4F27-B505-CF43BC10C2DB
43193.856710706,DataCentral,Computation / Recomputation,ProcessRecomputeState,,,,UIAutomatic,JobGuid=E21C5158-7142-44E0-A667-8C924ED971E0;State=UIS_RECOMPUTATION_STATE_PENDING;Scope=JobScope;RecompPercentageComplete=;MultipleRunsAffected=False;ActiveRunAffected=False;ActiveRunInProgress=False;RunCount=1;Run0Change0=TimeDepthDeletion;Run0Guid=3634ED02-5CAA-4F27-B505-CF43BC10C2DB
43193.8567107639,DataCentral,Computation / Recomputation,ProcessRecomputeState,,,,UIAutomatic,JobGuid=E21C5158-7142-44E0-A667-8C924ED971E0;State=UIS_RECOMPUTATION_STATE_PENDING;Scope=JobScope;RecompPercentageComplete=;MultipleRunsAffected=False;ActiveRunAffected=False;ActiveRunInProgress=False;RunCount=1;Run0Change0=Parameter;Run0Change1=TimeDepthDeletion;Run0Guid=3634ED02-5CAA-4F27-B505-CF43BC10C2DB
43193.8567259838,DataCentral,UI Framework,Switch View,Click,ToolbarButton,Pass Manager Editor,UIInteraction,
43193.8568993866,DataCentral,Data Explorer,Click OK Button,Click,Button,OK,UIInteraction,Selection=Run 1____09:37:59 09-Mar-2014_10:51:26 09-Mar-2014_
43193.8569636458,DataCentral,UI Framework,Switch View,Click,ToolbarButton,Splice Manager,UIInteraction,
43193.8569803009,DataCentral,Splice/Merge,Splice/Merge Manager/Select Operation,Click,ComboBox,Operation 1,UIInteraction,
43193.8569803704,DataCentral,Splice/Merge,Splice/Merge Manager/Select Composite in "Select Passes to Display",Click,ComboBox,Well Composite,UIInteraction,PassGuid=0B45ECBB-A620-47C7-AB52-73421137471E
43193.8570217014,DataCentral,Splice/Merge,Splice/Merge Manager/Add New Composite for splice,Click,ToolbarButton,Add New Composite,UIInteraction,
43193.8570226042,DataCentral,Splice/Merge,Splice/Merge Manager/Select Composite in "Select Passes to Display",Click,ComboBox,Composite 1,UIInteraction,PassGuid=5E85A97C-8800-4D5A-A008-462D2E1F7CB2
43193.8571960417,DataCentral,Data Explorer,Change Current Focused Item,,,,UIAutomatic,EntityName=Run 1;EntityType=16;EntityGuid=3634ED02-5CAA-4F27-B505-CF43BC10C2DB
43193.8571981829,DataCentral,Data Explorer,Click OK Button,Click,Button,OK,UIInteraction,Selection=Drilling____6450.03 (m)_7075.86 (m)_
43193.857198206,DataCentral,Splice/Merge,Splice/Merge Manager/Add Passes,Click,ToolbarButton,Add Passes...,UIInteraction,PassGuid1=AEA52A23-9B26-4858-B211-A5CD43FA448F
43193.8572170139,DataCentral,Splice/Merge,Splice/Merge Manager/Select Operation,Click,ComboBox,Operation 1,UIInteraction,
43193.8572865741,DataCentral,Data Explorer,Change Current Focused Item,,,,UIAutomatic,EntityName=Run 1;EntityType=16;EntityGuid=3634ED02-5CAA-4F27-B505-CF43BC10C2DB
43193.857288669,DataCentral,Data Explorer,Change Current Focused Item,,,,UIAutomatic,EntityName=Drilling;EntityType=32;EntityGuid=AEA52A23-9B26-4858-B211-A5CD43FA448F
43193.8573019097,DataCentral,Data Explorer,Click OK Button,Click,Button,OK,UIInteraction,Selection=BLKP_BPOS_Height of block above rig floor_DRILLING_SURFACE_60___
43193.8573034491,DataCentral,Splice/Merge,Splice/Merge Manager/Select Channel in "Select Passes to Display",Click,Button,Select Channel...,UIInteraction,OSDD=BLKP;PassGuid=AEA52A23-9B26-4858-B211-A5CD43FA448F
43193.8574470949,DataCentral,Data Explorer,Change Current Focused Item,,,,UIAutomatic,EntityName=Run 1;EntityType=16;EntityGuid=3634ED02-5CAA-4F27-B505-CF43BC10C2DB
43193.8574492014,DataCentral,Data Explorer,Click OK Button,Click,Button,OK,UIInteraction,Selection=Drilling____6450.03 (m)_7075.86 (m)_
43193.8575536574,DataCentral,Splice/Merge,Splice/Merge Manager/Change Top Edge in "Select Splice/Merge Point",Input,TextBox,7055.33,UIInteraction,PassName=Run 1 : Drilling;Row=1
43193.8575981481,DataCentral,Splice/Merge,Splice/Merge Manager/Change Bottom Edge in "Select Splice/Merge Point",Input,TextBox,7067.08,UIInteraction,PassName=Run 1 : Drilling;Row=1
43193.8576469097,DataCentral,Splice/Merge,Splice/Merge Manager/Perform Splice in "Select Splice/Merge Point",Click,Button,Splice,UIInteraction,
43193.8576676273,DataCentral,UI Framework,Switch View,Click,ToolbarButton,Merge Manager,UIInteraction,
43193.8577107176,DataCentral,Splice/Merge,Composite Merge Manager/Add New Composite in "Composite Data Set",Click,ToolbarButton,Add New Composite,UIInteraction,PassName=Merge Composite
43193.857719838,DataCentral,Splice/Merge,Composite Merge Manager/Select Merge Composite in "Composite Data Set",,,,UIAutomatic,PassName=Merge Composite
43193.8577581019,DataCentral,UI Framework,Switch View,Click,ToolbarButton,User Defined Composite Manager,UIInteraction,
43193.8579257407,DataCentral,Data Explorer,Change Current Focused Item,,,,UIAutomatic,EntityName=Composites;EntityType=512;EntityGuid=Composite_Root
43193.8579627778,DataCentral,Data Explorer,Click OK Button,Click,Button,OK,UIInteraction,Selection=Composite 1______
43193.8579682176,DataCentral,User Defined Composite,User Defined Composite Manager/Add new user defined composite,Click,ToolbarButton,Add new user defined composite,UIInteraction,PassName=UDComposite 1;PassGuid=D5AEACF1-0BC5-42F0-9A1C-0A33BC3AB9FE
43193.8581266435,DataCentral,Data Explorer,Click OK Button,Click,Button,OK,UIInteraction,Selection=BLKP_BPOS_Height of block above rig floor_DRILLING_SURFACE_60___
43193.8581278125,DataCentral,User Defined Composite,User Defined Composite Manager/Choose Channel,,Grid,,,OSDD=BLKP;PassName=UDComposite 1
43193.8581278241,DataCentral,User Defined Composite,User Defined Composite Manager/Select target channel,Click,Button,Select Channel...,UIInteraction,OSDD=BLKP;PassName=UDComposite 1
43193.8582879167,DataCentral,Data Explorer,Change Current Focused Item,,,,UIAutomatic,EntityName=Run 1;EntityType=16;EntityGuid=3634ED02-5CAA-4F27-B505-CF43BC10C2DB
43193.8583248727,DataCentral,Data Explorer,Change Current Focused Item,,,,UIAutomatic,EntityName=Trip Out 1;EntityType=32;EntityGuid=1E71A75A-11AA-458C-A282-8B84FE4DE34A
43193.8583618287,DataCentral,Data Explorer,Click OK Button,Click,Button,OK,UIInteraction,Selection=BLKP_BPOS_Height of block above rig floor_DRILLING_SURFACE_60___
43193.8583626389,DataCentral,User Defined Composite,User Defined Composite Manager/Choose Channel,,Grid,,,OSDD=BLKP;PassName=Run1 : Trip Out 1
43193.8583626505,DataCentral,User Defined Composite,User Defined Composite Manager/Add source channel,Click,Button,Add Channel...,UIInteraction,OSDD=BLKP;PassGuid=1E71A75A-11AA-458C-A282-8B84FE4DE34A
43193.858423588,DataCentral,User Defined Composite,User Defined Composite Manager/Choose Channel,,Grid,,,OSDD=BLKP;PassName=Run1 : Trip Out 1
43193.8584293287,DataCentral,User Defined Composite,User Defined Composite Manager/Move border line,,,Move top/bottom border line,,PassGuid=1E71A75A-11AA-458C-A282-8B84FE4DE34A;OSDD=BLKP;origional start index=3008.5284;target start index=3008.53
43193.8585066204,DataCentral,User Defined Composite,User Defined Composite Manager/Move border line,,,Move top/bottom border line,,PassGuid=1E71A75A-11AA-458C-A282-8B84FE4DE34A;OSDD=BLKP;origional stop index=7075.0176;target stop index=7045.81
43193.8585994676,DataCentral,User Defined Composite,User Defined Composite Manager/Save,Click,Button,Save,UIInteraction,
43193.8586408218,DataCentral,Computation / Recomputation,Recompute All Pending Runs,Click,ToolbarButton,Recompute All Pending Runs,UIInteraction,
43193.8586412384,DeliverablesSetup,Computation / Recomputation,ProcessRecomputeState,,,,UIAutomatic,JobGuid=E21C5158-7142-44E0-A667-8C924ED971E0;State=UIS_RECOMPUTATION_STATE_STARTING;Scope=JobScope;RecompPercentageComplete=;MultipleRunsAffected=False;ActiveRunAffected=False;ActiveRunInProgress=False;RunCount=1;Run0Change0=Parameter;Run0Change1=TimeDepthDeletion;Run0Guid=3634ED02-5CAA-4F27-B505-CF43BC10C2DB
43193.8586415509,DataCentral,Computation / Recomputation,ProcessRecomputeState,,,,UIAutomatic,JobGuid=E21C5158-7142-44E0-A667-8C924ED971E0;State=UIS_RECOMPUTATION_STATE_STARTING;Scope=JobScope;RecompPercentageComplete=;MultipleRunsAffected=False;ActiveRunAffected=False;ActiveRunInProgress=False;RunCount=1;Run0Change0=Parameter;Run0Change1=TimeDepthDeletion;Run0Guid=3634ED02-5CAA-4F27-B505-CF43BC10C2DB
43193.8586518171,DataCentral,Computation / Recomputation,ProcessRecomputeState,,,,UIAutomatic,JobGuid=E21C5158-7142-44E0-A667-8C924ED971E0;State=UIS_RECOMPUTATION_STATE_IN_PROGRESS;Scope=JobScope;RecompPercentageComplete=;MultipleRunsAffected=False;ActiveRunAffected=False;ActiveRunInProgress=False;RunCount=1;Run0Change0=Parameter;Run0Change1=TimeDepthDeletion;Run0Guid=3634ED02-5CAA-4F27-B505-CF43BC10C2DB
43193.8586519213,DeliverablesSetup,Computation / Recomputation,ProcessRecomputeState,,,,UIAutomatic,JobGuid=E21C5158-7142-44E0-A667-8C924ED971E0;State=UIS_RECOMPUTATION_STATE_IN_PROGRESS;Scope=JobScope;RecompPercentageComplete=;MultipleRunsAffected=False;ActiveRunAffected=False;ActiveRunInProgress=False;RunCount=1;Run0Change0=Parameter;Run0Change1=TimeDepthDeletion;Run0Guid=3634ED02-5CAA-4F27-B505-CF43BC10C2DB
43193.8700774653,DeliverablesSetup,Computation / Recomputation,ProcessRecomputeState,,,,UIAutomatic,JobGuid=E21C5158-7142-44E0-A667-8C924ED971E0;State=UIS_RECOMPUTATION_STATE_SUCCEEDED;Scope=JobScope;RecompPercentageComplete=;MultipleRunsAffected=False;ActiveRunAffected=False;ActiveRunInProgress=False;RunCount=1;Run0Change0=Parameter;Run0Change1=TimeDepthDeletion;Run0Guid=3634ED02-5CAA-4F27-B505-CF43BC10C2DB
43193.8702035995,DataCentral,Computation / Recomputation,ProcessRecomputeState,,,,UIAutomatic,JobGuid=E21C5158-7142-44E0-A667-8C924ED971E0;State=UIS_RECOMPUTATION_STATE_SUCCEEDED;Scope=JobScope;RecompPercentageComplete=;MultipleRunsAffected=False;ActiveRunAffected=False;ActiveRunInProgress=False;RunCount=1;Run0Change0=Parameter;Run0Change1=TimeDepthDeletion;Run0Guid=3634ED02-5CAA-4F27-B505-CF43BC10C2DB
43193.8702490278,,Console/Job Manager,Stop Data Central Console,Click,Button,Stop,UIInteraction,JobGuid=E21C5158-7142-44E0-A667-8C924ED971E0
43193.870331331,DeliverablesSetup,UI Framework,Switch View,Click,ToolbarButton,Deliverables Display View,UIInteraction,
43193.8704072569,DeliverablesSetup,Deliverables - Digital,Create Job Archive,Click,ContextMenu,Create,UIInteraction,ArchiveGuid=E21C5158-7142-44E0-A667-8C924ED971E0;JobArchiveType=3.0
43193.8711528009,DeliverablesSetup,UI Framework,Close Console,Click,Button,,UIInteraction,JobGuid=E21C5158-7142-44E0-A667-8C924ED971E0
43193.8711858218,DeliverablesSetup,UI Framework,OK to Close Deliverables - Display Console,Click,Button,OK,UIInteraction,
43193.8712372222,,Console/Job Manager,Stop Job,Click,Button,Stop,UIInteraction,JobGuid=E21C5158-7142-44E0-A667-8C924ED971E0
