43194.1784220833,,UI Framework,Initialize Maxwell Manager Process Name,,,Initialize Maxwell Manager Process Name,,
43194.1784392361,,UI Framework,Start Console,,,Maxwell Manager,UIAutomatic,MachineName=HPV26-003;UserName=Engineer;UserDomainName=HPV26-003;OS=Microsoft Windows NT 6.1.7601 Service Pack 1;TimeZone=00:00:00;IPAddress_1=192.168.78.176;IPAddress_2=::1;MWVersion=9.0.100745.3100
43194.1786660995,,Console/Job Manager,New Job,Click,Button,New,UIInteraction,
43194.1786772801,,Console/Job Manager,Input Job Name,Input,TextBox,VSI,UIInteraction,
43194.1787206366,,Console/Job Manager,Input Well Name,Input,TextBox,SKK,UIInteraction,
43194.1787647106,,Console/Job Manager,Input Client Name,Input,TextBox,BGCAT,UIInteraction,
43194.1788541088,,Console/Job Manager,Check Simulator,Click,CheckBox,Simulator,UIInteraction,CheckState=True
43194.1790785648,,Console/Job Manager,Select Auto Backup Folder,Click,ComboBox,C:\Autobackup,UIInteraction,
43194.1842818287,,UI Framework,Switch Tab,Click,Tab,Job: VSI,UIInteraction,
43194.2150619097,,UI Framework,Switch Tab,Click,Tab,Messages: Job Independent,UIInteraction,
43194.2150684606,,UI Framework,Close Console,Click,Button,,UIInteraction,
