Time,Process,Component,Operation,Action,Control,ControlText,Category,Context
43194.1262232176,,Console/Job Manager,Start Job,Click,Button,Start,UIInteraction,JobName=DISPLAY_US1;WellName=TestWell;ClientName=BGC;StartDate=4/4/2018 3:01 AM;Workflow=Wireline;Simulator=True;UnitSystem=Metric;JobSize=0;State=Available;SideTrackId=0;SessionID=0E9531E3-2CF3-49AE-822D-8734E1D33B5B;SortOrder=1;JobGUID=94529045-0862-4777-8210-5BE92C43F51E;WellGUID=B115B5BE-E941-4F13-88FB-0426407451AA;BoreholeGUID=4AA31169-9847-4519-853F-82A7219C1A1A;MachineName=HPV11-014;UserName=Engineer;UserDomainName=HPV11-014;OS=Microsoft Windows NT 6.1.7601 Service Pack 1;StartedJobCount=0;TimeZone=00:00:00;IPAddress_1=192.168.178.25;IPAddress_2=::1;MWVersion=9.0.100745.3100
43194.1279992361,,Console/Job Manager,Stop Job,Click,Button,Stop,UIInteraction,JobGuid=94529045-0862-4777-8210-5BE92C43F51E
43194.1281951042,,Console/Job Manager,Start Job,Click,Button,Start,UIInteraction,JobName=DISPLAY_US1;WellName=TestWell;ClientName=BGC;StartDate=4/4/2018 3:01 AM;Workflow=Wireline;Simulator=True;UnitSystem=Metric;RTBackupDir=C:\Autobackup;JobSize=29.6;State=Available;SideTrackId=0;SessionID=0E9531E3-2CF3-49AE-822D-8734E1D33B5B;SortOrder=1;JobGUID=94529045-0862-4777-8210-5BE92C43F51E;WellGUID=B115B5BE-E941-4F13-88FB-0426407451AA;BoreholeGUID=4AA31169-9847-4519-853F-82A7219C1A1A;MachineName=HPV11-014;UserName=Engineer;UserDomainName=HPV11-014;OS=Microsoft Windows NT 6.1.7601 Service Pack 1;StartedJobCount=0;TimeZone=00:00:00;IPAddress_1=192.168.178.25;IPAddress_2=::1;MWVersion=9.0.100745.3100
43194.1283967361,,Console/Job Manager,Start Deliverables Console,Click,Button,Start...,UIInteraction,JobGuid=94529045-0862-4777-8210-5BE92C43F51E
43194.1285794329,DeliverablesSetup,Tier Manager,Tier Template Created for Tools in My Equipment,,,PEQL Tier Created,Deliverables Console,
43194.1285799537,DeliverablesSetup,Tier Manager,Tier Template Created for Tools in My Equipment,,,HDRS-B Tier Created,Deliverables Console,
43194.1285801389,DeliverablesSetup,Tier Manager,Tier Template Created for Tools in My Equipment,,,HENVIR Tier Created,Deliverables Console,
43194.1285803588,DeliverablesSetup,Tier Manager,Tier Template Created for Tools in My Equipment,,,HRLT-B Tier Created,Deliverables Console,
43194.1285802315,DeliverablesSetup,Tier Manager,Tier Template Created for Tools in My Equipment,,,HGNS-B Tier Created,Deliverables Console,
43194.128735162,DeliverablesSetup,Computation / Recomputation,ProcessRecomputeState,,,,UIAutomatic,JobGuid=94529045-0862-4777-8210-5BE92C43F51E;State=UIS_RECOMPUTATION_STATE_IN_PROGRESS;Scope=JobScope;RecompPercentageComplete=68.0065244893583;MultipleRunsAffected=False;ActiveRunAffected=False;ActiveRunInProgress=False;RunCount=1;Run0Change0=DataImport;Run0Guid=5F9F64AF-A0DB-4266-AA70-23A530C2E8BD
43194.1287424769,DeliverablesSetup,UI Framework,Start Console,,,Deliverables Console Setup - Job DISPLAY_US1,UIAutomatic,
43194.12880125,DeliverablesSetup,Computation / Recomputation,ProcessRecomputeState,,,,UIAutomatic,JobGuid=94529045-0862-4777-8210-5BE92C43F51E;State=UIS_RECOMPUTATION_STATE_SUCCEEDED;Scope=JobScope;RecompPercentageComplete=;MultipleRunsAffected=False;ActiveRunAffected=False;ActiveRunInProgress=False;RunCount=1;Run0Change0=DataImport;Run0Guid=5F9F64AF-A0DB-4266-AA70-23A530C2E8BD
43194.1301889005,DeliverablesSetup,UI Framework,Switch View,Click,ToolbarButton,Deliverables Display View,UIInteraction,
43194.1302056482,DeliverablesSetup,UI Framework,Switch View,Click,ToolbarButton,Deliverables Setup View,UIInteraction,
43194.1303091898,DeliverablesSetup,Deliverables - Graphical,Remove Component,Click,ToolbarButton,Delete,UIInteraction,ComponentName=AX vs. AY;ComponentCode=Component_XYZ
43194.1303194676,DeliverablesSetup,Deliverables - Graphical,Remove Component,Click,ToolbarButton,Delete,UIInteraction,ComponentName=DLIS Standard;ComponentCode=Component_StandardDlis_Format
43194.1304171181,DeliverablesSetup,Deliverables - Graphical,Remove Component,Click,ToolbarButton,Delete,UIInteraction,ComponentName=DSST Lower Dipole;ComponentCode=Component_Log
43194.1304266204,DeliverablesSetup,Deliverables - Graphical,Remove Component,Click,ToolbarButton,Delete,UIInteraction,ComponentName=DSST Lower Dipole RC TR VDL Color;ComponentCode=Component_Log
43194.1304353472,DeliverablesSetup,Deliverables - Graphical,Remove Component,Click,ToolbarButton,Delete,UIInteraction,ComponentName=DSST Stoneley VDL Color;ComponentCode=Component_Log
43194.1304434259,DeliverablesSetup,Deliverables - Graphical,Remove Component,Click,ToolbarButton,Delete,UIInteraction,ComponentName=DSST Upper Dipole;ComponentCode=Component_Log
43194.1304515741,DeliverablesSetup,Deliverables - Graphical,Remove Component,Click,ToolbarButton,Delete,UIInteraction,ComponentName=HRLT Basic Log;ComponentCode=Component_Log
43194.1304604167,DeliverablesSetup,Deliverables - Graphical,Remove Component,Click,ToolbarButton,Delete,UIInteraction,ComponentName=HRLT LQC Log;ComponentCode=Component_Log
43194.1304679745,DeliverablesSetup,Deliverables - Graphical,Remove Component,Click,ToolbarButton,Delete,UIInteraction,ComponentName=HRLT Test Box Log;ComponentCode=Component_Log
43194.1305297454,DeliverablesSetup,Deliverables - Graphical,Remove Component,Click,ToolbarButton,Delete,UIInteraction,ComponentName=LAS Standard;ComponentCode=Component_StandardLas_Format
43194.130524838,DeliverablesSetup,Deliverables - Graphical,Remove Component,Click,ToolbarButton,Delete,UIInteraction,ComponentName=LAS Custom;ComponentCode=Component_CustomLas_Format
43194.1305385532,DeliverablesSetup,Deliverables - Graphical,Remove Component,Click,ToolbarButton,Delete,UIInteraction,ComponentName=PEX Answer Products HiRes;ComponentCode=Component_Log
43194.1305467477,DeliverablesSetup,Deliverables - Graphical,Remove Component,Click,ToolbarButton,Delete,UIInteraction,ComponentName=PEX Triple Combo HiRes;ComponentCode=Component_Log
43194.1305542708,DeliverablesSetup,Deliverables - Graphical,Remove Component,Click,ToolbarButton,Delete,UIInteraction,ComponentName=PEX+AIT Resistivity;ComponentCode=Component_Log
43194.1305605903,DeliverablesSetup,Deliverables - Graphical,Remove Component,Click,ToolbarButton,Delete,UIInteraction,ComponentName=PXND vs ATRT;ComponentCode=Component_XYZ
43194.1305677431,DeliverablesSetup,Deliverables - Graphical,Remove Component,Click,ToolbarButton,Delete,UIInteraction,ComponentName=SGT GR;ComponentCode=Component_Log
43194.1306268056,DeliverablesSetup,Deliverables - Graphical,Remove Component,Click,ToolbarButton,Delete,UIInteraction,ComponentName=New Template;ComponentCode=Component_None
43194.1306431134,DeliverablesSetup,Deliverables - Graphical,Remove Component,Click,ToolbarButton,Delete,UIInteraction,ComponentName=DLIS Standard;ComponentCode=Component_Template_Dlis
43194.130656875,DeliverablesSetup,Deliverables - Graphical,Remove Component,Click,ToolbarButton,Delete,UIInteraction,ComponentName=LAS Standard;ComponentCode=Component_Template_Las
43194.1308570833,DeliverablesSetup,Deliverables - Graphical,Remove Component,Click,ToolbarButton,Delete,UIInteraction,ComponentName=New Template;ComponentCode=Component_None
43194.1310421296,DeliverablesSetup,Deliverables - Graphical,Remove Component,Click,ToolbarButton,Delete,UIInteraction,ComponentName=DLIS Standard;ComponentCode=Component_Template_Dlis
43194.1312319097,DeliverablesSetup,Deliverables - Graphical,Remove Component,Click,ToolbarButton,Delete,UIInteraction,ComponentName=LAS Standard;ComponentCode=Component_Template_Las
43194.1314999769,DeliverablesSetup,Deliverables - Digital,Create New Template,Click,ContextMenu,New Template,UIInteraction,
43194.1315539931,DeliverablesSetup,Deliverables - Graphical,Add Catalog Format to Template,Click,ToolbarButton,Add to Template,UIInteraction,ComponentName=ABCD QC Time Log;ComponentCode=Component_Log
43194.1315610995,DeliverablesSetup,Deliverables - Graphical,Add Catalog Format to Template,Click,ContextMenu,New Template,UIInteraction,ComponentName=ABCD QC Time Log;ComponentCode=Component_Log
43194.131566088,DeliverablesSetup,Deliverables - Graphical,Add Catalog Format to Template,Click,ToolbarButton,Add to Template,UIInteraction,ComponentName=Blank 3 Track Depth;ComponentCode=Component_Log
43194.1315730671,DeliverablesSetup,Deliverables - Graphical,Add Catalog Format to Template,Click,ContextMenu,New Template,UIInteraction,ComponentName=Blank 3 Track Depth;ComponentCode=Component_Log
43194.1315777894,DeliverablesSetup,Deliverables - Graphical,Add Catalog Format to Template,Click,ToolbarButton,Add to Template,UIInteraction,ComponentName=Blank 3 Track Time;ComponentCode=Component_Log
43194.1315847454,DeliverablesSetup,Deliverables - Graphical,Add Catalog Format to Template,Click,ContextMenu,New Template,UIInteraction,ComponentName=Blank 3 Track Time;ComponentCode=Component_Log
43194.1315899653,DeliverablesSetup,Deliverables - Graphical,Add Catalog Format to Template,Click,ToolbarButton,Add to Template,UIInteraction,ComponentName=Bordip;ComponentCode=Component_Log
43194.1315970718,DeliverablesSetup,Deliverables - Graphical,Add Catalog Format to Template,Click,ContextMenu,New Template,UIInteraction,ComponentName=Bordip;ComponentCode=Component_Log
43194.1316031713,DeliverablesSetup,Deliverables - Graphical,Add Catalog Format to Template,Click,ToolbarButton,Add to Template,UIInteraction,ComponentName=Bordip + FMI Log P1NO- Oriented;ComponentCode=Component_Log
43194.1316102894,DeliverablesSetup,Deliverables - Graphical,Add Catalog Format to Template,Click,ContextMenu,New Template,UIInteraction,ComponentName=Bordip + FMI Log P1NO- Oriented;ComponentCode=Component_Log
43194.1316152199,DeliverablesSetup,Deliverables - Graphical,Add Catalog Format to Template,Click,ToolbarButton,Add to Template,UIInteraction,ComponentName=Bordip + FMI Log RB-Oriented;ComponentCode=Component_Log
43194.1316275579,DeliverablesSetup,Deliverables - Graphical,Add Catalog Format to Template,Click,ToolbarButton,Add to Template,UIInteraction,ComponentName=DSST Lower Dipole;ComponentCode=Component_Log
43194.1316224074,DeliverablesSetup,Deliverables - Graphical,Add Catalog Format to Template,Click,ContextMenu,New Template,UIInteraction,ComponentName=Bordip + FMI Log RB-Oriented;ComponentCode=Component_Log
43194.1316346644,DeliverablesSetup,Deliverables - Graphical,Add Catalog Format to Template,Click,ContextMenu,New Template,UIInteraction,ComponentName=DSST Lower Dipole;ComponentCode=Component_Log
43194.1316407755,DeliverablesSetup,Deliverables - Graphical,Add Catalog Format to Template,Click,ToolbarButton,Add to Template,UIInteraction,ComponentName=DSST Lower Dipole RC TR VDL Color;ComponentCode=Component_Log
43194.1316533449,DeliverablesSetup,Deliverables - Graphical,Add Catalog Format to Template,Click,ToolbarButton,Add to Template,UIInteraction,ComponentName=DSST Lower Dipole Spectrum;ComponentCode=Component_Log
43194.1316479167,DeliverablesSetup,Deliverables - Graphical,Add Catalog Format to Template,Click,ContextMenu,New Template,UIInteraction,ComponentName=DSST Lower Dipole RC TR VDL Color;ComponentCode=Component_Log
43194.1316607523,DeliverablesSetup,Deliverables - Graphical,Add Catalog Format to Template,Click,ContextMenu,New Template,UIInteraction,ComponentName=DSST Lower Dipole Spectrum;ComponentCode=Component_Log
43194.1316668056,DeliverablesSetup,Deliverables - Graphical,Add Catalog Format to Template,Click,ToolbarButton,Add to Template,UIInteraction,ComponentName=DSST Lower Dipole VDL BW;ComponentCode=Component_Log
43194.1316737616,DeliverablesSetup,Deliverables - Graphical,Add Catalog Format to Template,Click,ContextMenu,New Template,UIInteraction,ComponentName=DSST Lower Dipole VDL BW;ComponentCode=Component_Log
43194.1317423264,DeliverablesSetup,Deliverables - Graphical,Add Catalog Format to Template,Click,ToolbarButton,Add to Template,UIInteraction,ComponentName=External Image;ComponentCode=Component_ExternalImage
43194.1317494444,DeliverablesSetup,Deliverables - Graphical,Add Catalog Format to Template,Click,ContextMenu,New Template,UIInteraction,ComponentName=External Image;ComponentCode=Component_ExternalImage
43194.1317731481,DeliverablesSetup,Deliverables - Graphical,Add Catalog Format to Template,Click,ToolbarButton,Add to Template,UIInteraction,ComponentName=Job Event Summary;ComponentCode=Component_JobEventSummary
43194.1317802431,DeliverablesSetup,Deliverables - Graphical,Add Catalog Format to Template,Click,ContextMenu,New Template,UIInteraction,ComponentName=Job Event Summary;ComponentCode=Component_JobEventSummary
43194.131832581,DeliverablesSetup,Deliverables - Digital,Add Template to Deliverable,Click,ContextMenu,Run 1,UIInteraction,ComponentName=New Template;ComponentCode=Component_None
43194.1328851505,DeliverablesSetup,Data Explorer,Change Focused Item to Up-Level,Click,ToolbarButton,Level Up,UIInteraction,
43194.1328851736,DeliverablesSetup,Data Explorer,Change Current Focused Item,,,,UIAutomatic,EntityName=TestWell;EntityType=8;EntityGuid=4AA31169-9847-4519-853F-82A7219C1A1A
43194.1328867824,DeliverablesSetup,Data Explorer,Change Current Focused Item,,,,UIAutomatic,EntityName=Run 1;EntityType=16;EntityGuid=5F9F64AF-A0DB-4266-AA70-23A530C2E8BD
43194.1329029282,DeliverablesSetup,Data Explorer,Click OK Button,Click,Button,OK,UIInteraction,Selection=TimeLogicalAcq____11:11:21 14-Aug-2012_11:19:58 14-Aug-2012_
43194.1336996528,DeliverablesSetup,Data Explorer,Change Focused Item to Up-Level,Click,ToolbarButton,Level Up,UIInteraction,
43194.1336996644,DeliverablesSetup,Data Explorer,Change Current Focused Item,,,,UIAutomatic,EntityName=TestWell;EntityType=8;EntityGuid=4AA31169-9847-4519-853F-82A7219C1A1A
43194.1337011574,DeliverablesSetup,Data Explorer,Change Current Focused Item,,,,UIAutomatic,EntityName=Run 1;EntityType=16;EntityGuid=5F9F64AF-A0DB-4266-AA70-23A530C2E8BD
43194.1337171528,DeliverablesSetup,Data Explorer,Click OK Button,Click,Button,OK,UIInteraction,Selection=Log[1]:Down____3999.99 (m)_4010.06 (m)_Down logging
43194.134513125,DeliverablesSetup,Data Explorer,Change Focused Item to Up-Level,Click,ToolbarButton,Level Up,UIInteraction,
43194.1345131366,DeliverablesSetup,Data Explorer,Change Current Focused Item,,,,UIAutomatic,EntityName=TestWell;EntityType=8;EntityGuid=4AA31169-9847-4519-853F-82A7219C1A1A
43194.1345146296,DeliverablesSetup,Data Explorer,Change Current Focused Item,,,,UIAutomatic,EntityName=Run 1;EntityType=16;EntityGuid=5F9F64AF-A0DB-4266-AA70-23A530C2E8BD
43194.1345310995,DeliverablesSetup,Data Explorer,Click OK Button,Click,Button,OK,UIInteraction,Selection=TimeLogicalAcq____11:11:21 14-Aug-2012_11:19:58 14-Aug-2012_
43194.135328831,DeliverablesSetup,Data Explorer,Change Focused Item to Up-Level,Click,ToolbarButton,Level Up,UIInteraction,
43194.1353288426,DeliverablesSetup,Data Explorer,Change Current Focused Item,,,,UIAutomatic,EntityName=TestWell;EntityType=8;EntityGuid=4AA31169-9847-4519-853F-82A7219C1A1A
43194.1353302894,DeliverablesSetup,Data Explorer,Change Current Focused Item,,,,UIAutomatic,EntityName=Run 1;EntityType=16;EntityGuid=5F9F64AF-A0DB-4266-AA70-23A530C2E8BD
43194.1353466204,DeliverablesSetup,Data Explorer,Click OK Button,Click,Button,OK,UIInteraction,Selection=Log[1]:Down____3999.99 (m)_4010.06 (m)_Down logging
43194.1361451736,DeliverablesSetup,Data Explorer,Change Focused Item to Up-Level,Click,ToolbarButton,Level Up,UIInteraction,
43194.1361451852,DeliverablesSetup,Data Explorer,Change Current Focused Item,,,,UIAutomatic,EntityName=TestWell;EntityType=8;EntityGuid=4AA31169-9847-4519-853F-82A7219C1A1A
43194.136146713,DeliverablesSetup,Data Explorer,Change Current Focused Item,,,,UIAutomatic,EntityName=Run 1;EntityType=16;EntityGuid=5F9F64AF-A0DB-4266-AA70-23A530C2E8BD
43194.1361632986,DeliverablesSetup,Data Explorer,Click OK Button,Click,Button,OK,UIInteraction,Selection=Log[1]:Down____3999.99 (m)_4010.06 (m)_Down logging
43194.1369633912,DeliverablesSetup,Data Explorer,Change Focused Item to Up-Level,Click,ToolbarButton,Level Up,UIInteraction,
43194.1369634028,DeliverablesSetup,Data Explorer,Change Current Focused Item,,,,UIAutomatic,EntityName=TestWell;EntityType=8;EntityGuid=4AA31169-9847-4519-853F-82A7219C1A1A
43194.1369648843,DeliverablesSetup,Data Explorer,Change Current Focused Item,,,,UIAutomatic,EntityName=Run 1;EntityType=16;EntityGuid=5F9F64AF-A0DB-4266-AA70-23A530C2E8BD
43194.1369813773,DeliverablesSetup,Data Explorer,Click OK Button,Click,Button,OK,UIInteraction,Selection=Log[1]:Down____3999.99 (m)_4010.06 (m)_Down logging
43194.1377851042,DeliverablesSetup,Data Explorer,Change Focused Item to Up-Level,Click,ToolbarButton,Level Up,UIInteraction,
43194.1377866204,DeliverablesSetup,Data Explorer,Change Current Focused Item,,,,UIAutomatic,EntityName=Run 1;EntityType=16;EntityGuid=5F9F64AF-A0DB-4266-AA70-23A530C2E8BD
43194.137802963,DeliverablesSetup,Data Explorer,Click OK Button,Click,Button,OK,UIInteraction,Selection=Log[1]:Down____3999.99 (m)_4010.06 (m)_Down logging
43194.1377851157,DeliverablesSetup,Data Explorer,Change Current Focused Item,,,,UIAutomatic,EntityName=TestWell;EntityType=8;EntityGuid=4AA31169-9847-4519-853F-82A7219C1A1A
43194.1386077199,DeliverablesSetup,Data Explorer,Change Focused Item to Up-Level,Click,ToolbarButton,Level Up,UIInteraction,
43194.1386077431,DeliverablesSetup,Data Explorer,Change Current Focused Item,,,,UIAutomatic,EntityName=TestWell;EntityType=8;EntityGuid=4AA31169-9847-4519-853F-82A7219C1A1A
43194.1386095602,DeliverablesSetup,Data Explorer,Change Current Focused Item,,,,UIAutomatic,EntityName=Run 1;EntityType=16;EntityGuid=5F9F64AF-A0DB-4266-AA70-23A530C2E8BD
43194.1386268634,DeliverablesSetup,Data Explorer,Click OK Button,Click,Button,OK,UIInteraction,Selection=Log[1]:Down____3999.99 (m)_4010.06 (m)_Down logging
43194.1394274653,DeliverablesSetup,Data Explorer,Change Current Focused Item,,,,UIAutomatic,EntityName=TestWell;EntityType=8;EntityGuid=4AA31169-9847-4519-853F-82A7219C1A1A
43194.1394273843,DeliverablesSetup,Data Explorer,Change Focused Item to Up-Level,Click,ToolbarButton,Level Up,UIInteraction,
43194.1394289699,DeliverablesSetup,Data Explorer,Change Current Focused Item,,,,UIAutomatic,EntityName=Run 1;EntityType=16;EntityGuid=5F9F64AF-A0DB-4266-AA70-23A530C2E8BD
43194.1394456482,DeliverablesSetup,Data Explorer,Click OK Button,Click,Button,OK,UIInteraction,Selection=Log[1]:Down____3999.99 (m)_4010.06 (m)_Down logging
43194.1402450926,DeliverablesSetup,Data Explorer,Change Focused Item to Up-Level,Click,ToolbarButton,Level Up,UIInteraction,
43194.1402451042,DeliverablesSetup,Data Explorer,Change Current Focused Item,,,,UIAutomatic,EntityName=TestWell;EntityType=8;EntityGuid=4AA31169-9847-4519-853F-82A7219C1A1A
43194.1402467014,DeliverablesSetup,Data Explorer,Change Current Focused Item,,,,UIAutomatic,EntityName=Run 1;EntityType=16;EntityGuid=5F9F64AF-A0DB-4266-AA70-23A530C2E8BD
43194.1402632755,DeliverablesSetup,Data Explorer,Click OK Button,Click,Button,OK,UIInteraction,Selection=Log[1]:Down____3999.99 (m)_4010.06 (m)_Down logging
43194.1432290509,DeliverablesSetup,UI Framework,Switch View,Click,ToolbarButton,Deliverables Display View,UIInteraction,
43194.1434197801,DeliverablesSetup,Deliverables - Graphical,View Graphical Component,Click,ContextMenu,View,UIInteraction,ComponentName=Header;TemplateName=New Template;DelivTemplateGuid=56815863-DFB7-4F05-B045-537651AF3E93
43194.1439954167,DeliverablesSetup,Deliverables - Graphical,View Graphical Component,Click,ContextMenu,View,UIInteraction,ComponentName=WellSketch;TemplateName=New Template;DelivTemplateGuid=810679DC-CFE4-4285-8BF9-680568602E13
43194.144601875,DeliverablesSetup,Deliverables - Graphical,View Graphical Component,Click,ContextMenu,View,UIInteraction,ComponentName=Operational Run Summary;TemplateName=New Template;DelivTemplateGuid=F0523610-192C-4111-BDD4-3CF7BC9B331A
43194.1451667708,DeliverablesSetup,Deliverables - Graphical,View Graphical Component,Click,ContextMenu,View,UIInteraction,ComponentName=Borehole Fluids;TemplateName=New Template;DelivTemplateGuid=F58AB9D5-6EB4-4C52-853D-197ACC2359DB
43194.1457298264,DeliverablesSetup,Deliverables - Graphical,View Graphical Component,Click,ContextMenu,View,UIInteraction,ComponentName=Remarks and Equipment Summary;TemplateName=New Template;DelivTemplateGuid=1BD2C3DB-F0AF-4F9A-B84B-C384CA4F427A
43194.1463294676,DeliverablesSetup,Deliverables - Graphical,View Graphical Component,Click,ContextMenu,View,UIInteraction,ComponentName=Survey Record;TemplateName=New Template;DelivTemplateGuid=E8CC6C2D-CA52-4B2E-BC6E-71B321C95E55
43194.1468903357,DeliverablesSetup,Deliverables - Graphical,View Graphical Component,Click,ContextMenu,View,UIInteraction,ComponentName=Calibration Report;TemplateName=New Template;DelivTemplateGuid=B0886E9F-323F-40FD-BF78-CC903EB33B31
43194.1476208333,DeliverablesSetup,UI Framework,Switch View,Click,ToolbarButton,Deliverables Setup View,UIInteraction,
43194.1500002546,DeliverablesSetup,UI Framework,Close Console,Click,Button,,UIInteraction,JobGuid=94529045-0862-4777-8210-5BE92C43F51E
43194.1500351736,DeliverablesSetup,UI Framework,OK to Close Deliverables Console Setup Console,Click,Button,OK,UIInteraction,
43194.1500865278,,Console/Job Manager,Stop Job,Click,Button,Stop,UIInteraction,JobGuid=94529045-0862-4777-8210-5BE92C43F51E
