Time,Process,Component,Operation,Action,Control,ControlText,Category,Context
43193.8208678819,,UI Framework,Initialize Maxwell Manager Process Name,,,Initialize Maxwell Manager Process Name,,
43193.8209252778,,UI Framework,Start Console,,,Maxwell Manager,UIAutomatic,MachineName=HPV01-010;UserName=Engineer;UserDomainName=HPV01-010;OS=Microsoft Windows NT 6.1.7601 Service Pack 1;TimeZone=00:00:00;IPAddress_1=192.168.78.92;IPAddress_2=::1;MWVersion=9.0.100732.3100
43193.8209753472,,Console/Job Manager,Import Job Archive,Click,ContextMenu,Create Import,UIInteraction,
43193.8209842824,,Import/Export & Backup/Restore,Select file to import,Click,Button,...,UIInteraction,
