43193.6751102894,,Console/Job Manager,Input Well Name,Input,TextBox,maderil,UIInteraction,
43193.6751561343,,Console/Job Manager,Input Client Name,Input,TextBox,BGCAT,UIInteraction,
43193.6752902778,,Console/Job Manager,Select Units,Click,ComboBox,Metric,UIInteraction,
43193.6754694792,,Console/Job Manager,Select Auto Backup Folder,Click,ComboBox,C:\AutoBackup,UIInteraction,
43193.6867797454,,UI Framework,Close Console,Click,Button,,UIInteraction,
43193.6894392593,,UI Framework,Initialize Maxwell Manager Process Name,,,Initialize Maxwell Manager Process Name,,
43193.6894573148,,UI Framework,Start Console,,,Maxwell Manager,UIAutomatic,MachineName=HPV01-001;UserName=Engineer;UserDomainName=HPV01-001;OS=Microsoft Windows NT 6.1.7601 Service Pack 1;TimeZone=00:00:00;IPAddress_1=192.168.78.73;IPAddress_2=::1;MWVersion=9.0.100732.3100
43193.6896933102,,Console/Job Manager,Import Job Archive,Click,ContextMenu,Create Import,UIInteraction,
43193.6897005903,,Import/Export & Backup/Restore,Select file to import,Click,Button,...,UIInteraction,
43193.6897143056,,Import/Export & Backup/Restore,OK to select file,,,,UIAutomatic,FilePath=\\srv004bgc.dir.slb.com\MaxwellAT\TestData\TestData\Phase3\JobArchive\DnM_SWF_MP3_Setup.Dlis
43193.6897766782,,Import/Export & Backup/Restore,Start Import,Click,Button,Import,UIInteraction,FilePath=\\srv004bgc.dir.slb.com\MaxwellAT\TestData\TestData\Phase3\JobArchive\DnM_SWF_MP3_Setup.Dlis
43193.690087963,,Import/Export & Backup/Restore,Close Import UI,Click,Button,Close,UIInteraction,
43193.6902224537,,Console/Job Manager,Select Auto Backup Folder,Click,ComboBox,C:\AutoBackup,UIInteraction,
43193.7430326042,,UI Framework,Close Console,Click,Button,,UIInteraction,
