43193.7456731597,,UI Framework,Initialize Maxwell Manager Process Name,,,Initialize Maxwell Manager Process Name,,
43193.7456915046,,UI Framework,Start Console,,,Maxwell Manager,UIAutomatic,MachineName=HPV01-001;UserName=Engineer;UserDomainName=HPV01-001;OS=Microsoft Windows NT 6.1.7601 Service Pack 1;TimeZone=00:00:00;IPAddress_1=192.168.78.73;IPAddress_2=::1;MWVersion=9.0.100732.3100
43193.7459284028,,Console/Job Manager,Import Job Archive,Click,ContextMenu,Create Import,UIInteraction,
43193.7459416204,,Import/Export & Backup/Restore,OK to select file,,,,UIAutomatic,FilePath=\\srv004bgc.dir.slb.com\MaxwellAT\TestData\TestData\Phase3\JobArchive\DnM_SWF_MP3_ACQ.Dlis
43193.7459348148,,Import/Export & Backup/Restore,Select file to import,Click,Button,...,UIInteraction,
43193.7459938426,,Import/Export & Backup/Restore,Start Import,Click,Button,Import,UIInteraction,FilePath=\\srv004bgc.dir.slb.com\MaxwellAT\TestData\TestData\Phase3\JobArchive\DnM_SWF_MP3_ACQ.Dlis
43193.7467141551,,Import/Export & Backup/Restore,Close Import UI,Click,Button,Close,UIInteraction,
43193.7468492361,,Console/Job Manager,Select Auto Backup Folder,Click,ComboBox,C:\AutoBackup,UIInteraction,
