Time,Process,Component,Operation,Action,Control,ControlText,Category,Context
43194.0166639236,,UI Framework,Initialize Maxwell Manager Process Name,,,Initialize Maxwell Manager Process Name,,
43194.0167052778,,UI Framework,Start Console,,,Maxwell Manager,UIAutomatic,MachineName=HPV01-011;UserName=Engineer;UserDomainName=HPV01-011;OS=Microsoft Windows NT 6.1.7601 Service Pack 1;TimeZone=00:00:00;IPAddress_1=192.168.78.169;IPAddress_2=::1;MWVersion=9.0.100745.3100
43194.0167648032,,Console/Job Manager,New Job,Click,Button,New,UIInteraction,
43194.0167830903,,Console/Job Manager,Input Job Name,Input,TextBox,CMRT-DTC,UIInteraction,
