Time,Process,Component,Operation,Action,Control,ControlText,Category,Context
43194.2081485648,,Console/Job Manager,Start Job,Click,Button,Start,UIInteraction,JobName=NEXTC_CMRTF;WellName=BGC;ClientName=BGCAT;StartDate=4/4/2018 4:59 AM;Workflow=Wireline;Simulator=True;UnitSystem=English;RTBackupDir=C:\Autobackup;JobSize=0;State=Available;SideTrackId=0;SessionID=BE8784D6-1FF1-4E40-BABC-B7E159325F16;SortOrder=1;JobGUID=DB1B7B32-6EB7-47FB-B6C3-A6B5B7C769FB;WellGUID=87F1BE04-9014-4EE6-93CA-D77BDA95FA3D;BoreholeGUID=B4188BA8-5891-4B70-9600-0FBE7C15009E;MachineName=HPV11-012;UserName=Engineer;UserDomainName=HPV11-012;OS=Microsoft Windows NT 6.1.7601 Service Pack 1;StartedJobCount=0;TimeZone=00:00:00;IPAddress_1=192.168.78.245;IPAddress_2=::1;MWVersion=9.0.100745.3100
43194.2082470139,,Console/Job Manager,Start Deliverables Console,Click,Button,Start...,UIInteraction,JobGuid=DB1B7B32-6EB7-47FB-B6C3-A6B5B7C769FB
43194.2083414352,DeliverablesSetup,UI Framework,Start Console,,,Deliverables Console Setup - Job NEXTC_CMRTF,UIAutomatic,
43194.2083697454,,Console/Job Manager,Start Setup Console,Click,Button,Start...,UIInteraction,JobGuid=DB1B7B32-6EB7-47FB-B6C3-A6B5B7C769FB
43194.2085083681,Setup,Calibration,Select Calibration Report Type,Click,ComboBox,Technical Concise,UIInteraction,
43194.2085114699,Setup,UI Framework,Start Console,,,Setup - Job NEXTC_CMRTF,UIAutomatic,
43194.2085615162,Setup,Equipment,New ToolString,Click,ToolbarButton,New ToolString,UIInteraction,ToolstringName=New ToolString;ToolstringGuid=E3DB18D1-84FC-4505-8615-DAE9ED0624BE
43194.2086017014,Setup,Equipment,Rename ToolString,Input,TextBox,New ToolString,UIInteraction,ToolstringGuid=E3DB18D1-84FC-4505-8615-DAE9ED0624BE
43194.2086017245,Setup,Equipment,Rename ToolString,,,,UIAutomatic,State=Cancel
43194.2086138657,Setup,Equipment,Filter Equipment in Catalog,Input,TextBox,,UIInteraction,Text=ZAIT-E
43194.2086177778,Setup,Equipment,Rename ToolString,Input,TextBox,New ToolString,UIInteraction,ToolstringGuid=E3DB18D1-84FC-4505-8615-DAE9ED0624BE
43194.2086143866,Setup,Equipment,Filter Equipment in Catalog,Input,TextBox,,UIInteraction,Text=ZAIT-E
43194.2086198264,Setup,Equipment,Add Equipment from Catalog to ToolString,Click,ToolbarButton,Add to ToolString,UIInteraction,EquipmentName=ZAIT-E
43194.2086464236,Setup,Equipment,Filter Equipment in Catalog,Input,TextBox,,UIInteraction,Text=AH-184
43194.2086469097,DeliverablesSetup,Tier Manager,Tier Template Created for Tools in My Equipment,,,ZAIT-E Tier Created,Deliverables Console,
43194.2086514815,Setup,Equipment,Add Equipment from Catalog to ToolString,Click,ToolbarButton,Add to ToolString,UIInteraction,EquipmentName=AH-184
43194.2086466435,Setup,Equipment,Filter Equipment in Catalog,Input,TextBox,,UIInteraction,Text=AH-184
43194.2086536921,Setup,Equipment,Filter Equipment in Catalog,Input,TextBox,,UIInteraction,Text=PPC-B
43194.208653831,Setup,Equipment,Filter Equipment in Catalog,Input,TextBox,,UIInteraction,Text=PPC-B
43194.2086594792,Setup,Equipment,Add Equipment from Catalog to ToolString,Click,ToolbarButton,Add to ToolString,UIInteraction,EquipmentName=PPC-B
43194.2086670023,Setup,Equipment,Filter Equipment in Catalog,Input,TextBox,,UIInteraction,Text=ILE-F
43194.2086671412,Setup,Equipment,Filter Equipment in Catalog,Input,TextBox,,UIInteraction,Text=ILE-F
43194.2086724074,Setup,Equipment,Add Equipment from Catalog to ToolString,Click,ToolbarButton,Add to ToolString,UIInteraction,EquipmentName=ILE-F
43194.2086743287,Setup,Equipment,Filter Equipment in Catalog,Input,TextBox,,UIInteraction,Text=CMRT-F
43194.2086744792,Setup,Equipment,Filter Equipment in Catalog,Input,TextBox,,UIInteraction,Text=CMRT-F
43194.2086879514,DeliverablesSetup,Tier Manager,Tier Template Created for Tools in My Equipment,,,CMRT-F Tier Created,Deliverables Console,
43194.2086891204,Setup,Equipment,Filter Equipment in Catalog,Input,TextBox,,UIInteraction,Text=NEXT-C
43194.208688912,Setup,Equipment,Filter Equipment in Catalog,Input,TextBox,,UIInteraction,Text=NEXT-C
43194.2086805556,Setup,Equipment,Add Equipment from Catalog to ToolString,Click,ToolbarButton,Add to ToolString,UIInteraction,EquipmentName=CMRT-F
43194.2087022917,DeliverablesSetup,Tier Manager,Tier Template Created for Tools in My Equipment,,,NEXT-C Tier Created,Deliverables Console,
43194.2086943634,Setup,Equipment,Add Equipment from Catalog to ToolString,Click,ToolbarButton,Add to ToolString,UIInteraction,EquipmentName=NEXT-C
43194.2087030787,Setup,Equipment,Filter Equipment in Catalog,Input,TextBox,,UIInteraction,Text=ADT-C
43194.2087033449,Setup,Equipment,Filter Equipment in Catalog,Input,TextBox,,UIInteraction,Text=ADT-C
43194.2087083333,Setup,Equipment,Add Equipment from Catalog to ToolString,Click,ToolbarButton,Add to ToolString,UIInteraction,EquipmentName=ADT-C
43194.2087240972,DeliverablesSetup,Tier Manager,Tier Template Created for Tools in My Equipment,,,ADT-C Tier Created,Deliverables Console,
43194.2087248032,Setup,Equipment,Filter Equipment in Catalog,Input,TextBox,,UIInteraction,Text=HNGC-B
43194.208725081,Setup,Equipment,Filter Equipment in Catalog,Input,TextBox,,UIInteraction,Text=HNGC-B
43194.2087298264,Setup,Equipment,Add Equipment from Catalog to ToolString,Click,ToolbarButton,Add to ToolString,UIInteraction,EquipmentName=HNGC-B
43194.2087340741,Setup,Equipment,Filter Equipment in Catalog,Input,TextBox,,UIInteraction,Text=HNGS-VA
43194.2087343866,Setup,Equipment,Filter Equipment in Catalog,Input,TextBox,,UIInteraction,Text=HNGS-VA
43194.2087391319,Setup,Equipment,Add Equipment from Catalog to ToolString,Click,ToolbarButton,Add to ToolString,UIInteraction,EquipmentName=HNGS-VA
43194.2087456713,Setup,Equipment,Filter Equipment in Catalog,Input,TextBox,,UIInteraction,Text=GPIT-F
43194.2087458796,Setup,Equipment,Filter Equipment in Catalog,Input,TextBox,,UIInteraction,Text=GPIT-F
43194.2087505208,Setup,Equipment,Add Equipment from Catalog to ToolString,Click,ToolbarButton,Add to ToolString,UIInteraction,EquipmentName=GPIT-F
43194.2087620255,Setup,Equipment,Filter Equipment in Catalog,Input,TextBox,,UIInteraction,Text=EDTC-B
43194.2087622338,Setup,Equipment,Filter Equipment in Catalog,Input,TextBox,,UIInteraction,Text=EDTC-B
43194.2087669907,Setup,Equipment,Add Equipment from Catalog to ToolString,Click,ToolbarButton,Add to ToolString,UIInteraction,EquipmentName=EDTC-B
43194.2087737731,Setup,Equipment,Filter Equipment in Catalog,Input,TextBox,,UIInteraction,Text=LEH-QT
43194.2087740741,Setup,Equipment,Filter Equipment in Catalog,Input,TextBox,,UIInteraction,Text=LEH-QT
43194.2087790162,Setup,Equipment,Add Equipment from Catalog to ToolString,Click,ToolbarButton,Add to ToolString,UIInteraction,EquipmentName=LEH-QT
43194.2088723843,Setup,Equipment,Rename ToolString,Click,ContextMenu,Rename,UIInteraction,
43194.2088775579,Setup,Equipment,Rename ToolString,Input,TextBox,RUN001,UIInteraction,ToolstringGuid=E3DB18D1-84FC-4505-8615-DAE9ED0624BE
43194.2089581134,Setup,Properties & Parameters,Show Infrequent Properties/Parameters,Click,ToolbarButton,Show Infrequent Properties,UIInteraction,
43194.2090137616,Setup,Properties & Parameters,Change Property Value,Update,GridCell,120,UIInteraction,OSDD=EP_SERIAL_NUMBER;EnsemblePath=ZAIT-E:AZIS:AZIS
43194.2091842593,Setup,Properties & Parameters,Change Property Value,Update,GridCell,140,UIInteraction,OSDD=EP_SERIAL_NUMBER;EnsemblePath=GPIT-F:GPIT-F:DHRU-F
43194.2092040857,Setup,Properties & Parameters,Change Property Value,Update,GridCell,140,UIInteraction,OSDD=EP_SERIAL_NUMBER;EnsemblePath=GPIT-F:GPIT-F:GPIC-F
43194.2092248032,Setup,Properties & Parameters,Change Property Value,Update,GridCell,140,UIInteraction,OSDD=EP_SERIAL_NUMBER;EnsemblePath=GPIT-F:GPIT-F:GPIH-B
43194.2093775463,Setup,Properties & Parameters,Change Property Value,Update,GridCell,8372,UIInteraction,OSDD=EP_SERIAL_NUMBER;EnsemblePath=PPC-B:PPC-B:PPC-B
43194.2095375694,Setup,Properties & Parameters,Change Property Value,Update,GridCell,100,UIInteraction,OSDD=EP_SERIAL_NUMBER;EnsemblePath=CMRT-F:CMRS:CMRS
43194.2096807523,Setup,Properties & Parameters,Change Property Value,Update,GridCell,200,UIInteraction,OSDD=EP_SERIAL_NUMBER;EnsemblePath=CMRT-F:CMRC:CMRC
43194.2097001273,Setup,Properties & Parameters,Change Property Value,Update,GridCell,200,UIInteraction,OSDD=EP_SERIAL_NUMBER;EnsemblePath=CMRT-F:CMRC:CMRH
43194.2098551273,Setup,Properties & Parameters,Change Property Value,Update,GridCell,25,UIInteraction,OSDD=EP_SERIAL_NUMBER;EnsemblePath=NEXT-C:NEXT-C:NEXH-C
43194.2098753241,Setup,Properties & Parameters,Change Property Value,Update,GridCell,25,UIInteraction,OSDD=EP_SERIAL_NUMBER;EnsemblePath=NEXT-C:NEXT-C:NEXS-C
43194.2098952894,Setup,Properties & Parameters,Change Property Value,Update,GridCell,25,UIInteraction,OSDD=EP_SERIAL_NUMBER;EnsemblePath=NEXT-C:NEXT-C:PNG-G
43194.2100360648,Setup,Properties & Parameters,Change Property Value,Update,GridCell,725,UIInteraction,OSDD=EP_SERIAL_NUMBER;EnsemblePath=ADT-C:ADC:ADC-C
43194.2100553125,Setup,Properties & Parameters,Change Property Value,Update,GridCell,725,UIInteraction,OSDD=EP_SERIAL_NUMBER;EnsemblePath=ADT-C:ADC:HECH-KDB
43194.2101959491,Setup,Properties & Parameters,Change Property Value,Update,GridCell,724,UIInteraction,OSDD=EP_SERIAL_NUMBER;EnsemblePath=ADT-C:ADS:ADP-C
43194.2102152431,Setup,Properties & Parameters,Change Property Value,Update,GridCell,724,UIInteraction,OSDD=EP_SERIAL_NUMBER;EnsemblePath=ADT-C:ADS:ADS-C
43194.2103609838,Setup,Properties & Parameters,Change Property Value,Update,GridCell,8187,UIInteraction,OSDD=EP_SERIAL_NUMBER;EnsemblePath=EDTC-B:EDTC-B:EDTC-B
43194.2103815972,Setup,Properties & Parameters,Change Property Value,Update,GridCell,8187,UIInteraction,OSDD=EP_SERIAL_NUMBER;EnsemblePath=EDTC-B:EDTC-B:EDTG-A
43194.2104017361,Setup,Properties & Parameters,Change Property Value,Update,GridCell,8187,UIInteraction,OSDD=EP_SERIAL_NUMBER;EnsemblePath=EDTC-B:EDTC-B:EDTH-B
43194.2104223032,Setup,Properties & Parameters,Change Property Value,Update,GridCell,8187,UIInteraction,OSDD=EP_SERIAL_NUMBER;EnsemblePath=WITM
43194.2105662153,Setup,Properties & Parameters,Change Property Value,Update,GridCell,100,UIInteraction,OSDD=EP_SERIAL_NUMBER;EnsemblePath=HNGC-B:HNGC-B:HNGC-B
43194.2105868518,Setup,Properties & Parameters,Change Property Value,Update,GridCell,100,UIInteraction,OSDD=EP_SERIAL_NUMBER;EnsemblePath=HNGC-B:HNGC-B:HNGH-A
43194.2107436227,Setup,Properties & Parameters,Change Property Value,Update,GridCell,100,UIInteraction,OSDD=EP_SERIAL_NUMBER;EnsemblePath=HNGS-VA:HNGS-VA:HEH-VA
43194.2107638426,Setup,Properties & Parameters,Change Property Value,Update,GridCell,100,UIInteraction,OSDD=EP_SERIAL_NUMBER;EnsemblePath=HNGS-VA:HNGS-VA:HNGS-BA
43194.210865706,Setup,UI Framework,Switch Tab,Click,Tab,Parameters,UIInteraction,
43194.2109443171,Setup,Properties & Parameters,Change Parameter Value,Update,GridCell,YES,UIInteraction,OSDD=OILBASEDMUDKIT;EnsemblePath=ADT-C
43194.2111186921,Setup,UI Framework,Switch Tab,Click,Tab,Properties,UIInteraction,
43194.2111678241,Setup,Properties & Parameters,Change Property Value,Update,GridCell,512,UIInteraction,OSDD=EP_SERIAL_NUMBER;EnsemblePath=LEH-QT:LEH-QT:LEH-QT
43194.211197963,Setup,UI Framework,Switch Tab,Click,Tab,DnI Initializations,UIInteraction,
43194.2112179282,Setup,DnI/Survey,Select Decimal,Click,RadioButton,Decimal,UIInteraction,
43194.2112383565,Setup,DnI/Survey,Enter Latitude,Input,TextBox,39,UIInteraction,
43194.2112496296,Setup,DnI/Survey,Enter Longitude,Input,TextBox,116,UIInteraction,
43194.2112599884,Setup,UI Framework,Switch Tab,Click,Tab,Equipment,UIInteraction,
43194.2113020602,Setup,DnI/Survey,Select Permanent Datum,Click,ComboBox,Mean Sea Level,UIInteraction,
43194.2113075463,Setup,DnI/Survey,Select Log Measured From,Click,ComboBox,Drill Floor,UIInteraction,
43194.211314456,Setup,DnI/Survey,Enter Elevation of 'Log Measured From',Input,TextBox,1000,UIInteraction,LogMeasuredFrom=Drill Floor
43194.2113267245,Setup,UI Framework,Switch Tab,Click,Tab,DnI Initializations,UIInteraction,
43194.2113574074,Setup,DnI/Survey,Compute DnI/Elevation,Click,Button,Compute,UIInteraction,
43194.2114906134,Setup,UI Framework,Switch Tab,Click,Tab,Wellbore,UIInteraction,
43194.2114957292,Setup,Well Setup (Internal),Select Run Number,Click,ComboBox,1,UIInteraction,RunGuid=C476607F-3495-48C9-8ACF-2A63C22CF72C
43194.2115065162,Setup,Well Setup (Internal),Enter Size for Bit Size,Update,GridCell,17.5,UIInteraction,Row=1;Column=Size (in);RunGuid=C476607F-3495-48C9-8ACF-2A63C22CF72C
43194.2115251852,Setup,Well Setup (Internal),Enter Driller Top for Bit Size,Update,GridCell,0,UIInteraction,Row=1;Column=Driller Top (ft);RunGuid=C476607F-3495-48C9-8ACF-2A63C22CF72C
43194.2115442824,Setup,Well Setup (Internal),Enter Driller Bottom for Bit Size,Update,GridCell,10000,UIInteraction,Row=1;Column=Driller Bottom (ft);RunGuid=C476607F-3495-48C9-8ACF-2A63C22CF72C
43194.211565,Setup,Well Setup (Internal),Select Run Number,Click,ComboBox,1,UIInteraction,RunGuid=C476607F-3495-48C9-8ACF-2A63C22CF72C
43194.2115764468,Setup,Well Setup (Internal),Enter Size for Casings,Update,GridCell,10.75,UIInteraction,Row=1;Column=Size (in);RunGuid=C476607F-3495-48C9-8ACF-2A63C22CF72C
43194.211594456,Setup,Well Setup (Internal),Enter Driller Top for Casings,Update,GridCell,0,UIInteraction,Row=1;Column=Driller Top (ft);RunGuid=C476607F-3495-48C9-8ACF-2A63C22CF72C
43194.2116132176,Setup,Well Setup (Internal),Enter Driller Bottom for Casings,Update,GridCell,5000,UIInteraction,Row=1;Column=Driller Bottom (ft);RunGuid=C476607F-3495-48C9-8ACF-2A63C22CF72C
43194.2116319213,Setup,Well Setup (Internal),Enter Weight for Casings,Update,GridCell,109,UIInteraction,Row=1;Column=Weight (lbm/ft);RunGuid=C476607F-3495-48C9-8ACF-2A63C22CF72C
43194.2117264583,Setup,Well Setup (Internal),Enter Grade for Casings,Update,GridCell,K55,UIInteraction,Row=1;Column=Grade;RunGuid=C476607F-3495-48C9-8ACF-2A63C22CF72C
43194.2117449537,Setup,UI Framework,Switch Tab,Click,Tab,Runs,UIInteraction,
43194.2117815394,Setup,Run Manager (Internal),Associate toolstring to run,Update,GridCell,RUN001,UIInteraction,RunGuid=C476607F-3495-48C9-8ACF-2A63C22CF72C;ToolstringGuid=E3DB18D1-84FC-4505-8615-DAE9ED0624BE;DownholeEquipments=ZAIT-EPPC-BCMRT-FNEXT-CADT-CHNGC-BHNGS-VAGPIT-FEDTC-BLEH-QTStandOffMolded_9inStandOff_7FinAH-184ILE-FEME-FEME-T;TSLevelActiveSurfaceEquips=DEPTH_DEVICETENSION_DEVICELOGGING_CABLEWAFEWITM
43194.211916794,Setup,Equipment,Close Toolstring Validation UI,Click,Button,Close,UIInteraction,ToolstringGuid=E3DB18D1-84FC-4505-8615-DAE9ED0624BE
43194.2119253588,DeliverablesSetup,UI Framework,Switch View,Click,ToolbarButton,Deliverables Display View,UIInteraction,
43194.2120018982,DeliverablesSetup,Deliverables - Digital,Create Job Archive,Click,ContextMenu,Create,UIInteraction,ArchiveGuid=DB1B7B32-6EB7-47FB-B6C3-A6B5B7C769FB;JobArchiveType=3.0
43194.2122782639,DeliverablesSetup,UI Framework,Close Console,Click,Button,,UIInteraction,JobGuid=DB1B7B32-6EB7-47FB-B6C3-A6B5B7C769FB
43194.2123145486,DeliverablesSetup,UI Framework,OK to Close Deliverables - Display Console,Click,Button,OK,UIInteraction,
43194.2123965046,,Console/Job Manager,Stop Setup Console,Click,Button,Stop,UIInteraction,JobGuid=DB1B7B32-6EB7-47FB-B6C3-A6B5B7C769FB
43194.2124556829,,Console/Job Manager,Stop Job,Click,Button,Stop,UIInteraction,JobGuid=DB1B7B32-6EB7-47FB-B6C3-A6B5B7C769FB
