43194.1794114468,,UI Framework,Start Console,,,Maxwell Manager,UIAutomatic,MachineName=HPV11-007;UserName=Engineer;UserDomainName=HPV11-007;OS=Microsoft Windows NT 6.1.7601 Service Pack 1;TimeZone=00:00:00;IPAddress_1=192.168.178.44;IPAddress_2=::1;MWVersion=9.0.100745.3100
43194.1795263079,,Console/Job Manager,Import Job Archive,Click,ContextMenu,Create Import,UIInteraction,
43194.1795364005,,Import/Export & Backup/Restore,Select file to import,Click,Button,...,UIInteraction,
43194.1795677199,,Import/Export & Backup/Restore,OK to select file,,,,UIAutomatic,FilePath=C:\DataValidation\DSLT-H-BHC\DSLT-H_BHC_3.0.9606.1074_JA.Dlis
43194.1796603009,,Import/Export & Backup/Restore,Start Import,Click,Button,Import,UIInteraction,FilePath=C:\DataValidation\DSLT-H-BHC\DSLT-H_BHC_3.0.9606.1074_JA.Dlis
43194.1813698727,,Import/Export & Backup/Restore,Close Import UI,Click,Button,Close,UIInteraction,
43194.1815210995,,Console/Job Manager,Select Auto Backup Folder,Click,ComboBox,C:\Autobackup,UIInteraction,
43194.185521794,,UI Framework,Close Console,Click,Button,,UIInteraction,
43194.1907470833,,UI Framework,Initialize Maxwell Manager Process Name,,,Initialize Maxwell Manager Process Name,,
43194.1907670602,,UI Framework,Start Console,,,Maxwell Manager,UIAutomatic,MachineName=HPV11-007;UserName=Engineer;UserDomainName=HPV11-007;OS=Microsoft Windows NT 6.1.7601 Service Pack 1;TimeZone=00:00:00;IPAddress_1=192.168.178.44;IPAddress_2=::1;MWVersion=9.0.100745.3100
43194.1909913542,,Console/Job Manager,New Job,Click,Button,New,UIInteraction,
43194.191006169,,Console/Job Manager,Input Job Name,Input,TextBox,MDT_LO,UIInteraction,
43194.1910512963,,Console/Job Manager,Input Client Name,Input,TextBox,BGCAT,UIInteraction,
43194.1911441204,,Console/Job Manager,Check Simulator,Click,CheckBox,Simulator,UIInteraction,CheckState=True
43194.1913621065,,Console/Job Manager,Select Auto Backup Folder,Click,ComboBox,C:\Autobackup,UIInteraction,
43194.1943253935,,UI Framework,Switch Tab,Click,Tab,Job: MDT_LO,UIInteraction,
43194.2105424421,,UI Framework,Switch Tab,Click,Tab,Messages: Job Independent,UIInteraction,
43194.2105537731,,UI Framework,Close Console,Click,Button,,UIInteraction,
43194.2158116435,,UI Framework,Initialize Maxwell Manager Process Name,,,Initialize Maxwell Manager Process Name,,
43194.2158334954,,UI Framework,Start Console,,,Maxwell Manager,UIAutomatic,MachineName=HPV11-007;UserName=Engineer;UserDomainName=HPV11-007;OS=Microsoft Windows NT 6.1.7601 Service Pack 1;TimeZone=00:00:00;IPAddress_1=192.168.178.44;IPAddress_2=::1;MWVersion=9.0.100745.3100
43194.2160558565,,Console/Job Manager,New Job,Click,Button,New,UIInteraction,
43194.2160726157,,Console/Job Manager,Input Job Name,Input,TextBox,ASLTB-CBL,UIInteraction,
43194.2161178125,,Console/Job Manager,Input Client Name,Input,TextBox,BGCAT,UIInteraction,
43194.2162114815,,Console/Job Manager,Check Simulator,Click,CheckBox,Simulator,UIInteraction,CheckState=True
43194.2164328241,,Console/Job Manager,Select Auto Backup Folder,Click,ComboBox,C:\Autobackup,UIInteraction,
43194.2215521759,,UI Framework,Switch Tab,Click,Tab,Job: ASLTB-CBL,UIInteraction,
43194.2250116898,,UI Framework,Switch Tab,Click,Tab,Messages: Job Independent,UIInteraction,
43194.2250241088,,UI Framework,Close Console,Click,Button,,UIInteraction,
