43194.1719451042,,UI Framework,Start Console,,,Maxwell Manager,UIAutomatic,MachineName=HPV11-015;UserName=Engineer;UserDomainName=HPV11-015;OS=Microsoft Windows NT 6.1.7601 Service Pack 1;TimeZone=00:00:00;IPAddress_1=192.168.178.18;IPAddress_2=::1;MWVersion=9.0.100745.3100
43194.1720061458,,Console/Job Manager,Import Job Archive,Click,ContextMenu,Create Import,UIInteraction,
43194.17201875,,Import/Export & Backup/Restore,Select file to import,Click,Button,...,UIInteraction,
43194.1720440046,,Import/Export & Backup/Restore,OK to select file,,,,UIAutomatic,FilePath=C:\DataValidation\DLT-E\DLT-E_Normal_3.0.9602.1108_JA.Dlis
43194.1721310301,,Import/Export & Backup/Restore,Start Import,Click,Button,Import,UIInteraction,FilePath=C:\DataValidation\DLT-E\DLT-E_Normal_3.0.9602.1108_JA.Dlis
43194.1735285069,,Import/Export & Backup/Restore,Close Import UI,Click,Button,Close,UIInteraction,
43194.1736764352,,Console/Job Manager,Select Auto Backup Folder,Click,ComboBox,C:\Autobackup,UIInteraction,
43194.1775817708,,UI Framework,Close Console,Click,Button,,UIInteraction,
43194.1826767824,,UI Framework,Initialize Maxwell Manager Process Name,,,Initialize Maxwell Manager Process Name,,
43194.182696794,,UI Framework,Start Console,,,Maxwell Manager,UIAutomatic,MachineName=HPV11-015;UserName=Engineer;UserDomainName=HPV11-015;OS=Microsoft Windows NT 6.1.7601 Service Pack 1;TimeZone=00:00:00;IPAddress_1=192.168.178.18;IPAddress_2=::1;MWVersion=9.0.100745.3100
43194.1829208565,,Console/Job Manager,New Job,Click,Button,New,UIInteraction,
43194.182934375,,Console/Job Manager,Input Job Name,Input,TextBox,NEXT-A,UIInteraction,
43194.1829778009,,Console/Job Manager,Input Well Name,Input,TextBox,HFE,UIInteraction,
43194.1830228009,,Console/Job Manager,Input Client Name,Input,TextBox,BGCAT,UIInteraction,
43194.1831149421,,Console/Job Manager,Check Simulator,Click,CheckBox,Simulator,UIInteraction,CheckState=True
43194.1833335417,,Console/Job Manager,Select Auto Backup Folder,Click,ComboBox,C:\Autobackup,UIInteraction,
43194.1867441319,,UI Framework,Switch Tab,Click,Tab,Job: NEXT-A,UIInteraction,
43194.1957947222,,UI Framework,Switch Tab,Click,Tab,Messages: Job Independent,UIInteraction,
43194.1958043982,,UI Framework,Close Console,Click,Button,,UIInteraction,
43194.1991945949,,UI Framework,Initialize Maxwell Manager Process Name,,,Initialize Maxwell Manager Process Name,,
43194.1992157407,,UI Framework,Start Console,,,Maxwell Manager,UIAutomatic,MachineName=HPV11-015;UserName=Engineer;UserDomainName=HPV11-015;OS=Microsoft Windows NT 6.1.7601 Service Pack 1;TimeZone=00:00:00;IPAddress_1=192.168.178.18;IPAddress_2=::1;MWVersion=9.0.100745.3100
43194.1994390278,,Console/Job Manager,New Job,Click,Button,New,UIInteraction,
43194.1994577778,,Console/Job Manager,Input Job Name,Input,TextBox,Dynamic_WXTDUL,UIInteraction,
43194.1995048727,,Console/Job Manager,Input Well Name,Input,TextBox,TC2 WXT dul,UIInteraction,
43194.1995502083,,Console/Job Manager,Input Client Name,Input,TextBox,BGCAT,UIInteraction,
43194.1996427778,,Console/Job Manager,Check Simulator,Click,CheckBox,Simulator,UIInteraction,CheckState=True
43194.1998617361,,Console/Job Manager,Select Auto Backup Folder,Click,ComboBox,C:\Autobackup,UIInteraction,
43194.2031381134,,UI Framework,Switch Tab,Click,Tab,Job: Dynamic_WXTDUL,UIInteraction,
43194.2207577315,,UI Framework,Close Console,Click,Button,,UIInteraction,
43194.2207499768,,UI Framework,Switch Tab,Click,Tab,Messages: Job Independent,UIInteraction,
